ejecucion,generacion,conflictos_generacion,mejores_conflictos
n6_p50_m0.05_r01,0,1,1
n6_p50_m0.05_r01,1,1,1
n6_p50_m0.05_r01,2,0,0
n6_p50_m0.05_r02,0,1,1
n6_p50_m0.05_r02,1,1,1
n6_p50_m0.05_r02,2,1,1
n6_p50_m0.05_r02,3,1,1
n6_p50_m0.05_r02,4,1,1
n6_p50_m0.05_r02,5,1,1
n6_p50_m0.05_r02,6,1,1
n6_p50_m0.05_r02,7,1,1
n6_p50_m0.05_r02,8,1,1
n6_p50_m0.05_r02,9,1,1
n6_p50_m0.05_r02,10,1,1
n6_p50_m0.05_r02,11,1,1
n6_p50_m0.05_r02,12,1,1
n6_p50_m0.05_r02,13,1,1
n6_p50_m0.05_r02,14,1,1
n6_p50_m0.05_r02,15,1,1
n6_p50_m0.05_r02,16,1,1
n6_p50_m0.05_r02,17,1,1
n6_p50_m0.05_r02,18,1,1
n6_p50_m0.05_r02,19,1,1
n6_p50_m0.05_r02,20,1,1
n6_p50_m0.05_r02,21,1,1
n6_p50_m0.05_r02,22,1,1
n6_p50_m0.05_r02,23,1,1
n6_p50_m0.05_r02,24,1,1
n6_p50_m0.05_r02,25,1,1
n6_p50_m0.05_r02,26,1,1
n6_p50_m0.05_r02,27,1,1
n6_p50_m0.05_r02,28,1,1
n6_p50_m0.05_r02,29,1,1
n6_p50_m0.05_r02,30,1,1
n6_p50_m0.05_r02,31,1,1
n6_p50_m0.05_r02,32,1,1
n6_p50_m0.05_r02,33,1,1
n6_p50_m0.05_r02,34,1,1
n6_p50_m0.05_r02,35,1,1
n6_p50_m0.05_r02,36,1,1
n6_p50_m0.05_r02,37,1,1
n6_p50_m0.05_r02,38,1,1
n6_p50_m0.05_r02,39,1,1
n6_p50_m0.05_r02,40,1,1
n6_p50_m0.05_r02,41,1,1
n6_p50_m0.05_r02,42,1,1
n6_p50_m0.05_r02,43,1,1
n6_p50_m0.05_r02,44,1,1
n6_p50_m0.05_r02,45,1,1
n6_p50_m0.05_r02,46,1,1
n6_p50_m0.05_r02,47,1,1
n6_p50_m0.05_r02,48,1,1
n6_p50_m0.05_r02,49,1,1
n6_p50_m0.05_r02,50,1,1
n6_p50_m0.05_r02,51,1,1
n6_p50_m0.05_r02,52,1,1
n6_p50_m0.05_r02,53,1,1
n6_p50_m0.05_r02,54,1,1
n6_p50_m0.05_r02,55,1,1
n6_p50_m0.05_r02,56,1,1
n6_p50_m0.05_r02,57,1,1
n6_p50_m0.05_r02,58,1,1
n6_p50_m0.05_r02,59,1,1
n6_p50_m0.05_r02,60,1,1
n6_p50_m0.05_r02,61,1,1
n6_p50_m0.05_r02,62,1,1
n6_p50_m0.05_r02,63,1,1
n6_p50_m0.05_r02,64,1,1
n6_p50_m0.05_r02,65,1,1
n6_p50_m0.05_r02,66,1,1
n6_p50_m0.05_r02,67,1,1
n6_p50_m0.05_r02,68,1,1
n6_p50_m0.05_r02,69,1,1
n6_p50_m0.05_r02,70,1,1
n6_p50_m0.05_r02,71,1,1
n6_p50_m0.05_r02,72,1,1
n6_p50_m0.05_r02,73,1,1
n6_p50_m0.05_r02,74,1,1
n6_p50_m0.05_r02,75,1,1
n6_p50_m0.05_r02,76,1,1
n6_p50_m0.05_r02,77,1,1
n6_p50_m0.05_r02,78,1,1
n6_p50_m0.05_r02,79,1,1
n6_p50_m0.05_r02,80,1,1
n6_p50_m0.05_r02,81,1,1
n6_p50_m0.05_r02,82,1,1
n6_p50_m0.05_r02,83,1,1
n6_p50_m0.05_r02,84,1,1
n6_p50_m0.05_r02,85,1,1
n6_p50_m0.05_r02,86,1,1
n6_p50_m0.05_r02,87,1,1
n6_p50_m0.05_r02,88,1,1
n6_p50_m0.05_r02,89,1,1
n6_p50_m0.05_r02,90,1,1
n6_p50_m0.05_r02,91,1,1
n6_p50_m0.05_r02,92,1,1
n6_p50_m0.05_r02,93,1,1
n6_p50_m0.05_r02,94,1,1
n6_p50_m0.05_r02,95,1,1
n6_p50_m0.05_r02,96,1,1
n6_p50_m0.05_r02,97,1,1
n6_p50_m0.05_r02,98,1,1
n6_p50_m0.05_r02,99,1,1
n6_p50_m0.05_r02,100,1,1
n6_p50_m0.05_r02,101,1,1
n6_p50_m0.05_r02,102,1,1
n6_p50_m0.05_r02,103,1,1
n6_p50_m0.05_r02,104,1,1
n6_p50_m0.05_r02,105,1,1
n6_p50_m0.05_r02,106,1,1
n6_p50_m0.05_r02,107,1,1
n6_p50_m0.05_r02,108,1,1
n6_p50_m0.05_r02,109,1,1
n6_p50_m0.05_r02,110,1,1
n6_p50_m0.05_r02,111,1,1
n6_p50_m0.05_r02,112,1,1
n6_p50_m0.05_r02,113,1,1
n6_p50_m0.05_r02,114,1,1
n6_p50_m0.05_r02,115,1,1
n6_p50_m0.05_r02,116,1,1
n6_p50_m0.05_r02,117,1,1
n6_p50_m0.05_r02,118,1,1
n6_p50_m0.05_r02,119,1,1
n6_p50_m0.05_r02,120,1,1
n6_p50_m0.05_r02,121,1,1
n6_p50_m0.05_r02,122,1,1
n6_p50_m0.05_r02,123,1,1
n6_p50_m0.05_r02,124,1,1
n6_p50_m0.05_r02,125,1,1
n6_p50_m0.05_r02,126,1,1
n6_p50_m0.05_r02,127,1,1
n6_p50_m0.05_r02,128,1,1
n6_p50_m0.05_r02,129,1,1
n6_p50_m0.05_r02,130,1,1
n6_p50_m0.05_r02,131,1,1
n6_p50_m0.05_r02,132,1,1
n6_p50_m0.05_r02,133,1,1
n6_p50_m0.05_r02,134,1,1
n6_p50_m0.05_r02,135,1,1
n6_p50_m0.05_r02,136,1,1
n6_p50_m0.05_r02,137,1,1
n6_p50_m0.05_r02,138,1,1
n6_p50_m0.05_r02,139,1,1
n6_p50_m0.05_r02,140,1,1
n6_p50_m0.05_r02,141,1,1
n6_p50_m0.05_r02,142,1,1
n6_p50_m0.05_r02,143,1,1
n6_p50_m0.05_r02,144,1,1
n6_p50_m0.05_r02,145,1,1
n6_p50_m0.05_r02,146,1,1
n6_p50_m0.05_r02,147,1,1
n6_p50_m0.05_r02,148,1,1
n6_p50_m0.05_r02,149,1,1
n6_p50_m0.05_r02,150,1,1
n6_p50_m0.05_r02,151,1,1
n6_p50_m0.05_r02,152,1,1
n6_p50_m0.05_r02,153,1,1
n6_p50_m0.05_r02,154,1,1
n6_p50_m0.05_r02,155,1,1
n6_p50_m0.05_r02,156,1,1
n6_p50_m0.05_r02,157,1,1
n6_p50_m0.05_r02,158,1,1
n6_p50_m0.05_r02,159,1,1
n6_p50_m0.05_r02,160,1,1
n6_p50_m0.05_r02,161,1,1
n6_p50_m0.05_r02,162,1,1
n6_p50_m0.05_r02,163,1,1
n6_p50_m0.05_r02,164,1,1
n6_p50_m0.05_r02,165,1,1
n6_p50_m0.05_r02,166,1,1
n6_p50_m0.05_r02,167,1,1
n6_p50_m0.05_r02,168,1,1
n6_p50_m0.05_r02,169,1,1
n6_p50_m0.05_r02,170,1,1
n6_p50_m0.05_r02,171,1,1
n6_p50_m0.05_r02,172,1,1
n6_p50_m0.05_r02,173,1,1
n6_p50_m0.05_r02,174,1,1
n6_p50_m0.05_r02,175,1,1
n6_p50_m0.05_r02,176,1,1
n6_p50_m0.05_r02,177,1,1
n6_p50_m0.05_r02,178,1,1
n6_p50_m0.05_r02,179,1,1
n6_p50_m0.05_r02,180,1,1
n6_p50_m0.05_r02,181,1,1
n6_p50_m0.05_r02,182,1,1
n6_p50_m0.05_r02,183,1,1
n6_p50_m0.05_r02,184,1,1
n6_p50_m0.05_r02,185,1,1
n6_p50_m0.05_r02,186,1,1
n6_p50_m0.05_r02,187,1,1
n6_p50_m0.05_r02,188,1,1
n6_p50_m0.05_r02,189,1,1
n6_p50_m0.05_r02,190,1,1
n6_p50_m0.05_r02,191,1,1
n6_p50_m0.05_r02,192,1,1
n6_p50_m0.05_r02,193,1,1
n6_p50_m0.05_r02,194,1,1
n6_p50_m0.05_r02,195,1,1
n6_p50_m0.05_r02,196,1,1
n6_p50_m0.05_r02,197,1,1
n6_p50_m0.05_r02,198,1,1
n6_p50_m0.05_r02,199,1,1
n6_p50_m0.05_r02,200,1,1
n6_p50_m0.05_r02,201,1,1
n6_p50_m0.05_r02,202,1,1
n6_p50_m0.05_r02,203,1,1
n6_p50_m0.05_r02,204,1,1
n6_p50_m0.05_r02,205,1,1
n6_p50_m0.05_r02,206,1,1
n6_p50_m0.05_r02,207,1,1
n6_p50_m0.05_r02,208,1,1
n6_p50_m0.05_r02,209,1,1
n6_p50_m0.05_r02,210,1,1
n6_p50_m0.05_r02,211,1,1
n6_p50_m0.05_r02,212,1,1
n6_p50_m0.05_r02,213,1,1
n6_p50_m0.05_r02,214,1,1
n6_p50_m0.05_r02,215,1,1
n6_p50_m0.05_r02,216,1,1
n6_p50_m0.05_r02,217,1,1
n6_p50_m0.05_r02,218,1,1
n6_p50_m0.05_r02,219,1,1
n6_p50_m0.05_r02,220,1,1
n6_p50_m0.05_r02,221,1,1
n6_p50_m0.05_r02,222,1,1
n6_p50_m0.05_r02,223,1,1
n6_p50_m0.05_r02,224,1,1
n6_p50_m0.05_r02,225,1,1
n6_p50_m0.05_r02,226,1,1
n6_p50_m0.05_r02,227,1,1
n6_p50_m0.05_r02,228,1,1
n6_p50_m0.05_r02,229,1,1
n6_p50_m0.05_r02,230,1,1
n6_p50_m0.05_r02,231,1,1
n6_p50_m0.05_r02,232,1,1
n6_p50_m0.05_r02,233,1,1
n6_p50_m0.05_r02,234,1,1
n6_p50_m0.05_r02,235,1,1
n6_p50_m0.05_r02,236,1,1
n6_p50_m0.05_r02,237,1,1
n6_p50_m0.05_r02,238,1,1
n6_p50_m0.05_r02,239,1,1
n6_p50_m0.05_r02,240,1,1
n6_p50_m0.05_r02,241,1,1
n6_p50_m0.05_r02,242,1,1
n6_p50_m0.05_r02,243,1,1
n6_p50_m0.05_r02,244,1,1
n6_p50_m0.05_r02,245,1,1
n6_p50_m0.05_r02,246,1,1
n6_p50_m0.05_r02,247,1,1
n6_p50_m0.05_r02,248,1,1
n6_p50_m0.05_r02,249,1,1
n6_p50_m0.05_r02,250,1,1
n6_p50_m0.05_r02,251,1,1
n6_p50_m0.05_r02,252,1,1
n6_p50_m0.05_r02,253,1,1
n6_p50_m0.05_r02,254,1,1
n6_p50_m0.05_r02,255,1,1
n6_p50_m0.05_r02,256,1,1
n6_p50_m0.05_r02,257,1,1
n6_p50_m0.05_r02,258,1,1
n6_p50_m0.05_r02,259,1,1
n6_p50_m0.05_r02,260,1,1
n6_p50_m0.05_r02,261,1,1
n6_p50_m0.05_r02,262,1,1
n6_p50_m0.05_r02,263,1,1
n6_p50_m0.05_r02,264,1,1
n6_p50_m0.05_r02,265,1,1
n6_p50_m0.05_r02,266,1,1
n6_p50_m0.05_r02,267,1,1
n6_p50_m0.05_r02,268,1,1
n6_p50_m0.05_r02,269,1,1
n6_p50_m0.05_r02,270,1,1
n6_p50_m0.05_r02,271,1,1
n6_p50_m0.05_r02,272,1,1
n6_p50_m0.05_r02,273,1,1
n6_p50_m0.05_r02,274,1,1
n6_p50_m0.05_r02,275,1,1
n6_p50_m0.05_r02,276,1,1
n6_p50_m0.05_r02,277,1,1
n6_p50_m0.05_r02,278,1,1
n6_p50_m0.05_r02,279,1,1
n6_p50_m0.05_r02,280,1,1
n6_p50_m0.05_r02,281,1,1
n6_p50_m0.05_r02,282,1,1
n6_p50_m0.05_r02,283,1,1
n6_p50_m0.05_r02,284,1,1
n6_p50_m0.05_r02,285,1,1
n6_p50_m0.05_r02,286,1,1
n6_p50_m0.05_r02,287,1,1
n6_p50_m0.05_r02,288,1,1
n6_p50_m0.05_r02,289,1,1
n6_p50_m0.05_r02,290,1,1
n6_p50_m0.05_r02,291,1,1
n6_p50_m0.05_r02,292,1,1
n6_p50_m0.05_r02,293,1,1
n6_p50_m0.05_r02,294,1,1
n6_p50_m0.05_r02,295,1,1
n6_p50_m0.05_r02,296,1,1
n6_p50_m0.05_r02,297,1,1
n6_p50_m0.05_r02,298,1,1
n6_p50_m0.05_r02,299,1,1
n6_p50_m0.05_r02,300,1,1
n6_p50_m0.05_r02,301,1,1
n6_p50_m0.05_r02,302,1,1
n6_p50_m0.05_r02,303,1,1
n6_p50_m0.05_r02,304,1,1
n6_p50_m0.05_r02,305,1,1
n6_p50_m0.05_r02,306,1,1
n6_p50_m0.05_r02,307,1,1
n6_p50_m0.05_r02,308,1,1
n6_p50_m0.05_r02,309,1,1
n6_p50_m0.05_r02,310,1,1
n6_p50_m0.05_r02,311,1,1
n6_p50_m0.05_r02,312,1,1
n6_p50_m0.05_r02,313,1,1
n6_p50_m0.05_r02,314,1,1
n6_p50_m0.05_r02,315,1,1
n6_p50_m0.05_r02,316,1,1
n6_p50_m0.05_r02,317,1,1
n6_p50_m0.05_r02,318,1,1
n6_p50_m0.05_r02,319,1,1
n6_p50_m0.05_r02,320,1,1
n6_p50_m0.05_r02,321,1,1
n6_p50_m0.05_r02,322,1,1
n6_p50_m0.05_r02,323,1,1
n6_p50_m0.05_r02,324,1,1
n6_p50_m0.05_r02,325,1,1
n6_p50_m0.05_r02,326,1,1
n6_p50_m0.05_r02,327,1,1
n6_p50_m0.05_r02,328,1,1
n6_p50_m0.05_r02,329,1,1
n6_p50_m0.05_r02,330,1,1
n6_p50_m0.05_r02,331,1,1
n6_p50_m0.05_r02,332,1,1
n6_p50_m0.05_r02,333,1,1
n6_p50_m0.05_r02,334,1,1
n6_p50_m0.05_r02,335,1,1
n6_p50_m0.05_r02,336,1,1
n6_p50_m0.05_r02,337,1,1
n6_p50_m0.05_r02,338,1,1
n6_p50_m0.05_r02,339,1,1
n6_p50_m0.05_r02,340,1,1
n6_p50_m0.05_r02,341,1,1
n6_p50_m0.05_r02,342,1,1
n6_p50_m0.05_r02,343,1,1
n6_p50_m0.05_r02,344,1,1
n6_p50_m0.05_r02,345,1,1
n6_p50_m0.05_r02,346,1,1
n6_p50_m0.05_r02,347,1,1
n6_p50_m0.05_r02,348,1,1
n6_p50_m0.05_r02,349,1,1
n6_p50_m0.05_r02,350,1,1
n6_p50_m0.05_r02,351,1,1
n6_p50_m0.05_r02,352,1,1
n6_p50_m0.05_r02,353,1,1
n6_p50_m0.05_r02,354,1,1
n6_p50_m0.05_r02,355,1,1
n6_p50_m0.05_r02,356,1,1
n6_p50_m0.05_r02,357,1,1
n6_p50_m0.05_r02,358,1,1
n6_p50_m0.05_r02,359,1,1
n6_p50_m0.05_r02,360,1,1
n6_p50_m0.05_r02,361,1,1
n6_p50_m0.05_r02,362,1,1
n6_p50_m0.05_r02,363,1,1
n6_p50_m0.05_r02,364,1,1
n6_p50_m0.05_r02,365,1,1
n6_p50_m0.05_r02,366,1,1
n6_p50_m0.05_r02,367,1,1
n6_p50_m0.05_r02,368,1,1
n6_p50_m0.05_r02,369,1,1
n6_p50_m0.05_r02,370,1,1
n6_p50_m0.05_r02,371,1,1
n6_p50_m0.05_r02,372,1,1
n6_p50_m0.05_r02,373,1,1
n6_p50_m0.05_r02,374,1,1
n6_p50_m0.05_r02,375,1,1
n6_p50_m0.05_r02,376,1,1
n6_p50_m0.05_r02,377,1,1
n6_p50_m0.05_r02,378,1,1
n6_p50_m0.05_r02,379,1,1
n6_p50_m0.05_r02,380,1,1
n6_p50_m0.05_r02,381,1,1
n6_p50_m0.05_r02,382,1,1
n6_p50_m0.05_r02,383,1,1
n6_p50_m0.05_r02,384,1,1
n6_p50_m0.05_r02,385,1,1
n6_p50_m0.05_r02,386,1,1
n6_p50_m0.05_r02,387,1,1
n6_p50_m0.05_r02,388,1,1
n6_p50_m0.05_r02,389,1,1
n6_p50_m0.05_r02,390,1,1
n6_p50_m0.05_r02,391,1,1
n6_p50_m0.05_r02,392,1,1
n6_p50_m0.05_r02,393,1,1
n6_p50_m0.05_r02,394,1,1
n6_p50_m0.05_r02,395,1,1
n6_p50_m0.05_r02,396,1,1
n6_p50_m0.05_r02,397,1,1
n6_p50_m0.05_r02,398,1,1
n6_p50_m0.05_r02,399,1,1
n6_p50_m0.05_r02,400,1,1
n6_p50_m0.05_r02,401,1,1
n6_p50_m0.05_r02,402,1,1
n6_p50_m0.05_r02,403,1,1
n6_p50_m0.05_r02,404,1,1
n6_p50_m0.05_r02,405,1,1
n6_p50_m0.05_r02,406,1,1
n6_p50_m0.05_r02,407,1,1
n6_p50_m0.05_r02,408,1,1
n6_p50_m0.05_r02,409,1,1
n6_p50_m0.05_r02,410,1,1
n6_p50_m0.05_r02,411,1,1
n6_p50_m0.05_r02,412,1,1
n6_p50_m0.05_r02,413,1,1
n6_p50_m0.05_r02,414,1,1
n6_p50_m0.05_r02,415,1,1
n6_p50_m0.05_r02,416,1,1
n6_p50_m0.05_r02,417,1,1
n6_p50_m0.05_r02,418,1,1
n6_p50_m0.05_r02,419,1,1
n6_p50_m0.05_r02,420,1,1
n6_p50_m0.05_r02,421,1,1
n6_p50_m0.05_r02,422,1,1
n6_p50_m0.05_r02,423,1,1
n6_p50_m0.05_r02,424,1,1
n6_p50_m0.05_r02,425,1,1
n6_p50_m0.05_r02,426,1,1
n6_p50_m0.05_r02,427,1,1
n6_p50_m0.05_r02,428,1,1
n6_p50_m0.05_r02,429,1,1
n6_p50_m0.05_r02,430,1,1
n6_p50_m0.05_r02,431,1,1
n6_p50_m0.05_r02,432,1,1
n6_p50_m0.05_r02,433,1,1
n6_p50_m0.05_r02,434,1,1
n6_p50_m0.05_r02,435,1,1
n6_p50_m0.05_r02,436,1,1
n6_p50_m0.05_r02,437,1,1
n6_p50_m0.05_r02,438,1,1
n6_p50_m0.05_r02,439,1,1
n6_p50_m0.05_r02,440,1,1
n6_p50_m0.05_r02,441,1,1
n6_p50_m0.05_r02,442,1,1
n6_p50_m0.05_r02,443,1,1
n6_p50_m0.05_r02,444,1,1
n6_p50_m0.05_r02,445,1,1
n6_p50_m0.05_r02,446,1,1
n6_p50_m0.05_r02,447,1,1
n6_p50_m0.05_r02,448,1,1
n6_p50_m0.05_r02,449,1,1
n6_p50_m0.05_r02,450,1,1
n6_p50_m0.05_r02,451,1,1
n6_p50_m0.05_r02,452,1,1
n6_p50_m0.05_r02,453,1,1
n6_p50_m0.05_r02,454,1,1
n6_p50_m0.05_r02,455,1,1
n6_p50_m0.05_r02,456,1,1
n6_p50_m0.05_r02,457,1,1
n6_p50_m0.05_r02,458,1,1
n6_p50_m0.05_r02,459,1,1
n6_p50_m0.05_r02,460,1,1
n6_p50_m0.05_r02,461,1,1
n6_p50_m0.05_r02,462,1,1
n6_p50_m0.05_r02,463,1,1
n6_p50_m0.05_r02,464,1,1
n6_p50_m0.05_r02,465,1,1
n6_p50_m0.05_r02,466,1,1
n6_p50_m0.05_r02,467,1,1
n6_p50_m0.05_r02,468,1,1
n6_p50_m0.05_r02,469,1,1
n6_p50_m0.05_r02,470,1,1
n6_p50_m0.05_r02,471,1,1
n6_p50_m0.05_r02,472,1,1
n6_p50_m0.05_r02,473,1,1
n6_p50_m0.05_r02,474,1,1
n6_p50_m0.05_r02,475,1,1
n6_p50_m0.05_r02,476,1,1
n6_p50_m0.05_r02,477,1,1
n6_p50_m0.05_r02,478,1,1
n6_p50_m0.05_r02,479,1,1
n6_p50_m0.05_r02,480,1,1
n6_p50_m0.05_r02,481,1,1
n6_p50_m0.05_r02,482,1,1
n6_p50_m0.05_r02,483,1,1
n6_p50_m0.05_r02,484,1,1
n6_p50_m0.05_r02,485,1,1
n6_p50_m0.05_r02,486,1,1
n6_p50_m0.05_r02,487,1,1
n6_p50_m0.05_r02,488,1,1
n6_p50_m0.05_r02,489,1,1
n6_p50_m0.05_r02,490,1,1
n6_p50_m0.05_r02,491,1,1
n6_p50_m0.05_r02,492,1,1
n6_p50_m0.05_r02,493,1,1
n6_p50_m0.05_r02,494,1,1
n6_p50_m0.05_r02,495,1,1
n6_p50_m0.05_r02,496,1,1
n6_p50_m0.05_r02,497,1,1
n6_p50_m0.05_r02,498,1,1
n6_p50_m0.05_r02,499,1,1
n6_p50_m0.05_r02,500,1,1
n6_p50_m0.05_r03,0,1,1
n6_p50_m0.05_r03,1,1,1
n6_p50_m0.05_r03,2,0,0
n6_p50_m0.05_r04,0,0,0
n6_p50_m0.05_r05,0,1,1
n6_p50_m0.05_r05,1,1,1
n6_p50_m0.05_r05,2,1,1
n6_p50_m0.05_r05,3,1,1
n6_p50_m0.05_r05,4,1,1
n6_p50_m0.05_r05,5,1,1
n6_p50_m0.05_r05,6,1,1
n6_p50_m0.05_r05,7,1,1
n6_p50_m0.05_r05,8,1,1
n6_p50_m0.05_r05,9,1,1
n6_p50_m0.05_r05,10,1,1
n6_p50_m0.05_r05,11,1,1
n6_p50_m0.05_r05,12,1,1
n6_p50_m0.05_r05,13,1,1
n6_p50_m0.05_r05,14,1,1
n6_p50_m0.05_r05,15,1,1
n6_p50_m0.05_r05,16,1,1
n6_p50_m0.05_r05,17,1,1
n6_p50_m0.05_r05,18,1,1
n6_p50_m0.05_r05,19,1,1
n6_p50_m0.05_r05,20,1,1
n6_p50_m0.05_r05,21,1,1
n6_p50_m0.05_r05,22,1,1
n6_p50_m0.05_r05,23,1,1
n6_p50_m0.05_r05,24,1,1
n6_p50_m0.05_r05,25,1,1
n6_p50_m0.05_r05,26,1,1
n6_p50_m0.05_r05,27,1,1
n6_p50_m0.05_r05,28,1,1
n6_p50_m0.05_r05,29,1,1
n6_p50_m0.05_r05,30,1,1
n6_p50_m0.05_r05,31,1,1
n6_p50_m0.05_r05,32,1,1
n6_p50_m0.05_r05,33,1,1
n6_p50_m0.05_r05,34,1,1
n6_p50_m0.05_r05,35,1,1
n6_p50_m0.05_r05,36,1,1
n6_p50_m0.05_r05,37,1,1
n6_p50_m0.05_r05,38,1,1
n6_p50_m0.05_r05,39,1,1
n6_p50_m0.05_r05,40,1,1
n6_p50_m0.05_r05,41,1,1
n6_p50_m0.05_r05,42,1,1
n6_p50_m0.05_r05,43,1,1
n6_p50_m0.05_r05,44,1,1
n6_p50_m0.05_r05,45,1,1
n6_p50_m0.05_r05,46,1,1
n6_p50_m0.05_r05,47,1,1
n6_p50_m0.05_r05,48,1,1
n6_p50_m0.05_r05,49,1,1
n6_p50_m0.05_r05,50,1,1
n6_p50_m0.05_r05,51,1,1
n6_p50_m0.05_r05,52,1,1
n6_p50_m0.05_r05,53,1,1
n6_p50_m0.05_r05,54,1,1
n6_p50_m0.05_r05,55,1,1
n6_p50_m0.05_r05,56,1,1
n6_p50_m0.05_r05,57,1,1
n6_p50_m0.05_r05,58,1,1
n6_p50_m0.05_r05,59,1,1
n6_p50_m0.05_r05,60,1,1
n6_p50_m0.05_r05,61,1,1
n6_p50_m0.05_r05,62,1,1
n6_p50_m0.05_r05,63,1,1
n6_p50_m0.05_r05,64,1,1
n6_p50_m0.05_r05,65,1,1
n6_p50_m0.05_r05,66,1,1
n6_p50_m0.05_r05,67,1,1
n6_p50_m0.05_r05,68,1,1
n6_p50_m0.05_r05,69,1,1
n6_p50_m0.05_r05,70,1,1
n6_p50_m0.05_r05,71,1,1
n6_p50_m0.05_r05,72,1,1
n6_p50_m0.05_r05,73,1,1
n6_p50_m0.05_r05,74,1,1
n6_p50_m0.05_r05,75,1,1
n6_p50_m0.05_r05,76,1,1
n6_p50_m0.05_r05,77,1,1
n6_p50_m0.05_r05,78,1,1
n6_p50_m0.05_r05,79,1,1
n6_p50_m0.05_r05,80,1,1
n6_p50_m0.05_r05,81,1,1
n6_p50_m0.05_r05,82,1,1
n6_p50_m0.05_r05,83,1,1
n6_p50_m0.05_r05,84,1,1
n6_p50_m0.05_r05,85,1,1
n6_p50_m0.05_r05,86,1,1
n6_p50_m0.05_r05,87,1,1
n6_p50_m0.05_r05,88,1,1
n6_p50_m0.05_r05,89,1,1
n6_p50_m0.05_r05,90,1,1
n6_p50_m0.05_r05,91,1,1
n6_p50_m0.05_r05,92,1,1
n6_p50_m0.05_r05,93,1,1
n6_p50_m0.05_r05,94,1,1
n6_p50_m0.05_r05,95,1,1
n6_p50_m0.05_r05,96,1,1
n6_p50_m0.05_r05,97,1,1
n6_p50_m0.05_r05,98,1,1
n6_p50_m0.05_r05,99,1,1
n6_p50_m0.05_r05,100,1,1
n6_p50_m0.05_r05,101,1,1
n6_p50_m0.05_r05,102,1,1
n6_p50_m0.05_r05,103,1,1
n6_p50_m0.05_r05,104,1,1
n6_p50_m0.05_r05,105,1,1
n6_p50_m0.05_r05,106,1,1
n6_p50_m0.05_r05,107,1,1
n6_p50_m0.05_r05,108,1,1
n6_p50_m0.05_r05,109,1,1
n6_p50_m0.05_r05,110,1,1
n6_p50_m0.05_r05,111,1,1
n6_p50_m0.05_r05,112,1,1
n6_p50_m0.05_r05,113,1,1
n6_p50_m0.05_r05,114,1,1
n6_p50_m0.05_r05,115,1,1
n6_p50_m0.05_r05,116,1,1
n6_p50_m0.05_r05,117,1,1
n6_p50_m0.05_r05,118,1,1
n6_p50_m0.05_r05,119,1,1
n6_p50_m0.05_r05,120,1,1
n6_p50_m0.05_r05,121,1,1
n6_p50_m0.05_r05,122,1,1
n6_p50_m0.05_r05,123,1,1
n6_p50_m0.05_r05,124,1,1
n6_p50_m0.05_r05,125,1,1
n6_p50_m0.05_r05,126,1,1
n6_p50_m0.05_r05,127,1,1
n6_p50_m0.05_r05,128,1,1
n6_p50_m0.05_r05,129,1,1
n6_p50_m0.05_r05,130,1,1
n6_p50_m0.05_r05,131,1,1
n6_p50_m0.05_r05,132,1,1
n6_p50_m0.05_r05,133,1,1
n6_p50_m0.05_r05,134,1,1
n6_p50_m0.05_r05,135,1,1
n6_p50_m0.05_r05,136,1,1
n6_p50_m0.05_r05,137,1,1
n6_p50_m0.05_r05,138,1,1
n6_p50_m0.05_r05,139,1,1
n6_p50_m0.05_r05,140,1,1
n6_p50_m0.05_r05,141,1,1
n6_p50_m0.05_r05,142,1,1
n6_p50_m0.05_r05,143,1,1
n6_p50_m0.05_r05,144,1,1
n6_p50_m0.05_r05,145,1,1
n6_p50_m0.05_r05,146,1,1
n6_p50_m0.05_r05,147,1,1
n6_p50_m0.05_r05,148,1,1
n6_p50_m0.05_r05,149,1,1
n6_p50_m0.05_r05,150,1,1
n6_p50_m0.05_r05,151,1,1
n6_p50_m0.05_r05,152,1,1
n6_p50_m0.05_r05,153,1,1
n6_p50_m0.05_r05,154,1,1
n6_p50_m0.05_r05,155,1,1
n6_p50_m0.05_r05,156,1,1
n6_p50_m0.05_r05,157,1,1
n6_p50_m0.05_r05,158,1,1
n6_p50_m0.05_r05,159,1,1
n6_p50_m0.05_r05,160,1,1
n6_p50_m0.05_r05,161,1,1
n6_p50_m0.05_r05,162,1,1
n6_p50_m0.05_r05,163,1,1
n6_p50_m0.05_r05,164,1,1
n6_p50_m0.05_r05,165,1,1
n6_p50_m0.05_r05,166,1,1
n6_p50_m0.05_r05,167,1,1
n6_p50_m0.05_r05,168,1,1
n6_p50_m0.05_r05,169,1,1
n6_p50_m0.05_r05,170,1,1
n6_p50_m0.05_r05,171,1,1
n6_p50_m0.05_r05,172,1,1
n6_p50_m0.05_r05,173,1,1
n6_p50_m0.05_r05,174,1,1
n6_p50_m0.05_r05,175,1,1
n6_p50_m0.05_r05,176,1,1
n6_p50_m0.05_r05,177,1,1
n6_p50_m0.05_r05,178,1,1
n6_p50_m0.05_r05,179,1,1
n6_p50_m0.05_r05,180,1,1
n6_p50_m0.05_r05,181,1,1
n6_p50_m0.05_r05,182,1,1
n6_p50_m0.05_r05,183,1,1
n6_p50_m0.05_r05,184,1,1
n6_p50_m0.05_r05,185,1,1
n6_p50_m0.05_r05,186,1,1
n6_p50_m0.05_r05,187,1,1
n6_p50_m0.05_r05,188,1,1
n6_p50_m0.05_r05,189,1,1
n6_p50_m0.05_r05,190,1,1
n6_p50_m0.05_r05,191,1,1
n6_p50_m0.05_r05,192,1,1
n6_p50_m0.05_r05,193,1,1
n6_p50_m0.05_r05,194,1,1
n6_p50_m0.05_r05,195,1,1
n6_p50_m0.05_r05,196,1,1
n6_p50_m0.05_r05,197,1,1
n6_p50_m0.05_r05,198,1,1
n6_p50_m0.05_r05,199,1,1
n6_p50_m0.05_r05,200,1,1
n6_p50_m0.05_r05,201,1,1
n6_p50_m0.05_r05,202,1,1
n6_p50_m0.05_r05,203,1,1
n6_p50_m0.05_r05,204,1,1
n6_p50_m0.05_r05,205,1,1
n6_p50_m0.05_r05,206,1,1
n6_p50_m0.05_r05,207,1,1
n6_p50_m0.05_r05,208,1,1
n6_p50_m0.05_r05,209,1,1
n6_p50_m0.05_r05,210,1,1
n6_p50_m0.05_r05,211,1,1
n6_p50_m0.05_r05,212,1,1
n6_p50_m0.05_r05,213,1,1
n6_p50_m0.05_r05,214,1,1
n6_p50_m0.05_r05,215,1,1
n6_p50_m0.05_r05,216,1,1
n6_p50_m0.05_r05,217,1,1
n6_p50_m0.05_r05,218,1,1
n6_p50_m0.05_r05,219,1,1
n6_p50_m0.05_r05,220,1,1
n6_p50_m0.05_r05,221,1,1
n6_p50_m0.05_r05,222,1,1
n6_p50_m0.05_r05,223,1,1
n6_p50_m0.05_r05,224,1,1
n6_p50_m0.05_r05,225,1,1
n6_p50_m0.05_r05,226,1,1
n6_p50_m0.05_r05,227,1,1
n6_p50_m0.05_r05,228,1,1
n6_p50_m0.05_r05,229,1,1
n6_p50_m0.05_r05,230,1,1
n6_p50_m0.05_r05,231,1,1
n6_p50_m0.05_r05,232,1,1
n6_p50_m0.05_r05,233,1,1
n6_p50_m0.05_r05,234,1,1
n6_p50_m0.05_r05,235,1,1
n6_p50_m0.05_r05,236,1,1
n6_p50_m0.05_r05,237,1,1
n6_p50_m0.05_r05,238,1,1
n6_p50_m0.05_r05,239,1,1
n6_p50_m0.05_r05,240,1,1
n6_p50_m0.05_r05,241,1,1
n6_p50_m0.05_r05,242,1,1
n6_p50_m0.05_r05,243,1,1
n6_p50_m0.05_r05,244,1,1
n6_p50_m0.05_r05,245,1,1
n6_p50_m0.05_r05,246,1,1
n6_p50_m0.05_r05,247,1,1
n6_p50_m0.05_r05,248,1,1
n6_p50_m0.05_r05,249,1,1
n6_p50_m0.05_r05,250,1,1
n6_p50_m0.05_r05,251,1,1
n6_p50_m0.05_r05,252,1,1
n6_p50_m0.05_r05,253,1,1
n6_p50_m0.05_r05,254,1,1
n6_p50_m0.05_r05,255,1,1
n6_p50_m0.05_r05,256,1,1
n6_p50_m0.05_r05,257,1,1
n6_p50_m0.05_r05,258,1,1
n6_p50_m0.05_r05,259,1,1
n6_p50_m0.05_r05,260,1,1
n6_p50_m0.05_r05,261,1,1
n6_p50_m0.05_r05,262,1,1
n6_p50_m0.05_r05,263,1,1
n6_p50_m0.05_r05,264,1,1
n6_p50_m0.05_r05,265,1,1
n6_p50_m0.05_r05,266,1,1
n6_p50_m0.05_r05,267,1,1
n6_p50_m0.05_r05,268,1,1
n6_p50_m0.05_r05,269,1,1
n6_p50_m0.05_r05,270,1,1
n6_p50_m0.05_r05,271,1,1
n6_p50_m0.05_r05,272,1,1
n6_p50_m0.05_r05,273,1,1
n6_p50_m0.05_r05,274,1,1
n6_p50_m0.05_r05,275,1,1
n6_p50_m0.05_r05,276,1,1
n6_p50_m0.05_r05,277,1,1
n6_p50_m0.05_r05,278,1,1
n6_p50_m0.05_r05,279,1,1
n6_p50_m0.05_r05,280,1,1
n6_p50_m0.05_r05,281,1,1
n6_p50_m0.05_r05,282,1,1
n6_p50_m0.05_r05,283,1,1
n6_p50_m0.05_r05,284,1,1
n6_p50_m0.05_r05,285,1,1
n6_p50_m0.05_r05,286,1,1
n6_p50_m0.05_r05,287,1,1
n6_p50_m0.05_r05,288,1,1
n6_p50_m0.05_r05,289,1,1
n6_p50_m0.05_r05,290,1,1
n6_p50_m0.05_r05,291,1,1
n6_p50_m0.05_r05,292,1,1
n6_p50_m0.05_r05,293,1,1
n6_p50_m0.05_r05,294,1,1
n6_p50_m0.05_r05,295,1,1
n6_p50_m0.05_r05,296,1,1
n6_p50_m0.05_r05,297,1,1
n6_p50_m0.05_r05,298,1,1
n6_p50_m0.05_r05,299,1,1
n6_p50_m0.05_r05,300,1,1
n6_p50_m0.05_r05,301,1,1
n6_p50_m0.05_r05,302,1,1
n6_p50_m0.05_r05,303,1,1
n6_p50_m0.05_r05,304,1,1
n6_p50_m0.05_r05,305,1,1
n6_p50_m0.05_r05,306,1,1
n6_p50_m0.05_r05,307,1,1
n6_p50_m0.05_r05,308,1,1
n6_p50_m0.05_r05,309,1,1
n6_p50_m0.05_r05,310,1,1
n6_p50_m0.05_r05,311,1,1
n6_p50_m0.05_r05,312,1,1
n6_p50_m0.05_r05,313,1,1
n6_p50_m0.05_r05,314,1,1
n6_p50_m0.05_r05,315,1,1
n6_p50_m0.05_r05,316,1,1
n6_p50_m0.05_r05,317,1,1
n6_p50_m0.05_r05,318,1,1
n6_p50_m0.05_r05,319,1,1
n6_p50_m0.05_r05,320,1,1
n6_p50_m0.05_r05,321,1,1
n6_p50_m0.05_r05,322,1,1
n6_p50_m0.05_r05,323,1,1
n6_p50_m0.05_r05,324,1,1
n6_p50_m0.05_r05,325,1,1
n6_p50_m0.05_r05,326,1,1
n6_p50_m0.05_r05,327,1,1
n6_p50_m0.05_r05,328,1,1
n6_p50_m0.05_r05,329,1,1
n6_p50_m0.05_r05,330,1,1
n6_p50_m0.05_r05,331,1,1
n6_p50_m0.05_r05,332,1,1
n6_p50_m0.05_r05,333,1,1
n6_p50_m0.05_r05,334,1,1
n6_p50_m0.05_r05,335,1,1
n6_p50_m0.05_r05,336,1,1
n6_p50_m0.05_r05,337,1,1
n6_p50_m0.05_r05,338,1,1
n6_p50_m0.05_r05,339,1,1
n6_p50_m0.05_r05,340,1,1
n6_p50_m0.05_r05,341,1,1
n6_p50_m0.05_r05,342,1,1
n6_p50_m0.05_r05,343,1,1
n6_p50_m0.05_r05,344,1,1
n6_p50_m0.05_r05,345,1,1
n6_p50_m0.05_r05,346,1,1
n6_p50_m0.05_r05,347,1,1
n6_p50_m0.05_r05,348,1,1
n6_p50_m0.05_r05,349,1,1
n6_p50_m0.05_r05,350,1,1
n6_p50_m0.05_r05,351,1,1
n6_p50_m0.05_r05,352,1,1
n6_p50_m0.05_r05,353,1,1
n6_p50_m0.05_r05,354,1,1
n6_p50_m0.05_r05,355,1,1
n6_p50_m0.05_r05,356,1,1
n6_p50_m0.05_r05,357,1,1
n6_p50_m0.05_r05,358,1,1
n6_p50_m0.05_r05,359,1,1
n6_p50_m0.05_r05,360,1,1
n6_p50_m0.05_r05,361,1,1
n6_p50_m0.05_r05,362,1,1
n6_p50_m0.05_r05,363,1,1
n6_p50_m0.05_r05,364,1,1
n6_p50_m0.05_r05,365,1,1
n6_p50_m0.05_r05,366,1,1
n6_p50_m0.05_r05,367,1,1
n6_p50_m0.05_r05,368,1,1
n6_p50_m0.05_r05,369,1,1
n6_p50_m0.05_r05,370,1,1
n6_p50_m0.05_r05,371,1,1
n6_p50_m0.05_r05,372,1,1
n6_p50_m0.05_r05,373,1,1
n6_p50_m0.05_r05,374,1,1
n6_p50_m0.05_r05,375,1,1
n6_p50_m0.05_r05,376,1,1
n6_p50_m0.05_r05,377,1,1
n6_p50_m0.05_r05,378,1,1
n6_p50_m0.05_r05,379,1,1
n6_p50_m0.05_r05,380,1,1
n6_p50_m0.05_r05,381,1,1
n6_p50_m0.05_r05,382,1,1
n6_p50_m0.05_r05,383,1,1
n6_p50_m0.05_r05,384,1,1
n6_p50_m0.05_r05,385,1,1
n6_p50_m0.05_r05,386,1,1
n6_p50_m0.05_r05,387,1,1
n6_p50_m0.05_r05,388,1,1
n6_p50_m0.05_r05,389,1,1
n6_p50_m0.05_r05,390,1,1
n6_p50_m0.05_r05,391,1,1
n6_p50_m0.05_r05,392,1,1
n6_p50_m0.05_r05,393,1,1
n6_p50_m0.05_r05,394,1,1
n6_p50_m0.05_r05,395,1,1
n6_p50_m0.05_r05,396,1,1
n6_p50_m0.05_r05,397,1,1
n6_p50_m0.05_r05,398,1,1
n6_p50_m0.05_r05,399,1,1
n6_p50_m0.05_r05,400,1,1
n6_p50_m0.05_r05,401,1,1
n6_p50_m0.05_r05,402,1,1
n6_p50_m0.05_r05,403,1,1
n6_p50_m0.05_r05,404,1,1
n6_p50_m0.05_r05,405,1,1
n6_p50_m0.05_r05,406,1,1
n6_p50_m0.05_r05,407,1,1
n6_p50_m0.05_r05,408,1,1
n6_p50_m0.05_r05,409,1,1
n6_p50_m0.05_r05,410,1,1
n6_p50_m0.05_r05,411,1,1
n6_p50_m0.05_r05,412,1,1
n6_p50_m0.05_r05,413,1,1
n6_p50_m0.05_r05,414,1,1
n6_p50_m0.05_r05,415,1,1
n6_p50_m0.05_r05,416,1,1
n6_p50_m0.05_r05,417,1,1
n6_p50_m0.05_r05,418,1,1
n6_p50_m0.05_r05,419,1,1
n6_p50_m0.05_r05,420,1,1
n6_p50_m0.05_r05,421,1,1
n6_p50_m0.05_r05,422,1,1
n6_p50_m0.05_r05,423,1,1
n6_p50_m0.05_r05,424,1,1
n6_p50_m0.05_r05,425,1,1
n6_p50_m0.05_r05,426,1,1
n6_p50_m0.05_r05,427,1,1
n6_p50_m0.05_r05,428,1,1
n6_p50_m0.05_r05,429,1,1
n6_p50_m0.05_r05,430,1,1
n6_p50_m0.05_r05,431,1,1
n6_p50_m0.05_r05,432,1,1
n6_p50_m0.05_r05,433,1,1
n6_p50_m0.05_r05,434,1,1
n6_p50_m0.05_r05,435,1,1
n6_p50_m0.05_r05,436,1,1
n6_p50_m0.05_r05,437,1,1
n6_p50_m0.05_r05,438,1,1
n6_p50_m0.05_r05,439,1,1
n6_p50_m0.05_r05,440,1,1
n6_p50_m0.05_r05,441,1,1
n6_p50_m0.05_r05,442,1,1
n6_p50_m0.05_r05,443,1,1
n6_p50_m0.05_r05,444,1,1
n6_p50_m0.05_r05,445,1,1
n6_p50_m0.05_r05,446,1,1
n6_p50_m0.05_r05,447,1,1
n6_p50_m0.05_r05,448,1,1
n6_p50_m0.05_r05,449,1,1
n6_p50_m0.05_r05,450,1,1
n6_p50_m0.05_r05,451,1,1
n6_p50_m0.05_r05,452,1,1
n6_p50_m0.05_r05,453,1,1
n6_p50_m0.05_r05,454,1,1
n6_p50_m0.05_r05,455,1,1
n6_p50_m0.05_r05,456,1,1
n6_p50_m0.05_r05,457,1,1
n6_p50_m0.05_r05,458,1,1
n6_p50_m0.05_r05,459,1,1
n6_p50_m0.05_r05,460,1,1
n6_p50_m0.05_r05,461,1,1
n6_p50_m0.05_r05,462,1,1
n6_p50_m0.05_r05,463,1,1
n6_p50_m0.05_r05,464,1,1
n6_p50_m0.05_r05,465,1,1
n6_p50_m0.05_r05,466,1,1
n6_p50_m0.05_r05,467,1,1
n6_p50_m0.05_r05,468,1,1
n6_p50_m0.05_r05,469,1,1
n6_p50_m0.05_r05,470,1,1
n6_p50_m0.05_r05,471,1,1
n6_p50_m0.05_r05,472,1,1
n6_p50_m0.05_r05,473,1,1
n6_p50_m0.05_r05,474,1,1
n6_p50_m0.05_r05,475,1,1
n6_p50_m0.05_r05,476,1,1
n6_p50_m0.05_r05,477,1,1
n6_p50_m0.05_r05,478,1,1
n6_p50_m0.05_r05,479,1,1
n6_p50_m0.05_r05,480,1,1
n6_p50_m0.05_r05,481,1,1
n6_p50_m0.05_r05,482,1,1
n6_p50_m0.05_r05,483,1,1
n6_p50_m0.05_r05,484,1,1
n6_p50_m0.05_r05,485,1,1
n6_p50_m0.05_r05,486,1,1
n6_p50_m0.05_r05,487,1,1
n6_p50_m0.05_r05,488,1,1
n6_p50_m0.05_r05,489,1,1
n6_p50_m0.05_r05,490,1,1
n6_p50_m0.05_r05,491,1,1
n6_p50_m0.05_r05,492,1,1
n6_p50_m0.05_r05,493,1,1
n6_p50_m0.05_r05,494,1,1
n6_p50_m0.05_r05,495,1,1
n6_p50_m0.05_r05,496,1,1
n6_p50_m0.05_r05,497,1,1
n6_p50_m0.05_r05,498,1,1
n6_p50_m0.05_r05,499,1,1
n6_p50_m0.05_r05,500,1,1
n6_p50_m0.05_r06,0,1,1
n6_p50_m0.05_r06,1,1,1
n6_p50_m0.05_r06,2,1,1
n6_p50_m0.05_r06,3,1,1
n6_p50_m0.05_r06,4,0,0
n6_p50_m0.05_r07,0,1,1
n6_p50_m0.05_r07,1,1,1
n6_p50_m0.05_r07,2,0,0
n6_p50_m0.05_r08,0,1,1
n6_p50_m0.05_r08,1,1,1
n6_p50_m0.05_r08,2,1,1
n6_p50_m0.05_r08,3,1,1
n6_p50_m0.05_r08,4,1,1
n6_p50_m0.05_r08,5,1,1
n6_p50_m0.05_r08,6,1,1
n6_p50_m0.05_r08,7,1,1
n6_p50_m0.05_r08,8,1,1
n6_p50_m0.05_r08,9,1,1
n6_p50_m0.05_r08,10,1,1
n6_p50_m0.05_r08,11,1,1
n6_p50_m0.05_r08,12,1,1
n6_p50_m0.05_r08,13,1,1
n6_p50_m0.05_r08,14,1,1
n6_p50_m0.05_r08,15,1,1
n6_p50_m0.05_r08,16,1,1
n6_p50_m0.05_r08,17,1,1
n6_p50_m0.05_r08,18,1,1
n6_p50_m0.05_r08,19,1,1
n6_p50_m0.05_r08,20,1,1
n6_p50_m0.05_r08,21,1,1
n6_p50_m0.05_r08,22,1,1
n6_p50_m0.05_r08,23,1,1
n6_p50_m0.05_r08,24,1,1
n6_p50_m0.05_r08,25,1,1
n6_p50_m0.05_r08,26,1,1
n6_p50_m0.05_r08,27,1,1
n6_p50_m0.05_r08,28,1,1
n6_p50_m0.05_r08,29,1,1
n6_p50_m0.05_r08,30,1,1
n6_p50_m0.05_r08,31,1,1
n6_p50_m0.05_r08,32,1,1
n6_p50_m0.05_r08,33,1,1
n6_p50_m0.05_r08,34,1,1
n6_p50_m0.05_r08,35,1,1
n6_p50_m0.05_r08,36,1,1
n6_p50_m0.05_r08,37,1,1
n6_p50_m0.05_r08,38,1,1
n6_p50_m0.05_r08,39,1,1
n6_p50_m0.05_r08,40,1,1
n6_p50_m0.05_r08,41,1,1
n6_p50_m0.05_r08,42,1,1
n6_p50_m0.05_r08,43,1,1
n6_p50_m0.05_r08,44,1,1
n6_p50_m0.05_r08,45,1,1
n6_p50_m0.05_r08,46,1,1
n6_p50_m0.05_r08,47,1,1
n6_p50_m0.05_r08,48,1,1
n6_p50_m0.05_r08,49,1,1
n6_p50_m0.05_r08,50,1,1
n6_p50_m0.05_r08,51,1,1
n6_p50_m0.05_r08,52,1,1
n6_p50_m0.05_r08,53,1,1
n6_p50_m0.05_r08,54,1,1
n6_p50_m0.05_r08,55,1,1
n6_p50_m0.05_r08,56,1,1
n6_p50_m0.05_r08,57,1,1
n6_p50_m0.05_r08,58,1,1
n6_p50_m0.05_r08,59,1,1
n6_p50_m0.05_r08,60,1,1
n6_p50_m0.05_r08,61,1,1
n6_p50_m0.05_r08,62,1,1
n6_p50_m0.05_r08,63,1,1
n6_p50_m0.05_r08,64,1,1
n6_p50_m0.05_r08,65,1,1
n6_p50_m0.05_r08,66,1,1
n6_p50_m0.05_r08,67,1,1
n6_p50_m0.05_r08,68,1,1
n6_p50_m0.05_r08,69,1,1
n6_p50_m0.05_r08,70,1,1
n6_p50_m0.05_r08,71,1,1
n6_p50_m0.05_r08,72,1,1
n6_p50_m0.05_r08,73,1,1
n6_p50_m0.05_r08,74,1,1
n6_p50_m0.05_r08,75,1,1
n6_p50_m0.05_r08,76,1,1
n6_p50_m0.05_r08,77,1,1
n6_p50_m0.05_r08,78,1,1
n6_p50_m0.05_r08,79,1,1
n6_p50_m0.05_r08,80,1,1
n6_p50_m0.05_r08,81,1,1
n6_p50_m0.05_r08,82,1,1
n6_p50_m0.05_r08,83,1,1
n6_p50_m0.05_r08,84,1,1
n6_p50_m0.05_r08,85,1,1
n6_p50_m0.05_r08,86,1,1
n6_p50_m0.05_r08,87,1,1
n6_p50_m0.05_r08,88,1,1
n6_p50_m0.05_r08,89,1,1
n6_p50_m0.05_r08,90,1,1
n6_p50_m0.05_r08,91,1,1
n6_p50_m0.05_r08,92,1,1
n6_p50_m0.05_r08,93,1,1
n6_p50_m0.05_r08,94,1,1
n6_p50_m0.05_r08,95,1,1
n6_p50_m0.05_r08,96,1,1
n6_p50_m0.05_r08,97,1,1
n6_p50_m0.05_r08,98,1,1
n6_p50_m0.05_r08,99,1,1
n6_p50_m0.05_r08,100,1,1
n6_p50_m0.05_r08,101,1,1
n6_p50_m0.05_r08,102,1,1
n6_p50_m0.05_r08,103,1,1
n6_p50_m0.05_r08,104,1,1
n6_p50_m0.05_r08,105,1,1
n6_p50_m0.05_r08,106,1,1
n6_p50_m0.05_r08,107,1,1
n6_p50_m0.05_r08,108,1,1
n6_p50_m0.05_r08,109,1,1
n6_p50_m0.05_r08,110,1,1
n6_p50_m0.05_r08,111,1,1
n6_p50_m0.05_r08,112,1,1
n6_p50_m0.05_r08,113,1,1
n6_p50_m0.05_r08,114,1,1
n6_p50_m0.05_r08,115,1,1
n6_p50_m0.05_r08,116,1,1
n6_p50_m0.05_r08,117,1,1
n6_p50_m0.05_r08,118,1,1
n6_p50_m0.05_r08,119,1,1
n6_p50_m0.05_r08,120,1,1
n6_p50_m0.05_r08,121,1,1
n6_p50_m0.05_r08,122,1,1
n6_p50_m0.05_r08,123,1,1
n6_p50_m0.05_r08,124,1,1
n6_p50_m0.05_r08,125,1,1
n6_p50_m0.05_r08,126,1,1
n6_p50_m0.05_r08,127,1,1
n6_p50_m0.05_r08,128,1,1
n6_p50_m0.05_r08,129,1,1
n6_p50_m0.05_r08,130,1,1
n6_p50_m0.05_r08,131,1,1
n6_p50_m0.05_r08,132,1,1
n6_p50_m0.05_r08,133,1,1
n6_p50_m0.05_r08,134,1,1
n6_p50_m0.05_r08,135,1,1
n6_p50_m0.05_r08,136,1,1
n6_p50_m0.05_r08,137,1,1
n6_p50_m0.05_r08,138,1,1
n6_p50_m0.05_r08,139,1,1
n6_p50_m0.05_r08,140,1,1
n6_p50_m0.05_r08,141,1,1
n6_p50_m0.05_r08,142,1,1
n6_p50_m0.05_r08,143,1,1
n6_p50_m0.05_r08,144,1,1
n6_p50_m0.05_r08,145,1,1
n6_p50_m0.05_r08,146,1,1
n6_p50_m0.05_r08,147,1,1
n6_p50_m0.05_r08,148,1,1
n6_p50_m0.05_r08,149,1,1
n6_p50_m0.05_r08,150,1,1
n6_p50_m0.05_r08,151,1,1
n6_p50_m0.05_r08,152,1,1
n6_p50_m0.05_r08,153,1,1
n6_p50_m0.05_r08,154,1,1
n6_p50_m0.05_r08,155,1,1
n6_p50_m0.05_r08,156,1,1
n6_p50_m0.05_r08,157,1,1
n6_p50_m0.05_r08,158,1,1
n6_p50_m0.05_r08,159,1,1
n6_p50_m0.05_r08,160,1,1
n6_p50_m0.05_r08,161,1,1
n6_p50_m0.05_r08,162,1,1
n6_p50_m0.05_r08,163,1,1
n6_p50_m0.05_r08,164,1,1
n6_p50_m0.05_r08,165,1,1
n6_p50_m0.05_r08,166,1,1
n6_p50_m0.05_r08,167,1,1
n6_p50_m0.05_r08,168,1,1
n6_p50_m0.05_r08,169,1,1
n6_p50_m0.05_r08,170,1,1
n6_p50_m0.05_r08,171,1,1
n6_p50_m0.05_r08,172,1,1
n6_p50_m0.05_r08,173,1,1
n6_p50_m0.05_r08,174,1,1
n6_p50_m0.05_r08,175,1,1
n6_p50_m0.05_r08,176,1,1
n6_p50_m0.05_r08,177,1,1
n6_p50_m0.05_r08,178,1,1
n6_p50_m0.05_r08,179,1,1
n6_p50_m0.05_r08,180,1,1
n6_p50_m0.05_r08,181,1,1
n6_p50_m0.05_r08,182,1,1
n6_p50_m0.05_r08,183,1,1
n6_p50_m0.05_r08,184,1,1
n6_p50_m0.05_r08,185,1,1
n6_p50_m0.05_r08,186,1,1
n6_p50_m0.05_r08,187,1,1
n6_p50_m0.05_r08,188,1,1
n6_p50_m0.05_r08,189,1,1
n6_p50_m0.05_r08,190,1,1
n6_p50_m0.05_r08,191,1,1
n6_p50_m0.05_r08,192,1,1
n6_p50_m0.05_r08,193,1,1
n6_p50_m0.05_r08,194,1,1
n6_p50_m0.05_r08,195,1,1
n6_p50_m0.05_r08,196,1,1
n6_p50_m0.05_r08,197,1,1
n6_p50_m0.05_r08,198,1,1
n6_p50_m0.05_r08,199,1,1
n6_p50_m0.05_r08,200,1,1
n6_p50_m0.05_r08,201,1,1
n6_p50_m0.05_r08,202,1,1
n6_p50_m0.05_r08,203,1,1
n6_p50_m0.05_r08,204,1,1
n6_p50_m0.05_r08,205,1,1
n6_p50_m0.05_r08,206,1,1
n6_p50_m0.05_r08,207,1,1
n6_p50_m0.05_r08,208,1,1
n6_p50_m0.05_r08,209,1,1
n6_p50_m0.05_r08,210,1,1
n6_p50_m0.05_r08,211,1,1
n6_p50_m0.05_r08,212,1,1
n6_p50_m0.05_r08,213,1,1
n6_p50_m0.05_r08,214,1,1
n6_p50_m0.05_r08,215,1,1
n6_p50_m0.05_r08,216,1,1
n6_p50_m0.05_r08,217,1,1
n6_p50_m0.05_r08,218,1,1
n6_p50_m0.05_r08,219,1,1
n6_p50_m0.05_r08,220,1,1
n6_p50_m0.05_r08,221,1,1
n6_p50_m0.05_r08,222,1,1
n6_p50_m0.05_r08,223,1,1
n6_p50_m0.05_r08,224,1,1
n6_p50_m0.05_r08,225,1,1
n6_p50_m0.05_r08,226,1,1
n6_p50_m0.05_r08,227,1,1
n6_p50_m0.05_r08,228,1,1
n6_p50_m0.05_r08,229,1,1
n6_p50_m0.05_r08,230,1,1
n6_p50_m0.05_r08,231,1,1
n6_p50_m0.05_r08,232,1,1
n6_p50_m0.05_r08,233,1,1
n6_p50_m0.05_r08,234,1,1
n6_p50_m0.05_r08,235,1,1
n6_p50_m0.05_r08,236,1,1
n6_p50_m0.05_r08,237,1,1
n6_p50_m0.05_r08,238,1,1
n6_p50_m0.05_r08,239,1,1
n6_p50_m0.05_r08,240,1,1
n6_p50_m0.05_r08,241,1,1
n6_p50_m0.05_r08,242,1,1
n6_p50_m0.05_r08,243,1,1
n6_p50_m0.05_r08,244,1,1
n6_p50_m0.05_r08,245,1,1
n6_p50_m0.05_r08,246,1,1
n6_p50_m0.05_r08,247,1,1
n6_p50_m0.05_r08,248,1,1
n6_p50_m0.05_r08,249,1,1
n6_p50_m0.05_r08,250,1,1
n6_p50_m0.05_r08,251,1,1
n6_p50_m0.05_r08,252,1,1
n6_p50_m0.05_r08,253,1,1
n6_p50_m0.05_r08,254,1,1
n6_p50_m0.05_r08,255,1,1
n6_p50_m0.05_r08,256,1,1
n6_p50_m0.05_r08,257,1,1
n6_p50_m0.05_r08,258,1,1
n6_p50_m0.05_r08,259,1,1
n6_p50_m0.05_r08,260,1,1
n6_p50_m0.05_r08,261,1,1
n6_p50_m0.05_r08,262,1,1
n6_p50_m0.05_r08,263,1,1
n6_p50_m0.05_r08,264,1,1
n6_p50_m0.05_r08,265,1,1
n6_p50_m0.05_r08,266,1,1
n6_p50_m0.05_r08,267,1,1
n6_p50_m0.05_r08,268,1,1
n6_p50_m0.05_r08,269,1,1
n6_p50_m0.05_r08,270,1,1
n6_p50_m0.05_r08,271,1,1
n6_p50_m0.05_r08,272,1,1
n6_p50_m0.05_r08,273,1,1
n6_p50_m0.05_r08,274,1,1
n6_p50_m0.05_r08,275,1,1
n6_p50_m0.05_r08,276,1,1
n6_p50_m0.05_r08,277,1,1
n6_p50_m0.05_r08,278,1,1
n6_p50_m0.05_r08,279,1,1
n6_p50_m0.05_r08,280,1,1
n6_p50_m0.05_r08,281,1,1
n6_p50_m0.05_r08,282,1,1
n6_p50_m0.05_r08,283,1,1
n6_p50_m0.05_r08,284,1,1
n6_p50_m0.05_r08,285,1,1
n6_p50_m0.05_r08,286,1,1
n6_p50_m0.05_r08,287,1,1
n6_p50_m0.05_r08,288,1,1
n6_p50_m0.05_r08,289,1,1
n6_p50_m0.05_r08,290,1,1
n6_p50_m0.05_r08,291,1,1
n6_p50_m0.05_r08,292,1,1
n6_p50_m0.05_r08,293,1,1
n6_p50_m0.05_r08,294,1,1
n6_p50_m0.05_r08,295,1,1
n6_p50_m0.05_r08,296,1,1
n6_p50_m0.05_r08,297,1,1
n6_p50_m0.05_r08,298,1,1
n6_p50_m0.05_r08,299,1,1
n6_p50_m0.05_r08,300,1,1
n6_p50_m0.05_r08,301,1,1
n6_p50_m0.05_r08,302,1,1
n6_p50_m0.05_r08,303,1,1
n6_p50_m0.05_r08,304,1,1
n6_p50_m0.05_r08,305,1,1
n6_p50_m0.05_r08,306,1,1
n6_p50_m0.05_r08,307,1,1
n6_p50_m0.05_r08,308,1,1
n6_p50_m0.05_r08,309,1,1
n6_p50_m0.05_r08,310,1,1
n6_p50_m0.05_r08,311,1,1
n6_p50_m0.05_r08,312,1,1
n6_p50_m0.05_r08,313,1,1
n6_p50_m0.05_r08,314,1,1
n6_p50_m0.05_r08,315,1,1
n6_p50_m0.05_r08,316,1,1
n6_p50_m0.05_r08,317,1,1
n6_p50_m0.05_r08,318,1,1
n6_p50_m0.05_r08,319,1,1
n6_p50_m0.05_r08,320,1,1
n6_p50_m0.05_r08,321,1,1
n6_p50_m0.05_r08,322,1,1
n6_p50_m0.05_r08,323,1,1
n6_p50_m0.05_r08,324,1,1
n6_p50_m0.05_r08,325,1,1
n6_p50_m0.05_r08,326,1,1
n6_p50_m0.05_r08,327,1,1
n6_p50_m0.05_r08,328,1,1
n6_p50_m0.05_r08,329,1,1
n6_p50_m0.05_r08,330,1,1
n6_p50_m0.05_r08,331,1,1
n6_p50_m0.05_r08,332,1,1
n6_p50_m0.05_r08,333,1,1
n6_p50_m0.05_r08,334,1,1
n6_p50_m0.05_r08,335,1,1
n6_p50_m0.05_r08,336,1,1
n6_p50_m0.05_r08,337,1,1
n6_p50_m0.05_r08,338,1,1
n6_p50_m0.05_r08,339,1,1
n6_p50_m0.05_r08,340,1,1
n6_p50_m0.05_r08,341,1,1
n6_p50_m0.05_r08,342,1,1
n6_p50_m0.05_r08,343,1,1
n6_p50_m0.05_r08,344,1,1
n6_p50_m0.05_r08,345,1,1
n6_p50_m0.05_r08,346,1,1
n6_p50_m0.05_r08,347,1,1
n6_p50_m0.05_r08,348,1,1
n6_p50_m0.05_r08,349,1,1
n6_p50_m0.05_r08,350,1,1
n6_p50_m0.05_r08,351,1,1
n6_p50_m0.05_r08,352,1,1
n6_p50_m0.05_r08,353,1,1
n6_p50_m0.05_r08,354,1,1
n6_p50_m0.05_r08,355,1,1
n6_p50_m0.05_r08,356,1,1
n6_p50_m0.05_r08,357,1,1
n6_p50_m0.05_r08,358,1,1
n6_p50_m0.05_r08,359,1,1
n6_p50_m0.05_r08,360,1,1
n6_p50_m0.05_r08,361,1,1
n6_p50_m0.05_r08,362,1,1
n6_p50_m0.05_r08,363,1,1
n6_p50_m0.05_r08,364,1,1
n6_p50_m0.05_r08,365,1,1
n6_p50_m0.05_r08,366,1,1
n6_p50_m0.05_r08,367,1,1
n6_p50_m0.05_r08,368,1,1
n6_p50_m0.05_r08,369,1,1
n6_p50_m0.05_r08,370,1,1
n6_p50_m0.05_r08,371,1,1
n6_p50_m0.05_r08,372,1,1
n6_p50_m0.05_r08,373,1,1
n6_p50_m0.05_r08,374,1,1
n6_p50_m0.05_r08,375,1,1
n6_p50_m0.05_r08,376,1,1
n6_p50_m0.05_r08,377,1,1
n6_p50_m0.05_r08,378,1,1
n6_p50_m0.05_r08,379,1,1
n6_p50_m0.05_r08,380,1,1
n6_p50_m0.05_r08,381,1,1
n6_p50_m0.05_r08,382,1,1
n6_p50_m0.05_r08,383,1,1
n6_p50_m0.05_r08,384,1,1
n6_p50_m0.05_r08,385,1,1
n6_p50_m0.05_r08,386,1,1
n6_p50_m0.05_r08,387,1,1
n6_p50_m0.05_r08,388,1,1
n6_p50_m0.05_r08,389,1,1
n6_p50_m0.05_r08,390,1,1
n6_p50_m0.05_r08,391,1,1
n6_p50_m0.05_r08,392,1,1
n6_p50_m0.05_r08,393,1,1
n6_p50_m0.05_r08,394,1,1
n6_p50_m0.05_r08,395,1,1
n6_p50_m0.05_r08,396,1,1
n6_p50_m0.05_r08,397,1,1
n6_p50_m0.05_r08,398,1,1
n6_p50_m0.05_r08,399,1,1
n6_p50_m0.05_r08,400,1,1
n6_p50_m0.05_r08,401,1,1
n6_p50_m0.05_r08,402,1,1
n6_p50_m0.05_r08,403,1,1
n6_p50_m0.05_r08,404,1,1
n6_p50_m0.05_r08,405,1,1
n6_p50_m0.05_r08,406,1,1
n6_p50_m0.05_r08,407,1,1
n6_p50_m0.05_r08,408,1,1
n6_p50_m0.05_r08,409,1,1
n6_p50_m0.05_r08,410,1,1
n6_p50_m0.05_r08,411,1,1
n6_p50_m0.05_r08,412,1,1
n6_p50_m0.05_r08,413,1,1
n6_p50_m0.05_r08,414,1,1
n6_p50_m0.05_r08,415,1,1
n6_p50_m0.05_r08,416,1,1
n6_p50_m0.05_r08,417,1,1
n6_p50_m0.05_r08,418,1,1
n6_p50_m0.05_r08,419,1,1
n6_p50_m0.05_r08,420,1,1
n6_p50_m0.05_r08,421,1,1
n6_p50_m0.05_r08,422,1,1
n6_p50_m0.05_r08,423,1,1
n6_p50_m0.05_r08,424,1,1
n6_p50_m0.05_r08,425,1,1
n6_p50_m0.05_r08,426,1,1
n6_p50_m0.05_r08,427,1,1
n6_p50_m0.05_r08,428,1,1
n6_p50_m0.05_r08,429,1,1
n6_p50_m0.05_r08,430,1,1
n6_p50_m0.05_r08,431,1,1
n6_p50_m0.05_r08,432,1,1
n6_p50_m0.05_r08,433,1,1
n6_p50_m0.05_r08,434,1,1
n6_p50_m0.05_r08,435,1,1
n6_p50_m0.05_r08,436,1,1
n6_p50_m0.05_r08,437,1,1
n6_p50_m0.05_r08,438,1,1
n6_p50_m0.05_r08,439,1,1
n6_p50_m0.05_r08,440,1,1
n6_p50_m0.05_r08,441,1,1
n6_p50_m0.05_r08,442,1,1
n6_p50_m0.05_r08,443,1,1
n6_p50_m0.05_r08,444,1,1
n6_p50_m0.05_r08,445,1,1
n6_p50_m0.05_r08,446,1,1
n6_p50_m0.05_r08,447,1,1
n6_p50_m0.05_r08,448,1,1
n6_p50_m0.05_r08,449,1,1
n6_p50_m0.05_r08,450,1,1
n6_p50_m0.05_r08,451,1,1
n6_p50_m0.05_r08,452,1,1
n6_p50_m0.05_r08,453,1,1
n6_p50_m0.05_r08,454,1,1
n6_p50_m0.05_r08,455,1,1
n6_p50_m0.05_r08,456,1,1
n6_p50_m0.05_r08,457,1,1
n6_p50_m0.05_r08,458,1,1
n6_p50_m0.05_r08,459,1,1
n6_p50_m0.05_r08,460,1,1
n6_p50_m0.05_r08,461,1,1
n6_p50_m0.05_r08,462,1,1
n6_p50_m0.05_r08,463,1,1
n6_p50_m0.05_r08,464,1,1
n6_p50_m0.05_r08,465,1,1
n6_p50_m0.05_r08,466,1,1
n6_p50_m0.05_r08,467,1,1
n6_p50_m0.05_r08,468,1,1
n6_p50_m0.05_r08,469,1,1
n6_p50_m0.05_r08,470,1,1
n6_p50_m0.05_r08,471,1,1
n6_p50_m0.05_r08,472,1,1
n6_p50_m0.05_r08,473,1,1
n6_p50_m0.05_r08,474,1,1
n6_p50_m0.05_r08,475,1,1
n6_p50_m0.05_r08,476,1,1
n6_p50_m0.05_r08,477,1,1
n6_p50_m0.05_r08,478,1,1
n6_p50_m0.05_r08,479,1,1
n6_p50_m0.05_r08,480,1,1
n6_p50_m0.05_r08,481,1,1
n6_p50_m0.05_r08,482,1,1
n6_p50_m0.05_r08,483,1,1
n6_p50_m0.05_r08,484,1,1
n6_p50_m0.05_r08,485,1,1
n6_p50_m0.05_r08,486,1,1
n6_p50_m0.05_r08,487,1,1
n6_p50_m0.05_r08,488,1,1
n6_p50_m0.05_r08,489,1,1
n6_p50_m0.05_r08,490,1,1
n6_p50_m0.05_r08,491,1,1
n6_p50_m0.05_r08,492,1,1
n6_p50_m0.05_r08,493,1,1
n6_p50_m0.05_r08,494,1,1
n6_p50_m0.05_r08,495,1,1
n6_p50_m0.05_r08,496,1,1
n6_p50_m0.05_r08,497,1,1
n6_p50_m0.05_r08,498,1,1
n6_p50_m0.05_r08,499,1,1
n6_p50_m0.05_r08,500,1,1
n6_p50_m0.05_r09,0,0,0
n6_p50_m0.05_r10,0,1,1
n6_p50_m0.05_r10,1,1,1
n6_p50_m0.05_r10,2,1,1
n6_p50_m0.05_r10,3,1,1
n6_p50_m0.05_r10,4,1,1
n6_p50_m0.05_r10,5,1,1
n6_p50_m0.05_r10,6,1,1
n6_p50_m0.05_r10,7,1,1
n6_p50_m0.05_r10,8,1,1
n6_p50_m0.05_r10,9,1,1
n6_p50_m0.05_r10,10,1,1
n6_p50_m0.05_r10,11,1,1
n6_p50_m0.05_r10,12,1,1
n6_p50_m0.05_r10,13,1,1
n6_p50_m0.05_r10,14,1,1
n6_p50_m0.05_r10,15,1,1
n6_p50_m0.05_r10,16,1,1
n6_p50_m0.05_r10,17,1,1
n6_p50_m0.05_r10,18,1,1
n6_p50_m0.05_r10,19,1,1
n6_p50_m0.05_r10,20,1,1
n6_p50_m0.05_r10,21,1,1
n6_p50_m0.05_r10,22,1,1
n6_p50_m0.05_r10,23,1,1
n6_p50_m0.05_r10,24,1,1
n6_p50_m0.05_r10,25,1,1
n6_p50_m0.05_r10,26,1,1
n6_p50_m0.05_r10,27,1,1
n6_p50_m0.05_r10,28,1,1
n6_p50_m0.05_r10,29,1,1
n6_p50_m0.05_r10,30,1,1
n6_p50_m0.05_r10,31,1,1
n6_p50_m0.05_r10,32,1,1
n6_p50_m0.05_r10,33,1,1
n6_p50_m0.05_r10,34,1,1
n6_p50_m0.05_r10,35,1,1
n6_p50_m0.05_r10,36,1,1
n6_p50_m0.05_r10,37,1,1
n6_p50_m0.05_r10,38,1,1
n6_p50_m0.05_r10,39,1,1
n6_p50_m0.05_r10,40,1,1
n6_p50_m0.05_r10,41,1,1
n6_p50_m0.05_r10,42,1,1
n6_p50_m0.05_r10,43,1,1
n6_p50_m0.05_r10,44,1,1
n6_p50_m0.05_r10,45,1,1
n6_p50_m0.05_r10,46,1,1
n6_p50_m0.05_r10,47,1,1
n6_p50_m0.05_r10,48,1,1
n6_p50_m0.05_r10,49,1,1
n6_p50_m0.05_r10,50,1,1
n6_p50_m0.05_r10,51,1,1
n6_p50_m0.05_r10,52,1,1
n6_p50_m0.05_r10,53,1,1
n6_p50_m0.05_r10,54,1,1
n6_p50_m0.05_r10,55,1,1
n6_p50_m0.05_r10,56,1,1
n6_p50_m0.05_r10,57,1,1
n6_p50_m0.05_r10,58,1,1
n6_p50_m0.05_r10,59,1,1
n6_p50_m0.05_r10,60,1,1
n6_p50_m0.05_r10,61,1,1
n6_p50_m0.05_r10,62,1,1
n6_p50_m0.05_r10,63,1,1
n6_p50_m0.05_r10,64,1,1
n6_p50_m0.05_r10,65,1,1
n6_p50_m0.05_r10,66,1,1
n6_p50_m0.05_r10,67,1,1
n6_p50_m0.05_r10,68,1,1
n6_p50_m0.05_r10,69,1,1
n6_p50_m0.05_r10,70,1,1
n6_p50_m0.05_r10,71,1,1
n6_p50_m0.05_r10,72,1,1
n6_p50_m0.05_r10,73,1,1
n6_p50_m0.05_r10,74,1,1
n6_p50_m0.05_r10,75,1,1
n6_p50_m0.05_r10,76,1,1
n6_p50_m0.05_r10,77,1,1
n6_p50_m0.05_r10,78,1,1
n6_p50_m0.05_r10,79,1,1
n6_p50_m0.05_r10,80,1,1
n6_p50_m0.05_r10,81,1,1
n6_p50_m0.05_r10,82,1,1
n6_p50_m0.05_r10,83,1,1
n6_p50_m0.05_r10,84,1,1
n6_p50_m0.05_r10,85,1,1
n6_p50_m0.05_r10,86,1,1
n6_p50_m0.05_r10,87,1,1
n6_p50_m0.05_r10,88,1,1
n6_p50_m0.05_r10,89,1,1
n6_p50_m0.05_r10,90,1,1
n6_p50_m0.05_r10,91,1,1
n6_p50_m0.05_r10,92,1,1
n6_p50_m0.05_r10,93,1,1
n6_p50_m0.05_r10,94,1,1
n6_p50_m0.05_r10,95,1,1
n6_p50_m0.05_r10,96,1,1
n6_p50_m0.05_r10,97,1,1
n6_p50_m0.05_r10,98,1,1
n6_p50_m0.05_r10,99,1,1
n6_p50_m0.05_r10,100,1,1
n6_p50_m0.05_r10,101,1,1
n6_p50_m0.05_r10,102,1,1
n6_p50_m0.05_r10,103,1,1
n6_p50_m0.05_r10,104,1,1
n6_p50_m0.05_r10,105,1,1
n6_p50_m0.05_r10,106,1,1
n6_p50_m0.05_r10,107,1,1
n6_p50_m0.05_r10,108,1,1
n6_p50_m0.05_r10,109,1,1
n6_p50_m0.05_r10,110,1,1
n6_p50_m0.05_r10,111,1,1
n6_p50_m0.05_r10,112,1,1
n6_p50_m0.05_r10,113,1,1
n6_p50_m0.05_r10,114,1,1
n6_p50_m0.05_r10,115,1,1
n6_p50_m0.05_r10,116,1,1
n6_p50_m0.05_r10,117,1,1
n6_p50_m0.05_r10,118,1,1
n6_p50_m0.05_r10,119,1,1
n6_p50_m0.05_r10,120,1,1
n6_p50_m0.05_r10,121,1,1
n6_p50_m0.05_r10,122,1,1
n6_p50_m0.05_r10,123,1,1
n6_p50_m0.05_r10,124,1,1
n6_p50_m0.05_r10,125,1,1
n6_p50_m0.05_r10,126,1,1
n6_p50_m0.05_r10,127,1,1
n6_p50_m0.05_r10,128,1,1
n6_p50_m0.05_r10,129,1,1
n6_p50_m0.05_r10,130,1,1
n6_p50_m0.05_r10,131,1,1
n6_p50_m0.05_r10,132,1,1
n6_p50_m0.05_r10,133,1,1
n6_p50_m0.05_r10,134,1,1
n6_p50_m0.05_r10,135,1,1
n6_p50_m0.05_r10,136,1,1
n6_p50_m0.05_r10,137,1,1
n6_p50_m0.05_r10,138,1,1
n6_p50_m0.05_r10,139,1,1
n6_p50_m0.05_r10,140,1,1
n6_p50_m0.05_r10,141,1,1
n6_p50_m0.05_r10,142,1,1
n6_p50_m0.05_r10,143,1,1
n6_p50_m0.05_r10,144,1,1
n6_p50_m0.05_r10,145,1,1
n6_p50_m0.05_r10,146,1,1
n6_p50_m0.05_r10,147,1,1
n6_p50_m0.05_r10,148,1,1
n6_p50_m0.05_r10,149,1,1
n6_p50_m0.05_r10,150,1,1
n6_p50_m0.05_r10,151,1,1
n6_p50_m0.05_r10,152,1,1
n6_p50_m0.05_r10,153,1,1
n6_p50_m0.05_r10,154,1,1
n6_p50_m0.05_r10,155,1,1
n6_p50_m0.05_r10,156,1,1
n6_p50_m0.05_r10,157,1,1
n6_p50_m0.05_r10,158,1,1
n6_p50_m0.05_r10,159,1,1
n6_p50_m0.05_r10,160,1,1
n6_p50_m0.05_r10,161,1,1
n6_p50_m0.05_r10,162,1,1
n6_p50_m0.05_r10,163,1,1
n6_p50_m0.05_r10,164,1,1
n6_p50_m0.05_r10,165,1,1
n6_p50_m0.05_r10,166,1,1
n6_p50_m0.05_r10,167,1,1
n6_p50_m0.05_r10,168,1,1
n6_p50_m0.05_r10,169,1,1
n6_p50_m0.05_r10,170,1,1
n6_p50_m0.05_r10,171,1,1
n6_p50_m0.05_r10,172,1,1
n6_p50_m0.05_r10,173,1,1
n6_p50_m0.05_r10,174,1,1
n6_p50_m0.05_r10,175,1,1
n6_p50_m0.05_r10,176,1,1
n6_p50_m0.05_r10,177,1,1
n6_p50_m0.05_r10,178,1,1
n6_p50_m0.05_r10,179,1,1
n6_p50_m0.05_r10,180,1,1
n6_p50_m0.05_r10,181,1,1
n6_p50_m0.05_r10,182,1,1
n6_p50_m0.05_r10,183,1,1
n6_p50_m0.05_r10,184,1,1
n6_p50_m0.05_r10,185,1,1
n6_p50_m0.05_r10,186,1,1
n6_p50_m0.05_r10,187,1,1
n6_p50_m0.05_r10,188,1,1
n6_p50_m0.05_r10,189,1,1
n6_p50_m0.05_r10,190,1,1
n6_p50_m0.05_r10,191,1,1
n6_p50_m0.05_r10,192,1,1
n6_p50_m0.05_r10,193,1,1
n6_p50_m0.05_r10,194,1,1
n6_p50_m0.05_r10,195,1,1
n6_p50_m0.05_r10,196,1,1
n6_p50_m0.05_r10,197,1,1
n6_p50_m0.05_r10,198,1,1
n6_p50_m0.05_r10,199,1,1
n6_p50_m0.05_r10,200,1,1
n6_p50_m0.05_r10,201,1,1
n6_p50_m0.05_r10,202,1,1
n6_p50_m0.05_r10,203,1,1
n6_p50_m0.05_r10,204,1,1
n6_p50_m0.05_r10,205,1,1
n6_p50_m0.05_r10,206,1,1
n6_p50_m0.05_r10,207,1,1
n6_p50_m0.05_r10,208,1,1
n6_p50_m0.05_r10,209,1,1
n6_p50_m0.05_r10,210,1,1
n6_p50_m0.05_r10,211,1,1
n6_p50_m0.05_r10,212,1,1
n6_p50_m0.05_r10,213,1,1
n6_p50_m0.05_r10,214,1,1
n6_p50_m0.05_r10,215,1,1
n6_p50_m0.05_r10,216,1,1
n6_p50_m0.05_r10,217,1,1
n6_p50_m0.05_r10,218,1,1
n6_p50_m0.05_r10,219,1,1
n6_p50_m0.05_r10,220,1,1
n6_p50_m0.05_r10,221,1,1
n6_p50_m0.05_r10,222,1,1
n6_p50_m0.05_r10,223,1,1
n6_p50_m0.05_r10,224,1,1
n6_p50_m0.05_r10,225,1,1
n6_p50_m0.05_r10,226,1,1
n6_p50_m0.05_r10,227,1,1
n6_p50_m0.05_r10,228,1,1
n6_p50_m0.05_r10,229,1,1
n6_p50_m0.05_r10,230,1,1
n6_p50_m0.05_r10,231,1,1
n6_p50_m0.05_r10,232,1,1
n6_p50_m0.05_r10,233,1,1
n6_p50_m0.05_r10,234,1,1
n6_p50_m0.05_r10,235,1,1
n6_p50_m0.05_r10,236,1,1
n6_p50_m0.05_r10,237,1,1
n6_p50_m0.05_r10,238,1,1
n6_p50_m0.05_r10,239,1,1
n6_p50_m0.05_r10,240,1,1
n6_p50_m0.05_r10,241,1,1
n6_p50_m0.05_r10,242,1,1
n6_p50_m0.05_r10,243,1,1
n6_p50_m0.05_r10,244,1,1
n6_p50_m0.05_r10,245,1,1
n6_p50_m0.05_r10,246,1,1
n6_p50_m0.05_r10,247,1,1
n6_p50_m0.05_r10,248,1,1
n6_p50_m0.05_r10,249,1,1
n6_p50_m0.05_r10,250,1,1
n6_p50_m0.05_r10,251,1,1
n6_p50_m0.05_r10,252,1,1
n6_p50_m0.05_r10,253,1,1
n6_p50_m0.05_r10,254,1,1
n6_p50_m0.05_r10,255,1,1
n6_p50_m0.05_r10,256,1,1
n6_p50_m0.05_r10,257,1,1
n6_p50_m0.05_r10,258,1,1
n6_p50_m0.05_r10,259,1,1
n6_p50_m0.05_r10,260,1,1
n6_p50_m0.05_r10,261,1,1
n6_p50_m0.05_r10,262,1,1
n6_p50_m0.05_r10,263,1,1
n6_p50_m0.05_r10,264,1,1
n6_p50_m0.05_r10,265,1,1
n6_p50_m0.05_r10,266,1,1
n6_p50_m0.05_r10,267,1,1
n6_p50_m0.05_r10,268,1,1
n6_p50_m0.05_r10,269,1,1
n6_p50_m0.05_r10,270,1,1
n6_p50_m0.05_r10,271,1,1
n6_p50_m0.05_r10,272,1,1
n6_p50_m0.05_r10,273,1,1
n6_p50_m0.05_r10,274,1,1
n6_p50_m0.05_r10,275,1,1
n6_p50_m0.05_r10,276,1,1
n6_p50_m0.05_r10,277,1,1
n6_p50_m0.05_r10,278,1,1
n6_p50_m0.05_r10,279,1,1
n6_p50_m0.05_r10,280,1,1
n6_p50_m0.05_r10,281,1,1
n6_p50_m0.05_r10,282,1,1
n6_p50_m0.05_r10,283,1,1
n6_p50_m0.05_r10,284,1,1
n6_p50_m0.05_r10,285,1,1
n6_p50_m0.05_r10,286,1,1
n6_p50_m0.05_r10,287,1,1
n6_p50_m0.05_r10,288,1,1
n6_p50_m0.05_r10,289,1,1
n6_p50_m0.05_r10,290,1,1
n6_p50_m0.05_r10,291,1,1
n6_p50_m0.05_r10,292,1,1
n6_p50_m0.05_r10,293,1,1
n6_p50_m0.05_r10,294,1,1
n6_p50_m0.05_r10,295,1,1
n6_p50_m0.05_r10,296,1,1
n6_p50_m0.05_r10,297,1,1
n6_p50_m0.05_r10,298,1,1
n6_p50_m0.05_r10,299,1,1
n6_p50_m0.05_r10,300,1,1
n6_p50_m0.05_r10,301,1,1
n6_p50_m0.05_r10,302,1,1
n6_p50_m0.05_r10,303,1,1
n6_p50_m0.05_r10,304,1,1
n6_p50_m0.05_r10,305,1,1
n6_p50_m0.05_r10,306,1,1
n6_p50_m0.05_r10,307,1,1
n6_p50_m0.05_r10,308,1,1
n6_p50_m0.05_r10,309,1,1
n6_p50_m0.05_r10,310,1,1
n6_p50_m0.05_r10,311,1,1
n6_p50_m0.05_r10,312,1,1
n6_p50_m0.05_r10,313,1,1
n6_p50_m0.05_r10,314,1,1
n6_p50_m0.05_r10,315,1,1
n6_p50_m0.05_r10,316,1,1
n6_p50_m0.05_r10,317,1,1
n6_p50_m0.05_r10,318,1,1
n6_p50_m0.05_r10,319,1,1
n6_p50_m0.05_r10,320,1,1
n6_p50_m0.05_r10,321,1,1
n6_p50_m0.05_r10,322,1,1
n6_p50_m0.05_r10,323,1,1
n6_p50_m0.05_r10,324,1,1
n6_p50_m0.05_r10,325,1,1
n6_p50_m0.05_r10,326,1,1
n6_p50_m0.05_r10,327,1,1
n6_p50_m0.05_r10,328,1,1
n6_p50_m0.05_r10,329,1,1
n6_p50_m0.05_r10,330,1,1
n6_p50_m0.05_r10,331,1,1
n6_p50_m0.05_r10,332,1,1
n6_p50_m0.05_r10,333,1,1
n6_p50_m0.05_r10,334,1,1
n6_p50_m0.05_r10,335,1,1
n6_p50_m0.05_r10,336,1,1
n6_p50_m0.05_r10,337,1,1
n6_p50_m0.05_r10,338,1,1
n6_p50_m0.05_r10,339,1,1
n6_p50_m0.05_r10,340,1,1
n6_p50_m0.05_r10,341,1,1
n6_p50_m0.05_r10,342,1,1
n6_p50_m0.05_r10,343,1,1
n6_p50_m0.05_r10,344,1,1
n6_p50_m0.05_r10,345,1,1
n6_p50_m0.05_r10,346,1,1
n6_p50_m0.05_r10,347,1,1
n6_p50_m0.05_r10,348,1,1
n6_p50_m0.05_r10,349,1,1
n6_p50_m0.05_r10,350,1,1
n6_p50_m0.05_r10,351,1,1
n6_p50_m0.05_r10,352,1,1
n6_p50_m0.05_r10,353,1,1
n6_p50_m0.05_r10,354,1,1
n6_p50_m0.05_r10,355,1,1
n6_p50_m0.05_r10,356,1,1
n6_p50_m0.05_r10,357,1,1
n6_p50_m0.05_r10,358,1,1
n6_p50_m0.05_r10,359,1,1
n6_p50_m0.05_r10,360,1,1
n6_p50_m0.05_r10,361,1,1
n6_p50_m0.05_r10,362,1,1
n6_p50_m0.05_r10,363,1,1
n6_p50_m0.05_r10,364,1,1
n6_p50_m0.05_r10,365,1,1
n6_p50_m0.05_r10,366,1,1
n6_p50_m0.05_r10,367,1,1
n6_p50_m0.05_r10,368,1,1
n6_p50_m0.05_r10,369,1,1
n6_p50_m0.05_r10,370,1,1
n6_p50_m0.05_r10,371,1,1
n6_p50_m0.05_r10,372,1,1
n6_p50_m0.05_r10,373,1,1
n6_p50_m0.05_r10,374,1,1
n6_p50_m0.05_r10,375,1,1
n6_p50_m0.05_r10,376,1,1
n6_p50_m0.05_r10,377,1,1
n6_p50_m0.05_r10,378,1,1
n6_p50_m0.05_r10,379,1,1
n6_p50_m0.05_r10,380,1,1
n6_p50_m0.05_r10,381,1,1
n6_p50_m0.05_r10,382,1,1
n6_p50_m0.05_r10,383,1,1
n6_p50_m0.05_r10,384,1,1
n6_p50_m0.05_r10,385,1,1
n6_p50_m0.05_r10,386,1,1
n6_p50_m0.05_r10,387,1,1
n6_p50_m0.05_r10,388,1,1
n6_p50_m0.05_r10,389,1,1
n6_p50_m0.05_r10,390,1,1
n6_p50_m0.05_r10,391,1,1
n6_p50_m0.05_r10,392,1,1
n6_p50_m0.05_r10,393,1,1
n6_p50_m0.05_r10,394,1,1
n6_p50_m0.05_r10,395,1,1
n6_p50_m0.05_r10,396,1,1
n6_p50_m0.05_r10,397,1,1
n6_p50_m0.05_r10,398,1,1
n6_p50_m0.05_r10,399,1,1
n6_p50_m0.05_r10,400,1,1
n6_p50_m0.05_r10,401,1,1
n6_p50_m0.05_r10,402,1,1
n6_p50_m0.05_r10,403,1,1
n6_p50_m0.05_r10,404,1,1
n6_p50_m0.05_r10,405,1,1
n6_p50_m0.05_r10,406,1,1
n6_p50_m0.05_r10,407,1,1
n6_p50_m0.05_r10,408,1,1
n6_p50_m0.05_r10,409,1,1
n6_p50_m0.05_r10,410,1,1
n6_p50_m0.05_r10,411,1,1
n6_p50_m0.05_r10,412,1,1
n6_p50_m0.05_r10,413,1,1
n6_p50_m0.05_r10,414,1,1
n6_p50_m0.05_r10,415,1,1
n6_p50_m0.05_r10,416,1,1
n6_p50_m0.05_r10,417,1,1
n6_p50_m0.05_r10,418,1,1
n6_p50_m0.05_r10,419,1,1
n6_p50_m0.05_r10,420,1,1
n6_p50_m0.05_r10,421,1,1
n6_p50_m0.05_r10,422,1,1
n6_p50_m0.05_r10,423,1,1
n6_p50_m0.05_r10,424,1,1
n6_p50_m0.05_r10,425,1,1
n6_p50_m0.05_r10,426,1,1
n6_p50_m0.05_r10,427,1,1
n6_p50_m0.05_r10,428,1,1
n6_p50_m0.05_r10,429,1,1
n6_p50_m0.05_r10,430,1,1
n6_p50_m0.05_r10,431,1,1
n6_p50_m0.05_r10,432,1,1
n6_p50_m0.05_r10,433,1,1
n6_p50_m0.05_r10,434,1,1
n6_p50_m0.05_r10,435,1,1
n6_p50_m0.05_r10,436,1,1
n6_p50_m0.05_r10,437,1,1
n6_p50_m0.05_r10,438,1,1
n6_p50_m0.05_r10,439,1,1
n6_p50_m0.05_r10,440,1,1
n6_p50_m0.05_r10,441,1,1
n6_p50_m0.05_r10,442,1,1
n6_p50_m0.05_r10,443,1,1
n6_p50_m0.05_r10,444,1,1
n6_p50_m0.05_r10,445,1,1
n6_p50_m0.05_r10,446,1,1
n6_p50_m0.05_r10,447,1,1
n6_p50_m0.05_r10,448,1,1
n6_p50_m0.05_r10,449,1,1
n6_p50_m0.05_r10,450,1,1
n6_p50_m0.05_r10,451,1,1
n6_p50_m0.05_r10,452,1,1
n6_p50_m0.05_r10,453,1,1
n6_p50_m0.05_r10,454,1,1
n6_p50_m0.05_r10,455,1,1
n6_p50_m0.05_r10,456,1,1
n6_p50_m0.05_r10,457,1,1
n6_p50_m0.05_r10,458,1,1
n6_p50_m0.05_r10,459,1,1
n6_p50_m0.05_r10,460,1,1
n6_p50_m0.05_r10,461,1,1
n6_p50_m0.05_r10,462,1,1
n6_p50_m0.05_r10,463,1,1
n6_p50_m0.05_r10,464,1,1
n6_p50_m0.05_r10,465,1,1
n6_p50_m0.05_r10,466,1,1
n6_p50_m0.05_r10,467,1,1
n6_p50_m0.05_r10,468,1,1
n6_p50_m0.05_r10,469,1,1
n6_p50_m0.05_r10,470,1,1
n6_p50_m0.05_r10,471,1,1
n6_p50_m0.05_r10,472,1,1
n6_p50_m0.05_r10,473,1,1
n6_p50_m0.05_r10,474,1,1
n6_p50_m0.05_r10,475,1,1
n6_p50_m0.05_r10,476,1,1
n6_p50_m0.05_r10,477,1,1
n6_p50_m0.05_r10,478,1,1
n6_p50_m0.05_r10,479,1,1
n6_p50_m0.05_r10,480,1,1
n6_p50_m0.05_r10,481,1,1
n6_p50_m0.05_r10,482,1,1
n6_p50_m0.05_r10,483,1,1
n6_p50_m0.05_r10,484,1,1
n6_p50_m0.05_r10,485,1,1
n6_p50_m0.05_r10,486,1,1
n6_p50_m0.05_r10,487,1,1
n6_p50_m0.05_r10,488,1,1
n6_p50_m0.05_r10,489,1,1
n6_p50_m0.05_r10,490,1,1
n6_p50_m0.05_r10,491,1,1
n6_p50_m0.05_r10,492,1,1
n6_p50_m0.05_r10,493,1,1
n6_p50_m0.05_r10,494,1,1
n6_p50_m0.05_r10,495,1,1
n6_p50_m0.05_r10,496,1,1
n6_p50_m0.05_r10,497,1,1
n6_p50_m0.05_r10,498,1,1
n6_p50_m0.05_r10,499,1,1
n6_p50_m0.05_r10,500,1,1
n6_p50_m0.10_r01,0,1,1
n6_p50_m0.10_r01,1,1,1
n6_p50_m0.10_r01,2,1,1
n6_p50_m0.10_r01,3,1,1
n6_p50_m0.10_r01,4,1,1
n6_p50_m0.10_r01,5,1,1
n6_p50_m0.10_r01,6,1,1
n6_p50_m0.10_r01,7,1,1
n6_p50_m0.10_r01,8,1,1
n6_p50_m0.10_r01,9,1,1
n6_p50_m0.10_r01,10,1,1
n6_p50_m0.10_r01,11,1,1
n6_p50_m0.10_r01,12,1,1
n6_p50_m0.10_r01,13,1,1
n6_p50_m0.10_r01,14,1,1
n6_p50_m0.10_r01,15,1,1
n6_p50_m0.10_r01,16,1,1
n6_p50_m0.10_r01,17,1,1
n6_p50_m0.10_r01,18,1,1
n6_p50_m0.10_r01,19,1,1
n6_p50_m0.10_r01,20,1,1
n6_p50_m0.10_r01,21,1,1
n6_p50_m0.10_r01,22,1,1
n6_p50_m0.10_r01,23,1,1
n6_p50_m0.10_r01,24,1,1
n6_p50_m0.10_r01,25,1,1
n6_p50_m0.10_r01,26,1,1
n6_p50_m0.10_r01,27,1,1
n6_p50_m0.10_r01,28,1,1
n6_p50_m0.10_r01,29,1,1
n6_p50_m0.10_r01,30,1,1
n6_p50_m0.10_r01,31,1,1
n6_p50_m0.10_r01,32,1,1
n6_p50_m0.10_r01,33,1,1
n6_p50_m0.10_r01,34,1,1
n6_p50_m0.10_r01,35,1,1
n6_p50_m0.10_r01,36,1,1
n6_p50_m0.10_r01,37,1,1
n6_p50_m0.10_r01,38,1,1
n6_p50_m0.10_r01,39,1,1
n6_p50_m0.10_r01,40,1,1
n6_p50_m0.10_r01,41,1,1
n6_p50_m0.10_r01,42,1,1
n6_p50_m0.10_r01,43,1,1
n6_p50_m0.10_r01,44,1,1
n6_p50_m0.10_r01,45,1,1
n6_p50_m0.10_r01,46,1,1
n6_p50_m0.10_r01,47,1,1
n6_p50_m0.10_r01,48,1,1
n6_p50_m0.10_r01,49,1,1
n6_p50_m0.10_r01,50,1,1
n6_p50_m0.10_r01,51,1,1
n6_p50_m0.10_r01,52,1,1
n6_p50_m0.10_r01,53,1,1
n6_p50_m0.10_r01,54,1,1
n6_p50_m0.10_r01,55,1,1
n6_p50_m0.10_r01,56,1,1
n6_p50_m0.10_r01,57,1,1
n6_p50_m0.10_r01,58,1,1
n6_p50_m0.10_r01,59,1,1
n6_p50_m0.10_r01,60,1,1
n6_p50_m0.10_r01,61,1,1
n6_p50_m0.10_r01,62,1,1
n6_p50_m0.10_r01,63,1,1
n6_p50_m0.10_r01,64,1,1
n6_p50_m0.10_r01,65,1,1
n6_p50_m0.10_r01,66,1,1
n6_p50_m0.10_r01,67,1,1
n6_p50_m0.10_r01,68,1,1
n6_p50_m0.10_r01,69,1,1
n6_p50_m0.10_r01,70,1,1
n6_p50_m0.10_r01,71,1,1
n6_p50_m0.10_r01,72,1,1
n6_p50_m0.10_r01,73,1,1
n6_p50_m0.10_r01,74,1,1
n6_p50_m0.10_r01,75,1,1
n6_p50_m0.10_r01,76,1,1
n6_p50_m0.10_r01,77,1,1
n6_p50_m0.10_r01,78,1,1
n6_p50_m0.10_r01,79,1,1
n6_p50_m0.10_r01,80,1,1
n6_p50_m0.10_r01,81,1,1
n6_p50_m0.10_r01,82,1,1
n6_p50_m0.10_r01,83,1,1
n6_p50_m0.10_r01,84,1,1
n6_p50_m0.10_r01,85,1,1
n6_p50_m0.10_r01,86,1,1
n6_p50_m0.10_r01,87,1,1
n6_p50_m0.10_r01,88,1,1
n6_p50_m0.10_r01,89,1,1
n6_p50_m0.10_r01,90,1,1
n6_p50_m0.10_r01,91,1,1
n6_p50_m0.10_r01,92,1,1
n6_p50_m0.10_r01,93,1,1
n6_p50_m0.10_r01,94,1,1
n6_p50_m0.10_r01,95,1,1
n6_p50_m0.10_r01,96,1,1
n6_p50_m0.10_r01,97,1,1
n6_p50_m0.10_r01,98,1,1
n6_p50_m0.10_r01,99,1,1
n6_p50_m0.10_r01,100,1,1
n6_p50_m0.10_r01,101,1,1
n6_p50_m0.10_r01,102,1,1
n6_p50_m0.10_r01,103,1,1
n6_p50_m0.10_r01,104,1,1
n6_p50_m0.10_r01,105,1,1
n6_p50_m0.10_r01,106,1,1
n6_p50_m0.10_r01,107,1,1
n6_p50_m0.10_r01,108,1,1
n6_p50_m0.10_r01,109,1,1
n6_p50_m0.10_r01,110,1,1
n6_p50_m0.10_r01,111,1,1
n6_p50_m0.10_r01,112,1,1
n6_p50_m0.10_r01,113,1,1
n6_p50_m0.10_r01,114,1,1
n6_p50_m0.10_r01,115,1,1
n6_p50_m0.10_r01,116,1,1
n6_p50_m0.10_r01,117,1,1
n6_p50_m0.10_r01,118,1,1
n6_p50_m0.10_r01,119,1,1
n6_p50_m0.10_r01,120,1,1
n6_p50_m0.10_r01,121,1,1
n6_p50_m0.10_r01,122,1,1
n6_p50_m0.10_r01,123,1,1
n6_p50_m0.10_r01,124,1,1
n6_p50_m0.10_r01,125,1,1
n6_p50_m0.10_r01,126,1,1
n6_p50_m0.10_r01,127,1,1
n6_p50_m0.10_r01,128,1,1
n6_p50_m0.10_r01,129,1,1
n6_p50_m0.10_r01,130,1,1
n6_p50_m0.10_r01,131,1,1
n6_p50_m0.10_r01,132,1,1
n6_p50_m0.10_r01,133,1,1
n6_p50_m0.10_r01,134,1,1
n6_p50_m0.10_r01,135,1,1
n6_p50_m0.10_r01,136,1,1
n6_p50_m0.10_r01,137,1,1
n6_p50_m0.10_r01,138,1,1
n6_p50_m0.10_r01,139,1,1
n6_p50_m0.10_r01,140,1,1
n6_p50_m0.10_r01,141,1,1
n6_p50_m0.10_r01,142,1,1
n6_p50_m0.10_r01,143,1,1
n6_p50_m0.10_r01,144,1,1
n6_p50_m0.10_r01,145,1,1
n6_p50_m0.10_r01,146,1,1
n6_p50_m0.10_r01,147,1,1
n6_p50_m0.10_r01,148,1,1
n6_p50_m0.10_r01,149,1,1
n6_p50_m0.10_r01,150,1,1
n6_p50_m0.10_r01,151,1,1
n6_p50_m0.10_r01,152,1,1
n6_p50_m0.10_r01,153,1,1
n6_p50_m0.10_r01,154,1,1
n6_p50_m0.10_r01,155,1,1
n6_p50_m0.10_r01,156,1,1
n6_p50_m0.10_r01,157,1,1
n6_p50_m0.10_r01,158,1,1
n6_p50_m0.10_r01,159,1,1
n6_p50_m0.10_r01,160,1,1
n6_p50_m0.10_r01,161,1,1
n6_p50_m0.10_r01,162,1,1
n6_p50_m0.10_r01,163,1,1
n6_p50_m0.10_r01,164,1,1
n6_p50_m0.10_r01,165,1,1
n6_p50_m0.10_r01,166,1,1
n6_p50_m0.10_r01,167,1,1
n6_p50_m0.10_r01,168,1,1
n6_p50_m0.10_r01,169,1,1
n6_p50_m0.10_r01,170,1,1
n6_p50_m0.10_r01,171,1,1
n6_p50_m0.10_r01,172,1,1
n6_p50_m0.10_r01,173,1,1
n6_p50_m0.10_r01,174,1,1
n6_p50_m0.10_r01,175,1,1
n6_p50_m0.10_r01,176,1,1
n6_p50_m0.10_r01,177,1,1
n6_p50_m0.10_r01,178,1,1
n6_p50_m0.10_r01,179,1,1
n6_p50_m0.10_r01,180,1,1
n6_p50_m0.10_r01,181,1,1
n6_p50_m0.10_r01,182,1,1
n6_p50_m0.10_r01,183,1,1
n6_p50_m0.10_r01,184,1,1
n6_p50_m0.10_r01,185,1,1
n6_p50_m0.10_r01,186,1,1
n6_p50_m0.10_r01,187,1,1
n6_p50_m0.10_r01,188,1,1
n6_p50_m0.10_r01,189,1,1
n6_p50_m0.10_r01,190,1,1
n6_p50_m0.10_r01,191,1,1
n6_p50_m0.10_r01,192,1,1
n6_p50_m0.10_r01,193,1,1
n6_p50_m0.10_r01,194,1,1
n6_p50_m0.10_r01,195,1,1
n6_p50_m0.10_r01,196,1,1
n6_p50_m0.10_r01,197,1,1
n6_p50_m0.10_r01,198,1,1
n6_p50_m0.10_r01,199,1,1
n6_p50_m0.10_r01,200,1,1
n6_p50_m0.10_r01,201,1,1
n6_p50_m0.10_r01,202,1,1
n6_p50_m0.10_r01,203,1,1
n6_p50_m0.10_r01,204,1,1
n6_p50_m0.10_r01,205,1,1
n6_p50_m0.10_r01,206,1,1
n6_p50_m0.10_r01,207,1,1
n6_p50_m0.10_r01,208,1,1
n6_p50_m0.10_r01,209,1,1
n6_p50_m0.10_r01,210,1,1
n6_p50_m0.10_r01,211,1,1
n6_p50_m0.10_r01,212,1,1
n6_p50_m0.10_r01,213,1,1
n6_p50_m0.10_r01,214,1,1
n6_p50_m0.10_r01,215,1,1
n6_p50_m0.10_r01,216,1,1
n6_p50_m0.10_r01,217,1,1
n6_p50_m0.10_r01,218,1,1
n6_p50_m0.10_r01,219,1,1
n6_p50_m0.10_r01,220,1,1
n6_p50_m0.10_r01,221,1,1
n6_p50_m0.10_r01,222,1,1
n6_p50_m0.10_r01,223,1,1
n6_p50_m0.10_r01,224,1,1
n6_p50_m0.10_r01,225,1,1
n6_p50_m0.10_r01,226,1,1
n6_p50_m0.10_r01,227,1,1
n6_p50_m0.10_r01,228,1,1
n6_p50_m0.10_r01,229,1,1
n6_p50_m0.10_r01,230,1,1
n6_p50_m0.10_r01,231,1,1
n6_p50_m0.10_r01,232,1,1
n6_p50_m0.10_r01,233,1,1
n6_p50_m0.10_r01,234,1,1
n6_p50_m0.10_r01,235,1,1
n6_p50_m0.10_r01,236,1,1
n6_p50_m0.10_r01,237,1,1
n6_p50_m0.10_r01,238,1,1
n6_p50_m0.10_r01,239,1,1
n6_p50_m0.10_r01,240,1,1
n6_p50_m0.10_r01,241,1,1
n6_p50_m0.10_r01,242,1,1
n6_p50_m0.10_r01,243,1,1
n6_p50_m0.10_r01,244,1,1
n6_p50_m0.10_r01,245,1,1
n6_p50_m0.10_r01,246,1,1
n6_p50_m0.10_r01,247,1,1
n6_p50_m0.10_r01,248,1,1
n6_p50_m0.10_r01,249,1,1
n6_p50_m0.10_r01,250,1,1
n6_p50_m0.10_r01,251,1,1
n6_p50_m0.10_r01,252,1,1
n6_p50_m0.10_r01,253,1,1
n6_p50_m0.10_r01,254,1,1
n6_p50_m0.10_r01,255,1,1
n6_p50_m0.10_r01,256,1,1
n6_p50_m0.10_r01,257,1,1
n6_p50_m0.10_r01,258,1,1
n6_p50_m0.10_r01,259,1,1
n6_p50_m0.10_r01,260,1,1
n6_p50_m0.10_r01,261,1,1
n6_p50_m0.10_r01,262,1,1
n6_p50_m0.10_r01,263,1,1
n6_p50_m0.10_r01,264,1,1
n6_p50_m0.10_r01,265,1,1
n6_p50_m0.10_r01,266,1,1
n6_p50_m0.10_r01,267,1,1
n6_p50_m0.10_r01,268,1,1
n6_p50_m0.10_r01,269,1,1
n6_p50_m0.10_r01,270,1,1
n6_p50_m0.10_r01,271,1,1
n6_p50_m0.10_r01,272,1,1
n6_p50_m0.10_r01,273,1,1
n6_p50_m0.10_r01,274,1,1
n6_p50_m0.10_r01,275,1,1
n6_p50_m0.10_r01,276,1,1
n6_p50_m0.10_r01,277,1,1
n6_p50_m0.10_r01,278,1,1
n6_p50_m0.10_r01,279,1,1
n6_p50_m0.10_r01,280,1,1
n6_p50_m0.10_r01,281,1,1
n6_p50_m0.10_r01,282,1,1
n6_p50_m0.10_r01,283,1,1
n6_p50_m0.10_r01,284,1,1
n6_p50_m0.10_r01,285,1,1
n6_p50_m0.10_r01,286,1,1
n6_p50_m0.10_r01,287,1,1
n6_p50_m0.10_r01,288,1,1
n6_p50_m0.10_r01,289,1,1
n6_p50_m0.10_r01,290,1,1
n6_p50_m0.10_r01,291,1,1
n6_p50_m0.10_r01,292,1,1
n6_p50_m0.10_r01,293,1,1
n6_p50_m0.10_r01,294,1,1
n6_p50_m0.10_r01,295,1,1
n6_p50_m0.10_r01,296,1,1
n6_p50_m0.10_r01,297,1,1
n6_p50_m0.10_r01,298,1,1
n6_p50_m0.10_r01,299,1,1
n6_p50_m0.10_r01,300,1,1
n6_p50_m0.10_r01,301,1,1
n6_p50_m0.10_r01,302,1,1
n6_p50_m0.10_r01,303,1,1
n6_p50_m0.10_r01,304,1,1
n6_p50_m0.10_r01,305,1,1
n6_p50_m0.10_r01,306,1,1
n6_p50_m0.10_r01,307,1,1
n6_p50_m0.10_r01,308,1,1
n6_p50_m0.10_r01,309,1,1
n6_p50_m0.10_r01,310,1,1
n6_p50_m0.10_r01,311,1,1
n6_p50_m0.10_r01,312,1,1
n6_p50_m0.10_r01,313,1,1
n6_p50_m0.10_r01,314,1,1
n6_p50_m0.10_r01,315,1,1
n6_p50_m0.10_r01,316,1,1
n6_p50_m0.10_r01,317,1,1
n6_p50_m0.10_r01,318,1,1
n6_p50_m0.10_r01,319,1,1
n6_p50_m0.10_r01,320,1,1
n6_p50_m0.10_r01,321,1,1
n6_p50_m0.10_r01,322,1,1
n6_p50_m0.10_r01,323,1,1
n6_p50_m0.10_r01,324,1,1
n6_p50_m0.10_r01,325,1,1
n6_p50_m0.10_r01,326,1,1
n6_p50_m0.10_r01,327,1,1
n6_p50_m0.10_r01,328,1,1
n6_p50_m0.10_r01,329,1,1
n6_p50_m0.10_r01,330,1,1
n6_p50_m0.10_r01,331,1,1
n6_p50_m0.10_r01,332,1,1
n6_p50_m0.10_r01,333,1,1
n6_p50_m0.10_r01,334,1,1
n6_p50_m0.10_r01,335,1,1
n6_p50_m0.10_r01,336,1,1
n6_p50_m0.10_r01,337,1,1
n6_p50_m0.10_r01,338,1,1
n6_p50_m0.10_r01,339,1,1
n6_p50_m0.10_r01,340,1,1
n6_p50_m0.10_r01,341,1,1
n6_p50_m0.10_r01,342,1,1
n6_p50_m0.10_r01,343,1,1
n6_p50_m0.10_r01,344,1,1
n6_p50_m0.10_r01,345,1,1
n6_p50_m0.10_r01,346,1,1
n6_p50_m0.10_r01,347,1,1
n6_p50_m0.10_r01,348,1,1
n6_p50_m0.10_r01,349,1,1
n6_p50_m0.10_r01,350,1,1
n6_p50_m0.10_r01,351,1,1
n6_p50_m0.10_r01,352,1,1
n6_p50_m0.10_r01,353,1,1
n6_p50_m0.10_r01,354,1,1
n6_p50_m0.10_r01,355,1,1
n6_p50_m0.10_r01,356,1,1
n6_p50_m0.10_r01,357,1,1
n6_p50_m0.10_r01,358,1,1
n6_p50_m0.10_r01,359,1,1
n6_p50_m0.10_r01,360,1,1
n6_p50_m0.10_r01,361,1,1
n6_p50_m0.10_r01,362,1,1
n6_p50_m0.10_r01,363,1,1
n6_p50_m0.10_r01,364,1,1
n6_p50_m0.10_r01,365,1,1
n6_p50_m0.10_r01,366,1,1
n6_p50_m0.10_r01,367,1,1
n6_p50_m0.10_r01,368,1,1
n6_p50_m0.10_r01,369,1,1
n6_p50_m0.10_r01,370,1,1
n6_p50_m0.10_r01,371,1,1
n6_p50_m0.10_r01,372,1,1
n6_p50_m0.10_r01,373,1,1
n6_p50_m0.10_r01,374,1,1
n6_p50_m0.10_r01,375,1,1
n6_p50_m0.10_r01,376,1,1
n6_p50_m0.10_r01,377,1,1
n6_p50_m0.10_r01,378,1,1
n6_p50_m0.10_r01,379,1,1
n6_p50_m0.10_r01,380,1,1
n6_p50_m0.10_r01,381,1,1
n6_p50_m0.10_r01,382,1,1
n6_p50_m0.10_r01,383,1,1
n6_p50_m0.10_r01,384,1,1
n6_p50_m0.10_r01,385,1,1
n6_p50_m0.10_r01,386,1,1
n6_p50_m0.10_r01,387,1,1
n6_p50_m0.10_r01,388,1,1
n6_p50_m0.10_r01,389,1,1
n6_p50_m0.10_r01,390,1,1
n6_p50_m0.10_r01,391,1,1
n6_p50_m0.10_r01,392,1,1
n6_p50_m0.10_r01,393,1,1
n6_p50_m0.10_r01,394,1,1
n6_p50_m0.10_r01,395,1,1
n6_p50_m0.10_r01,396,1,1
n6_p50_m0.10_r01,397,1,1
n6_p50_m0.10_r01,398,1,1
n6_p50_m0.10_r01,399,1,1
n6_p50_m0.10_r01,400,1,1
n6_p50_m0.10_r01,401,1,1
n6_p50_m0.10_r01,402,1,1
n6_p50_m0.10_r01,403,1,1
n6_p50_m0.10_r01,404,1,1
n6_p50_m0.10_r01,405,1,1
n6_p50_m0.10_r01,406,1,1
n6_p50_m0.10_r01,407,1,1
n6_p50_m0.10_r01,408,1,1
n6_p50_m0.10_r01,409,1,1
n6_p50_m0.10_r01,410,1,1
n6_p50_m0.10_r01,411,1,1
n6_p50_m0.10_r01,412,1,1
n6_p50_m0.10_r01,413,1,1
n6_p50_m0.10_r01,414,1,1
n6_p50_m0.10_r01,415,1,1
n6_p50_m0.10_r01,416,1,1
n6_p50_m0.10_r01,417,1,1
n6_p50_m0.10_r01,418,1,1
n6_p50_m0.10_r01,419,1,1
n6_p50_m0.10_r01,420,1,1
n6_p50_m0.10_r01,421,1,1
n6_p50_m0.10_r01,422,1,1
n6_p50_m0.10_r01,423,1,1
n6_p50_m0.10_r01,424,1,1
n6_p50_m0.10_r01,425,1,1
n6_p50_m0.10_r01,426,1,1
n6_p50_m0.10_r01,427,1,1
n6_p50_m0.10_r01,428,1,1
n6_p50_m0.10_r01,429,1,1
n6_p50_m0.10_r01,430,1,1
n6_p50_m0.10_r01,431,1,1
n6_p50_m0.10_r01,432,1,1
n6_p50_m0.10_r01,433,1,1
n6_p50_m0.10_r01,434,1,1
n6_p50_m0.10_r01,435,1,1
n6_p50_m0.10_r01,436,1,1
n6_p50_m0.10_r01,437,1,1
n6_p50_m0.10_r01,438,1,1
n6_p50_m0.10_r01,439,1,1
n6_p50_m0.10_r01,440,1,1
n6_p50_m0.10_r01,441,1,1
n6_p50_m0.10_r01,442,1,1
n6_p50_m0.10_r01,443,1,1
n6_p50_m0.10_r01,444,1,1
n6_p50_m0.10_r01,445,1,1
n6_p50_m0.10_r01,446,1,1
n6_p50_m0.10_r01,447,1,1
n6_p50_m0.10_r01,448,1,1
n6_p50_m0.10_r01,449,1,1
n6_p50_m0.10_r01,450,1,1
n6_p50_m0.10_r01,451,1,1
n6_p50_m0.10_r01,452,1,1
n6_p50_m0.10_r01,453,1,1
n6_p50_m0.10_r01,454,1,1
n6_p50_m0.10_r01,455,1,1
n6_p50_m0.10_r01,456,1,1
n6_p50_m0.10_r01,457,1,1
n6_p50_m0.10_r01,458,1,1
n6_p50_m0.10_r01,459,1,1
n6_p50_m0.10_r01,460,1,1
n6_p50_m0.10_r01,461,1,1
n6_p50_m0.10_r01,462,1,1
n6_p50_m0.10_r01,463,1,1
n6_p50_m0.10_r01,464,1,1
n6_p50_m0.10_r01,465,1,1
n6_p50_m0.10_r01,466,1,1
n6_p50_m0.10_r01,467,1,1
n6_p50_m0.10_r01,468,1,1
n6_p50_m0.10_r01,469,1,1
n6_p50_m0.10_r01,470,1,1
n6_p50_m0.10_r01,471,1,1
n6_p50_m0.10_r01,472,1,1
n6_p50_m0.10_r01,473,1,1
n6_p50_m0.10_r01,474,1,1
n6_p50_m0.10_r01,475,1,1
n6_p50_m0.10_r01,476,1,1
n6_p50_m0.10_r01,477,1,1
n6_p50_m0.10_r01,478,1,1
n6_p50_m0.10_r01,479,1,1
n6_p50_m0.10_r01,480,1,1
n6_p50_m0.10_r01,481,1,1
n6_p50_m0.10_r01,482,1,1
n6_p50_m0.10_r01,483,1,1
n6_p50_m0.10_r01,484,1,1
n6_p50_m0.10_r01,485,1,1
n6_p50_m0.10_r01,486,1,1
n6_p50_m0.10_r01,487,1,1
n6_p50_m0.10_r01,488,1,1
n6_p50_m0.10_r01,489,1,1
n6_p50_m0.10_r01,490,1,1
n6_p50_m0.10_r01,491,1,1
n6_p50_m0.10_r01,492,1,1
n6_p50_m0.10_r01,493,1,1
n6_p50_m0.10_r01,494,1,1
n6_p50_m0.10_r01,495,1,1
n6_p50_m0.10_r01,496,1,1
n6_p50_m0.10_r01,497,1,1
n6_p50_m0.10_r01,498,1,1
n6_p50_m0.10_r01,499,1,1
n6_p50_m0.10_r01,500,1,1
n6_p50_m0.10_r02,0,1,1
n6_p50_m0.10_r02,1,1,1
n6_p50_m0.10_r02,2,1,1
n6_p50_m0.10_r02,3,0,0
n6_p50_m0.10_r03,0,1,1
n6_p50_m0.10_r03,1,1,1
n6_p50_m0.10_r03,2,0,0
n6_p50_m0.10_r04,0,0,0
n6_p50_m0.10_r05,0,1,1
n6_p50_m0.10_r05,1,1,1
n6_p50_m0.10_r05,2,0,0
n6_p50_m0.10_r06,0,1,1
n6_p50_m0.10_r06,1,1,1
n6_p50_m0.10_r06,2,1,1
n6_p50_m0.10_r06,3,1,1
n6_p50_m0.10_r06,4,1,1
n6_p50_m0.10_r06,5,1,1
n6_p50_m0.10_r06,6,1,1
n6_p50_m0.10_r06,7,1,1
n6_p50_m0.10_r06,8,1,1
n6_p50_m0.10_r06,9,1,1
n6_p50_m0.10_r06,10,1,1
n6_p50_m0.10_r06,11,1,1
n6_p50_m0.10_r06,12,1,1
n6_p50_m0.10_r06,13,1,1
n6_p50_m0.10_r06,14,1,1
n6_p50_m0.10_r06,15,1,1
n6_p50_m0.10_r06,16,1,1
n6_p50_m0.10_r06,17,1,1
n6_p50_m0.10_r06,18,1,1
n6_p50_m0.10_r06,19,1,1
n6_p50_m0.10_r06,20,1,1
n6_p50_m0.10_r06,21,1,1
n6_p50_m0.10_r06,22,1,1
n6_p50_m0.10_r06,23,1,1
n6_p50_m0.10_r06,24,1,1
n6_p50_m0.10_r06,25,1,1
n6_p50_m0.10_r06,26,1,1
n6_p50_m0.10_r06,27,1,1
n6_p50_m0.10_r06,28,1,1
n6_p50_m0.10_r06,29,1,1
n6_p50_m0.10_r06,30,1,1
n6_p50_m0.10_r06,31,1,1
n6_p50_m0.10_r06,32,1,1
n6_p50_m0.10_r06,33,1,1
n6_p50_m0.10_r06,34,1,1
n6_p50_m0.10_r06,35,1,1
n6_p50_m0.10_r06,36,1,1
n6_p50_m0.10_r06,37,1,1
n6_p50_m0.10_r06,38,1,1
n6_p50_m0.10_r06,39,1,1
n6_p50_m0.10_r06,40,1,1
n6_p50_m0.10_r06,41,1,1
n6_p50_m0.10_r06,42,1,1
n6_p50_m0.10_r06,43,1,1
n6_p50_m0.10_r06,44,1,1
n6_p50_m0.10_r06,45,1,1
n6_p50_m0.10_r06,46,1,1
n6_p50_m0.10_r06,47,1,1
n6_p50_m0.10_r06,48,1,1
n6_p50_m0.10_r06,49,1,1
n6_p50_m0.10_r06,50,1,1
n6_p50_m0.10_r06,51,1,1
n6_p50_m0.10_r06,52,1,1
n6_p50_m0.10_r06,53,1,1
n6_p50_m0.10_r06,54,1,1
n6_p50_m0.10_r06,55,1,1
n6_p50_m0.10_r06,56,1,1
n6_p50_m0.10_r06,57,1,1
n6_p50_m0.10_r06,58,1,1
n6_p50_m0.10_r06,59,1,1
n6_p50_m0.10_r06,60,1,1
n6_p50_m0.10_r06,61,1,1
n6_p50_m0.10_r06,62,1,1
n6_p50_m0.10_r06,63,1,1
n6_p50_m0.10_r06,64,1,1
n6_p50_m0.10_r06,65,1,1
n6_p50_m0.10_r06,66,1,1
n6_p50_m0.10_r06,67,1,1
n6_p50_m0.10_r06,68,1,1
n6_p50_m0.10_r06,69,1,1
n6_p50_m0.10_r06,70,1,1
n6_p50_m0.10_r06,71,1,1
n6_p50_m0.10_r06,72,1,1
n6_p50_m0.10_r06,73,1,1
n6_p50_m0.10_r06,74,1,1
n6_p50_m0.10_r06,75,1,1
n6_p50_m0.10_r06,76,1,1
n6_p50_m0.10_r06,77,1,1
n6_p50_m0.10_r06,78,1,1
n6_p50_m0.10_r06,79,1,1
n6_p50_m0.10_r06,80,1,1
n6_p50_m0.10_r06,81,1,1
n6_p50_m0.10_r06,82,1,1
n6_p50_m0.10_r06,83,1,1
n6_p50_m0.10_r06,84,1,1
n6_p50_m0.10_r06,85,1,1
n6_p50_m0.10_r06,86,1,1
n6_p50_m0.10_r06,87,1,1
n6_p50_m0.10_r06,88,1,1
n6_p50_m0.10_r06,89,1,1
n6_p50_m0.10_r06,90,1,1
n6_p50_m0.10_r06,91,1,1
n6_p50_m0.10_r06,92,1,1
n6_p50_m0.10_r06,93,1,1
n6_p50_m0.10_r06,94,1,1
n6_p50_m0.10_r06,95,1,1
n6_p50_m0.10_r06,96,1,1
n6_p50_m0.10_r06,97,1,1
n6_p50_m0.10_r06,98,1,1
n6_p50_m0.10_r06,99,1,1
n6_p50_m0.10_r06,100,1,1
n6_p50_m0.10_r06,101,1,1
n6_p50_m0.10_r06,102,1,1
n6_p50_m0.10_r06,103,1,1
n6_p50_m0.10_r06,104,1,1
n6_p50_m0.10_r06,105,1,1
n6_p50_m0.10_r06,106,1,1
n6_p50_m0.10_r06,107,1,1
n6_p50_m0.10_r06,108,1,1
n6_p50_m0.10_r06,109,1,1
n6_p50_m0.10_r06,110,1,1
n6_p50_m0.10_r06,111,1,1
n6_p50_m0.10_r06,112,1,1
n6_p50_m0.10_r06,113,1,1
n6_p50_m0.10_r06,114,1,1
n6_p50_m0.10_r06,115,1,1
n6_p50_m0.10_r06,116,1,1
n6_p50_m0.10_r06,117,1,1
n6_p50_m0.10_r06,118,1,1
n6_p50_m0.10_r06,119,1,1
n6_p50_m0.10_r06,120,1,1
n6_p50_m0.10_r06,121,1,1
n6_p50_m0.10_r06,122,1,1
n6_p50_m0.10_r06,123,1,1
n6_p50_m0.10_r06,124,1,1
n6_p50_m0.10_r06,125,1,1
n6_p50_m0.10_r06,126,1,1
n6_p50_m0.10_r06,127,1,1
n6_p50_m0.10_r06,128,1,1
n6_p50_m0.10_r06,129,1,1
n6_p50_m0.10_r06,130,1,1
n6_p50_m0.10_r06,131,1,1
n6_p50_m0.10_r06,132,1,1
n6_p50_m0.10_r06,133,1,1
n6_p50_m0.10_r06,134,1,1
n6_p50_m0.10_r06,135,1,1
n6_p50_m0.10_r06,136,1,1
n6_p50_m0.10_r06,137,1,1
n6_p50_m0.10_r06,138,1,1
n6_p50_m0.10_r06,139,1,1
n6_p50_m0.10_r06,140,1,1
n6_p50_m0.10_r06,141,1,1
n6_p50_m0.10_r06,142,1,1
n6_p50_m0.10_r06,143,1,1
n6_p50_m0.10_r06,144,1,1
n6_p50_m0.10_r06,145,1,1
n6_p50_m0.10_r06,146,1,1
n6_p50_m0.10_r06,147,1,1
n6_p50_m0.10_r06,148,1,1
n6_p50_m0.10_r06,149,1,1
n6_p50_m0.10_r06,150,1,1
n6_p50_m0.10_r06,151,1,1
n6_p50_m0.10_r06,152,1,1
n6_p50_m0.10_r06,153,1,1
n6_p50_m0.10_r06,154,1,1
n6_p50_m0.10_r06,155,1,1
n6_p50_m0.10_r06,156,1,1
n6_p50_m0.10_r06,157,1,1
n6_p50_m0.10_r06,158,1,1
n6_p50_m0.10_r06,159,1,1
n6_p50_m0.10_r06,160,1,1
n6_p50_m0.10_r06,161,1,1
n6_p50_m0.10_r06,162,1,1
n6_p50_m0.10_r06,163,1,1
n6_p50_m0.10_r06,164,1,1
n6_p50_m0.10_r06,165,1,1
n6_p50_m0.10_r06,166,1,1
n6_p50_m0.10_r06,167,1,1
n6_p50_m0.10_r06,168,1,1
n6_p50_m0.10_r06,169,1,1
n6_p50_m0.10_r06,170,1,1
n6_p50_m0.10_r06,171,1,1
n6_p50_m0.10_r06,172,1,1
n6_p50_m0.10_r06,173,1,1
n6_p50_m0.10_r06,174,1,1
n6_p50_m0.10_r06,175,1,1
n6_p50_m0.10_r06,176,1,1
n6_p50_m0.10_r06,177,1,1
n6_p50_m0.10_r06,178,1,1
n6_p50_m0.10_r06,179,1,1
n6_p50_m0.10_r06,180,1,1
n6_p50_m0.10_r06,181,1,1
n6_p50_m0.10_r06,182,1,1
n6_p50_m0.10_r06,183,1,1
n6_p50_m0.10_r06,184,1,1
n6_p50_m0.10_r06,185,1,1
n6_p50_m0.10_r06,186,1,1
n6_p50_m0.10_r06,187,1,1
n6_p50_m0.10_r06,188,1,1
n6_p50_m0.10_r06,189,1,1
n6_p50_m0.10_r06,190,1,1
n6_p50_m0.10_r06,191,1,1
n6_p50_m0.10_r06,192,1,1
n6_p50_m0.10_r06,193,1,1
n6_p50_m0.10_r06,194,1,1
n6_p50_m0.10_r06,195,1,1
n6_p50_m0.10_r06,196,1,1
n6_p50_m0.10_r06,197,1,1
n6_p50_m0.10_r06,198,1,1
n6_p50_m0.10_r06,199,1,1
n6_p50_m0.10_r06,200,1,1
n6_p50_m0.10_r06,201,1,1
n6_p50_m0.10_r06,202,1,1
n6_p50_m0.10_r06,203,1,1
n6_p50_m0.10_r06,204,1,1
n6_p50_m0.10_r06,205,1,1
n6_p50_m0.10_r06,206,1,1
n6_p50_m0.10_r06,207,1,1
n6_p50_m0.10_r06,208,1,1
n6_p50_m0.10_r06,209,1,1
n6_p50_m0.10_r06,210,1,1
n6_p50_m0.10_r06,211,1,1
n6_p50_m0.10_r06,212,1,1
n6_p50_m0.10_r06,213,1,1
n6_p50_m0.10_r06,214,1,1
n6_p50_m0.10_r06,215,1,1
n6_p50_m0.10_r06,216,1,1
n6_p50_m0.10_r06,217,1,1
n6_p50_m0.10_r06,218,1,1
n6_p50_m0.10_r06,219,1,1
n6_p50_m0.10_r06,220,1,1
n6_p50_m0.10_r06,221,1,1
n6_p50_m0.10_r06,222,1,1
n6_p50_m0.10_r06,223,1,1
n6_p50_m0.10_r06,224,1,1
n6_p50_m0.10_r06,225,1,1
n6_p50_m0.10_r06,226,1,1
n6_p50_m0.10_r06,227,1,1
n6_p50_m0.10_r06,228,1,1
n6_p50_m0.10_r06,229,1,1
n6_p50_m0.10_r06,230,1,1
n6_p50_m0.10_r06,231,1,1
n6_p50_m0.10_r06,232,1,1
n6_p50_m0.10_r06,233,1,1
n6_p50_m0.10_r06,234,1,1
n6_p50_m0.10_r06,235,1,1
n6_p50_m0.10_r06,236,1,1
n6_p50_m0.10_r06,237,1,1
n6_p50_m0.10_r06,238,1,1
n6_p50_m0.10_r06,239,1,1
n6_p50_m0.10_r06,240,1,1
n6_p50_m0.10_r06,241,1,1
n6_p50_m0.10_r06,242,1,1
n6_p50_m0.10_r06,243,1,1
n6_p50_m0.10_r06,244,1,1
n6_p50_m0.10_r06,245,1,1
n6_p50_m0.10_r06,246,1,1
n6_p50_m0.10_r06,247,1,1
n6_p50_m0.10_r06,248,1,1
n6_p50_m0.10_r06,249,1,1
n6_p50_m0.10_r06,250,1,1
n6_p50_m0.10_r06,251,1,1
n6_p50_m0.10_r06,252,1,1
n6_p50_m0.10_r06,253,1,1
n6_p50_m0.10_r06,254,1,1
n6_p50_m0.10_r06,255,1,1
n6_p50_m0.10_r06,256,1,1
n6_p50_m0.10_r06,257,1,1
n6_p50_m0.10_r06,258,1,1
n6_p50_m0.10_r06,259,1,1
n6_p50_m0.10_r06,260,1,1
n6_p50_m0.10_r06,261,1,1
n6_p50_m0.10_r06,262,1,1
n6_p50_m0.10_r06,263,1,1
n6_p50_m0.10_r06,264,1,1
n6_p50_m0.10_r06,265,1,1
n6_p50_m0.10_r06,266,1,1
n6_p50_m0.10_r06,267,1,1
n6_p50_m0.10_r06,268,1,1
n6_p50_m0.10_r06,269,1,1
n6_p50_m0.10_r06,270,1,1
n6_p50_m0.10_r06,271,1,1
n6_p50_m0.10_r06,272,1,1
n6_p50_m0.10_r06,273,1,1
n6_p50_m0.10_r06,274,1,1
n6_p50_m0.10_r06,275,1,1
n6_p50_m0.10_r06,276,1,1
n6_p50_m0.10_r06,277,1,1
n6_p50_m0.10_r06,278,1,1
n6_p50_m0.10_r06,279,1,1
n6_p50_m0.10_r06,280,1,1
n6_p50_m0.10_r06,281,1,1
n6_p50_m0.10_r06,282,1,1
n6_p50_m0.10_r06,283,1,1
n6_p50_m0.10_r06,284,1,1
n6_p50_m0.10_r06,285,1,1
n6_p50_m0.10_r06,286,1,1
n6_p50_m0.10_r06,287,1,1
n6_p50_m0.10_r06,288,1,1
n6_p50_m0.10_r06,289,1,1
n6_p50_m0.10_r06,290,1,1
n6_p50_m0.10_r06,291,1,1
n6_p50_m0.10_r06,292,1,1
n6_p50_m0.10_r06,293,1,1
n6_p50_m0.10_r06,294,1,1
n6_p50_m0.10_r06,295,1,1
n6_p50_m0.10_r06,296,1,1
n6_p50_m0.10_r06,297,1,1
n6_p50_m0.10_r06,298,1,1
n6_p50_m0.10_r06,299,1,1
n6_p50_m0.10_r06,300,1,1
n6_p50_m0.10_r06,301,1,1
n6_p50_m0.10_r06,302,1,1
n6_p50_m0.10_r06,303,1,1
n6_p50_m0.10_r06,304,1,1
n6_p50_m0.10_r06,305,1,1
n6_p50_m0.10_r06,306,1,1
n6_p50_m0.10_r06,307,1,1
n6_p50_m0.10_r06,308,1,1
n6_p50_m0.10_r06,309,1,1
n6_p50_m0.10_r06,310,1,1
n6_p50_m0.10_r06,311,1,1
n6_p50_m0.10_r06,312,1,1
n6_p50_m0.10_r06,313,1,1
n6_p50_m0.10_r06,314,1,1
n6_p50_m0.10_r06,315,1,1
n6_p50_m0.10_r06,316,1,1
n6_p50_m0.10_r06,317,1,1
n6_p50_m0.10_r06,318,1,1
n6_p50_m0.10_r06,319,1,1
n6_p50_m0.10_r06,320,1,1
n6_p50_m0.10_r06,321,1,1
n6_p50_m0.10_r06,322,1,1
n6_p50_m0.10_r06,323,1,1
n6_p50_m0.10_r06,324,1,1
n6_p50_m0.10_r06,325,1,1
n6_p50_m0.10_r06,326,1,1
n6_p50_m0.10_r06,327,1,1
n6_p50_m0.10_r06,328,1,1
n6_p50_m0.10_r06,329,1,1
n6_p50_m0.10_r06,330,1,1
n6_p50_m0.10_r06,331,1,1
n6_p50_m0.10_r06,332,1,1
n6_p50_m0.10_r06,333,1,1
n6_p50_m0.10_r06,334,1,1
n6_p50_m0.10_r06,335,1,1
n6_p50_m0.10_r06,336,1,1
n6_p50_m0.10_r06,337,1,1
n6_p50_m0.10_r06,338,1,1
n6_p50_m0.10_r06,339,1,1
n6_p50_m0.10_r06,340,1,1
n6_p50_m0.10_r06,341,1,1
n6_p50_m0.10_r06,342,1,1
n6_p50_m0.10_r06,343,1,1
n6_p50_m0.10_r06,344,1,1
n6_p50_m0.10_r06,345,1,1
n6_p50_m0.10_r06,346,1,1
n6_p50_m0.10_r06,347,1,1
n6_p50_m0.10_r06,348,1,1
n6_p50_m0.10_r06,349,1,1
n6_p50_m0.10_r06,350,1,1
n6_p50_m0.10_r06,351,1,1
n6_p50_m0.10_r06,352,1,1
n6_p50_m0.10_r06,353,1,1
n6_p50_m0.10_r06,354,1,1
n6_p50_m0.10_r06,355,1,1
n6_p50_m0.10_r06,356,1,1
n6_p50_m0.10_r06,357,1,1
n6_p50_m0.10_r06,358,1,1
n6_p50_m0.10_r06,359,1,1
n6_p50_m0.10_r06,360,1,1
n6_p50_m0.10_r06,361,1,1
n6_p50_m0.10_r06,362,1,1
n6_p50_m0.10_r06,363,1,1
n6_p50_m0.10_r06,364,1,1
n6_p50_m0.10_r06,365,1,1
n6_p50_m0.10_r06,366,1,1
n6_p50_m0.10_r06,367,1,1
n6_p50_m0.10_r06,368,1,1
n6_p50_m0.10_r06,369,1,1
n6_p50_m0.10_r06,370,1,1
n6_p50_m0.10_r06,371,1,1
n6_p50_m0.10_r06,372,1,1
n6_p50_m0.10_r06,373,1,1
n6_p50_m0.10_r06,374,1,1
n6_p50_m0.10_r06,375,1,1
n6_p50_m0.10_r06,376,1,1
n6_p50_m0.10_r06,377,1,1
n6_p50_m0.10_r06,378,1,1
n6_p50_m0.10_r06,379,1,1
n6_p50_m0.10_r06,380,1,1
n6_p50_m0.10_r06,381,1,1
n6_p50_m0.10_r06,382,1,1
n6_p50_m0.10_r06,383,1,1
n6_p50_m0.10_r06,384,1,1
n6_p50_m0.10_r06,385,1,1
n6_p50_m0.10_r06,386,1,1
n6_p50_m0.10_r06,387,1,1
n6_p50_m0.10_r06,388,1,1
n6_p50_m0.10_r06,389,1,1
n6_p50_m0.10_r06,390,1,1
n6_p50_m0.10_r06,391,1,1
n6_p50_m0.10_r06,392,1,1
n6_p50_m0.10_r06,393,1,1
n6_p50_m0.10_r06,394,1,1
n6_p50_m0.10_r06,395,1,1
n6_p50_m0.10_r06,396,1,1
n6_p50_m0.10_r06,397,1,1
n6_p50_m0.10_r06,398,1,1
n6_p50_m0.10_r06,399,1,1
n6_p50_m0.10_r06,400,1,1
n6_p50_m0.10_r06,401,1,1
n6_p50_m0.10_r06,402,1,1
n6_p50_m0.10_r06,403,1,1
n6_p50_m0.10_r06,404,1,1
n6_p50_m0.10_r06,405,1,1
n6_p50_m0.10_r06,406,1,1
n6_p50_m0.10_r06,407,1,1
n6_p50_m0.10_r06,408,1,1
n6_p50_m0.10_r06,409,1,1
n6_p50_m0.10_r06,410,1,1
n6_p50_m0.10_r06,411,1,1
n6_p50_m0.10_r06,412,1,1
n6_p50_m0.10_r06,413,1,1
n6_p50_m0.10_r06,414,1,1
n6_p50_m0.10_r06,415,1,1
n6_p50_m0.10_r06,416,1,1
n6_p50_m0.10_r06,417,1,1
n6_p50_m0.10_r06,418,1,1
n6_p50_m0.10_r06,419,1,1
n6_p50_m0.10_r06,420,1,1
n6_p50_m0.10_r06,421,1,1
n6_p50_m0.10_r06,422,1,1
n6_p50_m0.10_r06,423,1,1
n6_p50_m0.10_r06,424,1,1
n6_p50_m0.10_r06,425,1,1
n6_p50_m0.10_r06,426,1,1
n6_p50_m0.10_r06,427,1,1
n6_p50_m0.10_r06,428,1,1
n6_p50_m0.10_r06,429,1,1
n6_p50_m0.10_r06,430,1,1
n6_p50_m0.10_r06,431,1,1
n6_p50_m0.10_r06,432,1,1
n6_p50_m0.10_r06,433,1,1
n6_p50_m0.10_r06,434,1,1
n6_p50_m0.10_r06,435,1,1
n6_p50_m0.10_r06,436,1,1
n6_p50_m0.10_r06,437,1,1
n6_p50_m0.10_r06,438,1,1
n6_p50_m0.10_r06,439,1,1
n6_p50_m0.10_r06,440,1,1
n6_p50_m0.10_r06,441,1,1
n6_p50_m0.10_r06,442,1,1
n6_p50_m0.10_r06,443,1,1
n6_p50_m0.10_r06,444,1,1
n6_p50_m0.10_r06,445,1,1
n6_p50_m0.10_r06,446,1,1
n6_p50_m0.10_r06,447,1,1
n6_p50_m0.10_r06,448,1,1
n6_p50_m0.10_r06,449,1,1
n6_p50_m0.10_r06,450,1,1
n6_p50_m0.10_r06,451,1,1
n6_p50_m0.10_r06,452,1,1
n6_p50_m0.10_r06,453,1,1
n6_p50_m0.10_r06,454,1,1
n6_p50_m0.10_r06,455,1,1
n6_p50_m0.10_r06,456,1,1
n6_p50_m0.10_r06,457,1,1
n6_p50_m0.10_r06,458,1,1
n6_p50_m0.10_r06,459,1,1
n6_p50_m0.10_r06,460,1,1
n6_p50_m0.10_r06,461,1,1
n6_p50_m0.10_r06,462,1,1
n6_p50_m0.10_r06,463,1,1
n6_p50_m0.10_r06,464,1,1
n6_p50_m0.10_r06,465,1,1
n6_p50_m0.10_r06,466,1,1
n6_p50_m0.10_r06,467,1,1
n6_p50_m0.10_r06,468,1,1
n6_p50_m0.10_r06,469,1,1
n6_p50_m0.10_r06,470,1,1
n6_p50_m0.10_r06,471,1,1
n6_p50_m0.10_r06,472,1,1
n6_p50_m0.10_r06,473,1,1
n6_p50_m0.10_r06,474,1,1
n6_p50_m0.10_r06,475,1,1
n6_p50_m0.10_r06,476,1,1
n6_p50_m0.10_r06,477,1,1
n6_p50_m0.10_r06,478,1,1
n6_p50_m0.10_r06,479,1,1
n6_p50_m0.10_r06,480,1,1
n6_p50_m0.10_r06,481,1,1
n6_p50_m0.10_r06,482,1,1
n6_p50_m0.10_r06,483,1,1
n6_p50_m0.10_r06,484,1,1
n6_p50_m0.10_r06,485,1,1
n6_p50_m0.10_r06,486,1,1
n6_p50_m0.10_r06,487,1,1
n6_p50_m0.10_r06,488,1,1
n6_p50_m0.10_r06,489,1,1
n6_p50_m0.10_r06,490,1,1
n6_p50_m0.10_r06,491,1,1
n6_p50_m0.10_r06,492,1,1
n6_p50_m0.10_r06,493,1,1
n6_p50_m0.10_r06,494,1,1
n6_p50_m0.10_r06,495,1,1
n6_p50_m0.10_r06,496,1,1
n6_p50_m0.10_r06,497,1,1
n6_p50_m0.10_r06,498,1,1
n6_p50_m0.10_r06,499,1,1
n6_p50_m0.10_r06,500,1,1
n6_p50_m0.10_r07,0,1,1
n6_p50_m0.10_r07,1,1,1
n6_p50_m0.10_r07,2,0,0
n6_p50_m0.10_r08,0,1,1
n6_p50_m0.10_r08,1,1,1
n6_p50_m0.10_r08,2,1,1
n6_p50_m0.10_r08,3,1,1
n6_p50_m0.10_r08,4,1,1
n6_p50_m0.10_r08,5,1,1
n6_p50_m0.10_r08,6,1,1
n6_p50_m0.10_r08,7,1,1
n6_p50_m0.10_r08,8,1,1
n6_p50_m0.10_r08,9,1,1
n6_p50_m0.10_r08,10,1,1
n6_p50_m0.10_r08,11,1,1
n6_p50_m0.10_r08,12,1,1
n6_p50_m0.10_r08,13,1,1
n6_p50_m0.10_r08,14,1,1
n6_p50_m0.10_r08,15,1,1
n6_p50_m0.10_r08,16,1,1
n6_p50_m0.10_r08,17,1,1
n6_p50_m0.10_r08,18,1,1
n6_p50_m0.10_r08,19,1,1
n6_p50_m0.10_r08,20,1,1
n6_p50_m0.10_r08,21,1,1
n6_p50_m0.10_r08,22,1,1
n6_p50_m0.10_r08,23,1,1
n6_p50_m0.10_r08,24,1,1
n6_p50_m0.10_r08,25,1,1
n6_p50_m0.10_r08,26,1,1
n6_p50_m0.10_r08,27,1,1
n6_p50_m0.10_r08,28,1,1
n6_p50_m0.10_r08,29,1,1
n6_p50_m0.10_r08,30,1,1
n6_p50_m0.10_r08,31,1,1
n6_p50_m0.10_r08,32,1,1
n6_p50_m0.10_r08,33,1,1
n6_p50_m0.10_r08,34,1,1
n6_p50_m0.10_r08,35,1,1
n6_p50_m0.10_r08,36,1,1
n6_p50_m0.10_r08,37,1,1
n6_p50_m0.10_r08,38,1,1
n6_p50_m0.10_r08,39,1,1
n6_p50_m0.10_r08,40,1,1
n6_p50_m0.10_r08,41,1,1
n6_p50_m0.10_r08,42,1,1
n6_p50_m0.10_r08,43,1,1
n6_p50_m0.10_r08,44,1,1
n6_p50_m0.10_r08,45,1,1
n6_p50_m0.10_r08,46,1,1
n6_p50_m0.10_r08,47,1,1
n6_p50_m0.10_r08,48,1,1
n6_p50_m0.10_r08,49,1,1
n6_p50_m0.10_r08,50,1,1
n6_p50_m0.10_r08,51,1,1
n6_p50_m0.10_r08,52,1,1
n6_p50_m0.10_r08,53,1,1
n6_p50_m0.10_r08,54,1,1
n6_p50_m0.10_r08,55,1,1
n6_p50_m0.10_r08,56,1,1
n6_p50_m0.10_r08,57,1,1
n6_p50_m0.10_r08,58,1,1
n6_p50_m0.10_r08,59,1,1
n6_p50_m0.10_r08,60,1,1
n6_p50_m0.10_r08,61,1,1
n6_p50_m0.10_r08,62,1,1
n6_p50_m0.10_r08,63,1,1
n6_p50_m0.10_r08,64,1,1
n6_p50_m0.10_r08,65,1,1
n6_p50_m0.10_r08,66,1,1
n6_p50_m0.10_r08,67,1,1
n6_p50_m0.10_r08,68,1,1
n6_p50_m0.10_r08,69,1,1
n6_p50_m0.10_r08,70,1,1
n6_p50_m0.10_r08,71,1,1
n6_p50_m0.10_r08,72,1,1
n6_p50_m0.10_r08,73,1,1
n6_p50_m0.10_r08,74,1,1
n6_p50_m0.10_r08,75,1,1
n6_p50_m0.10_r08,76,1,1
n6_p50_m0.10_r08,77,1,1
n6_p50_m0.10_r08,78,1,1
n6_p50_m0.10_r08,79,1,1
n6_p50_m0.10_r08,80,1,1
n6_p50_m0.10_r08,81,1,1
n6_p50_m0.10_r08,82,1,1
n6_p50_m0.10_r08,83,1,1
n6_p50_m0.10_r08,84,1,1
n6_p50_m0.10_r08,85,1,1
n6_p50_m0.10_r08,86,1,1
n6_p50_m0.10_r08,87,1,1
n6_p50_m0.10_r08,88,1,1
n6_p50_m0.10_r08,89,1,1
n6_p50_m0.10_r08,90,1,1
n6_p50_m0.10_r08,91,1,1
n6_p50_m0.10_r08,92,1,1
n6_p50_m0.10_r08,93,1,1
n6_p50_m0.10_r08,94,1,1
n6_p50_m0.10_r08,95,1,1
n6_p50_m0.10_r08,96,1,1
n6_p50_m0.10_r08,97,1,1
n6_p50_m0.10_r08,98,1,1
n6_p50_m0.10_r08,99,1,1
n6_p50_m0.10_r08,100,1,1
n6_p50_m0.10_r08,101,1,1
n6_p50_m0.10_r08,102,1,1
n6_p50_m0.10_r08,103,1,1
n6_p50_m0.10_r08,104,1,1
n6_p50_m0.10_r08,105,1,1
n6_p50_m0.10_r08,106,1,1
n6_p50_m0.10_r08,107,1,1
n6_p50_m0.10_r08,108,1,1
n6_p50_m0.10_r08,109,1,1
n6_p50_m0.10_r08,110,1,1
n6_p50_m0.10_r08,111,1,1
n6_p50_m0.10_r08,112,1,1
n6_p50_m0.10_r08,113,1,1
n6_p50_m0.10_r08,114,1,1
n6_p50_m0.10_r08,115,1,1
n6_p50_m0.10_r08,116,1,1
n6_p50_m0.10_r08,117,1,1
n6_p50_m0.10_r08,118,1,1
n6_p50_m0.10_r08,119,1,1
n6_p50_m0.10_r08,120,1,1
n6_p50_m0.10_r08,121,1,1
n6_p50_m0.10_r08,122,1,1
n6_p50_m0.10_r08,123,1,1
n6_p50_m0.10_r08,124,1,1
n6_p50_m0.10_r08,125,1,1
n6_p50_m0.10_r08,126,1,1
n6_p50_m0.10_r08,127,1,1
n6_p50_m0.10_r08,128,1,1
n6_p50_m0.10_r08,129,1,1
n6_p50_m0.10_r08,130,1,1
n6_p50_m0.10_r08,131,1,1
n6_p50_m0.10_r08,132,1,1
n6_p50_m0.10_r08,133,1,1
n6_p50_m0.10_r08,134,1,1
n6_p50_m0.10_r08,135,1,1
n6_p50_m0.10_r08,136,1,1
n6_p50_m0.10_r08,137,1,1
n6_p50_m0.10_r08,138,1,1
n6_p50_m0.10_r08,139,1,1
n6_p50_m0.10_r08,140,1,1
n6_p50_m0.10_r08,141,1,1
n6_p50_m0.10_r08,142,1,1
n6_p50_m0.10_r08,143,1,1
n6_p50_m0.10_r08,144,1,1
n6_p50_m0.10_r08,145,1,1
n6_p50_m0.10_r08,146,1,1
n6_p50_m0.10_r08,147,1,1
n6_p50_m0.10_r08,148,1,1
n6_p50_m0.10_r08,149,1,1
n6_p50_m0.10_r08,150,1,1
n6_p50_m0.10_r08,151,1,1
n6_p50_m0.10_r08,152,1,1
n6_p50_m0.10_r08,153,1,1
n6_p50_m0.10_r08,154,1,1
n6_p50_m0.10_r08,155,1,1
n6_p50_m0.10_r08,156,1,1
n6_p50_m0.10_r08,157,1,1
n6_p50_m0.10_r08,158,1,1
n6_p50_m0.10_r08,159,1,1
n6_p50_m0.10_r08,160,1,1
n6_p50_m0.10_r08,161,1,1
n6_p50_m0.10_r08,162,1,1
n6_p50_m0.10_r08,163,1,1
n6_p50_m0.10_r08,164,1,1
n6_p50_m0.10_r08,165,1,1
n6_p50_m0.10_r08,166,1,1
n6_p50_m0.10_r08,167,1,1
n6_p50_m0.10_r08,168,1,1
n6_p50_m0.10_r08,169,1,1
n6_p50_m0.10_r08,170,1,1
n6_p50_m0.10_r08,171,1,1
n6_p50_m0.10_r08,172,1,1
n6_p50_m0.10_r08,173,1,1
n6_p50_m0.10_r08,174,1,1
n6_p50_m0.10_r08,175,1,1
n6_p50_m0.10_r08,176,1,1
n6_p50_m0.10_r08,177,1,1
n6_p50_m0.10_r08,178,1,1
n6_p50_m0.10_r08,179,1,1
n6_p50_m0.10_r08,180,1,1
n6_p50_m0.10_r08,181,1,1
n6_p50_m0.10_r08,182,1,1
n6_p50_m0.10_r08,183,1,1
n6_p50_m0.10_r08,184,1,1
n6_p50_m0.10_r08,185,1,1
n6_p50_m0.10_r08,186,1,1
n6_p50_m0.10_r08,187,1,1
n6_p50_m0.10_r08,188,1,1
n6_p50_m0.10_r08,189,1,1
n6_p50_m0.10_r08,190,1,1
n6_p50_m0.10_r08,191,1,1
n6_p50_m0.10_r08,192,1,1
n6_p50_m0.10_r08,193,1,1
n6_p50_m0.10_r08,194,1,1
n6_p50_m0.10_r08,195,1,1
n6_p50_m0.10_r08,196,1,1
n6_p50_m0.10_r08,197,1,1
n6_p50_m0.10_r08,198,1,1
n6_p50_m0.10_r08,199,1,1
n6_p50_m0.10_r08,200,1,1
n6_p50_m0.10_r08,201,1,1
n6_p50_m0.10_r08,202,1,1
n6_p50_m0.10_r08,203,1,1
n6_p50_m0.10_r08,204,1,1
n6_p50_m0.10_r08,205,1,1
n6_p50_m0.10_r08,206,1,1
n6_p50_m0.10_r08,207,1,1
n6_p50_m0.10_r08,208,1,1
n6_p50_m0.10_r08,209,1,1
n6_p50_m0.10_r08,210,1,1
n6_p50_m0.10_r08,211,1,1
n6_p50_m0.10_r08,212,1,1
n6_p50_m0.10_r08,213,1,1
n6_p50_m0.10_r08,214,1,1
n6_p50_m0.10_r08,215,1,1
n6_p50_m0.10_r08,216,1,1
n6_p50_m0.10_r08,217,1,1
n6_p50_m0.10_r08,218,1,1
n6_p50_m0.10_r08,219,1,1
n6_p50_m0.10_r08,220,1,1
n6_p50_m0.10_r08,221,1,1
n6_p50_m0.10_r08,222,1,1
n6_p50_m0.10_r08,223,1,1
n6_p50_m0.10_r08,224,1,1
n6_p50_m0.10_r08,225,1,1
n6_p50_m0.10_r08,226,1,1
n6_p50_m0.10_r08,227,1,1
n6_p50_m0.10_r08,228,1,1
n6_p50_m0.10_r08,229,1,1
n6_p50_m0.10_r08,230,1,1
n6_p50_m0.10_r08,231,1,1
n6_p50_m0.10_r08,232,1,1
n6_p50_m0.10_r08,233,1,1
n6_p50_m0.10_r08,234,1,1
n6_p50_m0.10_r08,235,1,1
n6_p50_m0.10_r08,236,1,1
n6_p50_m0.10_r08,237,1,1
n6_p50_m0.10_r08,238,1,1
n6_p50_m0.10_r08,239,1,1
n6_p50_m0.10_r08,240,1,1
n6_p50_m0.10_r08,241,1,1
n6_p50_m0.10_r08,242,1,1
n6_p50_m0.10_r08,243,1,1
n6_p50_m0.10_r08,244,1,1
n6_p50_m0.10_r08,245,1,1
n6_p50_m0.10_r08,246,1,1
n6_p50_m0.10_r08,247,1,1
n6_p50_m0.10_r08,248,1,1
n6_p50_m0.10_r08,249,1,1
n6_p50_m0.10_r08,250,1,1
n6_p50_m0.10_r08,251,1,1
n6_p50_m0.10_r08,252,1,1
n6_p50_m0.10_r08,253,1,1
n6_p50_m0.10_r08,254,1,1
n6_p50_m0.10_r08,255,1,1
n6_p50_m0.10_r08,256,1,1
n6_p50_m0.10_r08,257,1,1
n6_p50_m0.10_r08,258,1,1
n6_p50_m0.10_r08,259,1,1
n6_p50_m0.10_r08,260,1,1
n6_p50_m0.10_r08,261,1,1
n6_p50_m0.10_r08,262,1,1
n6_p50_m0.10_r08,263,1,1
n6_p50_m0.10_r08,264,1,1
n6_p50_m0.10_r08,265,1,1
n6_p50_m0.10_r08,266,1,1
n6_p50_m0.10_r08,267,1,1
n6_p50_m0.10_r08,268,1,1
n6_p50_m0.10_r08,269,1,1
n6_p50_m0.10_r08,270,1,1
n6_p50_m0.10_r08,271,1,1
n6_p50_m0.10_r08,272,1,1
n6_p50_m0.10_r08,273,1,1
n6_p50_m0.10_r08,274,1,1
n6_p50_m0.10_r08,275,1,1
n6_p50_m0.10_r08,276,1,1
n6_p50_m0.10_r08,277,1,1
n6_p50_m0.10_r08,278,1,1
n6_p50_m0.10_r08,279,1,1
n6_p50_m0.10_r08,280,1,1
n6_p50_m0.10_r08,281,1,1
n6_p50_m0.10_r08,282,1,1
n6_p50_m0.10_r08,283,1,1
n6_p50_m0.10_r08,284,1,1
n6_p50_m0.10_r08,285,1,1
n6_p50_m0.10_r08,286,1,1
n6_p50_m0.10_r08,287,1,1
n6_p50_m0.10_r08,288,1,1
n6_p50_m0.10_r08,289,1,1
n6_p50_m0.10_r08,290,1,1
n6_p50_m0.10_r08,291,1,1
n6_p50_m0.10_r08,292,1,1
n6_p50_m0.10_r08,293,1,1
n6_p50_m0.10_r08,294,1,1
n6_p50_m0.10_r08,295,1,1
n6_p50_m0.10_r08,296,1,1
n6_p50_m0.10_r08,297,1,1
n6_p50_m0.10_r08,298,1,1
n6_p50_m0.10_r08,299,1,1
n6_p50_m0.10_r08,300,1,1
n6_p50_m0.10_r08,301,1,1
n6_p50_m0.10_r08,302,1,1
n6_p50_m0.10_r08,303,1,1
n6_p50_m0.10_r08,304,1,1
n6_p50_m0.10_r08,305,1,1
n6_p50_m0.10_r08,306,1,1
n6_p50_m0.10_r08,307,1,1
n6_p50_m0.10_r08,308,1,1
n6_p50_m0.10_r08,309,1,1
n6_p50_m0.10_r08,310,1,1
n6_p50_m0.10_r08,311,1,1
n6_p50_m0.10_r08,312,1,1
n6_p50_m0.10_r08,313,1,1
n6_p50_m0.10_r08,314,1,1
n6_p50_m0.10_r08,315,1,1
n6_p50_m0.10_r08,316,1,1
n6_p50_m0.10_r08,317,1,1
n6_p50_m0.10_r08,318,1,1
n6_p50_m0.10_r08,319,1,1
n6_p50_m0.10_r08,320,1,1
n6_p50_m0.10_r08,321,1,1
n6_p50_m0.10_r08,322,1,1
n6_p50_m0.10_r08,323,1,1
n6_p50_m0.10_r08,324,1,1
n6_p50_m0.10_r08,325,1,1
n6_p50_m0.10_r08,326,1,1
n6_p50_m0.10_r08,327,1,1
n6_p50_m0.10_r08,328,1,1
n6_p50_m0.10_r08,329,1,1
n6_p50_m0.10_r08,330,1,1
n6_p50_m0.10_r08,331,1,1
n6_p50_m0.10_r08,332,1,1
n6_p50_m0.10_r08,333,1,1
n6_p50_m0.10_r08,334,1,1
n6_p50_m0.10_r08,335,1,1
n6_p50_m0.10_r08,336,1,1
n6_p50_m0.10_r08,337,1,1
n6_p50_m0.10_r08,338,1,1
n6_p50_m0.10_r08,339,1,1
n6_p50_m0.10_r08,340,1,1
n6_p50_m0.10_r08,341,1,1
n6_p50_m0.10_r08,342,1,1
n6_p50_m0.10_r08,343,1,1
n6_p50_m0.10_r08,344,1,1
n6_p50_m0.10_r08,345,1,1
n6_p50_m0.10_r08,346,1,1
n6_p50_m0.10_r08,347,1,1
n6_p50_m0.10_r08,348,1,1
n6_p50_m0.10_r08,349,1,1
n6_p50_m0.10_r08,350,1,1
n6_p50_m0.10_r08,351,1,1
n6_p50_m0.10_r08,352,1,1
n6_p50_m0.10_r08,353,1,1
n6_p50_m0.10_r08,354,1,1
n6_p50_m0.10_r08,355,1,1
n6_p50_m0.10_r08,356,1,1
n6_p50_m0.10_r08,357,1,1
n6_p50_m0.10_r08,358,1,1
n6_p50_m0.10_r08,359,1,1
n6_p50_m0.10_r08,360,1,1
n6_p50_m0.10_r08,361,1,1
n6_p50_m0.10_r08,362,1,1
n6_p50_m0.10_r08,363,1,1
n6_p50_m0.10_r08,364,1,1
n6_p50_m0.10_r08,365,1,1
n6_p50_m0.10_r08,366,1,1
n6_p50_m0.10_r08,367,1,1
n6_p50_m0.10_r08,368,1,1
n6_p50_m0.10_r08,369,1,1
n6_p50_m0.10_r08,370,1,1
n6_p50_m0.10_r08,371,1,1
n6_p50_m0.10_r08,372,1,1
n6_p50_m0.10_r08,373,1,1
n6_p50_m0.10_r08,374,1,1
n6_p50_m0.10_r08,375,1,1
n6_p50_m0.10_r08,376,1,1
n6_p50_m0.10_r08,377,1,1
n6_p50_m0.10_r08,378,1,1
n6_p50_m0.10_r08,379,1,1
n6_p50_m0.10_r08,380,1,1
n6_p50_m0.10_r08,381,1,1
n6_p50_m0.10_r08,382,1,1
n6_p50_m0.10_r08,383,1,1
n6_p50_m0.10_r08,384,1,1
n6_p50_m0.10_r08,385,1,1
n6_p50_m0.10_r08,386,1,1
n6_p50_m0.10_r08,387,1,1
n6_p50_m0.10_r08,388,1,1
n6_p50_m0.10_r08,389,1,1
n6_p50_m0.10_r08,390,1,1
n6_p50_m0.10_r08,391,1,1
n6_p50_m0.10_r08,392,1,1
n6_p50_m0.10_r08,393,1,1
n6_p50_m0.10_r08,394,1,1
n6_p50_m0.10_r08,395,1,1
n6_p50_m0.10_r08,396,1,1
n6_p50_m0.10_r08,397,1,1
n6_p50_m0.10_r08,398,1,1
n6_p50_m0.10_r08,399,1,1
n6_p50_m0.10_r08,400,1,1
n6_p50_m0.10_r08,401,1,1
n6_p50_m0.10_r08,402,1,1
n6_p50_m0.10_r08,403,1,1
n6_p50_m0.10_r08,404,1,1
n6_p50_m0.10_r08,405,1,1
n6_p50_m0.10_r08,406,1,1
n6_p50_m0.10_r08,407,1,1
n6_p50_m0.10_r08,408,1,1
n6_p50_m0.10_r08,409,1,1
n6_p50_m0.10_r08,410,1,1
n6_p50_m0.10_r08,411,1,1
n6_p50_m0.10_r08,412,1,1
n6_p50_m0.10_r08,413,1,1
n6_p50_m0.10_r08,414,1,1
n6_p50_m0.10_r08,415,1,1
n6_p50_m0.10_r08,416,1,1
n6_p50_m0.10_r08,417,1,1
n6_p50_m0.10_r08,418,1,1
n6_p50_m0.10_r08,419,1,1
n6_p50_m0.10_r08,420,1,1
n6_p50_m0.10_r08,421,1,1
n6_p50_m0.10_r08,422,1,1
n6_p50_m0.10_r08,423,1,1
n6_p50_m0.10_r08,424,1,1
n6_p50_m0.10_r08,425,1,1
n6_p50_m0.10_r08,426,1,1
n6_p50_m0.10_r08,427,1,1
n6_p50_m0.10_r08,428,1,1
n6_p50_m0.10_r08,429,1,1
n6_p50_m0.10_r08,430,1,1
n6_p50_m0.10_r08,431,1,1
n6_p50_m0.10_r08,432,1,1
n6_p50_m0.10_r08,433,1,1
n6_p50_m0.10_r08,434,1,1
n6_p50_m0.10_r08,435,1,1
n6_p50_m0.10_r08,436,1,1
n6_p50_m0.10_r08,437,1,1
n6_p50_m0.10_r08,438,1,1
n6_p50_m0.10_r08,439,1,1
n6_p50_m0.10_r08,440,1,1
n6_p50_m0.10_r08,441,1,1
n6_p50_m0.10_r08,442,1,1
n6_p50_m0.10_r08,443,1,1
n6_p50_m0.10_r08,444,1,1
n6_p50_m0.10_r08,445,1,1
n6_p50_m0.10_r08,446,1,1
n6_p50_m0.10_r08,447,1,1
n6_p50_m0.10_r08,448,1,1
n6_p50_m0.10_r08,449,1,1
n6_p50_m0.10_r08,450,1,1
n6_p50_m0.10_r08,451,1,1
n6_p50_m0.10_r08,452,1,1
n6_p50_m0.10_r08,453,1,1
n6_p50_m0.10_r08,454,1,1
n6_p50_m0.10_r08,455,1,1
n6_p50_m0.10_r08,456,1,1
n6_p50_m0.10_r08,457,1,1
n6_p50_m0.10_r08,458,1,1
n6_p50_m0.10_r08,459,1,1
n6_p50_m0.10_r08,460,1,1
n6_p50_m0.10_r08,461,1,1
n6_p50_m0.10_r08,462,1,1
n6_p50_m0.10_r08,463,1,1
n6_p50_m0.10_r08,464,1,1
n6_p50_m0.10_r08,465,1,1
n6_p50_m0.10_r08,466,1,1
n6_p50_m0.10_r08,467,1,1
n6_p50_m0.10_r08,468,1,1
n6_p50_m0.10_r08,469,1,1
n6_p50_m0.10_r08,470,1,1
n6_p50_m0.10_r08,471,1,1
n6_p50_m0.10_r08,472,1,1
n6_p50_m0.10_r08,473,1,1
n6_p50_m0.10_r08,474,1,1
n6_p50_m0.10_r08,475,1,1
n6_p50_m0.10_r08,476,1,1
n6_p50_m0.10_r08,477,1,1
n6_p50_m0.10_r08,478,1,1
n6_p50_m0.10_r08,479,1,1
n6_p50_m0.10_r08,480,1,1
n6_p50_m0.10_r08,481,1,1
n6_p50_m0.10_r08,482,1,1
n6_p50_m0.10_r08,483,1,1
n6_p50_m0.10_r08,484,1,1
n6_p50_m0.10_r08,485,1,1
n6_p50_m0.10_r08,486,1,1
n6_p50_m0.10_r08,487,1,1
n6_p50_m0.10_r08,488,1,1
n6_p50_m0.10_r08,489,1,1
n6_p50_m0.10_r08,490,1,1
n6_p50_m0.10_r08,491,1,1
n6_p50_m0.10_r08,492,1,1
n6_p50_m0.10_r08,493,1,1
n6_p50_m0.10_r08,494,1,1
n6_p50_m0.10_r08,495,1,1
n6_p50_m0.10_r08,496,1,1
n6_p50_m0.10_r08,497,1,1
n6_p50_m0.10_r08,498,1,1
n6_p50_m0.10_r08,499,1,1
n6_p50_m0.10_r08,500,1,1
n6_p50_m0.10_r09,0,0,0
n6_p50_m0.10_r10,0,1,1
n6_p50_m0.10_r10,1,0,0
n6_p50_m0.20_r01,0,1,1
n6_p50_m0.20_r01,1,1,1
n6_p50_m0.20_r01,2,1,1
n6_p50_m0.20_r01,3,1,1
n6_p50_m0.20_r01,4,1,1
n6_p50_m0.20_r01,5,1,1
n6_p50_m0.20_r01,6,1,1
n6_p50_m0.20_r01,7,1,1
n6_p50_m0.20_r01,8,1,1
n6_p50_m0.20_r01,9,1,1
n6_p50_m0.20_r01,10,1,1
n6_p50_m0.20_r01,11,1,1
n6_p50_m0.20_r01,12,1,1
n6_p50_m0.20_r01,13,1,1
n6_p50_m0.20_r01,14,1,1
n6_p50_m0.20_r01,15,1,1
n6_p50_m0.20_r01,16,1,1
n6_p50_m0.20_r01,17,1,1
n6_p50_m0.20_r01,18,1,1
n6_p50_m0.20_r01,19,1,1
n6_p50_m0.20_r01,20,1,1
n6_p50_m0.20_r01,21,1,1
n6_p50_m0.20_r01,22,1,1
n6_p50_m0.20_r01,23,1,1
n6_p50_m0.20_r01,24,1,1
n6_p50_m0.20_r01,25,1,1
n6_p50_m0.20_r01,26,1,1
n6_p50_m0.20_r01,27,1,1
n6_p50_m0.20_r01,28,1,1
n6_p50_m0.20_r01,29,1,1
n6_p50_m0.20_r01,30,1,1
n6_p50_m0.20_r01,31,1,1
n6_p50_m0.20_r01,32,1,1
n6_p50_m0.20_r01,33,1,1
n6_p50_m0.20_r01,34,1,1
n6_p50_m0.20_r01,35,1,1
n6_p50_m0.20_r01,36,1,1
n6_p50_m0.20_r01,37,1,1
n6_p50_m0.20_r01,38,1,1
n6_p50_m0.20_r01,39,1,1
n6_p50_m0.20_r01,40,1,1
n6_p50_m0.20_r01,41,1,1
n6_p50_m0.20_r01,42,1,1
n6_p50_m0.20_r01,43,1,1
n6_p50_m0.20_r01,44,1,1
n6_p50_m0.20_r01,45,1,1
n6_p50_m0.20_r01,46,1,1
n6_p50_m0.20_r01,47,1,1
n6_p50_m0.20_r01,48,1,1
n6_p50_m0.20_r01,49,1,1
n6_p50_m0.20_r01,50,1,1
n6_p50_m0.20_r01,51,1,1
n6_p50_m0.20_r01,52,1,1
n6_p50_m0.20_r01,53,1,1
n6_p50_m0.20_r01,54,1,1
n6_p50_m0.20_r01,55,1,1
n6_p50_m0.20_r01,56,1,1
n6_p50_m0.20_r01,57,1,1
n6_p50_m0.20_r01,58,1,1
n6_p50_m0.20_r01,59,1,1
n6_p50_m0.20_r01,60,1,1
n6_p50_m0.20_r01,61,1,1
n6_p50_m0.20_r01,62,1,1
n6_p50_m0.20_r01,63,1,1
n6_p50_m0.20_r01,64,1,1
n6_p50_m0.20_r01,65,1,1
n6_p50_m0.20_r01,66,1,1
n6_p50_m0.20_r01,67,1,1
n6_p50_m0.20_r01,68,1,1
n6_p50_m0.20_r01,69,1,1
n6_p50_m0.20_r01,70,1,1
n6_p50_m0.20_r01,71,1,1
n6_p50_m0.20_r01,72,1,1
n6_p50_m0.20_r01,73,1,1
n6_p50_m0.20_r01,74,1,1
n6_p50_m0.20_r01,75,1,1
n6_p50_m0.20_r01,76,1,1
n6_p50_m0.20_r01,77,1,1
n6_p50_m0.20_r01,78,1,1
n6_p50_m0.20_r01,79,1,1
n6_p50_m0.20_r01,80,1,1
n6_p50_m0.20_r01,81,1,1
n6_p50_m0.20_r01,82,1,1
n6_p50_m0.20_r01,83,1,1
n6_p50_m0.20_r01,84,1,1
n6_p50_m0.20_r01,85,1,1
n6_p50_m0.20_r01,86,1,1
n6_p50_m0.20_r01,87,1,1
n6_p50_m0.20_r01,88,1,1
n6_p50_m0.20_r01,89,1,1
n6_p50_m0.20_r01,90,1,1
n6_p50_m0.20_r01,91,1,1
n6_p50_m0.20_r01,92,1,1
n6_p50_m0.20_r01,93,1,1
n6_p50_m0.20_r01,94,1,1
n6_p50_m0.20_r01,95,1,1
n6_p50_m0.20_r01,96,1,1
n6_p50_m0.20_r01,97,1,1
n6_p50_m0.20_r01,98,1,1
n6_p50_m0.20_r01,99,1,1
n6_p50_m0.20_r01,100,1,1
n6_p50_m0.20_r01,101,1,1
n6_p50_m0.20_r01,102,1,1
n6_p50_m0.20_r01,103,1,1
n6_p50_m0.20_r01,104,1,1
n6_p50_m0.20_r01,105,1,1
n6_p50_m0.20_r01,106,1,1
n6_p50_m0.20_r01,107,1,1
n6_p50_m0.20_r01,108,1,1
n6_p50_m0.20_r01,109,1,1
n6_p50_m0.20_r01,110,1,1
n6_p50_m0.20_r01,111,1,1
n6_p50_m0.20_r01,112,1,1
n6_p50_m0.20_r01,113,1,1
n6_p50_m0.20_r01,114,1,1
n6_p50_m0.20_r01,115,1,1
n6_p50_m0.20_r01,116,1,1
n6_p50_m0.20_r01,117,1,1
n6_p50_m0.20_r01,118,1,1
n6_p50_m0.20_r01,119,1,1
n6_p50_m0.20_r01,120,1,1
n6_p50_m0.20_r01,121,1,1
n6_p50_m0.20_r01,122,1,1
n6_p50_m0.20_r01,123,1,1
n6_p50_m0.20_r01,124,1,1
n6_p50_m0.20_r01,125,1,1
n6_p50_m0.20_r01,126,1,1
n6_p50_m0.20_r01,127,1,1
n6_p50_m0.20_r01,128,1,1
n6_p50_m0.20_r01,129,1,1
n6_p50_m0.20_r01,130,1,1
n6_p50_m0.20_r01,131,1,1
n6_p50_m0.20_r01,132,1,1
n6_p50_m0.20_r01,133,1,1
n6_p50_m0.20_r01,134,1,1
n6_p50_m0.20_r01,135,1,1
n6_p50_m0.20_r01,136,1,1
n6_p50_m0.20_r01,137,1,1
n6_p50_m0.20_r01,138,1,1
n6_p50_m0.20_r01,139,1,1
n6_p50_m0.20_r01,140,1,1
n6_p50_m0.20_r01,141,1,1
n6_p50_m0.20_r01,142,1,1
n6_p50_m0.20_r01,143,1,1
n6_p50_m0.20_r01,144,1,1
n6_p50_m0.20_r01,145,1,1
n6_p50_m0.20_r01,146,1,1
n6_p50_m0.20_r01,147,1,1
n6_p50_m0.20_r01,148,1,1
n6_p50_m0.20_r01,149,1,1
n6_p50_m0.20_r01,150,1,1
n6_p50_m0.20_r01,151,1,1
n6_p50_m0.20_r01,152,1,1
n6_p50_m0.20_r01,153,1,1
n6_p50_m0.20_r01,154,1,1
n6_p50_m0.20_r01,155,1,1
n6_p50_m0.20_r01,156,1,1
n6_p50_m0.20_r01,157,1,1
n6_p50_m0.20_r01,158,1,1
n6_p50_m0.20_r01,159,1,1
n6_p50_m0.20_r01,160,1,1
n6_p50_m0.20_r01,161,1,1
n6_p50_m0.20_r01,162,1,1
n6_p50_m0.20_r01,163,1,1
n6_p50_m0.20_r01,164,1,1
n6_p50_m0.20_r01,165,1,1
n6_p50_m0.20_r01,166,1,1
n6_p50_m0.20_r01,167,1,1
n6_p50_m0.20_r01,168,1,1
n6_p50_m0.20_r01,169,1,1
n6_p50_m0.20_r01,170,1,1
n6_p50_m0.20_r01,171,1,1
n6_p50_m0.20_r01,172,1,1
n6_p50_m0.20_r01,173,1,1
n6_p50_m0.20_r01,174,1,1
n6_p50_m0.20_r01,175,1,1
n6_p50_m0.20_r01,176,1,1
n6_p50_m0.20_r01,177,1,1
n6_p50_m0.20_r01,178,1,1
n6_p50_m0.20_r01,179,1,1
n6_p50_m0.20_r01,180,1,1
n6_p50_m0.20_r01,181,1,1
n6_p50_m0.20_r01,182,1,1
n6_p50_m0.20_r01,183,1,1
n6_p50_m0.20_r01,184,1,1
n6_p50_m0.20_r01,185,1,1
n6_p50_m0.20_r01,186,1,1
n6_p50_m0.20_r01,187,1,1
n6_p50_m0.20_r01,188,1,1
n6_p50_m0.20_r01,189,1,1
n6_p50_m0.20_r01,190,1,1
n6_p50_m0.20_r01,191,1,1
n6_p50_m0.20_r01,192,1,1
n6_p50_m0.20_r01,193,1,1
n6_p50_m0.20_r01,194,1,1
n6_p50_m0.20_r01,195,1,1
n6_p50_m0.20_r01,196,1,1
n6_p50_m0.20_r01,197,1,1
n6_p50_m0.20_r01,198,1,1
n6_p50_m0.20_r01,199,1,1
n6_p50_m0.20_r01,200,1,1
n6_p50_m0.20_r01,201,1,1
n6_p50_m0.20_r01,202,1,1
n6_p50_m0.20_r01,203,1,1
n6_p50_m0.20_r01,204,1,1
n6_p50_m0.20_r01,205,1,1
n6_p50_m0.20_r01,206,1,1
n6_p50_m0.20_r01,207,1,1
n6_p50_m0.20_r01,208,1,1
n6_p50_m0.20_r01,209,1,1
n6_p50_m0.20_r01,210,1,1
n6_p50_m0.20_r01,211,1,1
n6_p50_m0.20_r01,212,1,1
n6_p50_m0.20_r01,213,1,1
n6_p50_m0.20_r01,214,1,1
n6_p50_m0.20_r01,215,1,1
n6_p50_m0.20_r01,216,1,1
n6_p50_m0.20_r01,217,1,1
n6_p50_m0.20_r01,218,1,1
n6_p50_m0.20_r01,219,1,1
n6_p50_m0.20_r01,220,1,1
n6_p50_m0.20_r01,221,1,1
n6_p50_m0.20_r01,222,1,1
n6_p50_m0.20_r01,223,1,1
n6_p50_m0.20_r01,224,1,1
n6_p50_m0.20_r01,225,1,1
n6_p50_m0.20_r01,226,1,1
n6_p50_m0.20_r01,227,1,1
n6_p50_m0.20_r01,228,1,1
n6_p50_m0.20_r01,229,1,1
n6_p50_m0.20_r01,230,1,1
n6_p50_m0.20_r01,231,1,1
n6_p50_m0.20_r01,232,1,1
n6_p50_m0.20_r01,233,1,1
n6_p50_m0.20_r01,234,1,1
n6_p50_m0.20_r01,235,1,1
n6_p50_m0.20_r01,236,1,1
n6_p50_m0.20_r01,237,1,1
n6_p50_m0.20_r01,238,1,1
n6_p50_m0.20_r01,239,1,1
n6_p50_m0.20_r01,240,1,1
n6_p50_m0.20_r01,241,1,1
n6_p50_m0.20_r01,242,1,1
n6_p50_m0.20_r01,243,1,1
n6_p50_m0.20_r01,244,1,1
n6_p50_m0.20_r01,245,1,1
n6_p50_m0.20_r01,246,1,1
n6_p50_m0.20_r01,247,1,1
n6_p50_m0.20_r01,248,1,1
n6_p50_m0.20_r01,249,1,1
n6_p50_m0.20_r01,250,1,1
n6_p50_m0.20_r01,251,1,1
n6_p50_m0.20_r01,252,1,1
n6_p50_m0.20_r01,253,1,1
n6_p50_m0.20_r01,254,1,1
n6_p50_m0.20_r01,255,1,1
n6_p50_m0.20_r01,256,1,1
n6_p50_m0.20_r01,257,1,1
n6_p50_m0.20_r01,258,1,1
n6_p50_m0.20_r01,259,1,1
n6_p50_m0.20_r01,260,1,1
n6_p50_m0.20_r01,261,1,1
n6_p50_m0.20_r01,262,1,1
n6_p50_m0.20_r01,263,1,1
n6_p50_m0.20_r01,264,1,1
n6_p50_m0.20_r01,265,1,1
n6_p50_m0.20_r01,266,1,1
n6_p50_m0.20_r01,267,1,1
n6_p50_m0.20_r01,268,1,1
n6_p50_m0.20_r01,269,1,1
n6_p50_m0.20_r01,270,1,1
n6_p50_m0.20_r01,271,1,1
n6_p50_m0.20_r01,272,1,1
n6_p50_m0.20_r01,273,1,1
n6_p50_m0.20_r01,274,1,1
n6_p50_m0.20_r01,275,1,1
n6_p50_m0.20_r01,276,1,1
n6_p50_m0.20_r01,277,1,1
n6_p50_m0.20_r01,278,1,1
n6_p50_m0.20_r01,279,1,1
n6_p50_m0.20_r01,280,1,1
n6_p50_m0.20_r01,281,1,1
n6_p50_m0.20_r01,282,1,1
n6_p50_m0.20_r01,283,1,1
n6_p50_m0.20_r01,284,1,1
n6_p50_m0.20_r01,285,1,1
n6_p50_m0.20_r01,286,1,1
n6_p50_m0.20_r01,287,1,1
n6_p50_m0.20_r01,288,1,1
n6_p50_m0.20_r01,289,1,1
n6_p50_m0.20_r01,290,1,1
n6_p50_m0.20_r01,291,1,1
n6_p50_m0.20_r01,292,1,1
n6_p50_m0.20_r01,293,1,1
n6_p50_m0.20_r01,294,1,1
n6_p50_m0.20_r01,295,1,1
n6_p50_m0.20_r01,296,1,1
n6_p50_m0.20_r01,297,1,1
n6_p50_m0.20_r01,298,1,1
n6_p50_m0.20_r01,299,1,1
n6_p50_m0.20_r01,300,1,1
n6_p50_m0.20_r01,301,1,1
n6_p50_m0.20_r01,302,1,1
n6_p50_m0.20_r01,303,1,1
n6_p50_m0.20_r01,304,1,1
n6_p50_m0.20_r01,305,1,1
n6_p50_m0.20_r01,306,1,1
n6_p50_m0.20_r01,307,1,1
n6_p50_m0.20_r01,308,1,1
n6_p50_m0.20_r01,309,1,1
n6_p50_m0.20_r01,310,1,1
n6_p50_m0.20_r01,311,1,1
n6_p50_m0.20_r01,312,1,1
n6_p50_m0.20_r01,313,1,1
n6_p50_m0.20_r01,314,1,1
n6_p50_m0.20_r01,315,1,1
n6_p50_m0.20_r01,316,1,1
n6_p50_m0.20_r01,317,1,1
n6_p50_m0.20_r01,318,1,1
n6_p50_m0.20_r01,319,1,1
n6_p50_m0.20_r01,320,1,1
n6_p50_m0.20_r01,321,1,1
n6_p50_m0.20_r01,322,1,1
n6_p50_m0.20_r01,323,1,1
n6_p50_m0.20_r01,324,1,1
n6_p50_m0.20_r01,325,1,1
n6_p50_m0.20_r01,326,1,1
n6_p50_m0.20_r01,327,1,1
n6_p50_m0.20_r01,328,1,1
n6_p50_m0.20_r01,329,1,1
n6_p50_m0.20_r01,330,1,1
n6_p50_m0.20_r01,331,1,1
n6_p50_m0.20_r01,332,1,1
n6_p50_m0.20_r01,333,1,1
n6_p50_m0.20_r01,334,1,1
n6_p50_m0.20_r01,335,1,1
n6_p50_m0.20_r01,336,1,1
n6_p50_m0.20_r01,337,1,1
n6_p50_m0.20_r01,338,1,1
n6_p50_m0.20_r01,339,1,1
n6_p50_m0.20_r01,340,1,1
n6_p50_m0.20_r01,341,1,1
n6_p50_m0.20_r01,342,1,1
n6_p50_m0.20_r01,343,1,1
n6_p50_m0.20_r01,344,1,1
n6_p50_m0.20_r01,345,1,1
n6_p50_m0.20_r01,346,1,1
n6_p50_m0.20_r01,347,1,1
n6_p50_m0.20_r01,348,1,1
n6_p50_m0.20_r01,349,1,1
n6_p50_m0.20_r01,350,1,1
n6_p50_m0.20_r01,351,1,1
n6_p50_m0.20_r01,352,1,1
n6_p50_m0.20_r01,353,1,1
n6_p50_m0.20_r01,354,1,1
n6_p50_m0.20_r01,355,1,1
n6_p50_m0.20_r01,356,1,1
n6_p50_m0.20_r01,357,1,1
n6_p50_m0.20_r01,358,1,1
n6_p50_m0.20_r01,359,1,1
n6_p50_m0.20_r01,360,1,1
n6_p50_m0.20_r01,361,1,1
n6_p50_m0.20_r01,362,1,1
n6_p50_m0.20_r01,363,1,1
n6_p50_m0.20_r01,364,1,1
n6_p50_m0.20_r01,365,1,1
n6_p50_m0.20_r01,366,1,1
n6_p50_m0.20_r01,367,1,1
n6_p50_m0.20_r01,368,1,1
n6_p50_m0.20_r01,369,1,1
n6_p50_m0.20_r01,370,1,1
n6_p50_m0.20_r01,371,1,1
n6_p50_m0.20_r01,372,1,1
n6_p50_m0.20_r01,373,1,1
n6_p50_m0.20_r01,374,1,1
n6_p50_m0.20_r01,375,1,1
n6_p50_m0.20_r01,376,1,1
n6_p50_m0.20_r01,377,1,1
n6_p50_m0.20_r01,378,1,1
n6_p50_m0.20_r01,379,1,1
n6_p50_m0.20_r01,380,1,1
n6_p50_m0.20_r01,381,1,1
n6_p50_m0.20_r01,382,1,1
n6_p50_m0.20_r01,383,1,1
n6_p50_m0.20_r01,384,1,1
n6_p50_m0.20_r01,385,1,1
n6_p50_m0.20_r01,386,1,1
n6_p50_m0.20_r01,387,1,1
n6_p50_m0.20_r01,388,1,1
n6_p50_m0.20_r01,389,1,1
n6_p50_m0.20_r01,390,1,1
n6_p50_m0.20_r01,391,1,1
n6_p50_m0.20_r01,392,1,1
n6_p50_m0.20_r01,393,1,1
n6_p50_m0.20_r01,394,1,1
n6_p50_m0.20_r01,395,1,1
n6_p50_m0.20_r01,396,1,1
n6_p50_m0.20_r01,397,1,1
n6_p50_m0.20_r01,398,1,1
n6_p50_m0.20_r01,399,1,1
n6_p50_m0.20_r01,400,1,1
n6_p50_m0.20_r01,401,1,1
n6_p50_m0.20_r01,402,1,1
n6_p50_m0.20_r01,403,1,1
n6_p50_m0.20_r01,404,1,1
n6_p50_m0.20_r01,405,1,1
n6_p50_m0.20_r01,406,1,1
n6_p50_m0.20_r01,407,1,1
n6_p50_m0.20_r01,408,1,1
n6_p50_m0.20_r01,409,1,1
n6_p50_m0.20_r01,410,1,1
n6_p50_m0.20_r01,411,1,1
n6_p50_m0.20_r01,412,1,1
n6_p50_m0.20_r01,413,1,1
n6_p50_m0.20_r01,414,1,1
n6_p50_m0.20_r01,415,1,1
n6_p50_m0.20_r01,416,1,1
n6_p50_m0.20_r01,417,1,1
n6_p50_m0.20_r01,418,1,1
n6_p50_m0.20_r01,419,1,1
n6_p50_m0.20_r01,420,1,1
n6_p50_m0.20_r01,421,1,1
n6_p50_m0.20_r01,422,1,1
n6_p50_m0.20_r01,423,1,1
n6_p50_m0.20_r01,424,1,1
n6_p50_m0.20_r01,425,1,1
n6_p50_m0.20_r01,426,1,1
n6_p50_m0.20_r01,427,1,1
n6_p50_m0.20_r01,428,1,1
n6_p50_m0.20_r01,429,1,1
n6_p50_m0.20_r01,430,1,1
n6_p50_m0.20_r01,431,1,1
n6_p50_m0.20_r01,432,1,1
n6_p50_m0.20_r01,433,1,1
n6_p50_m0.20_r01,434,1,1
n6_p50_m0.20_r01,435,1,1
n6_p50_m0.20_r01,436,1,1
n6_p50_m0.20_r01,437,1,1
n6_p50_m0.20_r01,438,1,1
n6_p50_m0.20_r01,439,1,1
n6_p50_m0.20_r01,440,1,1
n6_p50_m0.20_r01,441,1,1
n6_p50_m0.20_r01,442,1,1
n6_p50_m0.20_r01,443,1,1
n6_p50_m0.20_r01,444,1,1
n6_p50_m0.20_r01,445,1,1
n6_p50_m0.20_r01,446,1,1
n6_p50_m0.20_r01,447,1,1
n6_p50_m0.20_r01,448,1,1
n6_p50_m0.20_r01,449,1,1
n6_p50_m0.20_r01,450,1,1
n6_p50_m0.20_r01,451,1,1
n6_p50_m0.20_r01,452,1,1
n6_p50_m0.20_r01,453,1,1
n6_p50_m0.20_r01,454,1,1
n6_p50_m0.20_r01,455,1,1
n6_p50_m0.20_r01,456,1,1
n6_p50_m0.20_r01,457,1,1
n6_p50_m0.20_r01,458,1,1
n6_p50_m0.20_r01,459,1,1
n6_p50_m0.20_r01,460,1,1
n6_p50_m0.20_r01,461,1,1
n6_p50_m0.20_r01,462,1,1
n6_p50_m0.20_r01,463,1,1
n6_p50_m0.20_r01,464,1,1
n6_p50_m0.20_r01,465,1,1
n6_p50_m0.20_r01,466,1,1
n6_p50_m0.20_r01,467,1,1
n6_p50_m0.20_r01,468,1,1
n6_p50_m0.20_r01,469,1,1
n6_p50_m0.20_r01,470,1,1
n6_p50_m0.20_r01,471,1,1
n6_p50_m0.20_r01,472,1,1
n6_p50_m0.20_r01,473,1,1
n6_p50_m0.20_r01,474,1,1
n6_p50_m0.20_r01,475,1,1
n6_p50_m0.20_r01,476,1,1
n6_p50_m0.20_r01,477,1,1
n6_p50_m0.20_r01,478,1,1
n6_p50_m0.20_r01,479,1,1
n6_p50_m0.20_r01,480,1,1
n6_p50_m0.20_r01,481,1,1
n6_p50_m0.20_r01,482,1,1
n6_p50_m0.20_r01,483,1,1
n6_p50_m0.20_r01,484,1,1
n6_p50_m0.20_r01,485,1,1
n6_p50_m0.20_r01,486,1,1
n6_p50_m0.20_r01,487,1,1
n6_p50_m0.20_r01,488,1,1
n6_p50_m0.20_r01,489,1,1
n6_p50_m0.20_r01,490,1,1
n6_p50_m0.20_r01,491,1,1
n6_p50_m0.20_r01,492,1,1
n6_p50_m0.20_r01,493,1,1
n6_p50_m0.20_r01,494,1,1
n6_p50_m0.20_r01,495,1,1
n6_p50_m0.20_r01,496,1,1
n6_p50_m0.20_r01,497,1,1
n6_p50_m0.20_r01,498,1,1
n6_p50_m0.20_r01,499,1,1
n6_p50_m0.20_r01,500,1,1
n6_p50_m0.20_r02,0,1,1
n6_p50_m0.20_r02,1,0,0
n6_p50_m0.20_r03,0,1,1
n6_p50_m0.20_r03,1,1,1
n6_p50_m0.20_r03,2,1,1
n6_p50_m0.20_r03,3,0,0
n6_p50_m0.20_r04,0,0,0
n6_p50_m0.20_r05,0,1,1
n6_p50_m0.20_r05,1,1,1
n6_p50_m0.20_r05,2,1,1
n6_p50_m0.20_r05,3,1,1
n6_p50_m0.20_r05,4,1,1
n6_p50_m0.20_r05,5,1,1
n6_p50_m0.20_r05,6,1,1
n6_p50_m0.20_r05,7,1,1
n6_p50_m0.20_r05,8,1,1
n6_p50_m0.20_r05,9,1,1
n6_p50_m0.20_r05,10,1,1
n6_p50_m0.20_r05,11,1,1
n6_p50_m0.20_r05,12,1,1
n6_p50_m0.20_r05,13,1,1
n6_p50_m0.20_r05,14,1,1
n6_p50_m0.20_r05,15,1,1
n6_p50_m0.20_r05,16,1,1
n6_p50_m0.20_r05,17,1,1
n6_p50_m0.20_r05,18,1,1
n6_p50_m0.20_r05,19,1,1
n6_p50_m0.20_r05,20,1,1
n6_p50_m0.20_r05,21,1,1
n6_p50_m0.20_r05,22,1,1
n6_p50_m0.20_r05,23,1,1
n6_p50_m0.20_r05,24,1,1
n6_p50_m0.20_r05,25,1,1
n6_p50_m0.20_r05,26,1,1
n6_p50_m0.20_r05,27,1,1
n6_p50_m0.20_r05,28,1,1
n6_p50_m0.20_r05,29,1,1
n6_p50_m0.20_r05,30,1,1
n6_p50_m0.20_r05,31,1,1
n6_p50_m0.20_r05,32,1,1
n6_p50_m0.20_r05,33,1,1
n6_p50_m0.20_r05,34,1,1
n6_p50_m0.20_r05,35,1,1
n6_p50_m0.20_r05,36,1,1
n6_p50_m0.20_r05,37,1,1
n6_p50_m0.20_r05,38,1,1
n6_p50_m0.20_r05,39,1,1
n6_p50_m0.20_r05,40,1,1
n6_p50_m0.20_r05,41,1,1
n6_p50_m0.20_r05,42,1,1
n6_p50_m0.20_r05,43,1,1
n6_p50_m0.20_r05,44,1,1
n6_p50_m0.20_r05,45,1,1
n6_p50_m0.20_r05,46,1,1
n6_p50_m0.20_r05,47,1,1
n6_p50_m0.20_r05,48,1,1
n6_p50_m0.20_r05,49,1,1
n6_p50_m0.20_r05,50,1,1
n6_p50_m0.20_r05,51,1,1
n6_p50_m0.20_r05,52,1,1
n6_p50_m0.20_r05,53,1,1
n6_p50_m0.20_r05,54,1,1
n6_p50_m0.20_r05,55,1,1
n6_p50_m0.20_r05,56,1,1
n6_p50_m0.20_r05,57,1,1
n6_p50_m0.20_r05,58,1,1
n6_p50_m0.20_r05,59,1,1
n6_p50_m0.20_r05,60,1,1
n6_p50_m0.20_r05,61,1,1
n6_p50_m0.20_r05,62,1,1
n6_p50_m0.20_r05,63,1,1
n6_p50_m0.20_r05,64,1,1
n6_p50_m0.20_r05,65,1,1
n6_p50_m0.20_r05,66,1,1
n6_p50_m0.20_r05,67,1,1
n6_p50_m0.20_r05,68,1,1
n6_p50_m0.20_r05,69,1,1
n6_p50_m0.20_r05,70,1,1
n6_p50_m0.20_r05,71,1,1
n6_p50_m0.20_r05,72,1,1
n6_p50_m0.20_r05,73,1,1
n6_p50_m0.20_r05,74,1,1
n6_p50_m0.20_r05,75,1,1
n6_p50_m0.20_r05,76,1,1
n6_p50_m0.20_r05,77,1,1
n6_p50_m0.20_r05,78,1,1
n6_p50_m0.20_r05,79,1,1
n6_p50_m0.20_r05,80,1,1
n6_p50_m0.20_r05,81,1,1
n6_p50_m0.20_r05,82,1,1
n6_p50_m0.20_r05,83,1,1
n6_p50_m0.20_r05,84,1,1
n6_p50_m0.20_r05,85,1,1
n6_p50_m0.20_r05,86,1,1
n6_p50_m0.20_r05,87,1,1
n6_p50_m0.20_r05,88,1,1
n6_p50_m0.20_r05,89,1,1
n6_p50_m0.20_r05,90,1,1
n6_p50_m0.20_r05,91,1,1
n6_p50_m0.20_r05,92,1,1
n6_p50_m0.20_r05,93,1,1
n6_p50_m0.20_r05,94,1,1
n6_p50_m0.20_r05,95,1,1
n6_p50_m0.20_r05,96,1,1
n6_p50_m0.20_r05,97,1,1
n6_p50_m0.20_r05,98,1,1
n6_p50_m0.20_r05,99,1,1
n6_p50_m0.20_r05,100,1,1
n6_p50_m0.20_r05,101,1,1
n6_p50_m0.20_r05,102,1,1
n6_p50_m0.20_r05,103,1,1
n6_p50_m0.20_r05,104,1,1
n6_p50_m0.20_r05,105,1,1
n6_p50_m0.20_r05,106,1,1
n6_p50_m0.20_r05,107,1,1
n6_p50_m0.20_r05,108,1,1
n6_p50_m0.20_r05,109,1,1
n6_p50_m0.20_r05,110,1,1
n6_p50_m0.20_r05,111,1,1
n6_p50_m0.20_r05,112,1,1
n6_p50_m0.20_r05,113,1,1
n6_p50_m0.20_r05,114,1,1
n6_p50_m0.20_r05,115,1,1
n6_p50_m0.20_r05,116,1,1
n6_p50_m0.20_r05,117,1,1
n6_p50_m0.20_r05,118,1,1
n6_p50_m0.20_r05,119,1,1
n6_p50_m0.20_r05,120,1,1
n6_p50_m0.20_r05,121,1,1
n6_p50_m0.20_r05,122,1,1
n6_p50_m0.20_r05,123,1,1
n6_p50_m0.20_r05,124,1,1
n6_p50_m0.20_r05,125,1,1
n6_p50_m0.20_r05,126,1,1
n6_p50_m0.20_r05,127,1,1
n6_p50_m0.20_r05,128,1,1
n6_p50_m0.20_r05,129,1,1
n6_p50_m0.20_r05,130,1,1
n6_p50_m0.20_r05,131,1,1
n6_p50_m0.20_r05,132,1,1
n6_p50_m0.20_r05,133,1,1
n6_p50_m0.20_r05,134,1,1
n6_p50_m0.20_r05,135,1,1
n6_p50_m0.20_r05,136,1,1
n6_p50_m0.20_r05,137,1,1
n6_p50_m0.20_r05,138,1,1
n6_p50_m0.20_r05,139,1,1
n6_p50_m0.20_r05,140,1,1
n6_p50_m0.20_r05,141,1,1
n6_p50_m0.20_r05,142,1,1
n6_p50_m0.20_r05,143,1,1
n6_p50_m0.20_r05,144,1,1
n6_p50_m0.20_r05,145,1,1
n6_p50_m0.20_r05,146,1,1
n6_p50_m0.20_r05,147,1,1
n6_p50_m0.20_r05,148,1,1
n6_p50_m0.20_r05,149,1,1
n6_p50_m0.20_r05,150,1,1
n6_p50_m0.20_r05,151,1,1
n6_p50_m0.20_r05,152,1,1
n6_p50_m0.20_r05,153,1,1
n6_p50_m0.20_r05,154,1,1
n6_p50_m0.20_r05,155,1,1
n6_p50_m0.20_r05,156,1,1
n6_p50_m0.20_r05,157,1,1
n6_p50_m0.20_r05,158,1,1
n6_p50_m0.20_r05,159,1,1
n6_p50_m0.20_r05,160,1,1
n6_p50_m0.20_r05,161,1,1
n6_p50_m0.20_r05,162,1,1
n6_p50_m0.20_r05,163,1,1
n6_p50_m0.20_r05,164,1,1
n6_p50_m0.20_r05,165,1,1
n6_p50_m0.20_r05,166,1,1
n6_p50_m0.20_r05,167,1,1
n6_p50_m0.20_r05,168,1,1
n6_p50_m0.20_r05,169,1,1
n6_p50_m0.20_r05,170,1,1
n6_p50_m0.20_r05,171,1,1
n6_p50_m0.20_r05,172,1,1
n6_p50_m0.20_r05,173,1,1
n6_p50_m0.20_r05,174,1,1
n6_p50_m0.20_r05,175,1,1
n6_p50_m0.20_r05,176,1,1
n6_p50_m0.20_r05,177,1,1
n6_p50_m0.20_r05,178,1,1
n6_p50_m0.20_r05,179,1,1
n6_p50_m0.20_r05,180,1,1
n6_p50_m0.20_r05,181,1,1
n6_p50_m0.20_r05,182,1,1
n6_p50_m0.20_r05,183,1,1
n6_p50_m0.20_r05,184,1,1
n6_p50_m0.20_r05,185,1,1
n6_p50_m0.20_r05,186,1,1
n6_p50_m0.20_r05,187,1,1
n6_p50_m0.20_r05,188,1,1
n6_p50_m0.20_r05,189,1,1
n6_p50_m0.20_r05,190,1,1
n6_p50_m0.20_r05,191,1,1
n6_p50_m0.20_r05,192,1,1
n6_p50_m0.20_r05,193,1,1
n6_p50_m0.20_r05,194,1,1
n6_p50_m0.20_r05,195,1,1
n6_p50_m0.20_r05,196,1,1
n6_p50_m0.20_r05,197,1,1
n6_p50_m0.20_r05,198,1,1
n6_p50_m0.20_r05,199,1,1
n6_p50_m0.20_r05,200,1,1
n6_p50_m0.20_r05,201,1,1
n6_p50_m0.20_r05,202,1,1
n6_p50_m0.20_r05,203,1,1
n6_p50_m0.20_r05,204,1,1
n6_p50_m0.20_r05,205,1,1
n6_p50_m0.20_r05,206,1,1
n6_p50_m0.20_r05,207,1,1
n6_p50_m0.20_r05,208,1,1
n6_p50_m0.20_r05,209,1,1
n6_p50_m0.20_r05,210,1,1
n6_p50_m0.20_r05,211,1,1
n6_p50_m0.20_r05,212,1,1
n6_p50_m0.20_r05,213,1,1
n6_p50_m0.20_r05,214,1,1
n6_p50_m0.20_r05,215,1,1
n6_p50_m0.20_r05,216,1,1
n6_p50_m0.20_r05,217,1,1
n6_p50_m0.20_r05,218,1,1
n6_p50_m0.20_r05,219,1,1
n6_p50_m0.20_r05,220,1,1
n6_p50_m0.20_r05,221,1,1
n6_p50_m0.20_r05,222,1,1
n6_p50_m0.20_r05,223,1,1
n6_p50_m0.20_r05,224,1,1
n6_p50_m0.20_r05,225,1,1
n6_p50_m0.20_r05,226,1,1
n6_p50_m0.20_r05,227,1,1
n6_p50_m0.20_r05,228,1,1
n6_p50_m0.20_r05,229,1,1
n6_p50_m0.20_r05,230,1,1
n6_p50_m0.20_r05,231,1,1
n6_p50_m0.20_r05,232,1,1
n6_p50_m0.20_r05,233,1,1
n6_p50_m0.20_r05,234,1,1
n6_p50_m0.20_r05,235,1,1
n6_p50_m0.20_r05,236,1,1
n6_p50_m0.20_r05,237,1,1
n6_p50_m0.20_r05,238,1,1
n6_p50_m0.20_r05,239,1,1
n6_p50_m0.20_r05,240,1,1
n6_p50_m0.20_r05,241,1,1
n6_p50_m0.20_r05,242,1,1
n6_p50_m0.20_r05,243,1,1
n6_p50_m0.20_r05,244,1,1
n6_p50_m0.20_r05,245,1,1
n6_p50_m0.20_r05,246,1,1
n6_p50_m0.20_r05,247,1,1
n6_p50_m0.20_r05,248,1,1
n6_p50_m0.20_r05,249,1,1
n6_p50_m0.20_r05,250,1,1
n6_p50_m0.20_r05,251,1,1
n6_p50_m0.20_r05,252,1,1
n6_p50_m0.20_r05,253,1,1
n6_p50_m0.20_r05,254,1,1
n6_p50_m0.20_r05,255,1,1
n6_p50_m0.20_r05,256,1,1
n6_p50_m0.20_r05,257,1,1
n6_p50_m0.20_r05,258,1,1
n6_p50_m0.20_r05,259,1,1
n6_p50_m0.20_r05,260,1,1
n6_p50_m0.20_r05,261,1,1
n6_p50_m0.20_r05,262,1,1
n6_p50_m0.20_r05,263,1,1
n6_p50_m0.20_r05,264,1,1
n6_p50_m0.20_r05,265,1,1
n6_p50_m0.20_r05,266,1,1
n6_p50_m0.20_r05,267,1,1
n6_p50_m0.20_r05,268,1,1
n6_p50_m0.20_r05,269,1,1
n6_p50_m0.20_r05,270,1,1
n6_p50_m0.20_r05,271,1,1
n6_p50_m0.20_r05,272,1,1
n6_p50_m0.20_r05,273,1,1
n6_p50_m0.20_r05,274,1,1
n6_p50_m0.20_r05,275,1,1
n6_p50_m0.20_r05,276,1,1
n6_p50_m0.20_r05,277,1,1
n6_p50_m0.20_r05,278,1,1
n6_p50_m0.20_r05,279,1,1
n6_p50_m0.20_r05,280,1,1
n6_p50_m0.20_r05,281,1,1
n6_p50_m0.20_r05,282,1,1
n6_p50_m0.20_r05,283,1,1
n6_p50_m0.20_r05,284,1,1
n6_p50_m0.20_r05,285,1,1
n6_p50_m0.20_r05,286,1,1
n6_p50_m0.20_r05,287,1,1
n6_p50_m0.20_r05,288,1,1
n6_p50_m0.20_r05,289,1,1
n6_p50_m0.20_r05,290,1,1
n6_p50_m0.20_r05,291,1,1
n6_p50_m0.20_r05,292,1,1
n6_p50_m0.20_r05,293,1,1
n6_p50_m0.20_r05,294,1,1
n6_p50_m0.20_r05,295,1,1
n6_p50_m0.20_r05,296,1,1
n6_p50_m0.20_r05,297,1,1
n6_p50_m0.20_r05,298,1,1
n6_p50_m0.20_r05,299,1,1
n6_p50_m0.20_r05,300,1,1
n6_p50_m0.20_r05,301,1,1
n6_p50_m0.20_r05,302,1,1
n6_p50_m0.20_r05,303,1,1
n6_p50_m0.20_r05,304,1,1
n6_p50_m0.20_r05,305,1,1
n6_p50_m0.20_r05,306,1,1
n6_p50_m0.20_r05,307,1,1
n6_p50_m0.20_r05,308,1,1
n6_p50_m0.20_r05,309,1,1
n6_p50_m0.20_r05,310,1,1
n6_p50_m0.20_r05,311,1,1
n6_p50_m0.20_r05,312,1,1
n6_p50_m0.20_r05,313,1,1
n6_p50_m0.20_r05,314,1,1
n6_p50_m0.20_r05,315,1,1
n6_p50_m0.20_r05,316,1,1
n6_p50_m0.20_r05,317,1,1
n6_p50_m0.20_r05,318,1,1
n6_p50_m0.20_r05,319,1,1
n6_p50_m0.20_r05,320,1,1
n6_p50_m0.20_r05,321,1,1
n6_p50_m0.20_r05,322,1,1
n6_p50_m0.20_r05,323,1,1
n6_p50_m0.20_r05,324,1,1
n6_p50_m0.20_r05,325,1,1
n6_p50_m0.20_r05,326,1,1
n6_p50_m0.20_r05,327,1,1
n6_p50_m0.20_r05,328,1,1
n6_p50_m0.20_r05,329,1,1
n6_p50_m0.20_r05,330,1,1
n6_p50_m0.20_r05,331,1,1
n6_p50_m0.20_r05,332,1,1
n6_p50_m0.20_r05,333,1,1
n6_p50_m0.20_r05,334,1,1
n6_p50_m0.20_r05,335,1,1
n6_p50_m0.20_r05,336,1,1
n6_p50_m0.20_r05,337,1,1
n6_p50_m0.20_r05,338,1,1
n6_p50_m0.20_r05,339,1,1
n6_p50_m0.20_r05,340,1,1
n6_p50_m0.20_r05,341,1,1
n6_p50_m0.20_r05,342,1,1
n6_p50_m0.20_r05,343,1,1
n6_p50_m0.20_r05,344,1,1
n6_p50_m0.20_r05,345,1,1
n6_p50_m0.20_r05,346,1,1
n6_p50_m0.20_r05,347,1,1
n6_p50_m0.20_r05,348,1,1
n6_p50_m0.20_r05,349,1,1
n6_p50_m0.20_r05,350,1,1
n6_p50_m0.20_r05,351,1,1
n6_p50_m0.20_r05,352,1,1
n6_p50_m0.20_r05,353,1,1
n6_p50_m0.20_r05,354,1,1
n6_p50_m0.20_r05,355,1,1
n6_p50_m0.20_r05,356,1,1
n6_p50_m0.20_r05,357,1,1
n6_p50_m0.20_r05,358,1,1
n6_p50_m0.20_r05,359,1,1
n6_p50_m0.20_r05,360,1,1
n6_p50_m0.20_r05,361,1,1
n6_p50_m0.20_r05,362,1,1
n6_p50_m0.20_r05,363,1,1
n6_p50_m0.20_r05,364,1,1
n6_p50_m0.20_r05,365,1,1
n6_p50_m0.20_r05,366,1,1
n6_p50_m0.20_r05,367,1,1
n6_p50_m0.20_r05,368,1,1
n6_p50_m0.20_r05,369,1,1
n6_p50_m0.20_r05,370,1,1
n6_p50_m0.20_r05,371,1,1
n6_p50_m0.20_r05,372,1,1
n6_p50_m0.20_r05,373,1,1
n6_p50_m0.20_r05,374,1,1
n6_p50_m0.20_r05,375,1,1
n6_p50_m0.20_r05,376,1,1
n6_p50_m0.20_r05,377,1,1
n6_p50_m0.20_r05,378,1,1
n6_p50_m0.20_r05,379,1,1
n6_p50_m0.20_r05,380,1,1
n6_p50_m0.20_r05,381,1,1
n6_p50_m0.20_r05,382,1,1
n6_p50_m0.20_r05,383,1,1
n6_p50_m0.20_r05,384,1,1
n6_p50_m0.20_r05,385,0,0
n6_p50_m0.20_r06,0,1,1
n6_p50_m0.20_r06,1,1,1
n6_p50_m0.20_r06,2,1,1
n6_p50_m0.20_r06,3,1,1
n6_p50_m0.20_r06,4,1,1
n6_p50_m0.20_r06,5,0,0
n6_p50_m0.20_r07,0,1,1
n6_p50_m0.20_r07,1,1,1
n6_p50_m0.20_r07,2,0,0
n6_p50_m0.20_r08,0,1,1
n6_p50_m0.20_r08,1,1,1
n6_p50_m0.20_r08,2,1,1
n6_p50_m0.20_r08,3,0,0
n6_p50_m0.20_r09,0,0,0
n6_p50_m0.20_r10,0,1,1
n6_p50_m0.20_r10,1,0,0
n6_p100_m0.05_r01,0,1,1
n6_p100_m0.05_r01,1,1,1
n6_p100_m0.05_r01,2,1,1
n6_p100_m0.05_r01,3,0,0
n6_p100_m0.05_r02,0,1,1
n6_p100_m0.05_r02,1,1,1
n6_p100_m0.05_r02,2,1,1
n6_p100_m0.05_r02,3,0,0
n6_p100_m0.05_r03,0,0,0
n6_p100_m0.05_r04,0,0,0
n6_p100_m0.05_r05,0,1,1
n6_p100_m0.05_r05,1,0,0
n6_p100_m0.05_r06,0,1,1
n6_p100_m0.05_r06,1,1,1
n6_p100_m0.05_r06,2,1,1
n6_p100_m0.05_r06,3,1,1
n6_p100_m0.05_r06,4,1,1
n6_p100_m0.05_r06,5,0,0
n6_p100_m0.05_r07,0,1,1
n6_p100_m0.05_r07,1,1,1
n6_p100_m0.05_r07,2,0,0
n6_p100_m0.05_r08,0,1,1
n6_p100_m0.05_r08,1,0,0
n6_p100_m0.05_r09,0,0,0
n6_p100_m0.05_r10,0,1,1
n6_p100_m0.05_r10,1,1,1
n6_p100_m0.05_r10,2,0,0
n6_p100_m0.10_r01,0,1,1
n6_p100_m0.10_r01,1,1,1
n6_p100_m0.10_r01,2,0,0
n6_p100_m0.10_r02,0,1,1
n6_p100_m0.10_r02,1,1,1
n6_p100_m0.10_r02,2,0,0
n6_p100_m0.10_r03,0,0,0
n6_p100_m0.10_r04,0,0,0
n6_p100_m0.10_r05,0,1,1
n6_p100_m0.10_r05,1,1,1
n6_p100_m0.10_r05,2,0,0
n6_p100_m0.10_r06,0,1,1
n6_p100_m0.10_r06,1,1,1
n6_p100_m0.10_r06,2,1,1
n6_p100_m0.10_r06,3,0,0
n6_p100_m0.10_r07,0,1,1
n6_p100_m0.10_r07,1,1,1
n6_p100_m0.10_r07,2,1,1
n6_p100_m0.10_r07,3,0,0
n6_p100_m0.10_r08,0,1,1
n6_p100_m0.10_r08,1,1,1
n6_p100_m0.10_r08,2,1,1
n6_p100_m0.10_r08,3,1,1
n6_p100_m0.10_r08,4,0,0
n6_p100_m0.10_r09,0,0,0
n6_p100_m0.10_r10,0,1,1
n6_p100_m0.10_r10,1,0,0
n6_p100_m0.20_r01,0,1,1
n6_p100_m0.20_r01,1,1,1
n6_p100_m0.20_r01,2,1,1
n6_p100_m0.20_r01,3,0,0
n6_p100_m0.20_r02,0,1,1
n6_p100_m0.20_r02,1,1,1
n6_p100_m0.20_r02,2,1,1
n6_p100_m0.20_r02,3,0,0
n6_p100_m0.20_r03,0,0,0
n6_p100_m0.20_r04,0,0,0
n6_p100_m0.20_r05,0,1,1
n6_p100_m0.20_r05,1,1,1
n6_p100_m0.20_r05,2,1,1
n6_p100_m0.20_r05,3,1,1
n6_p100_m0.20_r05,4,1,1
n6_p100_m0.20_r05,5,0,0
n6_p100_m0.20_r06,0,1,1
n6_p100_m0.20_r06,1,1,1
n6_p100_m0.20_r06,2,1,1
n6_p100_m0.20_r06,3,1,1
n6_p100_m0.20_r06,4,1,1
n6_p100_m0.20_r06,5,1,1
n6_p100_m0.20_r06,6,1,1
n6_p100_m0.20_r06,7,1,1
n6_p100_m0.20_r06,8,0,0
n6_p100_m0.20_r07,0,1,1
n6_p100_m0.20_r07,1,1,1
n6_p100_m0.20_r07,2,1,1
n6_p100_m0.20_r07,3,1,1
n6_p100_m0.20_r07,4,1,1
n6_p100_m0.20_r07,5,1,1
n6_p100_m0.20_r07,6,1,1
n6_p100_m0.20_r07,7,1,1
n6_p100_m0.20_r07,8,1,1
n6_p100_m0.20_r07,9,1,1
n6_p100_m0.20_r07,10,1,1
n6_p100_m0.20_r07,11,1,1
n6_p100_m0.20_r07,12,1,1
n6_p100_m0.20_r07,13,1,1
n6_p100_m0.20_r07,14,1,1
n6_p100_m0.20_r07,15,1,1
n6_p100_m0.20_r07,16,1,1
n6_p100_m0.20_r07,17,1,1
n6_p100_m0.20_r07,18,1,1
n6_p100_m0.20_r07,19,1,1
n6_p100_m0.20_r07,20,1,1
n6_p100_m0.20_r07,21,1,1
n6_p100_m0.20_r07,22,1,1
n6_p100_m0.20_r07,23,1,1
n6_p100_m0.20_r07,24,1,1
n6_p100_m0.20_r07,25,1,1
n6_p100_m0.20_r07,26,1,1
n6_p100_m0.20_r07,27,1,1
n6_p100_m0.20_r07,28,1,1
n6_p100_m0.20_r07,29,1,1
n6_p100_m0.20_r07,30,1,1
n6_p100_m0.20_r07,31,1,1
n6_p100_m0.20_r07,32,1,1
n6_p100_m0.20_r07,33,1,1
n6_p100_m0.20_r07,34,1,1
n6_p100_m0.20_r07,35,1,1
n6_p100_m0.20_r07,36,1,1
n6_p100_m0.20_r07,37,1,1
n6_p100_m0.20_r07,38,1,1
n6_p100_m0.20_r07,39,1,1
n6_p100_m0.20_r07,40,1,1
n6_p100_m0.20_r07,41,1,1
n6_p100_m0.20_r07,42,1,1
n6_p100_m0.20_r07,43,1,1
n6_p100_m0.20_r07,44,1,1
n6_p100_m0.20_r07,45,1,1
n6_p100_m0.20_r07,46,1,1
n6_p100_m0.20_r07,47,1,1
n6_p100_m0.20_r07,48,1,1
n6_p100_m0.20_r07,49,1,1
n6_p100_m0.20_r07,50,1,1
n6_p100_m0.20_r07,51,1,1
n6_p100_m0.20_r07,52,1,1
n6_p100_m0.20_r07,53,1,1
n6_p100_m0.20_r07,54,1,1
n6_p100_m0.20_r07,55,1,1
n6_p100_m0.20_r07,56,1,1
n6_p100_m0.20_r07,57,1,1
n6_p100_m0.20_r07,58,1,1
n6_p100_m0.20_r07,59,1,1
n6_p100_m0.20_r07,60,1,1
n6_p100_m0.20_r07,61,1,1
n6_p100_m0.20_r07,62,1,1
n6_p100_m0.20_r07,63,1,1
n6_p100_m0.20_r07,64,1,1
n6_p100_m0.20_r07,65,1,1
n6_p100_m0.20_r07,66,1,1
n6_p100_m0.20_r07,67,1,1
n6_p100_m0.20_r07,68,1,1
n6_p100_m0.20_r07,69,1,1
n6_p100_m0.20_r07,70,1,1
n6_p100_m0.20_r07,71,1,1
n6_p100_m0.20_r07,72,1,1
n6_p100_m0.20_r07,73,1,1
n6_p100_m0.20_r07,74,1,1
n6_p100_m0.20_r07,75,1,1
n6_p100_m0.20_r07,76,1,1
n6_p100_m0.20_r07,77,1,1
n6_p100_m0.20_r07,78,1,1
n6_p100_m0.20_r07,79,1,1
n6_p100_m0.20_r07,80,1,1
n6_p100_m0.20_r07,81,1,1
n6_p100_m0.20_r07,82,1,1
n6_p100_m0.20_r07,83,1,1
n6_p100_m0.20_r07,84,1,1
n6_p100_m0.20_r07,85,1,1
n6_p100_m0.20_r07,86,1,1
n6_p100_m0.20_r07,87,1,1
n6_p100_m0.20_r07,88,1,1
n6_p100_m0.20_r07,89,1,1
n6_p100_m0.20_r07,90,1,1
n6_p100_m0.20_r07,91,1,1
n6_p100_m0.20_r07,92,1,1
n6_p100_m0.20_r07,93,1,1
n6_p100_m0.20_r07,94,1,1
n6_p100_m0.20_r07,95,1,1
n6_p100_m0.20_r07,96,1,1
n6_p100_m0.20_r07,97,1,1
n6_p100_m0.20_r07,98,1,1
n6_p100_m0.20_r07,99,1,1
n6_p100_m0.20_r07,100,1,1
n6_p100_m0.20_r07,101,1,1
n6_p100_m0.20_r07,102,1,1
n6_p100_m0.20_r07,103,1,1
n6_p100_m0.20_r07,104,1,1
n6_p100_m0.20_r07,105,1,1
n6_p100_m0.20_r07,106,1,1
n6_p100_m0.20_r07,107,1,1
n6_p100_m0.20_r07,108,1,1
n6_p100_m0.20_r07,109,1,1
n6_p100_m0.20_r07,110,1,1
n6_p100_m0.20_r07,111,1,1
n6_p100_m0.20_r07,112,1,1
n6_p100_m0.20_r07,113,1,1
n6_p100_m0.20_r07,114,1,1
n6_p100_m0.20_r07,115,1,1
n6_p100_m0.20_r07,116,1,1
n6_p100_m0.20_r07,117,1,1
n6_p100_m0.20_r07,118,1,1
n6_p100_m0.20_r07,119,1,1
n6_p100_m0.20_r07,120,1,1
n6_p100_m0.20_r07,121,1,1
n6_p100_m0.20_r07,122,1,1
n6_p100_m0.20_r07,123,1,1
n6_p100_m0.20_r07,124,1,1
n6_p100_m0.20_r07,125,1,1
n6_p100_m0.20_r07,126,1,1
n6_p100_m0.20_r07,127,1,1
n6_p100_m0.20_r07,128,1,1
n6_p100_m0.20_r07,129,1,1
n6_p100_m0.20_r07,130,1,1
n6_p100_m0.20_r07,131,1,1
n6_p100_m0.20_r07,132,1,1
n6_p100_m0.20_r07,133,0,0
n6_p100_m0.20_r08,0,1,1
n6_p100_m0.20_r08,1,0,0
n6_p100_m0.20_r09,0,0,0
n6_p100_m0.20_r10,0,1,1
n6_p100_m0.20_r10,1,0,0
n6_p200_m0.05_r01,0,1,1
n6_p200_m0.05_r01,1,0,0
n6_p200_m0.05_r02,0,1,1
n6_p200_m0.05_r02,1,1,1
n6_p200_m0.05_r02,2,0,0
n6_p200_m0.05_r03,0,0,0
n6_p200_m0.05_r04,0,0,0
n6_p200_m0.05_r05,0,1,1
n6_p200_m0.05_r05,1,0,0
n6_p200_m0.05_r06,0,1,1
n6_p200_m0.05_r06,1,0,0
n6_p200_m0.05_r07,0,1,1
n6_p200_m0.05_r07,1,0,0
n6_p200_m0.05_r08,0,1,1
n6_p200_m0.05_r08,1,1,1
n6_p200_m0.05_r08,2,0,0
n6_p200_m0.05_r09,0,0,0
n6_p200_m0.05_r10,0,0,0
n6_p200_m0.10_r01,0,1,1
n6_p200_m0.10_r01,1,0,0
n6_p200_m0.10_r02,0,1,1
n6_p200_m0.10_r02,1,1,1
n6_p200_m0.10_r02,2,0,0
n6_p200_m0.10_r03,0,0,0
n6_p200_m0.10_r04,0,0,0
n6_p200_m0.10_r05,0,1,1
n6_p200_m0.10_r05,1,0,0
n6_p200_m0.10_r06,0,1,1
n6_p200_m0.10_r06,1,0,0
n6_p200_m0.10_r07,0,1,1
n6_p200_m0.10_r07,1,0,0
n6_p200_m0.10_r08,0,1,1
n6_p200_m0.10_r08,1,0,0
n6_p200_m0.10_r09,0,0,0
n6_p200_m0.10_r10,0,0,0
n6_p200_m0.20_r01,0,1,1
n6_p200_m0.20_r01,1,0,0
n6_p200_m0.20_r02,0,1,1
n6_p200_m0.20_r02,1,1,1
n6_p200_m0.20_r02,2,0,0
n6_p200_m0.20_r03,0,0,0
n6_p200_m0.20_r04,0,0,0
n6_p200_m0.20_r05,0,1,1
n6_p200_m0.20_r05,1,0,0
n6_p200_m0.20_r06,0,1,1
n6_p200_m0.20_r06,1,0,0
n6_p200_m0.20_r07,0,1,1
n6_p200_m0.20_r07,1,1,1
n6_p200_m0.20_r07,2,0,0
n6_p200_m0.20_r08,0,1,1
n6_p200_m0.20_r08,1,0,0
n6_p200_m0.20_r09,0,0,0
n6_p200_m0.20_r10,0,0,0
n8_p50_m0.05_r01,0,1,1
n8_p50_m0.05_r01,1,1,1
n8_p50_m0.05_r01,2,1,1
n8_p50_m0.05_r01,3,1,1
n8_p50_m0.05_r01,4,1,1
n8_p50_m0.05_r01,5,0,0
n8_p50_m0.05_r02,0,1,1
n8_p50_m0.05_r02,1,1,1
n8_p50_m0.05_r02,2,1,1
n8_p50_m0.05_r02,3,1,1
n8_p50_m0.05_r02,4,1,1
n8_p50_m0.05_r02,5,1,1
n8_p50_m0.05_r02,6,1,1
n8_p50_m0.05_r02,7,1,1
n8_p50_m0.05_r02,8,1,1
n8_p50_m0.05_r02,9,1,1
n8_p50_m0.05_r02,10,1,1
n8_p50_m0.05_r02,11,1,1
n8_p50_m0.05_r02,12,1,1
n8_p50_m0.05_r02,13,1,1
n8_p50_m0.05_r02,14,1,1
n8_p50_m0.05_r02,15,1,1
n8_p50_m0.05_r02,16,1,1
n8_p50_m0.05_r02,17,1,1
n8_p50_m0.05_r02,18,1,1
n8_p50_m0.05_r02,19,1,1
n8_p50_m0.05_r02,20,1,1
n8_p50_m0.05_r02,21,1,1
n8_p50_m0.05_r02,22,1,1
n8_p50_m0.05_r02,23,1,1
n8_p50_m0.05_r02,24,1,1
n8_p50_m0.05_r02,25,1,1
n8_p50_m0.05_r02,26,1,1
n8_p50_m0.05_r02,27,1,1
n8_p50_m0.05_r02,28,1,1
n8_p50_m0.05_r02,29,1,1
n8_p50_m0.05_r02,30,1,1
n8_p50_m0.05_r02,31,1,1
n8_p50_m0.05_r02,32,1,1
n8_p50_m0.05_r02,33,1,1
n8_p50_m0.05_r02,34,1,1
n8_p50_m0.05_r02,35,1,1
n8_p50_m0.05_r02,36,1,1
n8_p50_m0.05_r02,37,1,1
n8_p50_m0.05_r02,38,1,1
n8_p50_m0.05_r02,39,1,1
n8_p50_m0.05_r02,40,1,1
n8_p50_m0.05_r02,41,1,1
n8_p50_m0.05_r02,42,1,1
n8_p50_m0.05_r02,43,1,1
n8_p50_m0.05_r02,44,1,1
n8_p50_m0.05_r02,45,1,1
n8_p50_m0.05_r02,46,1,1
n8_p50_m0.05_r02,47,1,1
n8_p50_m0.05_r02,48,1,1
n8_p50_m0.05_r02,49,1,1
n8_p50_m0.05_r02,50,1,1
n8_p50_m0.05_r02,51,1,1
n8_p50_m0.05_r02,52,1,1
n8_p50_m0.05_r02,53,1,1
n8_p50_m0.05_r02,54,1,1
n8_p50_m0.05_r02,55,1,1
n8_p50_m0.05_r02,56,1,1
n8_p50_m0.05_r02,57,1,1
n8_p50_m0.05_r02,58,1,1
n8_p50_m0.05_r02,59,1,1
n8_p50_m0.05_r02,60,1,1
n8_p50_m0.05_r02,61,1,1
n8_p50_m0.05_r02,62,1,1
n8_p50_m0.05_r02,63,1,1
n8_p50_m0.05_r02,64,1,1
n8_p50_m0.05_r02,65,1,1
n8_p50_m0.05_r02,66,1,1
n8_p50_m0.05_r02,67,1,1
n8_p50_m0.05_r02,68,1,1
n8_p50_m0.05_r02,69,1,1
n8_p50_m0.05_r02,70,1,1
n8_p50_m0.05_r02,71,1,1
n8_p50_m0.05_r02,72,1,1
n8_p50_m0.05_r02,73,1,1
n8_p50_m0.05_r02,74,1,1
n8_p50_m0.05_r02,75,1,1
n8_p50_m0.05_r02,76,1,1
n8_p50_m0.05_r02,77,1,1
n8_p50_m0.05_r02,78,1,1
n8_p50_m0.05_r02,79,1,1
n8_p50_m0.05_r02,80,1,1
n8_p50_m0.05_r02,81,1,1
n8_p50_m0.05_r02,82,1,1
n8_p50_m0.05_r02,83,1,1
n8_p50_m0.05_r02,84,1,1
n8_p50_m0.05_r02,85,1,1
n8_p50_m0.05_r02,86,1,1
n8_p50_m0.05_r02,87,1,1
n8_p50_m0.05_r02,88,1,1
n8_p50_m0.05_r02,89,1,1
n8_p50_m0.05_r02,90,1,1
n8_p50_m0.05_r02,91,1,1
n8_p50_m0.05_r02,92,1,1
n8_p50_m0.05_r02,93,1,1
n8_p50_m0.05_r02,94,1,1
n8_p50_m0.05_r02,95,1,1
n8_p50_m0.05_r02,96,1,1
n8_p50_m0.05_r02,97,1,1
n8_p50_m0.05_r02,98,1,1
n8_p50_m0.05_r02,99,1,1
n8_p50_m0.05_r02,100,1,1
n8_p50_m0.05_r02,101,1,1
n8_p50_m0.05_r02,102,1,1
n8_p50_m0.05_r02,103,1,1
n8_p50_m0.05_r02,104,1,1
n8_p50_m0.05_r02,105,1,1
n8_p50_m0.05_r02,106,1,1
n8_p50_m0.05_r02,107,1,1
n8_p50_m0.05_r02,108,1,1
n8_p50_m0.05_r02,109,1,1
n8_p50_m0.05_r02,110,1,1
n8_p50_m0.05_r02,111,1,1
n8_p50_m0.05_r02,112,1,1
n8_p50_m0.05_r02,113,1,1
n8_p50_m0.05_r02,114,1,1
n8_p50_m0.05_r02,115,1,1
n8_p50_m0.05_r02,116,1,1
n8_p50_m0.05_r02,117,1,1
n8_p50_m0.05_r02,118,1,1
n8_p50_m0.05_r02,119,1,1
n8_p50_m0.05_r02,120,1,1
n8_p50_m0.05_r02,121,1,1
n8_p50_m0.05_r02,122,1,1
n8_p50_m0.05_r02,123,1,1
n8_p50_m0.05_r02,124,1,1
n8_p50_m0.05_r02,125,1,1
n8_p50_m0.05_r02,126,1,1
n8_p50_m0.05_r02,127,1,1
n8_p50_m0.05_r02,128,1,1
n8_p50_m0.05_r02,129,1,1
n8_p50_m0.05_r02,130,1,1
n8_p50_m0.05_r02,131,1,1
n8_p50_m0.05_r02,132,1,1
n8_p50_m0.05_r02,133,1,1
n8_p50_m0.05_r02,134,1,1
n8_p50_m0.05_r02,135,1,1
n8_p50_m0.05_r02,136,1,1
n8_p50_m0.05_r02,137,1,1
n8_p50_m0.05_r02,138,1,1
n8_p50_m0.05_r02,139,1,1
n8_p50_m0.05_r02,140,1,1
n8_p50_m0.05_r02,141,1,1
n8_p50_m0.05_r02,142,1,1
n8_p50_m0.05_r02,143,1,1
n8_p50_m0.05_r02,144,1,1
n8_p50_m0.05_r02,145,1,1
n8_p50_m0.05_r02,146,1,1
n8_p50_m0.05_r02,147,1,1
n8_p50_m0.05_r02,148,1,1
n8_p50_m0.05_r02,149,1,1
n8_p50_m0.05_r02,150,1,1
n8_p50_m0.05_r02,151,1,1
n8_p50_m0.05_r02,152,1,1
n8_p50_m0.05_r02,153,1,1
n8_p50_m0.05_r02,154,1,1
n8_p50_m0.05_r02,155,1,1
n8_p50_m0.05_r02,156,1,1
n8_p50_m0.05_r02,157,1,1
n8_p50_m0.05_r02,158,1,1
n8_p50_m0.05_r02,159,1,1
n8_p50_m0.05_r02,160,1,1
n8_p50_m0.05_r02,161,1,1
n8_p50_m0.05_r02,162,1,1
n8_p50_m0.05_r02,163,1,1
n8_p50_m0.05_r02,164,1,1
n8_p50_m0.05_r02,165,1,1
n8_p50_m0.05_r02,166,1,1
n8_p50_m0.05_r02,167,1,1
n8_p50_m0.05_r02,168,1,1
n8_p50_m0.05_r02,169,1,1
n8_p50_m0.05_r02,170,1,1
n8_p50_m0.05_r02,171,1,1
n8_p50_m0.05_r02,172,1,1
n8_p50_m0.05_r02,173,1,1
n8_p50_m0.05_r02,174,1,1
n8_p50_m0.05_r02,175,1,1
n8_p50_m0.05_r02,176,1,1
n8_p50_m0.05_r02,177,1,1
n8_p50_m0.05_r02,178,1,1
n8_p50_m0.05_r02,179,1,1
n8_p50_m0.05_r02,180,1,1
n8_p50_m0.05_r02,181,1,1
n8_p50_m0.05_r02,182,1,1
n8_p50_m0.05_r02,183,1,1
n8_p50_m0.05_r02,184,1,1
n8_p50_m0.05_r02,185,1,1
n8_p50_m0.05_r02,186,1,1
n8_p50_m0.05_r02,187,1,1
n8_p50_m0.05_r02,188,1,1
n8_p50_m0.05_r02,189,1,1
n8_p50_m0.05_r02,190,1,1
n8_p50_m0.05_r02,191,1,1
n8_p50_m0.05_r02,192,1,1
n8_p50_m0.05_r02,193,1,1
n8_p50_m0.05_r02,194,1,1
n8_p50_m0.05_r02,195,1,1
n8_p50_m0.05_r02,196,1,1
n8_p50_m0.05_r02,197,1,1
n8_p50_m0.05_r02,198,1,1
n8_p50_m0.05_r02,199,1,1
n8_p50_m0.05_r02,200,1,1
n8_p50_m0.05_r02,201,1,1
n8_p50_m0.05_r02,202,1,1
n8_p50_m0.05_r02,203,1,1
n8_p50_m0.05_r02,204,1,1
n8_p50_m0.05_r02,205,1,1
n8_p50_m0.05_r02,206,1,1
n8_p50_m0.05_r02,207,1,1
n8_p50_m0.05_r02,208,1,1
n8_p50_m0.05_r02,209,1,1
n8_p50_m0.05_r02,210,1,1
n8_p50_m0.05_r02,211,1,1
n8_p50_m0.05_r02,212,1,1
n8_p50_m0.05_r02,213,1,1
n8_p50_m0.05_r02,214,1,1
n8_p50_m0.05_r02,215,1,1
n8_p50_m0.05_r02,216,1,1
n8_p50_m0.05_r02,217,1,1
n8_p50_m0.05_r02,218,1,1
n8_p50_m0.05_r02,219,1,1
n8_p50_m0.05_r02,220,1,1
n8_p50_m0.05_r02,221,1,1
n8_p50_m0.05_r02,222,1,1
n8_p50_m0.05_r02,223,1,1
n8_p50_m0.05_r02,224,1,1
n8_p50_m0.05_r02,225,1,1
n8_p50_m0.05_r02,226,1,1
n8_p50_m0.05_r02,227,1,1
n8_p50_m0.05_r02,228,1,1
n8_p50_m0.05_r02,229,1,1
n8_p50_m0.05_r02,230,1,1
n8_p50_m0.05_r02,231,1,1
n8_p50_m0.05_r02,232,1,1
n8_p50_m0.05_r02,233,1,1
n8_p50_m0.05_r02,234,1,1
n8_p50_m0.05_r02,235,1,1
n8_p50_m0.05_r02,236,1,1
n8_p50_m0.05_r02,237,1,1
n8_p50_m0.05_r02,238,1,1
n8_p50_m0.05_r02,239,1,1
n8_p50_m0.05_r02,240,1,1
n8_p50_m0.05_r02,241,1,1
n8_p50_m0.05_r02,242,1,1
n8_p50_m0.05_r02,243,1,1
n8_p50_m0.05_r02,244,1,1
n8_p50_m0.05_r02,245,1,1
n8_p50_m0.05_r02,246,1,1
n8_p50_m0.05_r02,247,1,1
n8_p50_m0.05_r02,248,1,1
n8_p50_m0.05_r02,249,1,1
n8_p50_m0.05_r02,250,1,1
n8_p50_m0.05_r02,251,1,1
n8_p50_m0.05_r02,252,1,1
n8_p50_m0.05_r02,253,1,1
n8_p50_m0.05_r02,254,1,1
n8_p50_m0.05_r02,255,1,1
n8_p50_m0.05_r02,256,1,1
n8_p50_m0.05_r02,257,1,1
n8_p50_m0.05_r02,258,1,1
n8_p50_m0.05_r02,259,1,1
n8_p50_m0.05_r02,260,1,1
n8_p50_m0.05_r02,261,1,1
n8_p50_m0.05_r02,262,1,1
n8_p50_m0.05_r02,263,1,1
n8_p50_m0.05_r02,264,1,1
n8_p50_m0.05_r02,265,1,1
n8_p50_m0.05_r02,266,1,1
n8_p50_m0.05_r02,267,1,1
n8_p50_m0.05_r02,268,1,1
n8_p50_m0.05_r02,269,1,1
n8_p50_m0.05_r02,270,1,1
n8_p50_m0.05_r02,271,1,1
n8_p50_m0.05_r02,272,1,1
n8_p50_m0.05_r02,273,1,1
n8_p50_m0.05_r02,274,1,1
n8_p50_m0.05_r02,275,1,1
n8_p50_m0.05_r02,276,1,1
n8_p50_m0.05_r02,277,1,1
n8_p50_m0.05_r02,278,1,1
n8_p50_m0.05_r02,279,1,1
n8_p50_m0.05_r02,280,1,1
n8_p50_m0.05_r02,281,1,1
n8_p50_m0.05_r02,282,1,1
n8_p50_m0.05_r02,283,1,1
n8_p50_m0.05_r02,284,1,1
n8_p50_m0.05_r02,285,1,1
n8_p50_m0.05_r02,286,1,1
n8_p50_m0.05_r02,287,1,1
n8_p50_m0.05_r02,288,1,1
n8_p50_m0.05_r02,289,1,1
n8_p50_m0.05_r02,290,1,1
n8_p50_m0.05_r02,291,1,1
n8_p50_m0.05_r02,292,1,1
n8_p50_m0.05_r02,293,1,1
n8_p50_m0.05_r02,294,1,1
n8_p50_m0.05_r02,295,1,1
n8_p50_m0.05_r02,296,1,1
n8_p50_m0.05_r02,297,1,1
n8_p50_m0.05_r02,298,1,1
n8_p50_m0.05_r02,299,1,1
n8_p50_m0.05_r02,300,1,1
n8_p50_m0.05_r02,301,1,1
n8_p50_m0.05_r02,302,1,1
n8_p50_m0.05_r02,303,1,1
n8_p50_m0.05_r02,304,1,1
n8_p50_m0.05_r02,305,1,1
n8_p50_m0.05_r02,306,1,1
n8_p50_m0.05_r02,307,1,1
n8_p50_m0.05_r02,308,1,1
n8_p50_m0.05_r02,309,1,1
n8_p50_m0.05_r02,310,1,1
n8_p50_m0.05_r02,311,1,1
n8_p50_m0.05_r02,312,1,1
n8_p50_m0.05_r02,313,1,1
n8_p50_m0.05_r02,314,1,1
n8_p50_m0.05_r02,315,1,1
n8_p50_m0.05_r02,316,1,1
n8_p50_m0.05_r02,317,1,1
n8_p50_m0.05_r02,318,1,1
n8_p50_m0.05_r02,319,1,1
n8_p50_m0.05_r02,320,1,1
n8_p50_m0.05_r02,321,1,1
n8_p50_m0.05_r02,322,1,1
n8_p50_m0.05_r02,323,1,1
n8_p50_m0.05_r02,324,1,1
n8_p50_m0.05_r02,325,1,1
n8_p50_m0.05_r02,326,1,1
n8_p50_m0.05_r02,327,1,1
n8_p50_m0.05_r02,328,1,1
n8_p50_m0.05_r02,329,1,1
n8_p50_m0.05_r02,330,1,1
n8_p50_m0.05_r02,331,1,1
n8_p50_m0.05_r02,332,1,1
n8_p50_m0.05_r02,333,1,1
n8_p50_m0.05_r02,334,1,1
n8_p50_m0.05_r02,335,1,1
n8_p50_m0.05_r02,336,1,1
n8_p50_m0.05_r02,337,1,1
n8_p50_m0.05_r02,338,1,1
n8_p50_m0.05_r02,339,1,1
n8_p50_m0.05_r02,340,1,1
n8_p50_m0.05_r02,341,1,1
n8_p50_m0.05_r02,342,1,1
n8_p50_m0.05_r02,343,1,1
n8_p50_m0.05_r02,344,1,1
n8_p50_m0.05_r02,345,1,1
n8_p50_m0.05_r02,346,1,1
n8_p50_m0.05_r02,347,1,1
n8_p50_m0.05_r02,348,1,1
n8_p50_m0.05_r02,349,1,1
n8_p50_m0.05_r02,350,1,1
n8_p50_m0.05_r02,351,1,1
n8_p50_m0.05_r02,352,1,1
n8_p50_m0.05_r02,353,1,1
n8_p50_m0.05_r02,354,1,1
n8_p50_m0.05_r02,355,1,1
n8_p50_m0.05_r02,356,1,1
n8_p50_m0.05_r02,357,1,1
n8_p50_m0.05_r02,358,1,1
n8_p50_m0.05_r02,359,1,1
n8_p50_m0.05_r02,360,1,1
n8_p50_m0.05_r02,361,1,1
n8_p50_m0.05_r02,362,1,1
n8_p50_m0.05_r02,363,1,1
n8_p50_m0.05_r02,364,1,1
n8_p50_m0.05_r02,365,1,1
n8_p50_m0.05_r02,366,1,1
n8_p50_m0.05_r02,367,1,1
n8_p50_m0.05_r02,368,1,1
n8_p50_m0.05_r02,369,1,1
n8_p50_m0.05_r02,370,1,1
n8_p50_m0.05_r02,371,1,1
n8_p50_m0.05_r02,372,1,1
n8_p50_m0.05_r02,373,1,1
n8_p50_m0.05_r02,374,1,1
n8_p50_m0.05_r02,375,1,1
n8_p50_m0.05_r02,376,1,1
n8_p50_m0.05_r02,377,1,1
n8_p50_m0.05_r02,378,1,1
n8_p50_m0.05_r02,379,1,1
n8_p50_m0.05_r02,380,1,1
n8_p50_m0.05_r02,381,1,1
n8_p50_m0.05_r02,382,1,1
n8_p50_m0.05_r02,383,1,1
n8_p50_m0.05_r02,384,1,1
n8_p50_m0.05_r02,385,1,1
n8_p50_m0.05_r02,386,1,1
n8_p50_m0.05_r02,387,1,1
n8_p50_m0.05_r02,388,1,1
n8_p50_m0.05_r02,389,1,1
n8_p50_m0.05_r02,390,1,1
n8_p50_m0.05_r02,391,1,1
n8_p50_m0.05_r02,392,1,1
n8_p50_m0.05_r02,393,1,1
n8_p50_m0.05_r02,394,1,1
n8_p50_m0.05_r02,395,1,1
n8_p50_m0.05_r02,396,1,1
n8_p50_m0.05_r02,397,1,1
n8_p50_m0.05_r02,398,1,1
n8_p50_m0.05_r02,399,1,1
n8_p50_m0.05_r02,400,1,1
n8_p50_m0.05_r02,401,1,1
n8_p50_m0.05_r02,402,1,1
n8_p50_m0.05_r02,403,1,1
n8_p50_m0.05_r02,404,1,1
n8_p50_m0.05_r02,405,1,1
n8_p50_m0.05_r02,406,1,1
n8_p50_m0.05_r02,407,1,1
n8_p50_m0.05_r02,408,1,1
n8_p50_m0.05_r02,409,1,1
n8_p50_m0.05_r02,410,1,1
n8_p50_m0.05_r02,411,1,1
n8_p50_m0.05_r02,412,1,1
n8_p50_m0.05_r02,413,1,1
n8_p50_m0.05_r02,414,1,1
n8_p50_m0.05_r02,415,1,1
n8_p50_m0.05_r02,416,1,1
n8_p50_m0.05_r02,417,1,1
n8_p50_m0.05_r02,418,1,1
n8_p50_m0.05_r02,419,1,1
n8_p50_m0.05_r02,420,1,1
n8_p50_m0.05_r02,421,1,1
n8_p50_m0.05_r02,422,1,1
n8_p50_m0.05_r02,423,1,1
n8_p50_m0.05_r02,424,1,1
n8_p50_m0.05_r02,425,1,1
n8_p50_m0.05_r02,426,1,1
n8_p50_m0.05_r02,427,1,1
n8_p50_m0.05_r02,428,1,1
n8_p50_m0.05_r02,429,1,1
n8_p50_m0.05_r02,430,1,1
n8_p50_m0.05_r02,431,1,1
n8_p50_m0.05_r02,432,1,1
n8_p50_m0.05_r02,433,1,1
n8_p50_m0.05_r02,434,1,1
n8_p50_m0.05_r02,435,1,1
n8_p50_m0.05_r02,436,1,1
n8_p50_m0.05_r02,437,1,1
n8_p50_m0.05_r02,438,1,1
n8_p50_m0.05_r02,439,1,1
n8_p50_m0.05_r02,440,1,1
n8_p50_m0.05_r02,441,1,1
n8_p50_m0.05_r02,442,1,1
n8_p50_m0.05_r02,443,1,1
n8_p50_m0.05_r02,444,1,1
n8_p50_m0.05_r02,445,1,1
n8_p50_m0.05_r02,446,1,1
n8_p50_m0.05_r02,447,1,1
n8_p50_m0.05_r02,448,1,1
n8_p50_m0.05_r02,449,1,1
n8_p50_m0.05_r02,450,1,1
n8_p50_m0.05_r02,451,1,1
n8_p50_m0.05_r02,452,1,1
n8_p50_m0.05_r02,453,1,1
n8_p50_m0.05_r02,454,1,1
n8_p50_m0.05_r02,455,1,1
n8_p50_m0.05_r02,456,1,1
n8_p50_m0.05_r02,457,1,1
n8_p50_m0.05_r02,458,1,1
n8_p50_m0.05_r02,459,1,1
n8_p50_m0.05_r02,460,1,1
n8_p50_m0.05_r02,461,1,1
n8_p50_m0.05_r02,462,1,1
n8_p50_m0.05_r02,463,1,1
n8_p50_m0.05_r02,464,1,1
n8_p50_m0.05_r02,465,1,1
n8_p50_m0.05_r02,466,1,1
n8_p50_m0.05_r02,467,1,1
n8_p50_m0.05_r02,468,1,1
n8_p50_m0.05_r02,469,1,1
n8_p50_m0.05_r02,470,1,1
n8_p50_m0.05_r02,471,1,1
n8_p50_m0.05_r02,472,1,1
n8_p50_m0.05_r02,473,1,1
n8_p50_m0.05_r02,474,1,1
n8_p50_m0.05_r02,475,1,1
n8_p50_m0.05_r02,476,1,1
n8_p50_m0.05_r02,477,1,1
n8_p50_m0.05_r02,478,1,1
n8_p50_m0.05_r02,479,1,1
n8_p50_m0.05_r02,480,1,1
n8_p50_m0.05_r02,481,1,1
n8_p50_m0.05_r02,482,1,1
n8_p50_m0.05_r02,483,1,1
n8_p50_m0.05_r02,484,1,1
n8_p50_m0.05_r02,485,1,1
n8_p50_m0.05_r02,486,1,1
n8_p50_m0.05_r02,487,1,1
n8_p50_m0.05_r02,488,1,1
n8_p50_m0.05_r02,489,1,1
n8_p50_m0.05_r02,490,1,1
n8_p50_m0.05_r02,491,1,1
n8_p50_m0.05_r02,492,1,1
n8_p50_m0.05_r02,493,1,1
n8_p50_m0.05_r02,494,1,1
n8_p50_m0.05_r02,495,1,1
n8_p50_m0.05_r02,496,1,1
n8_p50_m0.05_r02,497,1,1
n8_p50_m0.05_r02,498,1,1
n8_p50_m0.05_r02,499,1,1
n8_p50_m0.05_r02,500,1,1
n8_p50_m0.05_r03,0,0,0
n8_p50_m0.05_r04,0,1,1
n8_p50_m0.05_r04,1,1,1
n8_p50_m0.05_r04,2,1,1
n8_p50_m0.05_r04,3,1,1
n8_p50_m0.05_r04,4,1,1
n8_p50_m0.05_r04,5,1,1
n8_p50_m0.05_r04,6,1,1
n8_p50_m0.05_r04,7,1,1
n8_p50_m0.05_r04,8,1,1
n8_p50_m0.05_r04,9,0,0
n8_p50_m0.05_r05,0,1,1
n8_p50_m0.05_r05,1,1,1
n8_p50_m0.05_r05,2,0,0
n8_p50_m0.05_r06,0,1,1
n8_p50_m0.05_r06,1,0,0
n8_p50_m0.05_r07,0,1,1
n8_p50_m0.05_r07,1,0,0
n8_p50_m0.05_r08,0,1,1
n8_p50_m0.05_r08,1,1,1
n8_p50_m0.05_r08,2,1,1
n8_p50_m0.05_r08,3,1,1
n8_p50_m0.05_r08,4,1,1
n8_p50_m0.05_r08,5,1,1
n8_p50_m0.05_r08,6,1,1
n8_p50_m0.05_r08,7,1,1
n8_p50_m0.05_r08,8,1,1
n8_p50_m0.05_r08,9,1,1
n8_p50_m0.05_r08,10,1,1
n8_p50_m0.05_r08,11,1,1
n8_p50_m0.05_r08,12,1,1
n8_p50_m0.05_r08,13,1,1
n8_p50_m0.05_r08,14,1,1
n8_p50_m0.05_r08,15,1,1
n8_p50_m0.05_r08,16,1,1
n8_p50_m0.05_r08,17,1,1
n8_p50_m0.05_r08,18,1,1
n8_p50_m0.05_r08,19,1,1
n8_p50_m0.05_r08,20,1,1
n8_p50_m0.05_r08,21,1,1
n8_p50_m0.05_r08,22,1,1
n8_p50_m0.05_r08,23,1,1
n8_p50_m0.05_r08,24,1,1
n8_p50_m0.05_r08,25,1,1
n8_p50_m0.05_r08,26,1,1
n8_p50_m0.05_r08,27,1,1
n8_p50_m0.05_r08,28,1,1
n8_p50_m0.05_r08,29,1,1
n8_p50_m0.05_r08,30,1,1
n8_p50_m0.05_r08,31,1,1
n8_p50_m0.05_r08,32,1,1
n8_p50_m0.05_r08,33,1,1
n8_p50_m0.05_r08,34,1,1
n8_p50_m0.05_r08,35,1,1
n8_p50_m0.05_r08,36,1,1
n8_p50_m0.05_r08,37,1,1
n8_p50_m0.05_r08,38,1,1
n8_p50_m0.05_r08,39,1,1
n8_p50_m0.05_r08,40,1,1
n8_p50_m0.05_r08,41,1,1
n8_p50_m0.05_r08,42,1,1
n8_p50_m0.05_r08,43,1,1
n8_p50_m0.05_r08,44,1,1
n8_p50_m0.05_r08,45,1,1
n8_p50_m0.05_r08,46,1,1
n8_p50_m0.05_r08,47,1,1
n8_p50_m0.05_r08,48,1,1
n8_p50_m0.05_r08,49,1,1
n8_p50_m0.05_r08,50,1,1
n8_p50_m0.05_r08,51,1,1
n8_p50_m0.05_r08,52,1,1
n8_p50_m0.05_r08,53,1,1
n8_p50_m0.05_r08,54,1,1
n8_p50_m0.05_r08,55,1,1
n8_p50_m0.05_r08,56,1,1
n8_p50_m0.05_r08,57,1,1
n8_p50_m0.05_r08,58,1,1
n8_p50_m0.05_r08,59,1,1
n8_p50_m0.05_r08,60,1,1
n8_p50_m0.05_r08,61,1,1
n8_p50_m0.05_r08,62,1,1
n8_p50_m0.05_r08,63,1,1
n8_p50_m0.05_r08,64,1,1
n8_p50_m0.05_r08,65,1,1
n8_p50_m0.05_r08,66,1,1
n8_p50_m0.05_r08,67,1,1
n8_p50_m0.05_r08,68,1,1
n8_p50_m0.05_r08,69,1,1
n8_p50_m0.05_r08,70,1,1
n8_p50_m0.05_r08,71,1,1
n8_p50_m0.05_r08,72,1,1
n8_p50_m0.05_r08,73,1,1
n8_p50_m0.05_r08,74,1,1
n8_p50_m0.05_r08,75,1,1
n8_p50_m0.05_r08,76,1,1
n8_p50_m0.05_r08,77,1,1
n8_p50_m0.05_r08,78,1,1
n8_p50_m0.05_r08,79,1,1
n8_p50_m0.05_r08,80,1,1
n8_p50_m0.05_r08,81,1,1
n8_p50_m0.05_r08,82,1,1
n8_p50_m0.05_r08,83,1,1
n8_p50_m0.05_r08,84,1,1
n8_p50_m0.05_r08,85,1,1
n8_p50_m0.05_r08,86,1,1
n8_p50_m0.05_r08,87,1,1
n8_p50_m0.05_r08,88,1,1
n8_p50_m0.05_r08,89,1,1
n8_p50_m0.05_r08,90,1,1
n8_p50_m0.05_r08,91,1,1
n8_p50_m0.05_r08,92,1,1
n8_p50_m0.05_r08,93,1,1
n8_p50_m0.05_r08,94,1,1
n8_p50_m0.05_r08,95,1,1
n8_p50_m0.05_r08,96,1,1
n8_p50_m0.05_r08,97,1,1
n8_p50_m0.05_r08,98,1,1
n8_p50_m0.05_r08,99,1,1
n8_p50_m0.05_r08,100,1,1
n8_p50_m0.05_r08,101,1,1
n8_p50_m0.05_r08,102,1,1
n8_p50_m0.05_r08,103,1,1
n8_p50_m0.05_r08,104,1,1
n8_p50_m0.05_r08,105,1,1
n8_p50_m0.05_r08,106,1,1
n8_p50_m0.05_r08,107,1,1
n8_p50_m0.05_r08,108,1,1
n8_p50_m0.05_r08,109,1,1
n8_p50_m0.05_r08,110,1,1
n8_p50_m0.05_r08,111,1,1
n8_p50_m0.05_r08,112,1,1
n8_p50_m0.05_r08,113,1,1
n8_p50_m0.05_r08,114,1,1
n8_p50_m0.05_r08,115,1,1
n8_p50_m0.05_r08,116,1,1
n8_p50_m0.05_r08,117,1,1
n8_p50_m0.05_r08,118,1,1
n8_p50_m0.05_r08,119,1,1
n8_p50_m0.05_r08,120,1,1
n8_p50_m0.05_r08,121,1,1
n8_p50_m0.05_r08,122,1,1
n8_p50_m0.05_r08,123,1,1
n8_p50_m0.05_r08,124,1,1
n8_p50_m0.05_r08,125,1,1
n8_p50_m0.05_r08,126,1,1
n8_p50_m0.05_r08,127,1,1
n8_p50_m0.05_r08,128,1,1
n8_p50_m0.05_r08,129,1,1
n8_p50_m0.05_r08,130,1,1
n8_p50_m0.05_r08,131,1,1
n8_p50_m0.05_r08,132,1,1
n8_p50_m0.05_r08,133,1,1
n8_p50_m0.05_r08,134,1,1
n8_p50_m0.05_r08,135,1,1
n8_p50_m0.05_r08,136,1,1
n8_p50_m0.05_r08,137,1,1
n8_p50_m0.05_r08,138,1,1
n8_p50_m0.05_r08,139,1,1
n8_p50_m0.05_r08,140,1,1
n8_p50_m0.05_r08,141,1,1
n8_p50_m0.05_r08,142,1,1
n8_p50_m0.05_r08,143,1,1
n8_p50_m0.05_r08,144,1,1
n8_p50_m0.05_r08,145,1,1
n8_p50_m0.05_r08,146,1,1
n8_p50_m0.05_r08,147,1,1
n8_p50_m0.05_r08,148,1,1
n8_p50_m0.05_r08,149,1,1
n8_p50_m0.05_r08,150,1,1
n8_p50_m0.05_r08,151,1,1
n8_p50_m0.05_r08,152,1,1
n8_p50_m0.05_r08,153,1,1
n8_p50_m0.05_r08,154,1,1
n8_p50_m0.05_r08,155,1,1
n8_p50_m0.05_r08,156,1,1
n8_p50_m0.05_r08,157,1,1
n8_p50_m0.05_r08,158,1,1
n8_p50_m0.05_r08,159,1,1
n8_p50_m0.05_r08,160,1,1
n8_p50_m0.05_r08,161,1,1
n8_p50_m0.05_r08,162,1,1
n8_p50_m0.05_r08,163,1,1
n8_p50_m0.05_r08,164,1,1
n8_p50_m0.05_r08,165,1,1
n8_p50_m0.05_r08,166,1,1
n8_p50_m0.05_r08,167,1,1
n8_p50_m0.05_r08,168,1,1
n8_p50_m0.05_r08,169,1,1
n8_p50_m0.05_r08,170,1,1
n8_p50_m0.05_r08,171,1,1
n8_p50_m0.05_r08,172,1,1
n8_p50_m0.05_r08,173,1,1
n8_p50_m0.05_r08,174,1,1
n8_p50_m0.05_r08,175,1,1
n8_p50_m0.05_r08,176,1,1
n8_p50_m0.05_r08,177,1,1
n8_p50_m0.05_r08,178,1,1
n8_p50_m0.05_r08,179,1,1
n8_p50_m0.05_r08,180,1,1
n8_p50_m0.05_r08,181,1,1
n8_p50_m0.05_r08,182,1,1
n8_p50_m0.05_r08,183,1,1
n8_p50_m0.05_r08,184,1,1
n8_p50_m0.05_r08,185,1,1
n8_p50_m0.05_r08,186,1,1
n8_p50_m0.05_r08,187,1,1
n8_p50_m0.05_r08,188,1,1
n8_p50_m0.05_r08,189,1,1
n8_p50_m0.05_r08,190,1,1
n8_p50_m0.05_r08,191,1,1
n8_p50_m0.05_r08,192,1,1
n8_p50_m0.05_r08,193,1,1
n8_p50_m0.05_r08,194,1,1
n8_p50_m0.05_r08,195,1,1
n8_p50_m0.05_r08,196,1,1
n8_p50_m0.05_r08,197,1,1
n8_p50_m0.05_r08,198,1,1
n8_p50_m0.05_r08,199,1,1
n8_p50_m0.05_r08,200,1,1
n8_p50_m0.05_r08,201,1,1
n8_p50_m0.05_r08,202,1,1
n8_p50_m0.05_r08,203,1,1
n8_p50_m0.05_r08,204,1,1
n8_p50_m0.05_r08,205,1,1
n8_p50_m0.05_r08,206,1,1
n8_p50_m0.05_r08,207,1,1
n8_p50_m0.05_r08,208,1,1
n8_p50_m0.05_r08,209,1,1
n8_p50_m0.05_r08,210,1,1
n8_p50_m0.05_r08,211,1,1
n8_p50_m0.05_r08,212,1,1
n8_p50_m0.05_r08,213,1,1
n8_p50_m0.05_r08,214,1,1
n8_p50_m0.05_r08,215,1,1
n8_p50_m0.05_r08,216,1,1
n8_p50_m0.05_r08,217,1,1
n8_p50_m0.05_r08,218,1,1
n8_p50_m0.05_r08,219,1,1
n8_p50_m0.05_r08,220,1,1
n8_p50_m0.05_r08,221,1,1
n8_p50_m0.05_r08,222,1,1
n8_p50_m0.05_r08,223,1,1
n8_p50_m0.05_r08,224,1,1
n8_p50_m0.05_r08,225,1,1
n8_p50_m0.05_r08,226,1,1
n8_p50_m0.05_r08,227,1,1
n8_p50_m0.05_r08,228,1,1
n8_p50_m0.05_r08,229,1,1
n8_p50_m0.05_r08,230,1,1
n8_p50_m0.05_r08,231,1,1
n8_p50_m0.05_r08,232,1,1
n8_p50_m0.05_r08,233,1,1
n8_p50_m0.05_r08,234,1,1
n8_p50_m0.05_r08,235,1,1
n8_p50_m0.05_r08,236,1,1
n8_p50_m0.05_r08,237,1,1
n8_p50_m0.05_r08,238,1,1
n8_p50_m0.05_r08,239,1,1
n8_p50_m0.05_r08,240,1,1
n8_p50_m0.05_r08,241,1,1
n8_p50_m0.05_r08,242,1,1
n8_p50_m0.05_r08,243,1,1
n8_p50_m0.05_r08,244,1,1
n8_p50_m0.05_r08,245,1,1
n8_p50_m0.05_r08,246,1,1
n8_p50_m0.05_r08,247,1,1
n8_p50_m0.05_r08,248,1,1
n8_p50_m0.05_r08,249,1,1
n8_p50_m0.05_r08,250,1,1
n8_p50_m0.05_r08,251,1,1
n8_p50_m0.05_r08,252,1,1
n8_p50_m0.05_r08,253,1,1
n8_p50_m0.05_r08,254,0,0
n8_p50_m0.05_r09,0,1,1
n8_p50_m0.05_r09,1,1,1
n8_p50_m0.05_r09,2,1,1
n8_p50_m0.05_r09,3,1,1
n8_p50_m0.05_r09,4,1,1
n8_p50_m0.05_r09,5,1,1
n8_p50_m0.05_r09,6,1,1
n8_p50_m0.05_r09,7,1,1
n8_p50_m0.05_r09,8,1,1
n8_p50_m0.05_r09,9,1,1
n8_p50_m0.05_r09,10,1,1
n8_p50_m0.05_r09,11,1,1
n8_p50_m0.05_r09,12,1,1
n8_p50_m0.05_r09,13,1,1
n8_p50_m0.05_r09,14,1,1
n8_p50_m0.05_r09,15,1,1
n8_p50_m0.05_r09,16,1,1
n8_p50_m0.05_r09,17,1,1
n8_p50_m0.05_r09,18,1,1
n8_p50_m0.05_r09,19,1,1
n8_p50_m0.05_r09,20,1,1
n8_p50_m0.05_r09,21,1,1
n8_p50_m0.05_r09,22,1,1
n8_p50_m0.05_r09,23,1,1
n8_p50_m0.05_r09,24,1,1
n8_p50_m0.05_r09,25,1,1
n8_p50_m0.05_r09,26,1,1
n8_p50_m0.05_r09,27,1,1
n8_p50_m0.05_r09,28,1,1
n8_p50_m0.05_r09,29,1,1
n8_p50_m0.05_r09,30,1,1
n8_p50_m0.05_r09,31,1,1
n8_p50_m0.05_r09,32,1,1
n8_p50_m0.05_r09,33,1,1
n8_p50_m0.05_r09,34,1,1
n8_p50_m0.05_r09,35,1,1
n8_p50_m0.05_r09,36,1,1
n8_p50_m0.05_r09,37,1,1
n8_p50_m0.05_r09,38,1,1
n8_p50_m0.05_r09,39,1,1
n8_p50_m0.05_r09,40,1,1
n8_p50_m0.05_r09,41,1,1
n8_p50_m0.05_r09,42,1,1
n8_p50_m0.05_r09,43,1,1
n8_p50_m0.05_r09,44,1,1
n8_p50_m0.05_r09,45,1,1
n8_p50_m0.05_r09,46,1,1
n8_p50_m0.05_r09,47,1,1
n8_p50_m0.05_r09,48,1,1
n8_p50_m0.05_r09,49,1,1
n8_p50_m0.05_r09,50,1,1
n8_p50_m0.05_r09,51,1,1
n8_p50_m0.05_r09,52,1,1
n8_p50_m0.05_r09,53,1,1
n8_p50_m0.05_r09,54,1,1
n8_p50_m0.05_r09,55,1,1
n8_p50_m0.05_r09,56,1,1
n8_p50_m0.05_r09,57,1,1
n8_p50_m0.05_r09,58,1,1
n8_p50_m0.05_r09,59,1,1
n8_p50_m0.05_r09,60,1,1
n8_p50_m0.05_r09,61,1,1
n8_p50_m0.05_r09,62,1,1
n8_p50_m0.05_r09,63,1,1
n8_p50_m0.05_r09,64,1,1
n8_p50_m0.05_r09,65,1,1
n8_p50_m0.05_r09,66,1,1
n8_p50_m0.05_r09,67,1,1
n8_p50_m0.05_r09,68,1,1
n8_p50_m0.05_r09,69,1,1
n8_p50_m0.05_r09,70,1,1
n8_p50_m0.05_r09,71,1,1
n8_p50_m0.05_r09,72,1,1
n8_p50_m0.05_r09,73,1,1
n8_p50_m0.05_r09,74,1,1
n8_p50_m0.05_r09,75,1,1
n8_p50_m0.05_r09,76,1,1
n8_p50_m0.05_r09,77,1,1
n8_p50_m0.05_r09,78,1,1
n8_p50_m0.05_r09,79,1,1
n8_p50_m0.05_r09,80,1,1
n8_p50_m0.05_r09,81,1,1
n8_p50_m0.05_r09,82,1,1
n8_p50_m0.05_r09,83,1,1
n8_p50_m0.05_r09,84,1,1
n8_p50_m0.05_r09,85,1,1
n8_p50_m0.05_r09,86,1,1
n8_p50_m0.05_r09,87,1,1
n8_p50_m0.05_r09,88,1,1
n8_p50_m0.05_r09,89,1,1
n8_p50_m0.05_r09,90,1,1
n8_p50_m0.05_r09,91,1,1
n8_p50_m0.05_r09,92,1,1
n8_p50_m0.05_r09,93,1,1
n8_p50_m0.05_r09,94,1,1
n8_p50_m0.05_r09,95,1,1
n8_p50_m0.05_r09,96,1,1
n8_p50_m0.05_r09,97,1,1
n8_p50_m0.05_r09,98,1,1
n8_p50_m0.05_r09,99,1,1
n8_p50_m0.05_r09,100,1,1
n8_p50_m0.05_r09,101,1,1
n8_p50_m0.05_r09,102,1,1
n8_p50_m0.05_r09,103,1,1
n8_p50_m0.05_r09,104,1,1
n8_p50_m0.05_r09,105,1,1
n8_p50_m0.05_r09,106,1,1
n8_p50_m0.05_r09,107,1,1
n8_p50_m0.05_r09,108,1,1
n8_p50_m0.05_r09,109,1,1
n8_p50_m0.05_r09,110,1,1
n8_p50_m0.05_r09,111,1,1
n8_p50_m0.05_r09,112,1,1
n8_p50_m0.05_r09,113,1,1
n8_p50_m0.05_r09,114,1,1
n8_p50_m0.05_r09,115,1,1
n8_p50_m0.05_r09,116,1,1
n8_p50_m0.05_r09,117,1,1
n8_p50_m0.05_r09,118,1,1
n8_p50_m0.05_r09,119,1,1
n8_p50_m0.05_r09,120,1,1
n8_p50_m0.05_r09,121,1,1
n8_p50_m0.05_r09,122,1,1
n8_p50_m0.05_r09,123,1,1
n8_p50_m0.05_r09,124,1,1
n8_p50_m0.05_r09,125,1,1
n8_p50_m0.05_r09,126,1,1
n8_p50_m0.05_r09,127,1,1
n8_p50_m0.05_r09,128,1,1
n8_p50_m0.05_r09,129,1,1
n8_p50_m0.05_r09,130,1,1
n8_p50_m0.05_r09,131,1,1
n8_p50_m0.05_r09,132,1,1
n8_p50_m0.05_r09,133,1,1
n8_p50_m0.05_r09,134,1,1
n8_p50_m0.05_r09,135,1,1
n8_p50_m0.05_r09,136,1,1
n8_p50_m0.05_r09,137,1,1
n8_p50_m0.05_r09,138,1,1
n8_p50_m0.05_r09,139,1,1
n8_p50_m0.05_r09,140,1,1
n8_p50_m0.05_r09,141,1,1
n8_p50_m0.05_r09,142,1,1
n8_p50_m0.05_r09,143,1,1
n8_p50_m0.05_r09,144,1,1
n8_p50_m0.05_r09,145,1,1
n8_p50_m0.05_r09,146,1,1
n8_p50_m0.05_r09,147,1,1
n8_p50_m0.05_r09,148,1,1
n8_p50_m0.05_r09,149,1,1
n8_p50_m0.05_r09,150,1,1
n8_p50_m0.05_r09,151,1,1
n8_p50_m0.05_r09,152,1,1
n8_p50_m0.05_r09,153,1,1
n8_p50_m0.05_r09,154,1,1
n8_p50_m0.05_r09,155,1,1
n8_p50_m0.05_r09,156,1,1
n8_p50_m0.05_r09,157,1,1
n8_p50_m0.05_r09,158,1,1
n8_p50_m0.05_r09,159,1,1
n8_p50_m0.05_r09,160,1,1
n8_p50_m0.05_r09,161,1,1
n8_p50_m0.05_r09,162,1,1
n8_p50_m0.05_r09,163,1,1
n8_p50_m0.05_r09,164,1,1
n8_p50_m0.05_r09,165,1,1
n8_p50_m0.05_r09,166,1,1
n8_p50_m0.05_r09,167,1,1
n8_p50_m0.05_r09,168,1,1
n8_p50_m0.05_r09,169,1,1
n8_p50_m0.05_r09,170,1,1
n8_p50_m0.05_r09,171,1,1
n8_p50_m0.05_r09,172,1,1
n8_p50_m0.05_r09,173,1,1
n8_p50_m0.05_r09,174,1,1
n8_p50_m0.05_r09,175,1,1
n8_p50_m0.05_r09,176,1,1
n8_p50_m0.05_r09,177,1,1
n8_p50_m0.05_r09,178,1,1
n8_p50_m0.05_r09,179,1,1
n8_p50_m0.05_r09,180,1,1
n8_p50_m0.05_r09,181,1,1
n8_p50_m0.05_r09,182,1,1
n8_p50_m0.05_r09,183,1,1
n8_p50_m0.05_r09,184,1,1
n8_p50_m0.05_r09,185,1,1
n8_p50_m0.05_r09,186,1,1
n8_p50_m0.05_r09,187,1,1
n8_p50_m0.05_r09,188,1,1
n8_p50_m0.05_r09,189,1,1
n8_p50_m0.05_r09,190,1,1
n8_p50_m0.05_r09,191,1,1
n8_p50_m0.05_r09,192,1,1
n8_p50_m0.05_r09,193,1,1
n8_p50_m0.05_r09,194,1,1
n8_p50_m0.05_r09,195,1,1
n8_p50_m0.05_r09,196,1,1
n8_p50_m0.05_r09,197,1,1
n8_p50_m0.05_r09,198,1,1
n8_p50_m0.05_r09,199,1,1
n8_p50_m0.05_r09,200,1,1
n8_p50_m0.05_r09,201,1,1
n8_p50_m0.05_r09,202,1,1
n8_p50_m0.05_r09,203,1,1
n8_p50_m0.05_r09,204,1,1
n8_p50_m0.05_r09,205,1,1
n8_p50_m0.05_r09,206,1,1
n8_p50_m0.05_r09,207,1,1
n8_p50_m0.05_r09,208,1,1
n8_p50_m0.05_r09,209,1,1
n8_p50_m0.05_r09,210,1,1
n8_p50_m0.05_r09,211,1,1
n8_p50_m0.05_r09,212,1,1
n8_p50_m0.05_r09,213,1,1
n8_p50_m0.05_r09,214,1,1
n8_p50_m0.05_r09,215,1,1
n8_p50_m0.05_r09,216,1,1
n8_p50_m0.05_r09,217,1,1
n8_p50_m0.05_r09,218,1,1
n8_p50_m0.05_r09,219,1,1
n8_p50_m0.05_r09,220,1,1
n8_p50_m0.05_r09,221,1,1
n8_p50_m0.05_r09,222,1,1
n8_p50_m0.05_r09,223,1,1
n8_p50_m0.05_r09,224,1,1
n8_p50_m0.05_r09,225,1,1
n8_p50_m0.05_r09,226,1,1
n8_p50_m0.05_r09,227,1,1
n8_p50_m0.05_r09,228,1,1
n8_p50_m0.05_r09,229,1,1
n8_p50_m0.05_r09,230,1,1
n8_p50_m0.05_r09,231,1,1
n8_p50_m0.05_r09,232,1,1
n8_p50_m0.05_r09,233,1,1
n8_p50_m0.05_r09,234,1,1
n8_p50_m0.05_r09,235,1,1
n8_p50_m0.05_r09,236,1,1
n8_p50_m0.05_r09,237,1,1
n8_p50_m0.05_r09,238,1,1
n8_p50_m0.05_r09,239,1,1
n8_p50_m0.05_r09,240,1,1
n8_p50_m0.05_r09,241,1,1
n8_p50_m0.05_r09,242,1,1
n8_p50_m0.05_r09,243,1,1
n8_p50_m0.05_r09,244,1,1
n8_p50_m0.05_r09,245,1,1
n8_p50_m0.05_r09,246,1,1
n8_p50_m0.05_r09,247,1,1
n8_p50_m0.05_r09,248,1,1
n8_p50_m0.05_r09,249,1,1
n8_p50_m0.05_r09,250,1,1
n8_p50_m0.05_r09,251,1,1
n8_p50_m0.05_r09,252,1,1
n8_p50_m0.05_r09,253,1,1
n8_p50_m0.05_r09,254,1,1
n8_p50_m0.05_r09,255,1,1
n8_p50_m0.05_r09,256,1,1
n8_p50_m0.05_r09,257,1,1
n8_p50_m0.05_r09,258,1,1
n8_p50_m0.05_r09,259,1,1
n8_p50_m0.05_r09,260,1,1
n8_p50_m0.05_r09,261,1,1
n8_p50_m0.05_r09,262,1,1
n8_p50_m0.05_r09,263,1,1
n8_p50_m0.05_r09,264,1,1
n8_p50_m0.05_r09,265,1,1
n8_p50_m0.05_r09,266,1,1
n8_p50_m0.05_r09,267,1,1
n8_p50_m0.05_r09,268,1,1
n8_p50_m0.05_r09,269,1,1
n8_p50_m0.05_r09,270,1,1
n8_p50_m0.05_r09,271,1,1
n8_p50_m0.05_r09,272,1,1
n8_p50_m0.05_r09,273,1,1
n8_p50_m0.05_r09,274,1,1
n8_p50_m0.05_r09,275,1,1
n8_p50_m0.05_r09,276,1,1
n8_p50_m0.05_r09,277,1,1
n8_p50_m0.05_r09,278,1,1
n8_p50_m0.05_r09,279,1,1
n8_p50_m0.05_r09,280,1,1
n8_p50_m0.05_r09,281,1,1
n8_p50_m0.05_r09,282,1,1
n8_p50_m0.05_r09,283,1,1
n8_p50_m0.05_r09,284,1,1
n8_p50_m0.05_r09,285,1,1
n8_p50_m0.05_r09,286,1,1
n8_p50_m0.05_r09,287,1,1
n8_p50_m0.05_r09,288,1,1
n8_p50_m0.05_r09,289,1,1
n8_p50_m0.05_r09,290,1,1
n8_p50_m0.05_r09,291,1,1
n8_p50_m0.05_r09,292,1,1
n8_p50_m0.05_r09,293,1,1
n8_p50_m0.05_r09,294,1,1
n8_p50_m0.05_r09,295,1,1
n8_p50_m0.05_r09,296,1,1
n8_p50_m0.05_r09,297,1,1
n8_p50_m0.05_r09,298,1,1
n8_p50_m0.05_r09,299,1,1
n8_p50_m0.05_r09,300,1,1
n8_p50_m0.05_r09,301,1,1
n8_p50_m0.05_r09,302,1,1
n8_p50_m0.05_r09,303,1,1
n8_p50_m0.05_r09,304,1,1
n8_p50_m0.05_r09,305,1,1
n8_p50_m0.05_r09,306,1,1
n8_p50_m0.05_r09,307,1,1
n8_p50_m0.05_r09,308,1,1
n8_p50_m0.05_r09,309,1,1
n8_p50_m0.05_r09,310,1,1
n8_p50_m0.05_r09,311,1,1
n8_p50_m0.05_r09,312,1,1
n8_p50_m0.05_r09,313,1,1
n8_p50_m0.05_r09,314,1,1
n8_p50_m0.05_r09,315,1,1
n8_p50_m0.05_r09,316,1,1
n8_p50_m0.05_r09,317,1,1
n8_p50_m0.05_r09,318,1,1
n8_p50_m0.05_r09,319,1,1
n8_p50_m0.05_r09,320,1,1
n8_p50_m0.05_r09,321,1,1
n8_p50_m0.05_r09,322,1,1
n8_p50_m0.05_r09,323,1,1
n8_p50_m0.05_r09,324,1,1
n8_p50_m0.05_r09,325,1,1
n8_p50_m0.05_r09,326,1,1
n8_p50_m0.05_r09,327,1,1
n8_p50_m0.05_r09,328,1,1
n8_p50_m0.05_r09,329,1,1
n8_p50_m0.05_r09,330,1,1
n8_p50_m0.05_r09,331,1,1
n8_p50_m0.05_r09,332,1,1
n8_p50_m0.05_r09,333,1,1
n8_p50_m0.05_r09,334,1,1
n8_p50_m0.05_r09,335,1,1
n8_p50_m0.05_r09,336,1,1
n8_p50_m0.05_r09,337,1,1
n8_p50_m0.05_r09,338,1,1
n8_p50_m0.05_r09,339,1,1
n8_p50_m0.05_r09,340,1,1
n8_p50_m0.05_r09,341,1,1
n8_p50_m0.05_r09,342,1,1
n8_p50_m0.05_r09,343,1,1
n8_p50_m0.05_r09,344,1,1
n8_p50_m0.05_r09,345,1,1
n8_p50_m0.05_r09,346,1,1
n8_p50_m0.05_r09,347,1,1
n8_p50_m0.05_r09,348,1,1
n8_p50_m0.05_r09,349,1,1
n8_p50_m0.05_r09,350,1,1
n8_p50_m0.05_r09,351,1,1
n8_p50_m0.05_r09,352,1,1
n8_p50_m0.05_r09,353,1,1
n8_p50_m0.05_r09,354,1,1
n8_p50_m0.05_r09,355,1,1
n8_p50_m0.05_r09,356,1,1
n8_p50_m0.05_r09,357,1,1
n8_p50_m0.05_r09,358,1,1
n8_p50_m0.05_r09,359,1,1
n8_p50_m0.05_r09,360,1,1
n8_p50_m0.05_r09,361,1,1
n8_p50_m0.05_r09,362,1,1
n8_p50_m0.05_r09,363,1,1
n8_p50_m0.05_r09,364,1,1
n8_p50_m0.05_r09,365,1,1
n8_p50_m0.05_r09,366,1,1
n8_p50_m0.05_r09,367,1,1
n8_p50_m0.05_r09,368,1,1
n8_p50_m0.05_r09,369,1,1
n8_p50_m0.05_r09,370,1,1
n8_p50_m0.05_r09,371,1,1
n8_p50_m0.05_r09,372,1,1
n8_p50_m0.05_r09,373,1,1
n8_p50_m0.05_r09,374,1,1
n8_p50_m0.05_r09,375,1,1
n8_p50_m0.05_r09,376,1,1
n8_p50_m0.05_r09,377,1,1
n8_p50_m0.05_r09,378,1,1
n8_p50_m0.05_r09,379,1,1
n8_p50_m0.05_r09,380,1,1
n8_p50_m0.05_r09,381,1,1
n8_p50_m0.05_r09,382,1,1
n8_p50_m0.05_r09,383,1,1
n8_p50_m0.05_r09,384,1,1
n8_p50_m0.05_r09,385,1,1
n8_p50_m0.05_r09,386,1,1
n8_p50_m0.05_r09,387,1,1
n8_p50_m0.05_r09,388,1,1
n8_p50_m0.05_r09,389,1,1
n8_p50_m0.05_r09,390,1,1
n8_p50_m0.05_r09,391,1,1
n8_p50_m0.05_r09,392,1,1
n8_p50_m0.05_r09,393,1,1
n8_p50_m0.05_r09,394,1,1
n8_p50_m0.05_r09,395,1,1
n8_p50_m0.05_r09,396,1,1
n8_p50_m0.05_r09,397,1,1
n8_p50_m0.05_r09,398,1,1
n8_p50_m0.05_r09,399,1,1
n8_p50_m0.05_r09,400,1,1
n8_p50_m0.05_r09,401,1,1
n8_p50_m0.05_r09,402,1,1
n8_p50_m0.05_r09,403,1,1
n8_p50_m0.05_r09,404,1,1
n8_p50_m0.05_r09,405,1,1
n8_p50_m0.05_r09,406,1,1
n8_p50_m0.05_r09,407,1,1
n8_p50_m0.05_r09,408,1,1
n8_p50_m0.05_r09,409,1,1
n8_p50_m0.05_r09,410,1,1
n8_p50_m0.05_r09,411,1,1
n8_p50_m0.05_r09,412,1,1
n8_p50_m0.05_r09,413,1,1
n8_p50_m0.05_r09,414,1,1
n8_p50_m0.05_r09,415,1,1
n8_p50_m0.05_r09,416,1,1
n8_p50_m0.05_r09,417,1,1
n8_p50_m0.05_r09,418,1,1
n8_p50_m0.05_r09,419,1,1
n8_p50_m0.05_r09,420,1,1
n8_p50_m0.05_r09,421,1,1
n8_p50_m0.05_r09,422,1,1
n8_p50_m0.05_r09,423,1,1
n8_p50_m0.05_r09,424,1,1
n8_p50_m0.05_r09,425,1,1
n8_p50_m0.05_r09,426,1,1
n8_p50_m0.05_r09,427,1,1
n8_p50_m0.05_r09,428,1,1
n8_p50_m0.05_r09,429,1,1
n8_p50_m0.05_r09,430,1,1
n8_p50_m0.05_r09,431,1,1
n8_p50_m0.05_r09,432,1,1
n8_p50_m0.05_r09,433,1,1
n8_p50_m0.05_r09,434,1,1
n8_p50_m0.05_r09,435,1,1
n8_p50_m0.05_r09,436,1,1
n8_p50_m0.05_r09,437,1,1
n8_p50_m0.05_r09,438,1,1
n8_p50_m0.05_r09,439,1,1
n8_p50_m0.05_r09,440,1,1
n8_p50_m0.05_r09,441,1,1
n8_p50_m0.05_r09,442,1,1
n8_p50_m0.05_r09,443,1,1
n8_p50_m0.05_r09,444,1,1
n8_p50_m0.05_r09,445,1,1
n8_p50_m0.05_r09,446,1,1
n8_p50_m0.05_r09,447,1,1
n8_p50_m0.05_r09,448,1,1
n8_p50_m0.05_r09,449,1,1
n8_p50_m0.05_r09,450,1,1
n8_p50_m0.05_r09,451,1,1
n8_p50_m0.05_r09,452,1,1
n8_p50_m0.05_r09,453,1,1
n8_p50_m0.05_r09,454,1,1
n8_p50_m0.05_r09,455,1,1
n8_p50_m0.05_r09,456,1,1
n8_p50_m0.05_r09,457,1,1
n8_p50_m0.05_r09,458,1,1
n8_p50_m0.05_r09,459,1,1
n8_p50_m0.05_r09,460,1,1
n8_p50_m0.05_r09,461,1,1
n8_p50_m0.05_r09,462,1,1
n8_p50_m0.05_r09,463,1,1
n8_p50_m0.05_r09,464,1,1
n8_p50_m0.05_r09,465,1,1
n8_p50_m0.05_r09,466,1,1
n8_p50_m0.05_r09,467,1,1
n8_p50_m0.05_r09,468,1,1
n8_p50_m0.05_r09,469,1,1
n8_p50_m0.05_r09,470,1,1
n8_p50_m0.05_r09,471,1,1
n8_p50_m0.05_r09,472,1,1
n8_p50_m0.05_r09,473,1,1
n8_p50_m0.05_r09,474,1,1
n8_p50_m0.05_r09,475,1,1
n8_p50_m0.05_r09,476,1,1
n8_p50_m0.05_r09,477,1,1
n8_p50_m0.05_r09,478,1,1
n8_p50_m0.05_r09,479,1,1
n8_p50_m0.05_r09,480,1,1
n8_p50_m0.05_r09,481,1,1
n8_p50_m0.05_r09,482,1,1
n8_p50_m0.05_r09,483,1,1
n8_p50_m0.05_r09,484,1,1
n8_p50_m0.05_r09,485,1,1
n8_p50_m0.05_r09,486,1,1
n8_p50_m0.05_r09,487,1,1
n8_p50_m0.05_r09,488,1,1
n8_p50_m0.05_r09,489,1,1
n8_p50_m0.05_r09,490,1,1
n8_p50_m0.05_r09,491,1,1
n8_p50_m0.05_r09,492,1,1
n8_p50_m0.05_r09,493,1,1
n8_p50_m0.05_r09,494,1,1
n8_p50_m0.05_r09,495,1,1
n8_p50_m0.05_r09,496,1,1
n8_p50_m0.05_r09,497,1,1
n8_p50_m0.05_r09,498,1,1
n8_p50_m0.05_r09,499,1,1
n8_p50_m0.05_r09,500,1,1
n8_p50_m0.05_r10,0,2,2
n8_p50_m0.05_r10,1,1,1
n8_p50_m0.05_r10,2,1,1
n8_p50_m0.05_r10,3,1,1
n8_p50_m0.05_r10,4,1,1
n8_p50_m0.05_r10,5,1,1
n8_p50_m0.05_r10,6,1,1
n8_p50_m0.05_r10,7,1,1
n8_p50_m0.05_r10,8,1,1
n8_p50_m0.05_r10,9,1,1
n8_p50_m0.05_r10,10,1,1
n8_p50_m0.05_r10,11,1,1
n8_p50_m0.05_r10,12,1,1
n8_p50_m0.05_r10,13,1,1
n8_p50_m0.05_r10,14,1,1
n8_p50_m0.05_r10,15,1,1
n8_p50_m0.05_r10,16,1,1
n8_p50_m0.05_r10,17,1,1
n8_p50_m0.05_r10,18,1,1
n8_p50_m0.05_r10,19,1,1
n8_p50_m0.05_r10,20,1,1
n8_p50_m0.05_r10,21,1,1
n8_p50_m0.05_r10,22,1,1
n8_p50_m0.05_r10,23,1,1
n8_p50_m0.05_r10,24,1,1
n8_p50_m0.05_r10,25,1,1
n8_p50_m0.05_r10,26,1,1
n8_p50_m0.05_r10,27,1,1
n8_p50_m0.05_r10,28,1,1
n8_p50_m0.05_r10,29,1,1
n8_p50_m0.05_r10,30,1,1
n8_p50_m0.05_r10,31,1,1
n8_p50_m0.05_r10,32,1,1
n8_p50_m0.05_r10,33,1,1
n8_p50_m0.05_r10,34,1,1
n8_p50_m0.05_r10,35,1,1
n8_p50_m0.05_r10,36,1,1
n8_p50_m0.05_r10,37,1,1
n8_p50_m0.05_r10,38,1,1
n8_p50_m0.05_r10,39,1,1
n8_p50_m0.05_r10,40,1,1
n8_p50_m0.05_r10,41,1,1
n8_p50_m0.05_r10,42,1,1
n8_p50_m0.05_r10,43,1,1
n8_p50_m0.05_r10,44,1,1
n8_p50_m0.05_r10,45,1,1
n8_p50_m0.05_r10,46,1,1
n8_p50_m0.05_r10,47,1,1
n8_p50_m0.05_r10,48,1,1
n8_p50_m0.05_r10,49,1,1
n8_p50_m0.05_r10,50,1,1
n8_p50_m0.05_r10,51,1,1
n8_p50_m0.05_r10,52,1,1
n8_p50_m0.05_r10,53,1,1
n8_p50_m0.05_r10,54,1,1
n8_p50_m0.05_r10,55,1,1
n8_p50_m0.05_r10,56,1,1
n8_p50_m0.05_r10,57,1,1
n8_p50_m0.05_r10,58,1,1
n8_p50_m0.05_r10,59,1,1
n8_p50_m0.05_r10,60,1,1
n8_p50_m0.05_r10,61,1,1
n8_p50_m0.05_r10,62,1,1
n8_p50_m0.05_r10,63,1,1
n8_p50_m0.05_r10,64,1,1
n8_p50_m0.05_r10,65,1,1
n8_p50_m0.05_r10,66,1,1
n8_p50_m0.05_r10,67,1,1
n8_p50_m0.05_r10,68,1,1
n8_p50_m0.05_r10,69,1,1
n8_p50_m0.05_r10,70,1,1
n8_p50_m0.05_r10,71,1,1
n8_p50_m0.05_r10,72,1,1
n8_p50_m0.05_r10,73,1,1
n8_p50_m0.05_r10,74,1,1
n8_p50_m0.05_r10,75,1,1
n8_p50_m0.05_r10,76,1,1
n8_p50_m0.05_r10,77,1,1
n8_p50_m0.05_r10,78,1,1
n8_p50_m0.05_r10,79,1,1
n8_p50_m0.05_r10,80,1,1
n8_p50_m0.05_r10,81,1,1
n8_p50_m0.05_r10,82,1,1
n8_p50_m0.05_r10,83,1,1
n8_p50_m0.05_r10,84,1,1
n8_p50_m0.05_r10,85,1,1
n8_p50_m0.05_r10,86,1,1
n8_p50_m0.05_r10,87,1,1
n8_p50_m0.05_r10,88,1,1
n8_p50_m0.05_r10,89,1,1
n8_p50_m0.05_r10,90,1,1
n8_p50_m0.05_r10,91,1,1
n8_p50_m0.05_r10,92,1,1
n8_p50_m0.05_r10,93,1,1
n8_p50_m0.05_r10,94,1,1
n8_p50_m0.05_r10,95,1,1
n8_p50_m0.05_r10,96,1,1
n8_p50_m0.05_r10,97,1,1
n8_p50_m0.05_r10,98,1,1
n8_p50_m0.05_r10,99,1,1
n8_p50_m0.05_r10,100,0,0
n8_p50_m0.10_r01,0,1,1
n8_p50_m0.10_r01,1,1,1
n8_p50_m0.10_r01,2,1,1
n8_p50_m0.10_r01,3,1,1
n8_p50_m0.10_r01,4,0,0
n8_p50_m0.10_r02,0,1,1
n8_p50_m0.10_r02,1,1,1
n8_p50_m0.10_r02,2,1,1
n8_p50_m0.10_r02,3,1,1
n8_p50_m0.10_r02,4,1,1
n8_p50_m0.10_r02,5,1,1
n8_p50_m0.10_r02,6,1,1
n8_p50_m0.10_r02,7,1,1
n8_p50_m0.10_r02,8,1,1
n8_p50_m0.10_r02,9,1,1
n8_p50_m0.10_r02,10,1,1
n8_p50_m0.10_r02,11,1,1
n8_p50_m0.10_r02,12,1,1
n8_p50_m0.10_r02,13,1,1
n8_p50_m0.10_r02,14,1,1
n8_p50_m0.10_r02,15,1,1
n8_p50_m0.10_r02,16,1,1
n8_p50_m0.10_r02,17,1,1
n8_p50_m0.10_r02,18,1,1
n8_p50_m0.10_r02,19,1,1
n8_p50_m0.10_r02,20,1,1
n8_p50_m0.10_r02,21,1,1
n8_p50_m0.10_r02,22,1,1
n8_p50_m0.10_r02,23,1,1
n8_p50_m0.10_r02,24,1,1
n8_p50_m0.10_r02,25,1,1
n8_p50_m0.10_r02,26,1,1
n8_p50_m0.10_r02,27,1,1
n8_p50_m0.10_r02,28,1,1
n8_p50_m0.10_r02,29,1,1
n8_p50_m0.10_r02,30,1,1
n8_p50_m0.10_r02,31,1,1
n8_p50_m0.10_r02,32,1,1
n8_p50_m0.10_r02,33,1,1
n8_p50_m0.10_r02,34,1,1
n8_p50_m0.10_r02,35,1,1
n8_p50_m0.10_r02,36,1,1
n8_p50_m0.10_r02,37,1,1
n8_p50_m0.10_r02,38,1,1
n8_p50_m0.10_r02,39,1,1
n8_p50_m0.10_r02,40,1,1
n8_p50_m0.10_r02,41,1,1
n8_p50_m0.10_r02,42,1,1
n8_p50_m0.10_r02,43,1,1
n8_p50_m0.10_r02,44,1,1
n8_p50_m0.10_r02,45,1,1
n8_p50_m0.10_r02,46,1,1
n8_p50_m0.10_r02,47,1,1
n8_p50_m0.10_r02,48,1,1
n8_p50_m0.10_r02,49,1,1
n8_p50_m0.10_r02,50,1,1
n8_p50_m0.10_r02,51,1,1
n8_p50_m0.10_r02,52,1,1
n8_p50_m0.10_r02,53,1,1
n8_p50_m0.10_r02,54,1,1
n8_p50_m0.10_r02,55,1,1
n8_p50_m0.10_r02,56,1,1
n8_p50_m0.10_r02,57,1,1
n8_p50_m0.10_r02,58,1,1
n8_p50_m0.10_r02,59,1,1
n8_p50_m0.10_r02,60,1,1
n8_p50_m0.10_r02,61,1,1
n8_p50_m0.10_r02,62,1,1
n8_p50_m0.10_r02,63,1,1
n8_p50_m0.10_r02,64,1,1
n8_p50_m0.10_r02,65,1,1
n8_p50_m0.10_r02,66,1,1
n8_p50_m0.10_r02,67,1,1
n8_p50_m0.10_r02,68,1,1
n8_p50_m0.10_r02,69,1,1
n8_p50_m0.10_r02,70,1,1
n8_p50_m0.10_r02,71,1,1
n8_p50_m0.10_r02,72,1,1
n8_p50_m0.10_r02,73,1,1
n8_p50_m0.10_r02,74,1,1
n8_p50_m0.10_r02,75,1,1
n8_p50_m0.10_r02,76,0,0
n8_p50_m0.10_r03,0,0,0
n8_p50_m0.10_r04,0,1,1
n8_p50_m0.10_r04,1,1,1
n8_p50_m0.10_r04,2,1,1
n8_p50_m0.10_r04,3,1,1
n8_p50_m0.10_r04,4,0,0
n8_p50_m0.10_r05,0,1,1
n8_p50_m0.10_r05,1,1,1
n8_p50_m0.10_r05,2,1,1
n8_p50_m0.10_r05,3,1,1
n8_p50_m0.10_r05,4,1,1
n8_p50_m0.10_r05,5,1,1
n8_p50_m0.10_r05,6,0,0
n8_p50_m0.10_r06,0,1,1
n8_p50_m0.10_r06,1,0,0
n8_p50_m0.10_r07,0,1,1
n8_p50_m0.10_r07,1,0,0
n8_p50_m0.10_r08,0,1,1
n8_p50_m0.10_r08,1,1,1
n8_p50_m0.10_r08,2,1,1
n8_p50_m0.10_r08,3,1,1
n8_p50_m0.10_r08,4,1,1
n8_p50_m0.10_r08,5,0,0
n8_p50_m0.10_r09,0,1,1
n8_p50_m0.10_r09,1,1,1
n8_p50_m0.10_r09,2,1,1
n8_p50_m0.10_r09,3,1,1
n8_p50_m0.10_r09,4,0,0
n8_p50_m0.10_r10,0,2,2
n8_p50_m0.10_r10,1,1,1
n8_p50_m0.10_r10,2,1,1
n8_p50_m0.10_r10,3,1,1
n8_p50_m0.10_r10,4,1,1
n8_p50_m0.10_r10,5,1,1
n8_p50_m0.10_r10,6,1,1
n8_p50_m0.10_r10,7,1,1
n8_p50_m0.10_r10,8,1,1
n8_p50_m0.10_r10,9,1,1
n8_p50_m0.10_r10,10,1,1
n8_p50_m0.10_r10,11,1,1
n8_p50_m0.10_r10,12,1,1
n8_p50_m0.10_r10,13,1,1
n8_p50_m0.10_r10,14,1,1
n8_p50_m0.10_r10,15,1,1
n8_p50_m0.10_r10,16,1,1
n8_p50_m0.10_r10,17,0,0
n8_p50_m0.20_r01,0,1,1
n8_p50_m0.20_r01,1,1,1
n8_p50_m0.20_r01,2,1,1
n8_p50_m0.20_r01,3,1,1
n8_p50_m0.20_r01,4,1,1
n8_p50_m0.20_r01,5,1,1
n8_p50_m0.20_r01,6,1,1
n8_p50_m0.20_r01,7,1,1
n8_p50_m0.20_r01,8,1,1
n8_p50_m0.20_r01,9,1,1
n8_p50_m0.20_r01,10,1,1
n8_p50_m0.20_r01,11,1,1
n8_p50_m0.20_r01,12,0,0
n8_p50_m0.20_r02,0,1,1
n8_p50_m0.20_r02,1,1,1
n8_p50_m0.20_r02,2,1,1
n8_p50_m0.20_r02,3,1,1
n8_p50_m0.20_r02,4,1,1
n8_p50_m0.20_r02,5,1,1
n8_p50_m0.20_r02,6,1,1
n8_p50_m0.20_r02,7,0,0
n8_p50_m0.20_r03,0,0,0
n8_p50_m0.20_r04,0,1,1
n8_p50_m0.20_r04,1,1,1
n8_p50_m0.20_r04,2,1,1
n8_p50_m0.20_r04,3,1,1
n8_p50_m0.20_r04,4,1,1
n8_p50_m0.20_r04,5,0,0
n8_p50_m0.20_r05,0,1,1
n8_p50_m0.20_r05,1,1,1
n8_p50_m0.20_r05,2,1,1
n8_p50_m0.20_r05,3,0,0
n8_p50_m0.20_r06,0,1,1
n8_p50_m0.20_r06,1,0,0
n8_p50_m0.20_r07,0,1,1
n8_p50_m0.20_r07,1,1,1
n8_p50_m0.20_r07,2,1,1
n8_p50_m0.20_r07,3,1,1
n8_p50_m0.20_r07,4,1,1
n8_p50_m0.20_r07,5,1,1
n8_p50_m0.20_r07,6,0,0
n8_p50_m0.20_r08,0,1,1
n8_p50_m0.20_r08,1,1,1
n8_p50_m0.20_r08,2,1,1
n8_p50_m0.20_r08,3,1,1
n8_p50_m0.20_r08,4,1,1
n8_p50_m0.20_r08,5,1,1
n8_p50_m0.20_r08,6,1,1
n8_p50_m0.20_r08,7,0,0
n8_p50_m0.20_r09,0,1,1
n8_p50_m0.20_r09,1,1,1
n8_p50_m0.20_r09,2,1,1
n8_p50_m0.20_r09,3,1,1
n8_p50_m0.20_r09,4,1,1
n8_p50_m0.20_r09,5,1,1
n8_p50_m0.20_r09,6,0,0
n8_p50_m0.20_r10,0,2,2
n8_p50_m0.20_r10,1,1,1
n8_p50_m0.20_r10,2,1,1
n8_p50_m0.20_r10,3,0,0
n8_p100_m0.05_r01,0,0,0
n8_p100_m0.05_r02,0,1,1
n8_p100_m0.05_r02,1,1,1
n8_p100_m0.05_r02,2,1,1
n8_p100_m0.05_r02,3,1,1
n8_p100_m0.05_r02,4,0,0
n8_p100_m0.05_r03,0,0,0
n8_p100_m0.05_r04,0,1,1
n8_p100_m0.05_r04,1,1,1
n8_p100_m0.05_r04,2,0,0
n8_p100_m0.05_r05,0,1,1
n8_p100_m0.05_r05,1,1,1
n8_p100_m0.05_r05,2,0,0
n8_p100_m0.05_r06,0,1,1
n8_p100_m0.05_r06,1,1,1
n8_p100_m0.05_r06,2,0,0
n8_p100_m0.05_r07,0,1,1
n8_p100_m0.05_r07,1,0,0
n8_p100_m0.05_r08,0,1,1
n8_p100_m0.05_r08,1,1,1
n8_p100_m0.05_r08,2,1,1
n8_p100_m0.05_r08,3,0,0
n8_p100_m0.05_r09,0,1,1
n8_p100_m0.05_r09,1,1,1
n8_p100_m0.05_r09,2,1,1
n8_p100_m0.05_r09,3,0,0
n8_p100_m0.05_r10,0,1,1
n8_p100_m0.05_r10,1,1,1
n8_p100_m0.05_r10,2,1,1
n8_p100_m0.05_r10,3,0,0
n8_p100_m0.10_r01,0,0,0
n8_p100_m0.10_r02,0,1,1
n8_p100_m0.10_r02,1,1,1
n8_p100_m0.10_r02,2,1,1
n8_p100_m0.10_r02,3,1,1
n8_p100_m0.10_r02,4,0,0
n8_p100_m0.10_r03,0,0,0
n8_p100_m0.10_r04,0,1,1
n8_p100_m0.10_r04,1,1,1
n8_p100_m0.10_r04,2,1,1
n8_p100_m0.10_r04,3,1,1
n8_p100_m0.10_r04,4,1,1
n8_p100_m0.10_r04,5,1,1
n8_p100_m0.10_r04,6,1,1
n8_p100_m0.10_r04,7,1,1
n8_p100_m0.10_r04,8,1,1
n8_p100_m0.10_r04,9,1,1
n8_p100_m0.10_r04,10,0,0
n8_p100_m0.10_r05,0,1,1
n8_p100_m0.10_r05,1,1,1
n8_p100_m0.10_r05,2,1,1
n8_p100_m0.10_r05,3,1,1
n8_p100_m0.10_r05,4,1,1
n8_p100_m0.10_r05,5,1,1
n8_p100_m0.10_r05,6,0,0
n8_p100_m0.10_r06,0,1,1
n8_p100_m0.10_r06,1,1,1
n8_p100_m0.10_r06,2,0,0
n8_p100_m0.10_r07,0,1,1
n8_p100_m0.10_r07,1,0,0
n8_p100_m0.10_r08,0,1,1
n8_p100_m0.10_r08,1,1,1
n8_p100_m0.10_r08,2,1,1
n8_p100_m0.10_r08,3,0,0
n8_p100_m0.10_r09,0,1,1
n8_p100_m0.10_r09,1,1,1
n8_p100_m0.10_r09,2,1,1
n8_p100_m0.10_r09,3,0,0
n8_p100_m0.10_r10,0,1,1
n8_p100_m0.10_r10,1,1,1
n8_p100_m0.10_r10,2,1,1
n8_p100_m0.10_r10,3,1,1
n8_p100_m0.10_r10,4,1,1
n8_p100_m0.10_r10,5,0,0
n8_p100_m0.20_r01,0,0,0
n8_p100_m0.20_r02,0,1,1
n8_p100_m0.20_r02,1,1,1
n8_p100_m0.20_r02,2,1,1
n8_p100_m0.20_r02,3,0,0
n8_p100_m0.20_r03,0,0,0
n8_p100_m0.20_r04,0,1,1
n8_p100_m0.20_r04,1,1,1
n8_p100_m0.20_r04,2,0,0
n8_p100_m0.20_r05,0,1,1
n8_p100_m0.20_r05,1,1,1
n8_p100_m0.20_r05,2,0,0
n8_p100_m0.20_r06,0,1,1
n8_p100_m0.20_r06,1,1,1
n8_p100_m0.20_r06,2,1,1
n8_p100_m0.20_r06,3,0,0
n8_p100_m0.20_r07,0,1,1
n8_p100_m0.20_r07,1,0,0
n8_p100_m0.20_r08,0,1,1
n8_p100_m0.20_r08,1,1,1
n8_p100_m0.20_r08,2,0,0
n8_p100_m0.20_r09,0,1,1
n8_p100_m0.20_r09,1,1,1
n8_p100_m0.20_r09,2,1,1
n8_p100_m0.20_r09,3,0,0
n8_p100_m0.20_r10,0,1,1
n8_p100_m0.20_r10,1,1,1
n8_p100_m0.20_r10,2,1,1
n8_p100_m0.20_r10,3,0,0
n8_p200_m0.05_r01,0,0,0
n8_p200_m0.05_r02,0,1,1
n8_p200_m0.05_r02,1,1,1
n8_p200_m0.05_r02,2,1,1
n8_p200_m0.05_r02,3,1,1
n8_p200_m0.05_r02,4,1,1
n8_p200_m0.05_r02,5,0,0
n8_p200_m0.05_r03,0,0,0
n8_p200_m0.05_r04,0,1,1
n8_p200_m0.05_r04,1,0,0
n8_p200_m0.05_r05,0,0,0
n8_p200_m0.05_r06,0,0,0
n8_p200_m0.05_r07,0,1,1
n8_p200_m0.05_r07,1,0,0
n8_p200_m0.05_r08,0,1,1
n8_p200_m0.05_r08,1,0,0
n8_p200_m0.05_r09,0,1,1
n8_p200_m0.05_r09,1,0,0
n8_p200_m0.05_r10,0,1,1
n8_p200_m0.05_r10,1,1,1
n8_p200_m0.05_r10,2,1,1
n8_p200_m0.05_r10,3,0,0
n8_p200_m0.10_r01,0,0,0
n8_p200_m0.10_r02,0,1,1
n8_p200_m0.10_r02,1,1,1
n8_p200_m0.10_r02,2,0,0
n8_p200_m0.10_r03,0,0,0
n8_p200_m0.10_r04,0,1,1
n8_p200_m0.10_r04,1,0,0
n8_p200_m0.10_r05,0,0,0
n8_p200_m0.10_r06,0,0,0
n8_p200_m0.10_r07,0,1,1
n8_p200_m0.10_r07,1,0,0
n8_p200_m0.10_r08,0,1,1
n8_p200_m0.10_r08,1,0,0
n8_p200_m0.10_r09,0,1,1
n8_p200_m0.10_r09,1,0,0
n8_p200_m0.10_r10,0,1,1
n8_p200_m0.10_r10,1,1,1
n8_p200_m0.10_r10,2,1,1
n8_p200_m0.10_r10,3,1,1
n8_p200_m0.10_r10,4,0,0
n8_p200_m0.20_r01,0,0,0
n8_p200_m0.20_r02,0,1,1
n8_p200_m0.20_r02,1,1,1
n8_p200_m0.20_r02,2,1,1
n8_p200_m0.20_r02,3,1,1
n8_p200_m0.20_r02,4,0,0
n8_p200_m0.20_r03,0,0,0
n8_p200_m0.20_r04,0,1,1
n8_p200_m0.20_r04,1,0,0
n8_p200_m0.20_r05,0,0,0
n8_p200_m0.20_r06,0,0,0
n8_p200_m0.20_r07,0,1,1
n8_p200_m0.20_r07,1,0,0
n8_p200_m0.20_r08,0,1,1
n8_p200_m0.20_r08,1,1,1
n8_p200_m0.20_r08,2,1,1
n8_p200_m0.20_r08,3,1,1
n8_p200_m0.20_r08,4,0,0
n8_p200_m0.20_r09,0,1,1
n8_p200_m0.20_r09,1,1,1
n8_p200_m0.20_r09,2,0,0
n8_p200_m0.20_r10,0,1,1
n8_p200_m0.20_r10,1,1,1
n8_p200_m0.20_r10,2,1,1
n8_p200_m0.20_r10,3,0,0
