ejecucion,generacion,distancia_generacion,mejor_distancia
1,0,418.134648708594,418.134648708594
1,1,414.8362491029959,414.8362491029959
1,2,382.7798127172483,382.7798127172483
1,3,356.5571061072874,356.5571061072874
1,4,356.5571061072874,356.5571061072874
1,5,356.5571061072874,356.5571061072874
1,6,352.0669900512732,352.0669900512732
1,7,352.0669900512732,352.0669900512732
1,8,329.31823027761055,329.31823027761055
1,9,329.31823027761055,329.31823027761055
1,10,329.31823027761055,329.31823027761055
1,11,329.31823027761055,329.31823027761055
1,12,329.31823027761055,329.31823027761055
1,13,329.31823027761055,329.31823027761055
1,14,329.31823027761055,329.31823027761055
1,15,329.31823027761055,329.31823027761055
1,16,329.31823027761055,329.31823027761055
1,17,329.31823027761055,329.31823027761055
1,18,329.31823027761055,329.31823027761055
1,19,329.31823027761055,329.31823027761055
1,20,329.31823027761055,329.31823027761055
1,21,329.31823027761055,329.31823027761055
1,22,329.31823027761055,329.31823027761055
1,23,329.31823027761055,329.31823027761055
1,24,329.31823027761055,329.31823027761055
1,25,329.31823027761055,329.31823027761055
1,26,329.31823027761055,329.31823027761055
1,27,329.31823027761055,329.31823027761055
1,28,329.31823027761055,329.31823027761055
1,29,329.31823027761055,329.31823027761055
1,30,329.31823027761055,329.31823027761055
1,31,329.31823027761055,329.31823027761055
1,32,329.31823027761055,329.31823027761055
1,33,329.31823027761055,329.31823027761055
1,34,329.31823027761055,329.31823027761055
1,35,329.31823027761055,329.31823027761055
1,36,329.31823027761055,329.31823027761055
1,37,329.31823027761055,329.31823027761055
1,38,329.31823027761055,329.31823027761055
1,39,329.31823027761055,329.31823027761055
1,40,329.31823027761055,329.31823027761055
1,41,329.31823027761055,329.31823027761055
1,42,329.31823027761055,329.31823027761055
1,43,329.31823027761055,329.31823027761055
1,44,329.31823027761055,329.31823027761055
1,45,329.31823027761055,329.31823027761055
1,46,329.31823027761055,329.31823027761055
1,47,329.31823027761055,329.31823027761055
1,48,329.31823027761055,329.31823027761055
1,49,329.31823027761055,329.31823027761055
1,50,329.31823027761055,329.31823027761055
1,51,329.31823027761055,329.31823027761055
1,52,329.31823027761055,329.31823027761055
1,53,329.31823027761055,329.31823027761055
1,54,329.31823027761055,329.31823027761055
1,55,329.31823027761055,329.31823027761055
1,56,329.31823027761055,329.31823027761055
1,57,329.31823027761055,329.31823027761055
1,58,329.31823027761055,329.31823027761055
1,59,329.31823027761055,329.31823027761055
1,60,329.31823027761055,329.31823027761055
1,61,329.31823027761055,329.31823027761055
1,62,329.31823027761055,329.31823027761055
1,63,329.31823027761055,329.31823027761055
1,64,329.31823027761055,329.31823027761055
1,65,329.31823027761055,329.31823027761055
1,66,329.31823027761055,329.31823027761055
1,67,329.31823027761055,329.31823027761055
1,68,329.31823027761055,329.31823027761055
1,69,329.31823027761055,329.31823027761055
1,70,329.31823027761055,329.31823027761055
1,71,329.31823027761055,329.31823027761055
1,72,329.31823027761055,329.31823027761055
1,73,329.31823027761055,329.31823027761055
1,74,329.31823027761055,329.31823027761055
1,75,329.31823027761055,329.31823027761055
1,76,329.31823027761055,329.31823027761055
1,77,329.31823027761055,329.31823027761055
1,78,329.31823027761055,329.31823027761055
1,79,329.31823027761055,329.31823027761055
1,80,329.31823027761055,329.31823027761055
1,81,329.31823027761055,329.31823027761055
1,82,329.31823027761055,329.31823027761055
1,83,329.31823027761055,329.31823027761055
1,84,329.31823027761055,329.31823027761055
1,85,329.31823027761055,329.31823027761055
1,86,329.31823027761055,329.31823027761055
1,87,329.31823027761055,329.31823027761055
1,88,329.31823027761055,329.31823027761055
1,89,329.31823027761055,329.31823027761055
1,90,329.31823027761055,329.31823027761055
1,91,329.31823027761055,329.31823027761055
1,92,329.31823027761055,329.31823027761055
1,93,329.31823027761055,329.31823027761055
1,94,329.31823027761055,329.31823027761055
1,95,329.31823027761055,329.31823027761055
1,96,329.31823027761055,329.31823027761055
1,97,329.31823027761055,329.31823027761055
1,98,329.31823027761055,329.31823027761055
1,99,329.31823027761055,329.31823027761055
1,100,329.31823027761055,329.31823027761055
1,101,329.31823027761055,329.31823027761055
1,102,329.31823027761055,329.31823027761055
1,103,329.31823027761055,329.31823027761055
1,104,329.31823027761055,329.31823027761055
1,105,329.31823027761055,329.31823027761055
1,106,329.31823027761055,329.31823027761055
1,107,329.31823027761055,329.31823027761055
1,108,329.31823027761055,329.31823027761055
1,109,329.31823027761055,329.31823027761055
1,110,329.31823027761055,329.31823027761055
1,111,329.31823027761055,329.31823027761055
1,112,329.31823027761055,329.31823027761055
1,113,329.31823027761055,329.31823027761055
1,114,329.31823027761055,329.31823027761055
1,115,329.31823027761055,329.31823027761055
1,116,329.31823027761055,329.31823027761055
1,117,329.31823027761055,329.31823027761055
1,118,329.31823027761055,329.31823027761055
1,119,329.31823027761055,329.31823027761055
1,120,329.31823027761055,329.31823027761055
1,121,329.31823027761055,329.31823027761055
1,122,329.31823027761055,329.31823027761055
1,123,329.31823027761055,329.31823027761055
1,124,329.31823027761055,329.31823027761055
1,125,329.31823027761055,329.31823027761055
1,126,329.31823027761055,329.31823027761055
1,127,329.31823027761055,329.31823027761055
1,128,329.31823027761055,329.31823027761055
1,129,329.31823027761055,329.31823027761055
1,130,329.31823027761055,329.31823027761055
1,131,329.31823027761055,329.31823027761055
1,132,329.31823027761055,329.31823027761055
1,133,329.31823027761055,329.31823027761055
1,134,329.31823027761055,329.31823027761055
1,135,329.31823027761055,329.31823027761055
1,136,329.31823027761055,329.31823027761055
1,137,329.31823027761055,329.31823027761055
1,138,329.31823027761055,329.31823027761055
1,139,329.31823027761055,329.31823027761055
1,140,329.31823027761055,329.31823027761055
1,141,329.31823027761055,329.31823027761055
1,142,329.31823027761055,329.31823027761055
1,143,329.31823027761055,329.31823027761055
1,144,329.31823027761055,329.31823027761055
1,145,329.31823027761055,329.31823027761055
1,146,329.31823027761055,329.31823027761055
1,147,329.31823027761055,329.31823027761055
1,148,329.31823027761055,329.31823027761055
1,149,329.31823027761055,329.31823027761055
1,150,329.31823027761055,329.31823027761055
1,151,329.31823027761055,329.31823027761055
1,152,329.31823027761055,329.31823027761055
1,153,329.31823027761055,329.31823027761055
1,154,329.31823027761055,329.31823027761055
1,155,329.31823027761055,329.31823027761055
1,156,329.31823027761055,329.31823027761055
1,157,329.31823027761055,329.31823027761055
1,158,329.31823027761055,329.31823027761055
1,159,329.31823027761055,329.31823027761055
1,160,329.31823027761055,329.31823027761055
1,161,329.31823027761055,329.31823027761055
1,162,329.31823027761055,329.31823027761055
1,163,329.31823027761055,329.31823027761055
1,164,329.31823027761055,329.31823027761055
1,165,329.31823027761055,329.31823027761055
1,166,329.31823027761055,329.31823027761055
1,167,329.31823027761055,329.31823027761055
1,168,329.31823027761055,329.31823027761055
1,169,329.31823027761055,329.31823027761055
1,170,329.31823027761055,329.31823027761055
1,171,329.31823027761055,329.31823027761055
1,172,329.31823027761055,329.31823027761055
1,173,329.31823027761055,329.31823027761055
1,174,329.31823027761055,329.31823027761055
1,175,329.31823027761055,329.31823027761055
1,176,329.31823027761055,329.31823027761055
1,177,329.31823027761055,329.31823027761055
1,178,329.31823027761055,329.31823027761055
1,179,329.31823027761055,329.31823027761055
1,180,329.31823027761055,329.31823027761055
1,181,329.31823027761055,329.31823027761055
1,182,329.31823027761055,329.31823027761055
1,183,329.31823027761055,329.31823027761055
1,184,329.31823027761055,329.31823027761055
1,185,329.31823027761055,329.31823027761055
1,186,329.31823027761055,329.31823027761055
1,187,329.31823027761055,329.31823027761055
1,188,329.31823027761055,329.31823027761055
1,189,329.31823027761055,329.31823027761055
1,190,329.31823027761055,329.31823027761055
1,191,329.31823027761055,329.31823027761055
1,192,329.31823027761055,329.31823027761055
1,193,329.31823027761055,329.31823027761055
1,194,329.31823027761055,329.31823027761055
1,195,329.31823027761055,329.31823027761055
1,196,329.31823027761055,329.31823027761055
1,197,329.31823027761055,329.31823027761055
1,198,329.31823027761055,329.31823027761055
1,199,329.31823027761055,329.31823027761055
1,200,329.31823027761055,329.31823027761055
1,201,329.31823027761055,329.31823027761055
1,202,329.31823027761055,329.31823027761055
1,203,329.31823027761055,329.31823027761055
1,204,329.31823027761055,329.31823027761055
1,205,329.31823027761055,329.31823027761055
1,206,329.31823027761055,329.31823027761055
1,207,329.31823027761055,329.31823027761055
1,208,329.31823027761055,329.31823027761055
1,209,329.31823027761055,329.31823027761055
1,210,329.31823027761055,329.31823027761055
1,211,329.31823027761055,329.31823027761055
1,212,329.31823027761055,329.31823027761055
1,213,329.31823027761055,329.31823027761055
1,214,329.31823027761055,329.31823027761055
1,215,329.31823027761055,329.31823027761055
1,216,329.31823027761055,329.31823027761055
1,217,329.31823027761055,329.31823027761055
1,218,329.31823027761055,329.31823027761055
1,219,329.31823027761055,329.31823027761055
1,220,329.31823027761055,329.31823027761055
1,221,329.31823027761055,329.31823027761055
1,222,329.31823027761055,329.31823027761055
1,223,329.31823027761055,329.31823027761055
1,224,329.31823027761055,329.31823027761055
1,225,329.31823027761055,329.31823027761055
1,226,329.31823027761055,329.31823027761055
1,227,329.31823027761055,329.31823027761055
1,228,329.31823027761055,329.31823027761055
1,229,329.31823027761055,329.31823027761055
1,230,329.31823027761055,329.31823027761055
1,231,329.31823027761055,329.31823027761055
1,232,329.31823027761055,329.31823027761055
1,233,329.31823027761055,329.31823027761055
1,234,329.31823027761055,329.31823027761055
1,235,329.31823027761055,329.31823027761055
1,236,329.31823027761055,329.31823027761055
1,237,329.31823027761055,329.31823027761055
1,238,329.31823027761055,329.31823027761055
1,239,329.31823027761055,329.31823027761055
1,240,329.31823027761055,329.31823027761055
1,241,329.31823027761055,329.31823027761055
1,242,329.31823027761055,329.31823027761055
1,243,329.31823027761055,329.31823027761055
1,244,329.31823027761055,329.31823027761055
1,245,329.31823027761055,329.31823027761055
1,246,329.31823027761055,329.31823027761055
1,247,329.31823027761055,329.31823027761055
1,248,329.31823027761055,329.31823027761055
1,249,329.31823027761055,329.31823027761055
1,250,329.31823027761055,329.31823027761055
1,251,329.31823027761055,329.31823027761055
1,252,329.31823027761055,329.31823027761055
1,253,329.31823027761055,329.31823027761055
1,254,329.31823027761055,329.31823027761055
1,255,329.31823027761055,329.31823027761055
1,256,329.31823027761055,329.31823027761055
1,257,329.31823027761055,329.31823027761055
1,258,329.31823027761055,329.31823027761055
1,259,329.31823027761055,329.31823027761055
1,260,329.31823027761055,329.31823027761055
1,261,329.31823027761055,329.31823027761055
1,262,329.31823027761055,329.31823027761055
1,263,329.31823027761055,329.31823027761055
1,264,329.31823027761055,329.31823027761055
1,265,329.31823027761055,329.31823027761055
1,266,329.31823027761055,329.31823027761055
1,267,329.31823027761055,329.31823027761055
1,268,329.31823027761055,329.31823027761055
1,269,329.31823027761055,329.31823027761055
1,270,329.31823027761055,329.31823027761055
1,271,329.31823027761055,329.31823027761055
1,272,329.31823027761055,329.31823027761055
1,273,329.31823027761055,329.31823027761055
1,274,329.31823027761055,329.31823027761055
1,275,329.31823027761055,329.31823027761055
1,276,329.31823027761055,329.31823027761055
1,277,329.31823027761055,329.31823027761055
1,278,329.31823027761055,329.31823027761055
1,279,329.31823027761055,329.31823027761055
1,280,329.31823027761055,329.31823027761055
1,281,329.31823027761055,329.31823027761055
1,282,329.31823027761055,329.31823027761055
1,283,329.31823027761055,329.31823027761055
1,284,329.31823027761055,329.31823027761055
1,285,329.31823027761055,329.31823027761055
1,286,329.31823027761055,329.31823027761055
1,287,329.31823027761055,329.31823027761055
1,288,329.31823027761055,329.31823027761055
1,289,329.31823027761055,329.31823027761055
1,290,329.31823027761055,329.31823027761055
1,291,329.31823027761055,329.31823027761055
1,292,329.31823027761055,329.31823027761055
1,293,329.31823027761055,329.31823027761055
1,294,329.31823027761055,329.31823027761055
1,295,329.31823027761055,329.31823027761055
1,296,329.31823027761055,329.31823027761055
1,297,329.31823027761055,329.31823027761055
1,298,329.31823027761055,329.31823027761055
1,299,329.31823027761055,329.31823027761055
1,300,329.31823027761055,329.31823027761055
1,301,329.31823027761055,329.31823027761055
1,302,329.31823027761055,329.31823027761055
1,303,329.31823027761055,329.31823027761055
1,304,329.31823027761055,329.31823027761055
1,305,329.31823027761055,329.31823027761055
1,306,329.31823027761055,329.31823027761055
1,307,329.31823027761055,329.31823027761055
1,308,329.31823027761055,329.31823027761055
1,309,329.31823027761055,329.31823027761055
1,310,329.31823027761055,329.31823027761055
1,311,329.31823027761055,329.31823027761055
1,312,329.31823027761055,329.31823027761055
1,313,329.31823027761055,329.31823027761055
1,314,329.31823027761055,329.31823027761055
1,315,329.31823027761055,329.31823027761055
1,316,329.31823027761055,329.31823027761055
1,317,329.31823027761055,329.31823027761055
1,318,329.31823027761055,329.31823027761055
1,319,329.31823027761055,329.31823027761055
1,320,329.31823027761055,329.31823027761055
1,321,329.31823027761055,329.31823027761055
1,322,329.31823027761055,329.31823027761055
1,323,329.31823027761055,329.31823027761055
1,324,329.31823027761055,329.31823027761055
1,325,329.31823027761055,329.31823027761055
1,326,329.31823027761055,329.31823027761055
1,327,329.31823027761055,329.31823027761055
1,328,329.31823027761055,329.31823027761055
1,329,329.31823027761055,329.31823027761055
1,330,329.31823027761055,329.31823027761055
1,331,329.31823027761055,329.31823027761055
1,332,329.31823027761055,329.31823027761055
1,333,329.31823027761055,329.31823027761055
1,334,329.31823027761055,329.31823027761055
1,335,329.31823027761055,329.31823027761055
1,336,329.31823027761055,329.31823027761055
1,337,329.31823027761055,329.31823027761055
1,338,329.31823027761055,329.31823027761055
1,339,329.31823027761055,329.31823027761055
1,340,329.31823027761055,329.31823027761055
1,341,329.31823027761055,329.31823027761055
1,342,329.31823027761055,329.31823027761055
1,343,329.31823027761055,329.31823027761055
1,344,329.31823027761055,329.31823027761055
1,345,329.31823027761055,329.31823027761055
1,346,329.31823027761055,329.31823027761055
1,347,329.31823027761055,329.31823027761055
1,348,329.31823027761055,329.31823027761055
1,349,329.31823027761055,329.31823027761055
1,350,329.31823027761055,329.31823027761055
1,351,329.31823027761055,329.31823027761055
1,352,329.31823027761055,329.31823027761055
1,353,329.31823027761055,329.31823027761055
1,354,329.31823027761055,329.31823027761055
1,355,329.31823027761055,329.31823027761055
1,356,329.31823027761055,329.31823027761055
1,357,329.31823027761055,329.31823027761055
1,358,329.31823027761055,329.31823027761055
1,359,329.31823027761055,329.31823027761055
1,360,329.31823027761055,329.31823027761055
1,361,329.31823027761055,329.31823027761055
1,362,329.31823027761055,329.31823027761055
1,363,329.31823027761055,329.31823027761055
1,364,329.31823027761055,329.31823027761055
1,365,329.31823027761055,329.31823027761055
1,366,329.31823027761055,329.31823027761055
1,367,329.31823027761055,329.31823027761055
1,368,329.31823027761055,329.31823027761055
1,369,329.31823027761055,329.31823027761055
1,370,329.31823027761055,329.31823027761055
1,371,329.31823027761055,329.31823027761055
1,372,329.31823027761055,329.31823027761055
1,373,329.31823027761055,329.31823027761055
1,374,329.31823027761055,329.31823027761055
1,375,329.31823027761055,329.31823027761055
1,376,329.31823027761055,329.31823027761055
1,377,329.31823027761055,329.31823027761055
1,378,329.31823027761055,329.31823027761055
1,379,329.31823027761055,329.31823027761055
1,380,329.31823027761055,329.31823027761055
1,381,329.31823027761055,329.31823027761055
1,382,329.31823027761055,329.31823027761055
1,383,329.31823027761055,329.31823027761055
1,384,329.31823027761055,329.31823027761055
1,385,329.31823027761055,329.31823027761055
1,386,329.31823027761055,329.31823027761055
1,387,329.31823027761055,329.31823027761055
1,388,329.31823027761055,329.31823027761055
1,389,329.31823027761055,329.31823027761055
1,390,329.31823027761055,329.31823027761055
1,391,329.31823027761055,329.31823027761055
1,392,329.31823027761055,329.31823027761055
1,393,329.31823027761055,329.31823027761055
1,394,329.31823027761055,329.31823027761055
1,395,329.31823027761055,329.31823027761055
1,396,329.31823027761055,329.31823027761055
1,397,329.31823027761055,329.31823027761055
1,398,329.31823027761055,329.31823027761055
1,399,329.31823027761055,329.31823027761055
1,400,329.31823027761055,329.31823027761055
1,401,329.31823027761055,329.31823027761055
1,402,329.31823027761055,329.31823027761055
1,403,329.31823027761055,329.31823027761055
1,404,329.31823027761055,329.31823027761055
1,405,329.31823027761055,329.31823027761055
1,406,329.31823027761055,329.31823027761055
1,407,329.31823027761055,329.31823027761055
1,408,329.31823027761055,329.31823027761055
1,409,329.31823027761055,329.31823027761055
1,410,329.31823027761055,329.31823027761055
1,411,329.31823027761055,329.31823027761055
1,412,329.31823027761055,329.31823027761055
1,413,329.31823027761055,329.31823027761055
1,414,329.31823027761055,329.31823027761055
1,415,329.31823027761055,329.31823027761055
1,416,329.31823027761055,329.31823027761055
1,417,329.31823027761055,329.31823027761055
1,418,329.31823027761055,329.31823027761055
1,419,329.31823027761055,329.31823027761055
1,420,329.31823027761055,329.31823027761055
1,421,329.31823027761055,329.31823027761055
1,422,329.31823027761055,329.31823027761055
1,423,329.31823027761055,329.31823027761055
1,424,329.31823027761055,329.31823027761055
1,425,329.31823027761055,329.31823027761055
1,426,329.31823027761055,329.31823027761055
1,427,329.31823027761055,329.31823027761055
1,428,329.31823027761055,329.31823027761055
1,429,329.31823027761055,329.31823027761055
1,430,329.31823027761055,329.31823027761055
1,431,329.31823027761055,329.31823027761055
1,432,329.31823027761055,329.31823027761055
1,433,329.31823027761055,329.31823027761055
1,434,329.31823027761055,329.31823027761055
1,435,329.31823027761055,329.31823027761055
1,436,329.31823027761055,329.31823027761055
1,437,329.31823027761055,329.31823027761055
1,438,329.31823027761055,329.31823027761055
1,439,329.31823027761055,329.31823027761055
1,440,329.31823027761055,329.31823027761055
1,441,329.31823027761055,329.31823027761055
1,442,329.31823027761055,329.31823027761055
1,443,329.31823027761055,329.31823027761055
1,444,329.31823027761055,329.31823027761055
1,445,329.31823027761055,329.31823027761055
1,446,329.31823027761055,329.31823027761055
1,447,329.31823027761055,329.31823027761055
1,448,329.31823027761055,329.31823027761055
1,449,329.31823027761055,329.31823027761055
1,450,329.31823027761055,329.31823027761055
1,451,329.31823027761055,329.31823027761055
1,452,329.31823027761055,329.31823027761055
1,453,329.31823027761055,329.31823027761055
1,454,329.31823027761055,329.31823027761055
1,455,329.31823027761055,329.31823027761055
1,456,329.31823027761055,329.31823027761055
1,457,329.31823027761055,329.31823027761055
1,458,329.31823027761055,329.31823027761055
1,459,329.31823027761055,329.31823027761055
1,460,329.31823027761055,329.31823027761055
1,461,329.31823027761055,329.31823027761055
1,462,329.31823027761055,329.31823027761055
1,463,329.31823027761055,329.31823027761055
1,464,329.31823027761055,329.31823027761055
1,465,329.31823027761055,329.31823027761055
1,466,329.31823027761055,329.31823027761055
1,467,329.31823027761055,329.31823027761055
1,468,329.31823027761055,329.31823027761055
1,469,329.31823027761055,329.31823027761055
1,470,329.31823027761055,329.31823027761055
1,471,329.31823027761055,329.31823027761055
1,472,329.31823027761055,329.31823027761055
1,473,329.31823027761055,329.31823027761055
1,474,329.31823027761055,329.31823027761055
1,475,329.31823027761055,329.31823027761055
1,476,329.31823027761055,329.31823027761055
1,477,329.31823027761055,329.31823027761055
1,478,329.31823027761055,329.31823027761055
1,479,329.31823027761055,329.31823027761055
1,480,329.31823027761055,329.31823027761055
1,481,329.31823027761055,329.31823027761055
1,482,329.31823027761055,329.31823027761055
1,483,329.31823027761055,329.31823027761055
1,484,329.31823027761055,329.31823027761055
1,485,329.31823027761055,329.31823027761055
1,486,329.31823027761055,329.31823027761055
1,487,329.31823027761055,329.31823027761055
1,488,329.31823027761055,329.31823027761055
1,489,329.31823027761055,329.31823027761055
1,490,329.31823027761055,329.31823027761055
1,491,329.31823027761055,329.31823027761055
1,492,329.31823027761055,329.31823027761055
1,493,329.31823027761055,329.31823027761055
1,494,329.31823027761055,329.31823027761055
1,495,329.31823027761055,329.31823027761055
1,496,329.31823027761055,329.31823027761055
1,497,329.31823027761055,329.31823027761055
1,498,329.31823027761055,329.31823027761055
1,499,329.31823027761055,329.31823027761055
1,500,329.31823027761055,329.31823027761055
2,0,409.90294845098106,409.90294845098106
2,1,409.6395308250857,409.6395308250857
2,2,405.92676136302975,405.92676136302975
2,3,376.2236294960268,376.2236294960268
2,4,357.2669599125749,357.2669599125749
2,5,357.2669599125749,357.2669599125749
2,6,357.2669599125749,357.2669599125749
2,7,352.0669900512732,352.0669900512732
2,8,329.31823027761055,329.31823027761055
2,9,329.31823027761055,329.31823027761055
2,10,329.31823027761055,329.31823027761055
2,11,329.31823027761055,329.31823027761055
2,12,329.31823027761055,329.31823027761055
2,13,329.31823027761055,329.31823027761055
2,14,329.31823027761055,329.31823027761055
2,15,329.31823027761055,329.31823027761055
2,16,329.31823027761055,329.31823027761055
2,17,329.31823027761055,329.31823027761055
2,18,329.31823027761055,329.31823027761055
2,19,329.31823027761055,329.31823027761055
2,20,329.31823027761055,329.31823027761055
2,21,329.31823027761055,329.31823027761055
2,22,329.31823027761055,329.31823027761055
2,23,329.31823027761055,329.31823027761055
2,24,329.31823027761055,329.31823027761055
2,25,329.31823027761055,329.31823027761055
2,26,329.31823027761055,329.31823027761055
2,27,329.31823027761055,329.31823027761055
2,28,329.31823027761055,329.31823027761055
2,29,329.31823027761055,329.31823027761055
2,30,329.31823027761055,329.31823027761055
2,31,329.31823027761055,329.31823027761055
2,32,329.31823027761055,329.31823027761055
2,33,329.31823027761055,329.31823027761055
2,34,329.31823027761055,329.31823027761055
2,35,329.31823027761055,329.31823027761055
2,36,329.31823027761055,329.31823027761055
2,37,329.31823027761055,329.31823027761055
2,38,329.31823027761055,329.31823027761055
2,39,329.31823027761055,329.31823027761055
2,40,329.31823027761055,329.31823027761055
2,41,329.31823027761055,329.31823027761055
2,42,329.31823027761055,329.31823027761055
2,43,329.31823027761055,329.31823027761055
2,44,329.31823027761055,329.31823027761055
2,45,329.31823027761055,329.31823027761055
2,46,329.31823027761055,329.31823027761055
2,47,329.31823027761055,329.31823027761055
2,48,329.31823027761055,329.31823027761055
2,49,329.31823027761055,329.31823027761055
2,50,329.31823027761055,329.31823027761055
2,51,329.31823027761055,329.31823027761055
2,52,329.31823027761055,329.31823027761055
2,53,329.31823027761055,329.31823027761055
2,54,329.31823027761055,329.31823027761055
2,55,329.31823027761055,329.31823027761055
2,56,329.31823027761055,329.31823027761055
2,57,329.31823027761055,329.31823027761055
2,58,329.31823027761055,329.31823027761055
2,59,329.31823027761055,329.31823027761055
2,60,329.31823027761055,329.31823027761055
2,61,329.31823027761055,329.31823027761055
2,62,329.31823027761055,329.31823027761055
2,63,329.31823027761055,329.31823027761055
2,64,329.31823027761055,329.31823027761055
2,65,329.31823027761055,329.31823027761055
2,66,329.31823027761055,329.31823027761055
2,67,329.31823027761055,329.31823027761055
2,68,329.31823027761055,329.31823027761055
2,69,329.31823027761055,329.31823027761055
2,70,329.31823027761055,329.31823027761055
2,71,329.31823027761055,329.31823027761055
2,72,329.31823027761055,329.31823027761055
2,73,329.31823027761055,329.31823027761055
2,74,329.31823027761055,329.31823027761055
2,75,329.31823027761055,329.31823027761055
2,76,329.31823027761055,329.31823027761055
2,77,329.31823027761055,329.31823027761055
2,78,329.31823027761055,329.31823027761055
2,79,329.31823027761055,329.31823027761055
2,80,329.31823027761055,329.31823027761055
2,81,329.31823027761055,329.31823027761055
2,82,329.31823027761055,329.31823027761055
2,83,329.31823027761055,329.31823027761055
2,84,329.31823027761055,329.31823027761055
2,85,329.31823027761055,329.31823027761055
2,86,329.31823027761055,329.31823027761055
2,87,329.31823027761055,329.31823027761055
2,88,329.31823027761055,329.31823027761055
2,89,329.31823027761055,329.31823027761055
2,90,329.31823027761055,329.31823027761055
2,91,329.31823027761055,329.31823027761055
2,92,329.31823027761055,329.31823027761055
2,93,329.31823027761055,329.31823027761055
2,94,329.31823027761055,329.31823027761055
2,95,329.31823027761055,329.31823027761055
2,96,329.31823027761055,329.31823027761055
2,97,329.31823027761055,329.31823027761055
2,98,329.31823027761055,329.31823027761055
2,99,329.31823027761055,329.31823027761055
2,100,329.31823027761055,329.31823027761055
2,101,329.31823027761055,329.31823027761055
2,102,329.31823027761055,329.31823027761055
2,103,329.31823027761055,329.31823027761055
2,104,329.31823027761055,329.31823027761055
2,105,329.31823027761055,329.31823027761055
2,106,329.31823027761055,329.31823027761055
2,107,329.31823027761055,329.31823027761055
2,108,329.31823027761055,329.31823027761055
2,109,329.31823027761055,329.31823027761055
2,110,329.31823027761055,329.31823027761055
2,111,329.31823027761055,329.31823027761055
2,112,329.31823027761055,329.31823027761055
2,113,329.31823027761055,329.31823027761055
2,114,329.31823027761055,329.31823027761055
2,115,329.31823027761055,329.31823027761055
2,116,329.31823027761055,329.31823027761055
2,117,329.31823027761055,329.31823027761055
2,118,329.31823027761055,329.31823027761055
2,119,329.31823027761055,329.31823027761055
2,120,329.31823027761055,329.31823027761055
2,121,329.31823027761055,329.31823027761055
2,122,329.31823027761055,329.31823027761055
2,123,329.31823027761055,329.31823027761055
2,124,329.31823027761055,329.31823027761055
2,125,329.31823027761055,329.31823027761055
2,126,329.31823027761055,329.31823027761055
2,127,329.31823027761055,329.31823027761055
2,128,329.31823027761055,329.31823027761055
2,129,329.31823027761055,329.31823027761055
2,130,329.31823027761055,329.31823027761055
2,131,329.31823027761055,329.31823027761055
2,132,329.31823027761055,329.31823027761055
2,133,329.31823027761055,329.31823027761055
2,134,329.31823027761055,329.31823027761055
2,135,329.31823027761055,329.31823027761055
2,136,329.31823027761055,329.31823027761055
2,137,329.31823027761055,329.31823027761055
2,138,329.31823027761055,329.31823027761055
2,139,329.31823027761055,329.31823027761055
2,140,329.31823027761055,329.31823027761055
2,141,329.31823027761055,329.31823027761055
2,142,329.31823027761055,329.31823027761055
2,143,329.31823027761055,329.31823027761055
2,144,329.31823027761055,329.31823027761055
2,145,329.31823027761055,329.31823027761055
2,146,329.31823027761055,329.31823027761055
2,147,329.31823027761055,329.31823027761055
2,148,329.31823027761055,329.31823027761055
2,149,329.31823027761055,329.31823027761055
2,150,329.31823027761055,329.31823027761055
2,151,329.31823027761055,329.31823027761055
2,152,329.31823027761055,329.31823027761055
2,153,329.31823027761055,329.31823027761055
2,154,329.31823027761055,329.31823027761055
2,155,329.31823027761055,329.31823027761055
2,156,329.31823027761055,329.31823027761055
2,157,329.31823027761055,329.31823027761055
2,158,329.31823027761055,329.31823027761055
2,159,329.31823027761055,329.31823027761055
2,160,329.31823027761055,329.31823027761055
2,161,329.31823027761055,329.31823027761055
2,162,329.31823027761055,329.31823027761055
2,163,329.31823027761055,329.31823027761055
2,164,329.31823027761055,329.31823027761055
2,165,329.31823027761055,329.31823027761055
2,166,329.31823027761055,329.31823027761055
2,167,329.31823027761055,329.31823027761055
2,168,329.31823027761055,329.31823027761055
2,169,329.31823027761055,329.31823027761055
2,170,329.31823027761055,329.31823027761055
2,171,329.31823027761055,329.31823027761055
2,172,329.31823027761055,329.31823027761055
2,173,329.31823027761055,329.31823027761055
2,174,329.31823027761055,329.31823027761055
2,175,329.31823027761055,329.31823027761055
2,176,329.31823027761055,329.31823027761055
2,177,329.31823027761055,329.31823027761055
2,178,329.31823027761055,329.31823027761055
2,179,329.31823027761055,329.31823027761055
2,180,329.31823027761055,329.31823027761055
2,181,329.31823027761055,329.31823027761055
2,182,329.31823027761055,329.31823027761055
2,183,329.31823027761055,329.31823027761055
2,184,329.31823027761055,329.31823027761055
2,185,329.31823027761055,329.31823027761055
2,186,329.31823027761055,329.31823027761055
2,187,329.31823027761055,329.31823027761055
2,188,329.31823027761055,329.31823027761055
2,189,329.31823027761055,329.31823027761055
2,190,329.31823027761055,329.31823027761055
2,191,329.31823027761055,329.31823027761055
2,192,329.31823027761055,329.31823027761055
2,193,329.31823027761055,329.31823027761055
2,194,329.31823027761055,329.31823027761055
2,195,329.31823027761055,329.31823027761055
2,196,329.31823027761055,329.31823027761055
2,197,329.31823027761055,329.31823027761055
2,198,329.31823027761055,329.31823027761055
2,199,329.31823027761055,329.31823027761055
2,200,329.31823027761055,329.31823027761055
2,201,329.31823027761055,329.31823027761055
2,202,329.31823027761055,329.31823027761055
2,203,329.31823027761055,329.31823027761055
2,204,329.31823027761055,329.31823027761055
2,205,329.31823027761055,329.31823027761055
2,206,329.31823027761055,329.31823027761055
2,207,329.31823027761055,329.31823027761055
2,208,329.31823027761055,329.31823027761055
2,209,329.31823027761055,329.31823027761055
2,210,329.31823027761055,329.31823027761055
2,211,329.31823027761055,329.31823027761055
2,212,329.31823027761055,329.31823027761055
2,213,329.31823027761055,329.31823027761055
2,214,329.31823027761055,329.31823027761055
2,215,329.31823027761055,329.31823027761055
2,216,329.31823027761055,329.31823027761055
2,217,329.31823027761055,329.31823027761055
2,218,329.31823027761055,329.31823027761055
2,219,329.31823027761055,329.31823027761055
2,220,329.31823027761055,329.31823027761055
2,221,329.31823027761055,329.31823027761055
2,222,329.31823027761055,329.31823027761055
2,223,329.31823027761055,329.31823027761055
2,224,329.31823027761055,329.31823027761055
2,225,329.31823027761055,329.31823027761055
2,226,329.31823027761055,329.31823027761055
2,227,329.31823027761055,329.31823027761055
2,228,329.31823027761055,329.31823027761055
2,229,329.31823027761055,329.31823027761055
2,230,329.31823027761055,329.31823027761055
2,231,329.31823027761055,329.31823027761055
2,232,329.31823027761055,329.31823027761055
2,233,329.31823027761055,329.31823027761055
2,234,329.31823027761055,329.31823027761055
2,235,329.31823027761055,329.31823027761055
2,236,329.31823027761055,329.31823027761055
2,237,329.31823027761055,329.31823027761055
2,238,329.31823027761055,329.31823027761055
2,239,329.31823027761055,329.31823027761055
2,240,329.31823027761055,329.31823027761055
2,241,329.31823027761055,329.31823027761055
2,242,329.31823027761055,329.31823027761055
2,243,329.31823027761055,329.31823027761055
2,244,329.31823027761055,329.31823027761055
2,245,329.31823027761055,329.31823027761055
2,246,329.31823027761055,329.31823027761055
2,247,329.31823027761055,329.31823027761055
2,248,329.31823027761055,329.31823027761055
2,249,329.31823027761055,329.31823027761055
2,250,329.31823027761055,329.31823027761055
2,251,329.31823027761055,329.31823027761055
2,252,329.31823027761055,329.31823027761055
2,253,329.31823027761055,329.31823027761055
2,254,329.31823027761055,329.31823027761055
2,255,329.31823027761055,329.31823027761055
2,256,329.31823027761055,329.31823027761055
2,257,329.31823027761055,329.31823027761055
2,258,329.31823027761055,329.31823027761055
2,259,329.31823027761055,329.31823027761055
2,260,329.31823027761055,329.31823027761055
2,261,329.31823027761055,329.31823027761055
2,262,329.31823027761055,329.31823027761055
2,263,329.31823027761055,329.31823027761055
2,264,329.31823027761055,329.31823027761055
2,265,329.31823027761055,329.31823027761055
2,266,329.31823027761055,329.31823027761055
2,267,329.31823027761055,329.31823027761055
2,268,329.31823027761055,329.31823027761055
2,269,329.31823027761055,329.31823027761055
2,270,329.31823027761055,329.31823027761055
2,271,329.31823027761055,329.31823027761055
2,272,329.31823027761055,329.31823027761055
2,273,329.31823027761055,329.31823027761055
2,274,329.31823027761055,329.31823027761055
2,275,329.31823027761055,329.31823027761055
2,276,329.31823027761055,329.31823027761055
2,277,329.31823027761055,329.31823027761055
2,278,329.31823027761055,329.31823027761055
2,279,329.31823027761055,329.31823027761055
2,280,329.31823027761055,329.31823027761055
2,281,329.31823027761055,329.31823027761055
2,282,329.31823027761055,329.31823027761055
2,283,329.31823027761055,329.31823027761055
2,284,329.31823027761055,329.31823027761055
2,285,329.31823027761055,329.31823027761055
2,286,329.31823027761055,329.31823027761055
2,287,329.31823027761055,329.31823027761055
2,288,329.31823027761055,329.31823027761055
2,289,329.31823027761055,329.31823027761055
2,290,329.31823027761055,329.31823027761055
2,291,329.31823027761055,329.31823027761055
2,292,329.31823027761055,329.31823027761055
2,293,329.31823027761055,329.31823027761055
2,294,329.31823027761055,329.31823027761055
2,295,329.31823027761055,329.31823027761055
2,296,329.31823027761055,329.31823027761055
2,297,329.31823027761055,329.31823027761055
2,298,329.31823027761055,329.31823027761055
2,299,329.31823027761055,329.31823027761055
2,300,329.31823027761055,329.31823027761055
2,301,329.31823027761055,329.31823027761055
2,302,329.31823027761055,329.31823027761055
2,303,329.31823027761055,329.31823027761055
2,304,329.31823027761055,329.31823027761055
2,305,329.31823027761055,329.31823027761055
2,306,329.31823027761055,329.31823027761055
2,307,329.31823027761055,329.31823027761055
2,308,329.31823027761055,329.31823027761055
2,309,329.31823027761055,329.31823027761055
2,310,329.31823027761055,329.31823027761055
2,311,329.31823027761055,329.31823027761055
2,312,329.31823027761055,329.31823027761055
2,313,329.31823027761055,329.31823027761055
2,314,329.31823027761055,329.31823027761055
2,315,329.31823027761055,329.31823027761055
2,316,329.31823027761055,329.31823027761055
2,317,329.31823027761055,329.31823027761055
2,318,329.31823027761055,329.31823027761055
2,319,329.31823027761055,329.31823027761055
2,320,329.31823027761055,329.31823027761055
2,321,329.31823027761055,329.31823027761055
2,322,329.31823027761055,329.31823027761055
2,323,329.31823027761055,329.31823027761055
2,324,329.31823027761055,329.31823027761055
2,325,329.31823027761055,329.31823027761055
2,326,329.31823027761055,329.31823027761055
2,327,329.31823027761055,329.31823027761055
2,328,329.31823027761055,329.31823027761055
2,329,329.31823027761055,329.31823027761055
2,330,329.31823027761055,329.31823027761055
2,331,329.31823027761055,329.31823027761055
2,332,329.31823027761055,329.31823027761055
2,333,329.31823027761055,329.31823027761055
2,334,329.31823027761055,329.31823027761055
2,335,329.31823027761055,329.31823027761055
2,336,329.31823027761055,329.31823027761055
2,337,329.31823027761055,329.31823027761055
2,338,329.31823027761055,329.31823027761055
2,339,329.31823027761055,329.31823027761055
2,340,329.31823027761055,329.31823027761055
2,341,329.31823027761055,329.31823027761055
2,342,329.31823027761055,329.31823027761055
2,343,329.31823027761055,329.31823027761055
2,344,329.31823027761055,329.31823027761055
2,345,329.31823027761055,329.31823027761055
2,346,329.31823027761055,329.31823027761055
2,347,329.31823027761055,329.31823027761055
2,348,329.31823027761055,329.31823027761055
2,349,329.31823027761055,329.31823027761055
2,350,329.31823027761055,329.31823027761055
2,351,329.31823027761055,329.31823027761055
2,352,329.31823027761055,329.31823027761055
2,353,329.31823027761055,329.31823027761055
2,354,329.31823027761055,329.31823027761055
2,355,329.31823027761055,329.31823027761055
2,356,329.31823027761055,329.31823027761055
2,357,329.31823027761055,329.31823027761055
2,358,329.31823027761055,329.31823027761055
2,359,329.31823027761055,329.31823027761055
2,360,329.31823027761055,329.31823027761055
2,361,329.31823027761055,329.31823027761055
2,362,329.31823027761055,329.31823027761055
2,363,329.31823027761055,329.31823027761055
2,364,329.31823027761055,329.31823027761055
2,365,329.31823027761055,329.31823027761055
2,366,329.31823027761055,329.31823027761055
2,367,329.31823027761055,329.31823027761055
2,368,329.31823027761055,329.31823027761055
2,369,329.31823027761055,329.31823027761055
2,370,329.31823027761055,329.31823027761055
2,371,329.31823027761055,329.31823027761055
2,372,329.31823027761055,329.31823027761055
2,373,329.31823027761055,329.31823027761055
2,374,329.31823027761055,329.31823027761055
2,375,329.31823027761055,329.31823027761055
2,376,329.31823027761055,329.31823027761055
2,377,329.31823027761055,329.31823027761055
2,378,329.31823027761055,329.31823027761055
2,379,329.31823027761055,329.31823027761055
2,380,329.31823027761055,329.31823027761055
2,381,329.31823027761055,329.31823027761055
2,382,329.31823027761055,329.31823027761055
2,383,329.31823027761055,329.31823027761055
2,384,329.31823027761055,329.31823027761055
2,385,329.31823027761055,329.31823027761055
2,386,329.31823027761055,329.31823027761055
2,387,329.31823027761055,329.31823027761055
2,388,329.31823027761055,329.31823027761055
2,389,329.31823027761055,329.31823027761055
2,390,329.31823027761055,329.31823027761055
2,391,329.31823027761055,329.31823027761055
2,392,329.31823027761055,329.31823027761055
2,393,329.31823027761055,329.31823027761055
2,394,329.31823027761055,329.31823027761055
2,395,329.31823027761055,329.31823027761055
2,396,329.31823027761055,329.31823027761055
2,397,329.31823027761055,329.31823027761055
2,398,329.31823027761055,329.31823027761055
2,399,329.31823027761055,329.31823027761055
2,400,329.31823027761055,329.31823027761055
2,401,329.31823027761055,329.31823027761055
2,402,329.31823027761055,329.31823027761055
2,403,329.31823027761055,329.31823027761055
2,404,329.31823027761055,329.31823027761055
2,405,329.31823027761055,329.31823027761055
2,406,329.31823027761055,329.31823027761055
2,407,329.31823027761055,329.31823027761055
2,408,329.31823027761055,329.31823027761055
2,409,329.31823027761055,329.31823027761055
2,410,329.31823027761055,329.31823027761055
2,411,329.31823027761055,329.31823027761055
2,412,329.31823027761055,329.31823027761055
2,413,329.31823027761055,329.31823027761055
2,414,329.31823027761055,329.31823027761055
2,415,329.31823027761055,329.31823027761055
2,416,329.31823027761055,329.31823027761055
2,417,329.31823027761055,329.31823027761055
2,418,329.31823027761055,329.31823027761055
2,419,329.31823027761055,329.31823027761055
2,420,329.31823027761055,329.31823027761055
2,421,329.31823027761055,329.31823027761055
2,422,329.31823027761055,329.31823027761055
2,423,329.31823027761055,329.31823027761055
2,424,329.31823027761055,329.31823027761055
2,425,329.31823027761055,329.31823027761055
2,426,329.31823027761055,329.31823027761055
2,427,329.31823027761055,329.31823027761055
2,428,329.31823027761055,329.31823027761055
2,429,329.31823027761055,329.31823027761055
2,430,329.31823027761055,329.31823027761055
2,431,329.31823027761055,329.31823027761055
2,432,329.31823027761055,329.31823027761055
2,433,329.31823027761055,329.31823027761055
2,434,329.31823027761055,329.31823027761055
2,435,329.31823027761055,329.31823027761055
2,436,329.31823027761055,329.31823027761055
2,437,329.31823027761055,329.31823027761055
2,438,329.31823027761055,329.31823027761055
2,439,329.31823027761055,329.31823027761055
2,440,329.31823027761055,329.31823027761055
2,441,329.31823027761055,329.31823027761055
2,442,329.31823027761055,329.31823027761055
2,443,329.31823027761055,329.31823027761055
2,444,329.31823027761055,329.31823027761055
2,445,329.31823027761055,329.31823027761055
2,446,329.31823027761055,329.31823027761055
2,447,329.31823027761055,329.31823027761055
2,448,329.31823027761055,329.31823027761055
2,449,329.31823027761055,329.31823027761055
2,450,329.31823027761055,329.31823027761055
2,451,329.31823027761055,329.31823027761055
2,452,329.31823027761055,329.31823027761055
2,453,329.31823027761055,329.31823027761055
2,454,329.31823027761055,329.31823027761055
2,455,329.31823027761055,329.31823027761055
2,456,329.31823027761055,329.31823027761055
2,457,329.31823027761055,329.31823027761055
2,458,329.31823027761055,329.31823027761055
2,459,329.31823027761055,329.31823027761055
2,460,329.31823027761055,329.31823027761055
2,461,329.31823027761055,329.31823027761055
2,462,329.31823027761055,329.31823027761055
2,463,329.31823027761055,329.31823027761055
2,464,329.31823027761055,329.31823027761055
2,465,329.31823027761055,329.31823027761055
2,466,329.31823027761055,329.31823027761055
2,467,329.31823027761055,329.31823027761055
2,468,329.31823027761055,329.31823027761055
2,469,329.31823027761055,329.31823027761055
2,470,329.31823027761055,329.31823027761055
2,471,329.31823027761055,329.31823027761055
2,472,329.31823027761055,329.31823027761055
2,473,329.31823027761055,329.31823027761055
2,474,329.31823027761055,329.31823027761055
2,475,329.31823027761055,329.31823027761055
2,476,329.31823027761055,329.31823027761055
2,477,329.31823027761055,329.31823027761055
2,478,329.31823027761055,329.31823027761055
2,479,329.31823027761055,329.31823027761055
2,480,329.31823027761055,329.31823027761055
2,481,329.31823027761055,329.31823027761055
2,482,329.31823027761055,329.31823027761055
2,483,329.31823027761055,329.31823027761055
2,484,329.31823027761055,329.31823027761055
2,485,329.31823027761055,329.31823027761055
2,486,329.31823027761055,329.31823027761055
2,487,329.31823027761055,329.31823027761055
2,488,329.31823027761055,329.31823027761055
2,489,329.31823027761055,329.31823027761055
2,490,329.31823027761055,329.31823027761055
2,491,329.31823027761055,329.31823027761055
2,492,329.31823027761055,329.31823027761055
2,493,329.31823027761055,329.31823027761055
2,494,329.31823027761055,329.31823027761055
2,495,329.31823027761055,329.31823027761055
2,496,329.31823027761055,329.31823027761055
2,497,329.31823027761055,329.31823027761055
2,498,329.31823027761055,329.31823027761055
2,499,329.31823027761055,329.31823027761055
2,500,329.31823027761055,329.31823027761055
3,0,422.2744313605502,422.2744313605502
3,1,372.57504857648405,372.57504857648405
3,2,372.57504857648405,372.57504857648405
3,3,357.31098748044326,357.31098748044326
3,4,357.31098748044326,357.31098748044326
3,5,357.31098748044326,357.31098748044326
3,6,357.31098748044326,357.31098748044326
3,7,346.2494968587685,346.2494968587685
3,8,346.2494968587685,346.2494968587685
3,9,346.2494968587685,346.2494968587685
3,10,346.2494968587685,346.2494968587685
3,11,346.2494968587685,346.2494968587685
3,12,346.2494968587685,346.2494968587685
3,13,346.2494968587685,346.2494968587685
3,14,346.2494968587685,346.2494968587685
3,15,346.2494968587685,346.2494968587685
3,16,346.2494968587685,346.2494968587685
3,17,346.2494968587685,346.2494968587685
3,18,346.2494968587685,346.2494968587685
3,19,329.31823027761055,329.31823027761055
3,20,329.31823027761055,329.31823027761055
3,21,329.31823027761055,329.31823027761055
3,22,329.31823027761055,329.31823027761055
3,23,329.31823027761055,329.31823027761055
3,24,329.31823027761055,329.31823027761055
3,25,329.31823027761055,329.31823027761055
3,26,329.31823027761055,329.31823027761055
3,27,329.31823027761055,329.31823027761055
3,28,329.31823027761055,329.31823027761055
3,29,329.31823027761055,329.31823027761055
3,30,329.31823027761055,329.31823027761055
3,31,329.31823027761055,329.31823027761055
3,32,329.31823027761055,329.31823027761055
3,33,329.31823027761055,329.31823027761055
3,34,329.31823027761055,329.31823027761055
3,35,329.31823027761055,329.31823027761055
3,36,329.31823027761055,329.31823027761055
3,37,329.31823027761055,329.31823027761055
3,38,329.31823027761055,329.31823027761055
3,39,329.31823027761055,329.31823027761055
3,40,329.31823027761055,329.31823027761055
3,41,329.31823027761055,329.31823027761055
3,42,329.31823027761055,329.31823027761055
3,43,329.31823027761055,329.31823027761055
3,44,329.31823027761055,329.31823027761055
3,45,329.31823027761055,329.31823027761055
3,46,329.31823027761055,329.31823027761055
3,47,329.31823027761055,329.31823027761055
3,48,329.31823027761055,329.31823027761055
3,49,329.31823027761055,329.31823027761055
3,50,329.31823027761055,329.31823027761055
3,51,329.31823027761055,329.31823027761055
3,52,329.31823027761055,329.31823027761055
3,53,329.31823027761055,329.31823027761055
3,54,329.31823027761055,329.31823027761055
3,55,329.31823027761055,329.31823027761055
3,56,329.31823027761055,329.31823027761055
3,57,329.31823027761055,329.31823027761055
3,58,329.31823027761055,329.31823027761055
3,59,329.31823027761055,329.31823027761055
3,60,329.31823027761055,329.31823027761055
3,61,329.31823027761055,329.31823027761055
3,62,329.31823027761055,329.31823027761055
3,63,329.31823027761055,329.31823027761055
3,64,329.31823027761055,329.31823027761055
3,65,329.31823027761055,329.31823027761055
3,66,329.31823027761055,329.31823027761055
3,67,329.31823027761055,329.31823027761055
3,68,329.31823027761055,329.31823027761055
3,69,329.31823027761055,329.31823027761055
3,70,329.31823027761055,329.31823027761055
3,71,329.31823027761055,329.31823027761055
3,72,329.31823027761055,329.31823027761055
3,73,329.31823027761055,329.31823027761055
3,74,329.31823027761055,329.31823027761055
3,75,329.31823027761055,329.31823027761055
3,76,329.31823027761055,329.31823027761055
3,77,329.31823027761055,329.31823027761055
3,78,329.31823027761055,329.31823027761055
3,79,329.31823027761055,329.31823027761055
3,80,329.31823027761055,329.31823027761055
3,81,329.31823027761055,329.31823027761055
3,82,329.31823027761055,329.31823027761055
3,83,329.31823027761055,329.31823027761055
3,84,329.31823027761055,329.31823027761055
3,85,329.31823027761055,329.31823027761055
3,86,329.31823027761055,329.31823027761055
3,87,329.31823027761055,329.31823027761055
3,88,329.31823027761055,329.31823027761055
3,89,329.31823027761055,329.31823027761055
3,90,329.31823027761055,329.31823027761055
3,91,329.31823027761055,329.31823027761055
3,92,329.31823027761055,329.31823027761055
3,93,329.31823027761055,329.31823027761055
3,94,329.31823027761055,329.31823027761055
3,95,329.31823027761055,329.31823027761055
3,96,329.31823027761055,329.31823027761055
3,97,329.31823027761055,329.31823027761055
3,98,329.31823027761055,329.31823027761055
3,99,329.31823027761055,329.31823027761055
3,100,329.31823027761055,329.31823027761055
3,101,329.31823027761055,329.31823027761055
3,102,329.31823027761055,329.31823027761055
3,103,329.31823027761055,329.31823027761055
3,104,329.31823027761055,329.31823027761055
3,105,329.31823027761055,329.31823027761055
3,106,329.31823027761055,329.31823027761055
3,107,329.31823027761055,329.31823027761055
3,108,329.31823027761055,329.31823027761055
3,109,329.31823027761055,329.31823027761055
3,110,329.31823027761055,329.31823027761055
3,111,329.31823027761055,329.31823027761055
3,112,329.31823027761055,329.31823027761055
3,113,329.31823027761055,329.31823027761055
3,114,329.31823027761055,329.31823027761055
3,115,329.31823027761055,329.31823027761055
3,116,329.31823027761055,329.31823027761055
3,117,329.31823027761055,329.31823027761055
3,118,329.31823027761055,329.31823027761055
3,119,329.31823027761055,329.31823027761055
3,120,329.31823027761055,329.31823027761055
3,121,329.31823027761055,329.31823027761055
3,122,329.31823027761055,329.31823027761055
3,123,329.31823027761055,329.31823027761055
3,124,329.31823027761055,329.31823027761055
3,125,329.31823027761055,329.31823027761055
3,126,329.31823027761055,329.31823027761055
3,127,329.31823027761055,329.31823027761055
3,128,329.31823027761055,329.31823027761055
3,129,329.31823027761055,329.31823027761055
3,130,329.31823027761055,329.31823027761055
3,131,329.31823027761055,329.31823027761055
3,132,329.31823027761055,329.31823027761055
3,133,329.31823027761055,329.31823027761055
3,134,329.31823027761055,329.31823027761055
3,135,329.31823027761055,329.31823027761055
3,136,329.31823027761055,329.31823027761055
3,137,329.31823027761055,329.31823027761055
3,138,329.31823027761055,329.31823027761055
3,139,329.31823027761055,329.31823027761055
3,140,329.31823027761055,329.31823027761055
3,141,329.31823027761055,329.31823027761055
3,142,329.31823027761055,329.31823027761055
3,143,329.31823027761055,329.31823027761055
3,144,329.31823027761055,329.31823027761055
3,145,329.31823027761055,329.31823027761055
3,146,329.31823027761055,329.31823027761055
3,147,329.31823027761055,329.31823027761055
3,148,329.31823027761055,329.31823027761055
3,149,329.31823027761055,329.31823027761055
3,150,329.31823027761055,329.31823027761055
3,151,329.31823027761055,329.31823027761055
3,152,329.31823027761055,329.31823027761055
3,153,329.31823027761055,329.31823027761055
3,154,329.31823027761055,329.31823027761055
3,155,329.31823027761055,329.31823027761055
3,156,329.31823027761055,329.31823027761055
3,157,329.31823027761055,329.31823027761055
3,158,329.31823027761055,329.31823027761055
3,159,329.31823027761055,329.31823027761055
3,160,329.31823027761055,329.31823027761055
3,161,329.31823027761055,329.31823027761055
3,162,329.31823027761055,329.31823027761055
3,163,329.31823027761055,329.31823027761055
3,164,329.31823027761055,329.31823027761055
3,165,329.31823027761055,329.31823027761055
3,166,329.31823027761055,329.31823027761055
3,167,329.31823027761055,329.31823027761055
3,168,329.31823027761055,329.31823027761055
3,169,329.31823027761055,329.31823027761055
3,170,329.31823027761055,329.31823027761055
3,171,329.31823027761055,329.31823027761055
3,172,329.31823027761055,329.31823027761055
3,173,329.31823027761055,329.31823027761055
3,174,329.31823027761055,329.31823027761055
3,175,329.31823027761055,329.31823027761055
3,176,329.31823027761055,329.31823027761055
3,177,329.31823027761055,329.31823027761055
3,178,329.31823027761055,329.31823027761055
3,179,329.31823027761055,329.31823027761055
3,180,329.31823027761055,329.31823027761055
3,181,329.31823027761055,329.31823027761055
3,182,329.31823027761055,329.31823027761055
3,183,329.31823027761055,329.31823027761055
3,184,329.31823027761055,329.31823027761055
3,185,329.31823027761055,329.31823027761055
3,186,329.31823027761055,329.31823027761055
3,187,329.31823027761055,329.31823027761055
3,188,329.31823027761055,329.31823027761055
3,189,329.31823027761055,329.31823027761055
3,190,329.31823027761055,329.31823027761055
3,191,329.31823027761055,329.31823027761055
3,192,329.31823027761055,329.31823027761055
3,193,329.31823027761055,329.31823027761055
3,194,329.31823027761055,329.31823027761055
3,195,329.31823027761055,329.31823027761055
3,196,329.31823027761055,329.31823027761055
3,197,329.31823027761055,329.31823027761055
3,198,329.31823027761055,329.31823027761055
3,199,329.31823027761055,329.31823027761055
3,200,329.31823027761055,329.31823027761055
3,201,329.31823027761055,329.31823027761055
3,202,329.31823027761055,329.31823027761055
3,203,329.31823027761055,329.31823027761055
3,204,329.31823027761055,329.31823027761055
3,205,329.31823027761055,329.31823027761055
3,206,329.31823027761055,329.31823027761055
3,207,329.31823027761055,329.31823027761055
3,208,329.31823027761055,329.31823027761055
3,209,329.31823027761055,329.31823027761055
3,210,329.31823027761055,329.31823027761055
3,211,329.31823027761055,329.31823027761055
3,212,329.31823027761055,329.31823027761055
3,213,329.31823027761055,329.31823027761055
3,214,329.31823027761055,329.31823027761055
3,215,329.31823027761055,329.31823027761055
3,216,329.31823027761055,329.31823027761055
3,217,329.31823027761055,329.31823027761055
3,218,329.31823027761055,329.31823027761055
3,219,329.31823027761055,329.31823027761055
3,220,329.31823027761055,329.31823027761055
3,221,329.31823027761055,329.31823027761055
3,222,329.31823027761055,329.31823027761055
3,223,329.31823027761055,329.31823027761055
3,224,329.31823027761055,329.31823027761055
3,225,329.31823027761055,329.31823027761055
3,226,329.31823027761055,329.31823027761055
3,227,329.31823027761055,329.31823027761055
3,228,329.31823027761055,329.31823027761055
3,229,329.31823027761055,329.31823027761055
3,230,329.31823027761055,329.31823027761055
3,231,329.31823027761055,329.31823027761055
3,232,329.31823027761055,329.31823027761055
3,233,329.31823027761055,329.31823027761055
3,234,329.31823027761055,329.31823027761055
3,235,329.31823027761055,329.31823027761055
3,236,329.31823027761055,329.31823027761055
3,237,329.31823027761055,329.31823027761055
3,238,329.31823027761055,329.31823027761055
3,239,329.31823027761055,329.31823027761055
3,240,329.31823027761055,329.31823027761055
3,241,329.31823027761055,329.31823027761055
3,242,329.31823027761055,329.31823027761055
3,243,329.31823027761055,329.31823027761055
3,244,329.31823027761055,329.31823027761055
3,245,329.31823027761055,329.31823027761055
3,246,329.31823027761055,329.31823027761055
3,247,329.31823027761055,329.31823027761055
3,248,329.31823027761055,329.31823027761055
3,249,329.31823027761055,329.31823027761055
3,250,329.31823027761055,329.31823027761055
3,251,329.31823027761055,329.31823027761055
3,252,329.31823027761055,329.31823027761055
3,253,329.31823027761055,329.31823027761055
3,254,329.31823027761055,329.31823027761055
3,255,329.31823027761055,329.31823027761055
3,256,329.31823027761055,329.31823027761055
3,257,329.31823027761055,329.31823027761055
3,258,329.31823027761055,329.31823027761055
3,259,329.31823027761055,329.31823027761055
3,260,329.31823027761055,329.31823027761055
3,261,329.31823027761055,329.31823027761055
3,262,329.31823027761055,329.31823027761055
3,263,329.31823027761055,329.31823027761055
3,264,329.31823027761055,329.31823027761055
3,265,329.31823027761055,329.31823027761055
3,266,329.31823027761055,329.31823027761055
3,267,329.31823027761055,329.31823027761055
3,268,329.31823027761055,329.31823027761055
3,269,329.31823027761055,329.31823027761055
3,270,329.31823027761055,329.31823027761055
3,271,329.31823027761055,329.31823027761055
3,272,329.31823027761055,329.31823027761055
3,273,329.31823027761055,329.31823027761055
3,274,329.31823027761055,329.31823027761055
3,275,329.31823027761055,329.31823027761055
3,276,329.31823027761055,329.31823027761055
3,277,329.31823027761055,329.31823027761055
3,278,329.31823027761055,329.31823027761055
3,279,329.31823027761055,329.31823027761055
3,280,329.31823027761055,329.31823027761055
3,281,329.31823027761055,329.31823027761055
3,282,329.31823027761055,329.31823027761055
3,283,329.31823027761055,329.31823027761055
3,284,329.31823027761055,329.31823027761055
3,285,329.31823027761055,329.31823027761055
3,286,329.31823027761055,329.31823027761055
3,287,329.31823027761055,329.31823027761055
3,288,329.31823027761055,329.31823027761055
3,289,329.31823027761055,329.31823027761055
3,290,329.31823027761055,329.31823027761055
3,291,329.31823027761055,329.31823027761055
3,292,329.31823027761055,329.31823027761055
3,293,329.31823027761055,329.31823027761055
3,294,329.31823027761055,329.31823027761055
3,295,329.31823027761055,329.31823027761055
3,296,329.31823027761055,329.31823027761055
3,297,329.31823027761055,329.31823027761055
3,298,329.31823027761055,329.31823027761055
3,299,329.31823027761055,329.31823027761055
3,300,329.31823027761055,329.31823027761055
3,301,329.31823027761055,329.31823027761055
3,302,329.31823027761055,329.31823027761055
3,303,329.31823027761055,329.31823027761055
3,304,329.31823027761055,329.31823027761055
3,305,329.31823027761055,329.31823027761055
3,306,329.31823027761055,329.31823027761055
3,307,329.31823027761055,329.31823027761055
3,308,329.31823027761055,329.31823027761055
3,309,329.31823027761055,329.31823027761055
3,310,329.31823027761055,329.31823027761055
3,311,329.31823027761055,329.31823027761055
3,312,329.31823027761055,329.31823027761055
3,313,329.31823027761055,329.31823027761055
3,314,329.31823027761055,329.31823027761055
3,315,329.31823027761055,329.31823027761055
3,316,329.31823027761055,329.31823027761055
3,317,329.31823027761055,329.31823027761055
3,318,329.31823027761055,329.31823027761055
3,319,329.31823027761055,329.31823027761055
3,320,329.31823027761055,329.31823027761055
3,321,329.31823027761055,329.31823027761055
3,322,329.31823027761055,329.31823027761055
3,323,329.31823027761055,329.31823027761055
3,324,329.31823027761055,329.31823027761055
3,325,329.31823027761055,329.31823027761055
3,326,329.31823027761055,329.31823027761055
3,327,329.31823027761055,329.31823027761055
3,328,329.31823027761055,329.31823027761055
3,329,329.31823027761055,329.31823027761055
3,330,329.31823027761055,329.31823027761055
3,331,329.31823027761055,329.31823027761055
3,332,329.31823027761055,329.31823027761055
3,333,329.31823027761055,329.31823027761055
3,334,329.31823027761055,329.31823027761055
3,335,329.31823027761055,329.31823027761055
3,336,329.31823027761055,329.31823027761055
3,337,329.31823027761055,329.31823027761055
3,338,329.31823027761055,329.31823027761055
3,339,329.31823027761055,329.31823027761055
3,340,329.31823027761055,329.31823027761055
3,341,329.31823027761055,329.31823027761055
3,342,329.31823027761055,329.31823027761055
3,343,329.31823027761055,329.31823027761055
3,344,329.31823027761055,329.31823027761055
3,345,329.31823027761055,329.31823027761055
3,346,329.31823027761055,329.31823027761055
3,347,329.31823027761055,329.31823027761055
3,348,329.31823027761055,329.31823027761055
3,349,329.31823027761055,329.31823027761055
3,350,329.31823027761055,329.31823027761055
3,351,329.31823027761055,329.31823027761055
3,352,329.31823027761055,329.31823027761055
3,353,329.31823027761055,329.31823027761055
3,354,329.31823027761055,329.31823027761055
3,355,329.31823027761055,329.31823027761055
3,356,329.31823027761055,329.31823027761055
3,357,329.31823027761055,329.31823027761055
3,358,329.31823027761055,329.31823027761055
3,359,329.31823027761055,329.31823027761055
3,360,329.31823027761055,329.31823027761055
3,361,329.31823027761055,329.31823027761055
3,362,329.31823027761055,329.31823027761055
3,363,329.31823027761055,329.31823027761055
3,364,329.31823027761055,329.31823027761055
3,365,329.31823027761055,329.31823027761055
3,366,329.31823027761055,329.31823027761055
3,367,329.31823027761055,329.31823027761055
3,368,329.31823027761055,329.31823027761055
3,369,329.31823027761055,329.31823027761055
3,370,329.31823027761055,329.31823027761055
3,371,329.31823027761055,329.31823027761055
3,372,329.31823027761055,329.31823027761055
3,373,329.31823027761055,329.31823027761055
3,374,329.31823027761055,329.31823027761055
3,375,329.31823027761055,329.31823027761055
3,376,329.31823027761055,329.31823027761055
3,377,329.31823027761055,329.31823027761055
3,378,329.31823027761055,329.31823027761055
3,379,329.31823027761055,329.31823027761055
3,380,329.31823027761055,329.31823027761055
3,381,329.31823027761055,329.31823027761055
3,382,329.31823027761055,329.31823027761055
3,383,329.31823027761055,329.31823027761055
3,384,329.31823027761055,329.31823027761055
3,385,329.31823027761055,329.31823027761055
3,386,329.31823027761055,329.31823027761055
3,387,329.31823027761055,329.31823027761055
3,388,329.31823027761055,329.31823027761055
3,389,329.31823027761055,329.31823027761055
3,390,329.31823027761055,329.31823027761055
3,391,329.31823027761055,329.31823027761055
3,392,329.31823027761055,329.31823027761055
3,393,329.31823027761055,329.31823027761055
3,394,329.31823027761055,329.31823027761055
3,395,329.31823027761055,329.31823027761055
3,396,329.31823027761055,329.31823027761055
3,397,329.31823027761055,329.31823027761055
3,398,329.31823027761055,329.31823027761055
3,399,329.31823027761055,329.31823027761055
3,400,329.31823027761055,329.31823027761055
3,401,329.31823027761055,329.31823027761055
3,402,329.31823027761055,329.31823027761055
3,403,329.31823027761055,329.31823027761055
3,404,329.31823027761055,329.31823027761055
3,405,329.31823027761055,329.31823027761055
3,406,329.31823027761055,329.31823027761055
3,407,329.31823027761055,329.31823027761055
3,408,329.31823027761055,329.31823027761055
3,409,329.31823027761055,329.31823027761055
3,410,329.31823027761055,329.31823027761055
3,411,329.31823027761055,329.31823027761055
3,412,329.31823027761055,329.31823027761055
3,413,329.31823027761055,329.31823027761055
3,414,329.31823027761055,329.31823027761055
3,415,329.31823027761055,329.31823027761055
3,416,329.31823027761055,329.31823027761055
3,417,329.31823027761055,329.31823027761055
3,418,329.31823027761055,329.31823027761055
3,419,329.31823027761055,329.31823027761055
3,420,329.31823027761055,329.31823027761055
3,421,329.31823027761055,329.31823027761055
3,422,329.31823027761055,329.31823027761055
3,423,329.31823027761055,329.31823027761055
3,424,329.31823027761055,329.31823027761055
3,425,329.31823027761055,329.31823027761055
3,426,329.31823027761055,329.31823027761055
3,427,329.31823027761055,329.31823027761055
3,428,329.31823027761055,329.31823027761055
3,429,329.31823027761055,329.31823027761055
3,430,329.31823027761055,329.31823027761055
3,431,329.31823027761055,329.31823027761055
3,432,329.31823027761055,329.31823027761055
3,433,329.31823027761055,329.31823027761055
3,434,329.31823027761055,329.31823027761055
3,435,329.31823027761055,329.31823027761055
3,436,329.31823027761055,329.31823027761055
3,437,329.31823027761055,329.31823027761055
3,438,329.31823027761055,329.31823027761055
3,439,329.31823027761055,329.31823027761055
3,440,329.31823027761055,329.31823027761055
3,441,329.31823027761055,329.31823027761055
3,442,329.31823027761055,329.31823027761055
3,443,329.31823027761055,329.31823027761055
3,444,329.31823027761055,329.31823027761055
3,445,329.31823027761055,329.31823027761055
3,446,329.31823027761055,329.31823027761055
3,447,329.31823027761055,329.31823027761055
3,448,329.31823027761055,329.31823027761055
3,449,329.31823027761055,329.31823027761055
3,450,329.31823027761055,329.31823027761055
3,451,329.31823027761055,329.31823027761055
3,452,329.31823027761055,329.31823027761055
3,453,329.31823027761055,329.31823027761055
3,454,329.31823027761055,329.31823027761055
3,455,329.31823027761055,329.31823027761055
3,456,329.31823027761055,329.31823027761055
3,457,329.31823027761055,329.31823027761055
3,458,329.31823027761055,329.31823027761055
3,459,329.31823027761055,329.31823027761055
3,460,329.31823027761055,329.31823027761055
3,461,329.31823027761055,329.31823027761055
3,462,329.31823027761055,329.31823027761055
3,463,329.31823027761055,329.31823027761055
3,464,329.31823027761055,329.31823027761055
3,465,329.31823027761055,329.31823027761055
3,466,329.31823027761055,329.31823027761055
3,467,329.31823027761055,329.31823027761055
3,468,329.31823027761055,329.31823027761055
3,469,329.31823027761055,329.31823027761055
3,470,329.31823027761055,329.31823027761055
3,471,329.31823027761055,329.31823027761055
3,472,329.31823027761055,329.31823027761055
3,473,329.31823027761055,329.31823027761055
3,474,329.31823027761055,329.31823027761055
3,475,329.31823027761055,329.31823027761055
3,476,329.31823027761055,329.31823027761055
3,477,329.31823027761055,329.31823027761055
3,478,329.31823027761055,329.31823027761055
3,479,329.31823027761055,329.31823027761055
3,480,329.31823027761055,329.31823027761055
3,481,329.31823027761055,329.31823027761055
3,482,329.31823027761055,329.31823027761055
3,483,329.31823027761055,329.31823027761055
3,484,329.31823027761055,329.31823027761055
3,485,329.31823027761055,329.31823027761055
3,486,329.31823027761055,329.31823027761055
3,487,329.31823027761055,329.31823027761055
3,488,329.31823027761055,329.31823027761055
3,489,329.31823027761055,329.31823027761055
3,490,329.31823027761055,329.31823027761055
3,491,329.31823027761055,329.31823027761055
3,492,329.31823027761055,329.31823027761055
3,493,329.31823027761055,329.31823027761055
3,494,329.31823027761055,329.31823027761055
3,495,329.31823027761055,329.31823027761055
3,496,329.31823027761055,329.31823027761055
3,497,329.31823027761055,329.31823027761055
3,498,329.31823027761055,329.31823027761055
3,499,329.31823027761055,329.31823027761055
3,500,329.31823027761055,329.31823027761055
4,0,427.9651268010877,427.9651268010877
4,1,388.8406168834791,388.8406168834791
4,2,371.16127262503625,371.16127262503625
4,3,371.16127262503625,371.16127262503625
4,4,335.21393869705463,335.21393869705463
4,5,335.21393869705463,335.21393869705463
4,6,335.21393869705463,335.21393869705463
4,7,335.21393869705463,335.21393869705463
4,8,329.31823027761055,329.31823027761055
4,9,329.31823027761055,329.31823027761055
4,10,329.31823027761055,329.31823027761055
4,11,329.31823027761055,329.31823027761055
4,12,329.31823027761055,329.31823027761055
4,13,329.31823027761055,329.31823027761055
4,14,329.31823027761055,329.31823027761055
4,15,329.31823027761055,329.31823027761055
4,16,329.31823027761055,329.31823027761055
4,17,329.31823027761055,329.31823027761055
4,18,329.31823027761055,329.31823027761055
4,19,329.31823027761055,329.31823027761055
4,20,329.31823027761055,329.31823027761055
4,21,329.31823027761055,329.31823027761055
4,22,329.31823027761055,329.31823027761055
4,23,329.31823027761055,329.31823027761055
4,24,329.31823027761055,329.31823027761055
4,25,329.31823027761055,329.31823027761055
4,26,329.31823027761055,329.31823027761055
4,27,329.31823027761055,329.31823027761055
4,28,329.31823027761055,329.31823027761055
4,29,329.31823027761055,329.31823027761055
4,30,329.31823027761055,329.31823027761055
4,31,329.31823027761055,329.31823027761055
4,32,329.31823027761055,329.31823027761055
4,33,329.31823027761055,329.31823027761055
4,34,329.31823027761055,329.31823027761055
4,35,329.31823027761055,329.31823027761055
4,36,329.31823027761055,329.31823027761055
4,37,329.31823027761055,329.31823027761055
4,38,329.31823027761055,329.31823027761055
4,39,329.31823027761055,329.31823027761055
4,40,329.31823027761055,329.31823027761055
4,41,329.31823027761055,329.31823027761055
4,42,329.31823027761055,329.31823027761055
4,43,329.31823027761055,329.31823027761055
4,44,329.31823027761055,329.31823027761055
4,45,329.31823027761055,329.31823027761055
4,46,329.31823027761055,329.31823027761055
4,47,329.31823027761055,329.31823027761055
4,48,329.31823027761055,329.31823027761055
4,49,329.31823027761055,329.31823027761055
4,50,329.31823027761055,329.31823027761055
4,51,329.31823027761055,329.31823027761055
4,52,329.31823027761055,329.31823027761055
4,53,329.31823027761055,329.31823027761055
4,54,329.31823027761055,329.31823027761055
4,55,329.31823027761055,329.31823027761055
4,56,329.31823027761055,329.31823027761055
4,57,329.31823027761055,329.31823027761055
4,58,329.31823027761055,329.31823027761055
4,59,329.31823027761055,329.31823027761055
4,60,329.31823027761055,329.31823027761055
4,61,329.31823027761055,329.31823027761055
4,62,329.31823027761055,329.31823027761055
4,63,329.31823027761055,329.31823027761055
4,64,329.31823027761055,329.31823027761055
4,65,329.31823027761055,329.31823027761055
4,66,329.31823027761055,329.31823027761055
4,67,329.31823027761055,329.31823027761055
4,68,329.31823027761055,329.31823027761055
4,69,329.31823027761055,329.31823027761055
4,70,329.31823027761055,329.31823027761055
4,71,329.31823027761055,329.31823027761055
4,72,329.31823027761055,329.31823027761055
4,73,329.31823027761055,329.31823027761055
4,74,329.31823027761055,329.31823027761055
4,75,329.31823027761055,329.31823027761055
4,76,329.31823027761055,329.31823027761055
4,77,329.31823027761055,329.31823027761055
4,78,329.31823027761055,329.31823027761055
4,79,329.31823027761055,329.31823027761055
4,80,329.31823027761055,329.31823027761055
4,81,329.31823027761055,329.31823027761055
4,82,329.31823027761055,329.31823027761055
4,83,329.31823027761055,329.31823027761055
4,84,329.31823027761055,329.31823027761055
4,85,329.31823027761055,329.31823027761055
4,86,329.31823027761055,329.31823027761055
4,87,329.31823027761055,329.31823027761055
4,88,329.31823027761055,329.31823027761055
4,89,329.31823027761055,329.31823027761055
4,90,329.31823027761055,329.31823027761055
4,91,329.31823027761055,329.31823027761055
4,92,329.31823027761055,329.31823027761055
4,93,329.31823027761055,329.31823027761055
4,94,329.31823027761055,329.31823027761055
4,95,329.31823027761055,329.31823027761055
4,96,329.31823027761055,329.31823027761055
4,97,329.31823027761055,329.31823027761055
4,98,329.31823027761055,329.31823027761055
4,99,329.31823027761055,329.31823027761055
4,100,329.31823027761055,329.31823027761055
4,101,329.31823027761055,329.31823027761055
4,102,329.31823027761055,329.31823027761055
4,103,329.31823027761055,329.31823027761055
4,104,329.31823027761055,329.31823027761055
4,105,329.31823027761055,329.31823027761055
4,106,329.31823027761055,329.31823027761055
4,107,329.31823027761055,329.31823027761055
4,108,329.31823027761055,329.31823027761055
4,109,329.31823027761055,329.31823027761055
4,110,329.31823027761055,329.31823027761055
4,111,329.31823027761055,329.31823027761055
4,112,329.31823027761055,329.31823027761055
4,113,329.31823027761055,329.31823027761055
4,114,329.31823027761055,329.31823027761055
4,115,329.31823027761055,329.31823027761055
4,116,329.31823027761055,329.31823027761055
4,117,329.31823027761055,329.31823027761055
4,118,329.31823027761055,329.31823027761055
4,119,329.31823027761055,329.31823027761055
4,120,329.31823027761055,329.31823027761055
4,121,329.31823027761055,329.31823027761055
4,122,329.31823027761055,329.31823027761055
4,123,329.31823027761055,329.31823027761055
4,124,329.31823027761055,329.31823027761055
4,125,329.31823027761055,329.31823027761055
4,126,329.31823027761055,329.31823027761055
4,127,329.31823027761055,329.31823027761055
4,128,329.31823027761055,329.31823027761055
4,129,329.31823027761055,329.31823027761055
4,130,329.31823027761055,329.31823027761055
4,131,329.31823027761055,329.31823027761055
4,132,329.31823027761055,329.31823027761055
4,133,329.31823027761055,329.31823027761055
4,134,329.31823027761055,329.31823027761055
4,135,329.31823027761055,329.31823027761055
4,136,329.31823027761055,329.31823027761055
4,137,329.31823027761055,329.31823027761055
4,138,329.31823027761055,329.31823027761055
4,139,329.31823027761055,329.31823027761055
4,140,329.31823027761055,329.31823027761055
4,141,329.31823027761055,329.31823027761055
4,142,329.31823027761055,329.31823027761055
4,143,329.31823027761055,329.31823027761055
4,144,329.31823027761055,329.31823027761055
4,145,329.31823027761055,329.31823027761055
4,146,329.31823027761055,329.31823027761055
4,147,329.31823027761055,329.31823027761055
4,148,329.31823027761055,329.31823027761055
4,149,329.31823027761055,329.31823027761055
4,150,329.31823027761055,329.31823027761055
4,151,329.31823027761055,329.31823027761055
4,152,329.31823027761055,329.31823027761055
4,153,329.31823027761055,329.31823027761055
4,154,329.31823027761055,329.31823027761055
4,155,329.31823027761055,329.31823027761055
4,156,329.31823027761055,329.31823027761055
4,157,329.31823027761055,329.31823027761055
4,158,329.31823027761055,329.31823027761055
4,159,329.31823027761055,329.31823027761055
4,160,329.31823027761055,329.31823027761055
4,161,329.31823027761055,329.31823027761055
4,162,329.31823027761055,329.31823027761055
4,163,329.31823027761055,329.31823027761055
4,164,329.31823027761055,329.31823027761055
4,165,329.31823027761055,329.31823027761055
4,166,329.31823027761055,329.31823027761055
4,167,329.31823027761055,329.31823027761055
4,168,329.31823027761055,329.31823027761055
4,169,329.31823027761055,329.31823027761055
4,170,329.31823027761055,329.31823027761055
4,171,329.31823027761055,329.31823027761055
4,172,329.31823027761055,329.31823027761055
4,173,329.31823027761055,329.31823027761055
4,174,329.31823027761055,329.31823027761055
4,175,329.31823027761055,329.31823027761055
4,176,329.31823027761055,329.31823027761055
4,177,329.31823027761055,329.31823027761055
4,178,329.31823027761055,329.31823027761055
4,179,329.31823027761055,329.31823027761055
4,180,329.31823027761055,329.31823027761055
4,181,329.31823027761055,329.31823027761055
4,182,329.31823027761055,329.31823027761055
4,183,329.31823027761055,329.31823027761055
4,184,329.31823027761055,329.31823027761055
4,185,329.31823027761055,329.31823027761055
4,186,329.31823027761055,329.31823027761055
4,187,329.31823027761055,329.31823027761055
4,188,329.31823027761055,329.31823027761055
4,189,329.31823027761055,329.31823027761055
4,190,329.31823027761055,329.31823027761055
4,191,329.31823027761055,329.31823027761055
4,192,329.31823027761055,329.31823027761055
4,193,329.31823027761055,329.31823027761055
4,194,329.31823027761055,329.31823027761055
4,195,329.31823027761055,329.31823027761055
4,196,329.31823027761055,329.31823027761055
4,197,329.31823027761055,329.31823027761055
4,198,329.31823027761055,329.31823027761055
4,199,329.31823027761055,329.31823027761055
4,200,329.31823027761055,329.31823027761055
4,201,329.31823027761055,329.31823027761055
4,202,329.31823027761055,329.31823027761055
4,203,329.31823027761055,329.31823027761055
4,204,329.31823027761055,329.31823027761055
4,205,329.31823027761055,329.31823027761055
4,206,329.31823027761055,329.31823027761055
4,207,329.31823027761055,329.31823027761055
4,208,329.31823027761055,329.31823027761055
4,209,329.31823027761055,329.31823027761055
4,210,329.31823027761055,329.31823027761055
4,211,329.31823027761055,329.31823027761055
4,212,329.31823027761055,329.31823027761055
4,213,329.31823027761055,329.31823027761055
4,214,329.31823027761055,329.31823027761055
4,215,329.31823027761055,329.31823027761055
4,216,329.31823027761055,329.31823027761055
4,217,329.31823027761055,329.31823027761055
4,218,329.31823027761055,329.31823027761055
4,219,329.31823027761055,329.31823027761055
4,220,329.31823027761055,329.31823027761055
4,221,329.31823027761055,329.31823027761055
4,222,329.31823027761055,329.31823027761055
4,223,329.31823027761055,329.31823027761055
4,224,329.31823027761055,329.31823027761055
4,225,329.31823027761055,329.31823027761055
4,226,329.31823027761055,329.31823027761055
4,227,329.31823027761055,329.31823027761055
4,228,329.31823027761055,329.31823027761055
4,229,329.31823027761055,329.31823027761055
4,230,329.31823027761055,329.31823027761055
4,231,329.31823027761055,329.31823027761055
4,232,329.31823027761055,329.31823027761055
4,233,329.31823027761055,329.31823027761055
4,234,329.31823027761055,329.31823027761055
4,235,329.31823027761055,329.31823027761055
4,236,329.31823027761055,329.31823027761055
4,237,329.31823027761055,329.31823027761055
4,238,329.31823027761055,329.31823027761055
4,239,329.31823027761055,329.31823027761055
4,240,329.31823027761055,329.31823027761055
4,241,329.31823027761055,329.31823027761055
4,242,329.31823027761055,329.31823027761055
4,243,329.31823027761055,329.31823027761055
4,244,329.31823027761055,329.31823027761055
4,245,329.31823027761055,329.31823027761055
4,246,329.31823027761055,329.31823027761055
4,247,329.31823027761055,329.31823027761055
4,248,329.31823027761055,329.31823027761055
4,249,329.31823027761055,329.31823027761055
4,250,329.31823027761055,329.31823027761055
4,251,329.31823027761055,329.31823027761055
4,252,329.31823027761055,329.31823027761055
4,253,329.31823027761055,329.31823027761055
4,254,329.31823027761055,329.31823027761055
4,255,329.31823027761055,329.31823027761055
4,256,329.31823027761055,329.31823027761055
4,257,329.31823027761055,329.31823027761055
4,258,329.31823027761055,329.31823027761055
4,259,329.31823027761055,329.31823027761055
4,260,329.31823027761055,329.31823027761055
4,261,329.31823027761055,329.31823027761055
4,262,329.31823027761055,329.31823027761055
4,263,329.31823027761055,329.31823027761055
4,264,329.31823027761055,329.31823027761055
4,265,329.31823027761055,329.31823027761055
4,266,329.31823027761055,329.31823027761055
4,267,329.31823027761055,329.31823027761055
4,268,329.31823027761055,329.31823027761055
4,269,329.31823027761055,329.31823027761055
4,270,329.31823027761055,329.31823027761055
4,271,329.31823027761055,329.31823027761055
4,272,329.31823027761055,329.31823027761055
4,273,329.31823027761055,329.31823027761055
4,274,329.31823027761055,329.31823027761055
4,275,329.31823027761055,329.31823027761055
4,276,329.31823027761055,329.31823027761055
4,277,329.31823027761055,329.31823027761055
4,278,329.31823027761055,329.31823027761055
4,279,329.31823027761055,329.31823027761055
4,280,329.31823027761055,329.31823027761055
4,281,329.31823027761055,329.31823027761055
4,282,329.31823027761055,329.31823027761055
4,283,329.31823027761055,329.31823027761055
4,284,329.31823027761055,329.31823027761055
4,285,329.31823027761055,329.31823027761055
4,286,329.31823027761055,329.31823027761055
4,287,329.31823027761055,329.31823027761055
4,288,329.31823027761055,329.31823027761055
4,289,329.31823027761055,329.31823027761055
4,290,329.31823027761055,329.31823027761055
4,291,329.31823027761055,329.31823027761055
4,292,329.31823027761055,329.31823027761055
4,293,329.31823027761055,329.31823027761055
4,294,329.31823027761055,329.31823027761055
4,295,329.31823027761055,329.31823027761055
4,296,329.31823027761055,329.31823027761055
4,297,329.31823027761055,329.31823027761055
4,298,329.31823027761055,329.31823027761055
4,299,329.31823027761055,329.31823027761055
4,300,329.31823027761055,329.31823027761055
4,301,329.31823027761055,329.31823027761055
4,302,329.31823027761055,329.31823027761055
4,303,329.31823027761055,329.31823027761055
4,304,329.31823027761055,329.31823027761055
4,305,329.31823027761055,329.31823027761055
4,306,329.31823027761055,329.31823027761055
4,307,329.31823027761055,329.31823027761055
4,308,329.31823027761055,329.31823027761055
4,309,329.31823027761055,329.31823027761055
4,310,329.31823027761055,329.31823027761055
4,311,329.31823027761055,329.31823027761055
4,312,329.31823027761055,329.31823027761055
4,313,329.31823027761055,329.31823027761055
4,314,329.31823027761055,329.31823027761055
4,315,329.31823027761055,329.31823027761055
4,316,329.31823027761055,329.31823027761055
4,317,329.31823027761055,329.31823027761055
4,318,329.31823027761055,329.31823027761055
4,319,329.31823027761055,329.31823027761055
4,320,329.31823027761055,329.31823027761055
4,321,329.31823027761055,329.31823027761055
4,322,329.31823027761055,329.31823027761055
4,323,329.31823027761055,329.31823027761055
4,324,329.31823027761055,329.31823027761055
4,325,329.31823027761055,329.31823027761055
4,326,329.31823027761055,329.31823027761055
4,327,329.31823027761055,329.31823027761055
4,328,329.31823027761055,329.31823027761055
4,329,329.31823027761055,329.31823027761055
4,330,329.31823027761055,329.31823027761055
4,331,329.31823027761055,329.31823027761055
4,332,329.31823027761055,329.31823027761055
4,333,329.31823027761055,329.31823027761055
4,334,329.31823027761055,329.31823027761055
4,335,329.31823027761055,329.31823027761055
4,336,329.31823027761055,329.31823027761055
4,337,329.31823027761055,329.31823027761055
4,338,329.31823027761055,329.31823027761055
4,339,329.31823027761055,329.31823027761055
4,340,329.31823027761055,329.31823027761055
4,341,329.31823027761055,329.31823027761055
4,342,329.31823027761055,329.31823027761055
4,343,329.31823027761055,329.31823027761055
4,344,329.31823027761055,329.31823027761055
4,345,329.31823027761055,329.31823027761055
4,346,329.31823027761055,329.31823027761055
4,347,329.31823027761055,329.31823027761055
4,348,329.31823027761055,329.31823027761055
4,349,329.31823027761055,329.31823027761055
4,350,329.31823027761055,329.31823027761055
4,351,329.31823027761055,329.31823027761055
4,352,329.31823027761055,329.31823027761055
4,353,329.31823027761055,329.31823027761055
4,354,329.31823027761055,329.31823027761055
4,355,329.31823027761055,329.31823027761055
4,356,329.31823027761055,329.31823027761055
4,357,329.31823027761055,329.31823027761055
4,358,329.31823027761055,329.31823027761055
4,359,329.31823027761055,329.31823027761055
4,360,329.31823027761055,329.31823027761055
4,361,329.31823027761055,329.31823027761055
4,362,329.31823027761055,329.31823027761055
4,363,329.31823027761055,329.31823027761055
4,364,329.31823027761055,329.31823027761055
4,365,329.31823027761055,329.31823027761055
4,366,329.31823027761055,329.31823027761055
4,367,329.31823027761055,329.31823027761055
4,368,329.31823027761055,329.31823027761055
4,369,329.31823027761055,329.31823027761055
4,370,329.31823027761055,329.31823027761055
4,371,329.31823027761055,329.31823027761055
4,372,329.31823027761055,329.31823027761055
4,373,329.31823027761055,329.31823027761055
4,374,329.31823027761055,329.31823027761055
4,375,329.31823027761055,329.31823027761055
4,376,329.31823027761055,329.31823027761055
4,377,329.31823027761055,329.31823027761055
4,378,329.31823027761055,329.31823027761055
4,379,329.31823027761055,329.31823027761055
4,380,329.31823027761055,329.31823027761055
4,381,329.31823027761055,329.31823027761055
4,382,329.31823027761055,329.31823027761055
4,383,329.31823027761055,329.31823027761055
4,384,329.31823027761055,329.31823027761055
4,385,329.31823027761055,329.31823027761055
4,386,329.31823027761055,329.31823027761055
4,387,329.31823027761055,329.31823027761055
4,388,329.31823027761055,329.31823027761055
4,389,329.31823027761055,329.31823027761055
4,390,329.31823027761055,329.31823027761055
4,391,329.31823027761055,329.31823027761055
4,392,329.31823027761055,329.31823027761055
4,393,329.31823027761055,329.31823027761055
4,394,329.31823027761055,329.31823027761055
4,395,329.31823027761055,329.31823027761055
4,396,329.31823027761055,329.31823027761055
4,397,329.31823027761055,329.31823027761055
4,398,329.31823027761055,329.31823027761055
4,399,329.31823027761055,329.31823027761055
4,400,329.31823027761055,329.31823027761055
4,401,329.31823027761055,329.31823027761055
4,402,329.31823027761055,329.31823027761055
4,403,329.31823027761055,329.31823027761055
4,404,329.31823027761055,329.31823027761055
4,405,329.31823027761055,329.31823027761055
4,406,329.31823027761055,329.31823027761055
4,407,329.31823027761055,329.31823027761055
4,408,329.31823027761055,329.31823027761055
4,409,329.31823027761055,329.31823027761055
4,410,329.31823027761055,329.31823027761055
4,411,329.31823027761055,329.31823027761055
4,412,329.31823027761055,329.31823027761055
4,413,329.31823027761055,329.31823027761055
4,414,329.31823027761055,329.31823027761055
4,415,329.31823027761055,329.31823027761055
4,416,329.31823027761055,329.31823027761055
4,417,329.31823027761055,329.31823027761055
4,418,329.31823027761055,329.31823027761055
4,419,329.31823027761055,329.31823027761055
4,420,329.31823027761055,329.31823027761055
4,421,329.31823027761055,329.31823027761055
4,422,329.31823027761055,329.31823027761055
4,423,329.31823027761055,329.31823027761055
4,424,329.31823027761055,329.31823027761055
4,425,329.31823027761055,329.31823027761055
4,426,329.31823027761055,329.31823027761055
4,427,329.31823027761055,329.31823027761055
4,428,329.31823027761055,329.31823027761055
4,429,329.31823027761055,329.31823027761055
4,430,329.31823027761055,329.31823027761055
4,431,329.31823027761055,329.31823027761055
4,432,329.31823027761055,329.31823027761055
4,433,329.31823027761055,329.31823027761055
4,434,329.31823027761055,329.31823027761055
4,435,329.31823027761055,329.31823027761055
4,436,329.31823027761055,329.31823027761055
4,437,329.31823027761055,329.31823027761055
4,438,329.31823027761055,329.31823027761055
4,439,329.31823027761055,329.31823027761055
4,440,329.31823027761055,329.31823027761055
4,441,329.31823027761055,329.31823027761055
4,442,329.31823027761055,329.31823027761055
4,443,329.31823027761055,329.31823027761055
4,444,329.31823027761055,329.31823027761055
4,445,329.31823027761055,329.31823027761055
4,446,329.31823027761055,329.31823027761055
4,447,329.31823027761055,329.31823027761055
4,448,329.31823027761055,329.31823027761055
4,449,329.31823027761055,329.31823027761055
4,450,329.31823027761055,329.31823027761055
4,451,329.31823027761055,329.31823027761055
4,452,329.31823027761055,329.31823027761055
4,453,329.31823027761055,329.31823027761055
4,454,329.31823027761055,329.31823027761055
4,455,329.31823027761055,329.31823027761055
4,456,329.31823027761055,329.31823027761055
4,457,329.31823027761055,329.31823027761055
4,458,329.31823027761055,329.31823027761055
4,459,329.31823027761055,329.31823027761055
4,460,329.31823027761055,329.31823027761055
4,461,329.31823027761055,329.31823027761055
4,462,329.31823027761055,329.31823027761055
4,463,329.31823027761055,329.31823027761055
4,464,329.31823027761055,329.31823027761055
4,465,329.31823027761055,329.31823027761055
4,466,329.31823027761055,329.31823027761055
4,467,329.31823027761055,329.31823027761055
4,468,329.31823027761055,329.31823027761055
4,469,329.31823027761055,329.31823027761055
4,470,329.31823027761055,329.31823027761055
4,471,329.31823027761055,329.31823027761055
4,472,329.31823027761055,329.31823027761055
4,473,329.31823027761055,329.31823027761055
4,474,329.31823027761055,329.31823027761055
4,475,329.31823027761055,329.31823027761055
4,476,329.31823027761055,329.31823027761055
4,477,329.31823027761055,329.31823027761055
4,478,329.31823027761055,329.31823027761055
4,479,329.31823027761055,329.31823027761055
4,480,329.31823027761055,329.31823027761055
4,481,329.31823027761055,329.31823027761055
4,482,329.31823027761055,329.31823027761055
4,483,329.31823027761055,329.31823027761055
4,484,329.31823027761055,329.31823027761055
4,485,329.31823027761055,329.31823027761055
4,486,329.31823027761055,329.31823027761055
4,487,329.31823027761055,329.31823027761055
4,488,329.31823027761055,329.31823027761055
4,489,329.31823027761055,329.31823027761055
4,490,329.31823027761055,329.31823027761055
4,491,329.31823027761055,329.31823027761055
4,492,329.31823027761055,329.31823027761055
4,493,329.31823027761055,329.31823027761055
4,494,329.31823027761055,329.31823027761055
4,495,329.31823027761055,329.31823027761055
4,496,329.31823027761055,329.31823027761055
4,497,329.31823027761055,329.31823027761055
4,498,329.31823027761055,329.31823027761055
4,499,329.31823027761055,329.31823027761055
4,500,329.31823027761055,329.31823027761055
5,0,421.8441665872585,421.8441665872585
5,1,421.8441665872585,421.8441665872585
5,2,416.7226323986164,416.7226323986164
5,3,378.2896966612342,378.2896966612342
5,4,378.2896966612342,378.2896966612342
5,5,357.31098748044326,357.31098748044326
5,6,340.3797208992853,340.3797208992853
5,7,340.3797208992853,340.3797208992853
5,8,340.3797208992853,340.3797208992853
5,9,340.3797208992853,340.3797208992853
5,10,329.31823027761055,329.31823027761055
5,11,329.31823027761055,329.31823027761055
5,12,329.31823027761055,329.31823027761055
5,13,329.31823027761055,329.31823027761055
5,14,329.31823027761055,329.31823027761055
5,15,329.31823027761055,329.31823027761055
5,16,329.31823027761055,329.31823027761055
5,17,329.31823027761055,329.31823027761055
5,18,329.31823027761055,329.31823027761055
5,19,329.31823027761055,329.31823027761055
5,20,329.31823027761055,329.31823027761055
5,21,329.31823027761055,329.31823027761055
5,22,329.31823027761055,329.31823027761055
5,23,329.31823027761055,329.31823027761055
5,24,329.31823027761055,329.31823027761055
5,25,329.31823027761055,329.31823027761055
5,26,329.31823027761055,329.31823027761055
5,27,329.31823027761055,329.31823027761055
5,28,329.31823027761055,329.31823027761055
5,29,329.31823027761055,329.31823027761055
5,30,329.31823027761055,329.31823027761055
5,31,329.31823027761055,329.31823027761055
5,32,329.31823027761055,329.31823027761055
5,33,329.31823027761055,329.31823027761055
5,34,329.31823027761055,329.31823027761055
5,35,329.31823027761055,329.31823027761055
5,36,329.31823027761055,329.31823027761055
5,37,329.31823027761055,329.31823027761055
5,38,329.31823027761055,329.31823027761055
5,39,329.31823027761055,329.31823027761055
5,40,329.31823027761055,329.31823027761055
5,41,329.31823027761055,329.31823027761055
5,42,329.31823027761055,329.31823027761055
5,43,329.31823027761055,329.31823027761055
5,44,329.31823027761055,329.31823027761055
5,45,329.31823027761055,329.31823027761055
5,46,329.31823027761055,329.31823027761055
5,47,329.31823027761055,329.31823027761055
5,48,329.31823027761055,329.31823027761055
5,49,329.31823027761055,329.31823027761055
5,50,329.31823027761055,329.31823027761055
5,51,329.31823027761055,329.31823027761055
5,52,329.31823027761055,329.31823027761055
5,53,329.31823027761055,329.31823027761055
5,54,329.31823027761055,329.31823027761055
5,55,329.31823027761055,329.31823027761055
5,56,329.31823027761055,329.31823027761055
5,57,329.31823027761055,329.31823027761055
5,58,329.31823027761055,329.31823027761055
5,59,329.31823027761055,329.31823027761055
5,60,329.31823027761055,329.31823027761055
5,61,329.31823027761055,329.31823027761055
5,62,329.31823027761055,329.31823027761055
5,63,329.31823027761055,329.31823027761055
5,64,329.31823027761055,329.31823027761055
5,65,329.31823027761055,329.31823027761055
5,66,329.31823027761055,329.31823027761055
5,67,329.31823027761055,329.31823027761055
5,68,329.31823027761055,329.31823027761055
5,69,329.31823027761055,329.31823027761055
5,70,329.31823027761055,329.31823027761055
5,71,329.31823027761055,329.31823027761055
5,72,329.31823027761055,329.31823027761055
5,73,329.31823027761055,329.31823027761055
5,74,329.31823027761055,329.31823027761055
5,75,329.31823027761055,329.31823027761055
5,76,329.31823027761055,329.31823027761055
5,77,329.31823027761055,329.31823027761055
5,78,329.31823027761055,329.31823027761055
5,79,329.31823027761055,329.31823027761055
5,80,329.31823027761055,329.31823027761055
5,81,329.31823027761055,329.31823027761055
5,82,329.31823027761055,329.31823027761055
5,83,329.31823027761055,329.31823027761055
5,84,329.31823027761055,329.31823027761055
5,85,329.31823027761055,329.31823027761055
5,86,329.31823027761055,329.31823027761055
5,87,329.31823027761055,329.31823027761055
5,88,329.31823027761055,329.31823027761055
5,89,329.31823027761055,329.31823027761055
5,90,329.31823027761055,329.31823027761055
5,91,329.31823027761055,329.31823027761055
5,92,329.31823027761055,329.31823027761055
5,93,329.31823027761055,329.31823027761055
5,94,329.31823027761055,329.31823027761055
5,95,329.31823027761055,329.31823027761055
5,96,329.31823027761055,329.31823027761055
5,97,329.31823027761055,329.31823027761055
5,98,329.31823027761055,329.31823027761055
5,99,329.31823027761055,329.31823027761055
5,100,329.31823027761055,329.31823027761055
5,101,329.31823027761055,329.31823027761055
5,102,329.31823027761055,329.31823027761055
5,103,329.31823027761055,329.31823027761055
5,104,329.31823027761055,329.31823027761055
5,105,329.31823027761055,329.31823027761055
5,106,329.31823027761055,329.31823027761055
5,107,329.31823027761055,329.31823027761055
5,108,329.31823027761055,329.31823027761055
5,109,329.31823027761055,329.31823027761055
5,110,329.31823027761055,329.31823027761055
5,111,329.31823027761055,329.31823027761055
5,112,329.31823027761055,329.31823027761055
5,113,329.31823027761055,329.31823027761055
5,114,329.31823027761055,329.31823027761055
5,115,329.31823027761055,329.31823027761055
5,116,329.31823027761055,329.31823027761055
5,117,329.31823027761055,329.31823027761055
5,118,329.31823027761055,329.31823027761055
5,119,329.31823027761055,329.31823027761055
5,120,329.31823027761055,329.31823027761055
5,121,329.31823027761055,329.31823027761055
5,122,329.31823027761055,329.31823027761055
5,123,329.31823027761055,329.31823027761055
5,124,329.31823027761055,329.31823027761055
5,125,329.31823027761055,329.31823027761055
5,126,329.31823027761055,329.31823027761055
5,127,329.31823027761055,329.31823027761055
5,128,329.31823027761055,329.31823027761055
5,129,329.31823027761055,329.31823027761055
5,130,329.31823027761055,329.31823027761055
5,131,329.31823027761055,329.31823027761055
5,132,329.31823027761055,329.31823027761055
5,133,329.31823027761055,329.31823027761055
5,134,329.31823027761055,329.31823027761055
5,135,329.31823027761055,329.31823027761055
5,136,329.31823027761055,329.31823027761055
5,137,329.31823027761055,329.31823027761055
5,138,329.31823027761055,329.31823027761055
5,139,329.31823027761055,329.31823027761055
5,140,329.31823027761055,329.31823027761055
5,141,329.31823027761055,329.31823027761055
5,142,329.31823027761055,329.31823027761055
5,143,329.31823027761055,329.31823027761055
5,144,329.31823027761055,329.31823027761055
5,145,329.31823027761055,329.31823027761055
5,146,329.31823027761055,329.31823027761055
5,147,329.31823027761055,329.31823027761055
5,148,329.31823027761055,329.31823027761055
5,149,329.31823027761055,329.31823027761055
5,150,329.31823027761055,329.31823027761055
5,151,329.31823027761055,329.31823027761055
5,152,329.31823027761055,329.31823027761055
5,153,329.31823027761055,329.31823027761055
5,154,329.31823027761055,329.31823027761055
5,155,329.31823027761055,329.31823027761055
5,156,329.31823027761055,329.31823027761055
5,157,329.31823027761055,329.31823027761055
5,158,329.31823027761055,329.31823027761055
5,159,329.31823027761055,329.31823027761055
5,160,329.31823027761055,329.31823027761055
5,161,329.31823027761055,329.31823027761055
5,162,329.31823027761055,329.31823027761055
5,163,329.31823027761055,329.31823027761055
5,164,329.31823027761055,329.31823027761055
5,165,329.31823027761055,329.31823027761055
5,166,329.31823027761055,329.31823027761055
5,167,329.31823027761055,329.31823027761055
5,168,329.31823027761055,329.31823027761055
5,169,329.31823027761055,329.31823027761055
5,170,329.31823027761055,329.31823027761055
5,171,329.31823027761055,329.31823027761055
5,172,329.31823027761055,329.31823027761055
5,173,329.31823027761055,329.31823027761055
5,174,329.31823027761055,329.31823027761055
5,175,329.31823027761055,329.31823027761055
5,176,329.31823027761055,329.31823027761055
5,177,329.31823027761055,329.31823027761055
5,178,329.31823027761055,329.31823027761055
5,179,329.31823027761055,329.31823027761055
5,180,329.31823027761055,329.31823027761055
5,181,329.31823027761055,329.31823027761055
5,182,329.31823027761055,329.31823027761055
5,183,329.31823027761055,329.31823027761055
5,184,329.31823027761055,329.31823027761055
5,185,329.31823027761055,329.31823027761055
5,186,329.31823027761055,329.31823027761055
5,187,329.31823027761055,329.31823027761055
5,188,329.31823027761055,329.31823027761055
5,189,329.31823027761055,329.31823027761055
5,190,329.31823027761055,329.31823027761055
5,191,329.31823027761055,329.31823027761055
5,192,329.31823027761055,329.31823027761055
5,193,329.31823027761055,329.31823027761055
5,194,329.31823027761055,329.31823027761055
5,195,329.31823027761055,329.31823027761055
5,196,329.31823027761055,329.31823027761055
5,197,329.31823027761055,329.31823027761055
5,198,329.31823027761055,329.31823027761055
5,199,329.31823027761055,329.31823027761055
5,200,329.31823027761055,329.31823027761055
5,201,329.31823027761055,329.31823027761055
5,202,329.31823027761055,329.31823027761055
5,203,329.31823027761055,329.31823027761055
5,204,329.31823027761055,329.31823027761055
5,205,329.31823027761055,329.31823027761055
5,206,329.31823027761055,329.31823027761055
5,207,329.31823027761055,329.31823027761055
5,208,329.31823027761055,329.31823027761055
5,209,329.31823027761055,329.31823027761055
5,210,329.31823027761055,329.31823027761055
5,211,329.31823027761055,329.31823027761055
5,212,329.31823027761055,329.31823027761055
5,213,329.31823027761055,329.31823027761055
5,214,329.31823027761055,329.31823027761055
5,215,329.31823027761055,329.31823027761055
5,216,329.31823027761055,329.31823027761055
5,217,329.31823027761055,329.31823027761055
5,218,329.31823027761055,329.31823027761055
5,219,329.31823027761055,329.31823027761055
5,220,329.31823027761055,329.31823027761055
5,221,329.31823027761055,329.31823027761055
5,222,329.31823027761055,329.31823027761055
5,223,329.31823027761055,329.31823027761055
5,224,329.31823027761055,329.31823027761055
5,225,329.31823027761055,329.31823027761055
5,226,329.31823027761055,329.31823027761055
5,227,329.31823027761055,329.31823027761055
5,228,329.31823027761055,329.31823027761055
5,229,329.31823027761055,329.31823027761055
5,230,329.31823027761055,329.31823027761055
5,231,329.31823027761055,329.31823027761055
5,232,329.31823027761055,329.31823027761055
5,233,329.31823027761055,329.31823027761055
5,234,329.31823027761055,329.31823027761055
5,235,329.31823027761055,329.31823027761055
5,236,329.31823027761055,329.31823027761055
5,237,329.31823027761055,329.31823027761055
5,238,329.31823027761055,329.31823027761055
5,239,329.31823027761055,329.31823027761055
5,240,329.31823027761055,329.31823027761055
5,241,329.31823027761055,329.31823027761055
5,242,329.31823027761055,329.31823027761055
5,243,329.31823027761055,329.31823027761055
5,244,329.31823027761055,329.31823027761055
5,245,329.31823027761055,329.31823027761055
5,246,329.31823027761055,329.31823027761055
5,247,329.31823027761055,329.31823027761055
5,248,329.31823027761055,329.31823027761055
5,249,329.31823027761055,329.31823027761055
5,250,329.31823027761055,329.31823027761055
5,251,329.31823027761055,329.31823027761055
5,252,329.31823027761055,329.31823027761055
5,253,329.31823027761055,329.31823027761055
5,254,329.31823027761055,329.31823027761055
5,255,329.31823027761055,329.31823027761055
5,256,329.31823027761055,329.31823027761055
5,257,329.31823027761055,329.31823027761055
5,258,329.31823027761055,329.31823027761055
5,259,329.31823027761055,329.31823027761055
5,260,329.31823027761055,329.31823027761055
5,261,329.31823027761055,329.31823027761055
5,262,329.31823027761055,329.31823027761055
5,263,329.31823027761055,329.31823027761055
5,264,329.31823027761055,329.31823027761055
5,265,329.31823027761055,329.31823027761055
5,266,329.31823027761055,329.31823027761055
5,267,329.31823027761055,329.31823027761055
5,268,329.31823027761055,329.31823027761055
5,269,329.31823027761055,329.31823027761055
5,270,329.31823027761055,329.31823027761055
5,271,329.31823027761055,329.31823027761055
5,272,329.31823027761055,329.31823027761055
5,273,329.31823027761055,329.31823027761055
5,274,329.31823027761055,329.31823027761055
5,275,329.31823027761055,329.31823027761055
5,276,329.31823027761055,329.31823027761055
5,277,329.31823027761055,329.31823027761055
5,278,329.31823027761055,329.31823027761055
5,279,329.31823027761055,329.31823027761055
5,280,329.31823027761055,329.31823027761055
5,281,329.31823027761055,329.31823027761055
5,282,329.31823027761055,329.31823027761055
5,283,329.31823027761055,329.31823027761055
5,284,329.31823027761055,329.31823027761055
5,285,329.31823027761055,329.31823027761055
5,286,329.31823027761055,329.31823027761055
5,287,329.31823027761055,329.31823027761055
5,288,329.31823027761055,329.31823027761055
5,289,329.31823027761055,329.31823027761055
5,290,329.31823027761055,329.31823027761055
5,291,329.31823027761055,329.31823027761055
5,292,329.31823027761055,329.31823027761055
5,293,329.31823027761055,329.31823027761055
5,294,329.31823027761055,329.31823027761055
5,295,329.31823027761055,329.31823027761055
5,296,329.31823027761055,329.31823027761055
5,297,329.31823027761055,329.31823027761055
5,298,329.31823027761055,329.31823027761055
5,299,329.31823027761055,329.31823027761055
5,300,329.31823027761055,329.31823027761055
5,301,329.31823027761055,329.31823027761055
5,302,329.31823027761055,329.31823027761055
5,303,329.31823027761055,329.31823027761055
5,304,329.31823027761055,329.31823027761055
5,305,329.31823027761055,329.31823027761055
5,306,329.31823027761055,329.31823027761055
5,307,329.31823027761055,329.31823027761055
5,308,329.31823027761055,329.31823027761055
5,309,329.31823027761055,329.31823027761055
5,310,329.31823027761055,329.31823027761055
5,311,329.31823027761055,329.31823027761055
5,312,329.31823027761055,329.31823027761055
5,313,329.31823027761055,329.31823027761055
5,314,329.31823027761055,329.31823027761055
5,315,329.31823027761055,329.31823027761055
5,316,329.31823027761055,329.31823027761055
5,317,329.31823027761055,329.31823027761055
5,318,329.31823027761055,329.31823027761055
5,319,329.31823027761055,329.31823027761055
5,320,329.31823027761055,329.31823027761055
5,321,329.31823027761055,329.31823027761055
5,322,329.31823027761055,329.31823027761055
5,323,329.31823027761055,329.31823027761055
5,324,329.31823027761055,329.31823027761055
5,325,329.31823027761055,329.31823027761055
5,326,329.31823027761055,329.31823027761055
5,327,329.31823027761055,329.31823027761055
5,328,329.31823027761055,329.31823027761055
5,329,329.31823027761055,329.31823027761055
5,330,329.31823027761055,329.31823027761055
5,331,329.31823027761055,329.31823027761055
5,332,329.31823027761055,329.31823027761055
5,333,329.31823027761055,329.31823027761055
5,334,329.31823027761055,329.31823027761055
5,335,329.31823027761055,329.31823027761055
5,336,329.31823027761055,329.31823027761055
5,337,329.31823027761055,329.31823027761055
5,338,329.31823027761055,329.31823027761055
5,339,329.31823027761055,329.31823027761055
5,340,329.31823027761055,329.31823027761055
5,341,329.31823027761055,329.31823027761055
5,342,329.31823027761055,329.31823027761055
5,343,329.31823027761055,329.31823027761055
5,344,329.31823027761055,329.31823027761055
5,345,329.31823027761055,329.31823027761055
5,346,329.31823027761055,329.31823027761055
5,347,329.31823027761055,329.31823027761055
5,348,329.31823027761055,329.31823027761055
5,349,329.31823027761055,329.31823027761055
5,350,329.31823027761055,329.31823027761055
5,351,329.31823027761055,329.31823027761055
5,352,329.31823027761055,329.31823027761055
5,353,329.31823027761055,329.31823027761055
5,354,329.31823027761055,329.31823027761055
5,355,329.31823027761055,329.31823027761055
5,356,329.31823027761055,329.31823027761055
5,357,329.31823027761055,329.31823027761055
5,358,329.31823027761055,329.31823027761055
5,359,329.31823027761055,329.31823027761055
5,360,329.31823027761055,329.31823027761055
5,361,329.31823027761055,329.31823027761055
5,362,329.31823027761055,329.31823027761055
5,363,329.31823027761055,329.31823027761055
5,364,329.31823027761055,329.31823027761055
5,365,329.31823027761055,329.31823027761055
5,366,329.31823027761055,329.31823027761055
5,367,329.31823027761055,329.31823027761055
5,368,329.31823027761055,329.31823027761055
5,369,329.31823027761055,329.31823027761055
5,370,329.31823027761055,329.31823027761055
5,371,329.31823027761055,329.31823027761055
5,372,329.31823027761055,329.31823027761055
5,373,329.31823027761055,329.31823027761055
5,374,329.31823027761055,329.31823027761055
5,375,329.31823027761055,329.31823027761055
5,376,329.31823027761055,329.31823027761055
5,377,329.31823027761055,329.31823027761055
5,378,329.31823027761055,329.31823027761055
5,379,329.31823027761055,329.31823027761055
5,380,329.31823027761055,329.31823027761055
5,381,329.31823027761055,329.31823027761055
5,382,329.31823027761055,329.31823027761055
5,383,329.31823027761055,329.31823027761055
5,384,329.31823027761055,329.31823027761055
5,385,329.31823027761055,329.31823027761055
5,386,329.31823027761055,329.31823027761055
5,387,329.31823027761055,329.31823027761055
5,388,329.31823027761055,329.31823027761055
5,389,329.31823027761055,329.31823027761055
5,390,329.31823027761055,329.31823027761055
5,391,329.31823027761055,329.31823027761055
5,392,329.31823027761055,329.31823027761055
5,393,329.31823027761055,329.31823027761055
5,394,329.31823027761055,329.31823027761055
5,395,329.31823027761055,329.31823027761055
5,396,329.31823027761055,329.31823027761055
5,397,329.31823027761055,329.31823027761055
5,398,329.31823027761055,329.31823027761055
5,399,329.31823027761055,329.31823027761055
5,400,329.31823027761055,329.31823027761055
5,401,329.31823027761055,329.31823027761055
5,402,329.31823027761055,329.31823027761055
5,403,329.31823027761055,329.31823027761055
5,404,329.31823027761055,329.31823027761055
5,405,329.31823027761055,329.31823027761055
5,406,329.31823027761055,329.31823027761055
5,407,329.31823027761055,329.31823027761055
5,408,329.31823027761055,329.31823027761055
5,409,329.31823027761055,329.31823027761055
5,410,329.31823027761055,329.31823027761055
5,411,329.31823027761055,329.31823027761055
5,412,329.31823027761055,329.31823027761055
5,413,329.31823027761055,329.31823027761055
5,414,329.31823027761055,329.31823027761055
5,415,329.31823027761055,329.31823027761055
5,416,329.31823027761055,329.31823027761055
5,417,329.31823027761055,329.31823027761055
5,418,329.31823027761055,329.31823027761055
5,419,329.31823027761055,329.31823027761055
5,420,329.31823027761055,329.31823027761055
5,421,329.31823027761055,329.31823027761055
5,422,329.31823027761055,329.31823027761055
5,423,329.31823027761055,329.31823027761055
5,424,329.31823027761055,329.31823027761055
5,425,329.31823027761055,329.31823027761055
5,426,329.31823027761055,329.31823027761055
5,427,329.31823027761055,329.31823027761055
5,428,329.31823027761055,329.31823027761055
5,429,329.31823027761055,329.31823027761055
5,430,329.31823027761055,329.31823027761055
5,431,329.31823027761055,329.31823027761055
5,432,329.31823027761055,329.31823027761055
5,433,329.31823027761055,329.31823027761055
5,434,329.31823027761055,329.31823027761055
5,435,329.31823027761055,329.31823027761055
5,436,329.31823027761055,329.31823027761055
5,437,329.31823027761055,329.31823027761055
5,438,329.31823027761055,329.31823027761055
5,439,329.31823027761055,329.31823027761055
5,440,329.31823027761055,329.31823027761055
5,441,329.31823027761055,329.31823027761055
5,442,329.31823027761055,329.31823027761055
5,443,329.31823027761055,329.31823027761055
5,444,329.31823027761055,329.31823027761055
5,445,329.31823027761055,329.31823027761055
5,446,329.31823027761055,329.31823027761055
5,447,329.31823027761055,329.31823027761055
5,448,329.31823027761055,329.31823027761055
5,449,329.31823027761055,329.31823027761055
5,450,329.31823027761055,329.31823027761055
5,451,329.31823027761055,329.31823027761055
5,452,329.31823027761055,329.31823027761055
5,453,329.31823027761055,329.31823027761055
5,454,329.31823027761055,329.31823027761055
5,455,329.31823027761055,329.31823027761055
5,456,329.31823027761055,329.31823027761055
5,457,329.31823027761055,329.31823027761055
5,458,329.31823027761055,329.31823027761055
5,459,329.31823027761055,329.31823027761055
5,460,329.31823027761055,329.31823027761055
5,461,329.31823027761055,329.31823027761055
5,462,329.31823027761055,329.31823027761055
5,463,329.31823027761055,329.31823027761055
5,464,329.31823027761055,329.31823027761055
5,465,329.31823027761055,329.31823027761055
5,466,329.31823027761055,329.31823027761055
5,467,329.31823027761055,329.31823027761055
5,468,329.31823027761055,329.31823027761055
5,469,329.31823027761055,329.31823027761055
5,470,329.31823027761055,329.31823027761055
5,471,329.31823027761055,329.31823027761055
5,472,329.31823027761055,329.31823027761055
5,473,329.31823027761055,329.31823027761055
5,474,329.31823027761055,329.31823027761055
5,475,329.31823027761055,329.31823027761055
5,476,329.31823027761055,329.31823027761055
5,477,329.31823027761055,329.31823027761055
5,478,329.31823027761055,329.31823027761055
5,479,329.31823027761055,329.31823027761055
5,480,329.31823027761055,329.31823027761055
5,481,329.31823027761055,329.31823027761055
5,482,329.31823027761055,329.31823027761055
5,483,329.31823027761055,329.31823027761055
5,484,329.31823027761055,329.31823027761055
5,485,329.31823027761055,329.31823027761055
5,486,329.31823027761055,329.31823027761055
5,487,329.31823027761055,329.31823027761055
5,488,329.31823027761055,329.31823027761055
5,489,329.31823027761055,329.31823027761055
5,490,329.31823027761055,329.31823027761055
5,491,329.31823027761055,329.31823027761055
5,492,329.31823027761055,329.31823027761055
5,493,329.31823027761055,329.31823027761055
5,494,329.31823027761055,329.31823027761055
5,495,329.31823027761055,329.31823027761055
5,496,329.31823027761055,329.31823027761055
5,497,329.31823027761055,329.31823027761055
5,498,329.31823027761055,329.31823027761055
5,499,329.31823027761055,329.31823027761055
5,500,329.31823027761055,329.31823027761055
6,0,413.575884782135,413.575884782135
6,1,413.575884782135,413.575884782135
6,2,393.08269189659654,393.08269189659654
6,3,376.3728074450805,376.3728074450805
6,4,361.8209800464742,361.8209800464742
6,5,361.8209800464742,361.8209800464742
6,6,335.21393869705463,335.21393869705463
6,7,335.21393869705463,335.21393869705463
6,8,335.21393869705463,335.21393869705463
6,9,335.21393869705463,335.21393869705463
6,10,329.31823027761055,329.31823027761055
6,11,329.31823027761055,329.31823027761055
6,12,329.31823027761055,329.31823027761055
6,13,329.31823027761055,329.31823027761055
6,14,329.31823027761055,329.31823027761055
6,15,329.31823027761055,329.31823027761055
6,16,329.31823027761055,329.31823027761055
6,17,329.31823027761055,329.31823027761055
6,18,329.31823027761055,329.31823027761055
6,19,329.31823027761055,329.31823027761055
6,20,329.31823027761055,329.31823027761055
6,21,329.31823027761055,329.31823027761055
6,22,329.31823027761055,329.31823027761055
6,23,329.31823027761055,329.31823027761055
6,24,329.31823027761055,329.31823027761055
6,25,329.31823027761055,329.31823027761055
6,26,329.31823027761055,329.31823027761055
6,27,329.31823027761055,329.31823027761055
6,28,329.31823027761055,329.31823027761055
6,29,329.31823027761055,329.31823027761055
6,30,329.31823027761055,329.31823027761055
6,31,329.31823027761055,329.31823027761055
6,32,329.31823027761055,329.31823027761055
6,33,329.31823027761055,329.31823027761055
6,34,329.31823027761055,329.31823027761055
6,35,329.31823027761055,329.31823027761055
6,36,329.31823027761055,329.31823027761055
6,37,329.31823027761055,329.31823027761055
6,38,329.31823027761055,329.31823027761055
6,39,329.31823027761055,329.31823027761055
6,40,329.31823027761055,329.31823027761055
6,41,329.31823027761055,329.31823027761055
6,42,329.31823027761055,329.31823027761055
6,43,329.31823027761055,329.31823027761055
6,44,329.31823027761055,329.31823027761055
6,45,329.31823027761055,329.31823027761055
6,46,329.31823027761055,329.31823027761055
6,47,329.31823027761055,329.31823027761055
6,48,329.31823027761055,329.31823027761055
6,49,329.31823027761055,329.31823027761055
6,50,329.31823027761055,329.31823027761055
6,51,329.31823027761055,329.31823027761055
6,52,329.31823027761055,329.31823027761055
6,53,329.31823027761055,329.31823027761055
6,54,329.31823027761055,329.31823027761055
6,55,329.31823027761055,329.31823027761055
6,56,329.31823027761055,329.31823027761055
6,57,329.31823027761055,329.31823027761055
6,58,329.31823027761055,329.31823027761055
6,59,329.31823027761055,329.31823027761055
6,60,329.31823027761055,329.31823027761055
6,61,329.31823027761055,329.31823027761055
6,62,329.31823027761055,329.31823027761055
6,63,329.31823027761055,329.31823027761055
6,64,329.31823027761055,329.31823027761055
6,65,329.31823027761055,329.31823027761055
6,66,329.31823027761055,329.31823027761055
6,67,329.31823027761055,329.31823027761055
6,68,329.31823027761055,329.31823027761055
6,69,329.31823027761055,329.31823027761055
6,70,329.31823027761055,329.31823027761055
6,71,329.31823027761055,329.31823027761055
6,72,329.31823027761055,329.31823027761055
6,73,329.31823027761055,329.31823027761055
6,74,329.31823027761055,329.31823027761055
6,75,329.31823027761055,329.31823027761055
6,76,329.31823027761055,329.31823027761055
6,77,329.31823027761055,329.31823027761055
6,78,329.31823027761055,329.31823027761055
6,79,329.31823027761055,329.31823027761055
6,80,329.31823027761055,329.31823027761055
6,81,329.31823027761055,329.31823027761055
6,82,329.31823027761055,329.31823027761055
6,83,329.31823027761055,329.31823027761055
6,84,329.31823027761055,329.31823027761055
6,85,329.31823027761055,329.31823027761055
6,86,329.31823027761055,329.31823027761055
6,87,329.31823027761055,329.31823027761055
6,88,329.31823027761055,329.31823027761055
6,89,329.31823027761055,329.31823027761055
6,90,329.31823027761055,329.31823027761055
6,91,329.31823027761055,329.31823027761055
6,92,329.31823027761055,329.31823027761055
6,93,329.31823027761055,329.31823027761055
6,94,329.31823027761055,329.31823027761055
6,95,329.31823027761055,329.31823027761055
6,96,329.31823027761055,329.31823027761055
6,97,329.31823027761055,329.31823027761055
6,98,329.31823027761055,329.31823027761055
6,99,329.31823027761055,329.31823027761055
6,100,329.31823027761055,329.31823027761055
6,101,329.31823027761055,329.31823027761055
6,102,329.31823027761055,329.31823027761055
6,103,329.31823027761055,329.31823027761055
6,104,329.31823027761055,329.31823027761055
6,105,329.31823027761055,329.31823027761055
6,106,329.31823027761055,329.31823027761055
6,107,329.31823027761055,329.31823027761055
6,108,329.31823027761055,329.31823027761055
6,109,329.31823027761055,329.31823027761055
6,110,329.31823027761055,329.31823027761055
6,111,329.31823027761055,329.31823027761055
6,112,329.31823027761055,329.31823027761055
6,113,329.31823027761055,329.31823027761055
6,114,329.31823027761055,329.31823027761055
6,115,329.31823027761055,329.31823027761055
6,116,329.31823027761055,329.31823027761055
6,117,329.31823027761055,329.31823027761055
6,118,329.31823027761055,329.31823027761055
6,119,329.31823027761055,329.31823027761055
6,120,329.31823027761055,329.31823027761055
6,121,329.31823027761055,329.31823027761055
6,122,329.31823027761055,329.31823027761055
6,123,329.31823027761055,329.31823027761055
6,124,329.31823027761055,329.31823027761055
6,125,329.31823027761055,329.31823027761055
6,126,329.31823027761055,329.31823027761055
6,127,329.31823027761055,329.31823027761055
6,128,329.31823027761055,329.31823027761055
6,129,329.31823027761055,329.31823027761055
6,130,329.31823027761055,329.31823027761055
6,131,329.31823027761055,329.31823027761055
6,132,329.31823027761055,329.31823027761055
6,133,329.31823027761055,329.31823027761055
6,134,329.31823027761055,329.31823027761055
6,135,329.31823027761055,329.31823027761055
6,136,329.31823027761055,329.31823027761055
6,137,329.31823027761055,329.31823027761055
6,138,329.31823027761055,329.31823027761055
6,139,329.31823027761055,329.31823027761055
6,140,329.31823027761055,329.31823027761055
6,141,329.31823027761055,329.31823027761055
6,142,329.31823027761055,329.31823027761055
6,143,329.31823027761055,329.31823027761055
6,144,329.31823027761055,329.31823027761055
6,145,329.31823027761055,329.31823027761055
6,146,329.31823027761055,329.31823027761055
6,147,329.31823027761055,329.31823027761055
6,148,329.31823027761055,329.31823027761055
6,149,329.31823027761055,329.31823027761055
6,150,329.31823027761055,329.31823027761055
6,151,329.31823027761055,329.31823027761055
6,152,329.31823027761055,329.31823027761055
6,153,329.31823027761055,329.31823027761055
6,154,329.31823027761055,329.31823027761055
6,155,329.31823027761055,329.31823027761055
6,156,329.31823027761055,329.31823027761055
6,157,329.31823027761055,329.31823027761055
6,158,329.31823027761055,329.31823027761055
6,159,329.31823027761055,329.31823027761055
6,160,329.31823027761055,329.31823027761055
6,161,329.31823027761055,329.31823027761055
6,162,329.31823027761055,329.31823027761055
6,163,329.31823027761055,329.31823027761055
6,164,329.31823027761055,329.31823027761055
6,165,329.31823027761055,329.31823027761055
6,166,329.31823027761055,329.31823027761055
6,167,329.31823027761055,329.31823027761055
6,168,329.31823027761055,329.31823027761055
6,169,329.31823027761055,329.31823027761055
6,170,329.31823027761055,329.31823027761055
6,171,329.31823027761055,329.31823027761055
6,172,329.31823027761055,329.31823027761055
6,173,329.31823027761055,329.31823027761055
6,174,329.31823027761055,329.31823027761055
6,175,329.31823027761055,329.31823027761055
6,176,329.31823027761055,329.31823027761055
6,177,329.31823027761055,329.31823027761055
6,178,329.31823027761055,329.31823027761055
6,179,329.31823027761055,329.31823027761055
6,180,329.31823027761055,329.31823027761055
6,181,329.31823027761055,329.31823027761055
6,182,329.31823027761055,329.31823027761055
6,183,329.31823027761055,329.31823027761055
6,184,329.31823027761055,329.31823027761055
6,185,329.31823027761055,329.31823027761055
6,186,329.31823027761055,329.31823027761055
6,187,329.31823027761055,329.31823027761055
6,188,329.31823027761055,329.31823027761055
6,189,329.31823027761055,329.31823027761055
6,190,329.31823027761055,329.31823027761055
6,191,329.31823027761055,329.31823027761055
6,192,329.31823027761055,329.31823027761055
6,193,329.31823027761055,329.31823027761055
6,194,329.31823027761055,329.31823027761055
6,195,329.31823027761055,329.31823027761055
6,196,329.31823027761055,329.31823027761055
6,197,329.31823027761055,329.31823027761055
6,198,329.31823027761055,329.31823027761055
6,199,329.31823027761055,329.31823027761055
6,200,329.31823027761055,329.31823027761055
6,201,329.31823027761055,329.31823027761055
6,202,329.31823027761055,329.31823027761055
6,203,329.31823027761055,329.31823027761055
6,204,329.31823027761055,329.31823027761055
6,205,329.31823027761055,329.31823027761055
6,206,329.31823027761055,329.31823027761055
6,207,329.31823027761055,329.31823027761055
6,208,329.31823027761055,329.31823027761055
6,209,329.31823027761055,329.31823027761055
6,210,329.31823027761055,329.31823027761055
6,211,329.31823027761055,329.31823027761055
6,212,329.31823027761055,329.31823027761055
6,213,329.31823027761055,329.31823027761055
6,214,329.31823027761055,329.31823027761055
6,215,329.31823027761055,329.31823027761055
6,216,329.31823027761055,329.31823027761055
6,217,329.31823027761055,329.31823027761055
6,218,329.31823027761055,329.31823027761055
6,219,329.31823027761055,329.31823027761055
6,220,329.31823027761055,329.31823027761055
6,221,329.31823027761055,329.31823027761055
6,222,329.31823027761055,329.31823027761055
6,223,329.31823027761055,329.31823027761055
6,224,329.31823027761055,329.31823027761055
6,225,329.31823027761055,329.31823027761055
6,226,329.31823027761055,329.31823027761055
6,227,329.31823027761055,329.31823027761055
6,228,329.31823027761055,329.31823027761055
6,229,329.31823027761055,329.31823027761055
6,230,329.31823027761055,329.31823027761055
6,231,329.31823027761055,329.31823027761055
6,232,329.31823027761055,329.31823027761055
6,233,329.31823027761055,329.31823027761055
6,234,329.31823027761055,329.31823027761055
6,235,329.31823027761055,329.31823027761055
6,236,329.31823027761055,329.31823027761055
6,237,329.31823027761055,329.31823027761055
6,238,329.31823027761055,329.31823027761055
6,239,329.31823027761055,329.31823027761055
6,240,329.31823027761055,329.31823027761055
6,241,329.31823027761055,329.31823027761055
6,242,329.31823027761055,329.31823027761055
6,243,329.31823027761055,329.31823027761055
6,244,329.31823027761055,329.31823027761055
6,245,329.31823027761055,329.31823027761055
6,246,329.31823027761055,329.31823027761055
6,247,329.31823027761055,329.31823027761055
6,248,329.31823027761055,329.31823027761055
6,249,329.31823027761055,329.31823027761055
6,250,329.31823027761055,329.31823027761055
6,251,329.31823027761055,329.31823027761055
6,252,329.31823027761055,329.31823027761055
6,253,329.31823027761055,329.31823027761055
6,254,329.31823027761055,329.31823027761055
6,255,329.31823027761055,329.31823027761055
6,256,329.31823027761055,329.31823027761055
6,257,329.31823027761055,329.31823027761055
6,258,329.31823027761055,329.31823027761055
6,259,329.31823027761055,329.31823027761055
6,260,329.31823027761055,329.31823027761055
6,261,329.31823027761055,329.31823027761055
6,262,329.31823027761055,329.31823027761055
6,263,329.31823027761055,329.31823027761055
6,264,329.31823027761055,329.31823027761055
6,265,329.31823027761055,329.31823027761055
6,266,329.31823027761055,329.31823027761055
6,267,329.31823027761055,329.31823027761055
6,268,329.31823027761055,329.31823027761055
6,269,329.31823027761055,329.31823027761055
6,270,329.31823027761055,329.31823027761055
6,271,329.31823027761055,329.31823027761055
6,272,329.31823027761055,329.31823027761055
6,273,329.31823027761055,329.31823027761055
6,274,329.31823027761055,329.31823027761055
6,275,329.31823027761055,329.31823027761055
6,276,329.31823027761055,329.31823027761055
6,277,329.31823027761055,329.31823027761055
6,278,329.31823027761055,329.31823027761055
6,279,329.31823027761055,329.31823027761055
6,280,329.31823027761055,329.31823027761055
6,281,329.31823027761055,329.31823027761055
6,282,329.31823027761055,329.31823027761055
6,283,329.31823027761055,329.31823027761055
6,284,329.31823027761055,329.31823027761055
6,285,329.31823027761055,329.31823027761055
6,286,329.31823027761055,329.31823027761055
6,287,329.31823027761055,329.31823027761055
6,288,329.31823027761055,329.31823027761055
6,289,329.31823027761055,329.31823027761055
6,290,329.31823027761055,329.31823027761055
6,291,329.31823027761055,329.31823027761055
6,292,329.31823027761055,329.31823027761055
6,293,329.31823027761055,329.31823027761055
6,294,329.31823027761055,329.31823027761055
6,295,329.31823027761055,329.31823027761055
6,296,329.31823027761055,329.31823027761055
6,297,329.31823027761055,329.31823027761055
6,298,329.31823027761055,329.31823027761055
6,299,329.31823027761055,329.31823027761055
6,300,329.31823027761055,329.31823027761055
6,301,329.31823027761055,329.31823027761055
6,302,329.31823027761055,329.31823027761055
6,303,329.31823027761055,329.31823027761055
6,304,329.31823027761055,329.31823027761055
6,305,329.31823027761055,329.31823027761055
6,306,329.31823027761055,329.31823027761055
6,307,329.31823027761055,329.31823027761055
6,308,329.31823027761055,329.31823027761055
6,309,329.31823027761055,329.31823027761055
6,310,329.31823027761055,329.31823027761055
6,311,329.31823027761055,329.31823027761055
6,312,329.31823027761055,329.31823027761055
6,313,329.31823027761055,329.31823027761055
6,314,329.31823027761055,329.31823027761055
6,315,329.31823027761055,329.31823027761055
6,316,329.31823027761055,329.31823027761055
6,317,329.31823027761055,329.31823027761055
6,318,329.31823027761055,329.31823027761055
6,319,329.31823027761055,329.31823027761055
6,320,329.31823027761055,329.31823027761055
6,321,329.31823027761055,329.31823027761055
6,322,329.31823027761055,329.31823027761055
6,323,329.31823027761055,329.31823027761055
6,324,329.31823027761055,329.31823027761055
6,325,329.31823027761055,329.31823027761055
6,326,329.31823027761055,329.31823027761055
6,327,329.31823027761055,329.31823027761055
6,328,329.31823027761055,329.31823027761055
6,329,329.31823027761055,329.31823027761055
6,330,329.31823027761055,329.31823027761055
6,331,329.31823027761055,329.31823027761055
6,332,329.31823027761055,329.31823027761055
6,333,329.31823027761055,329.31823027761055
6,334,329.31823027761055,329.31823027761055
6,335,329.31823027761055,329.31823027761055
6,336,329.31823027761055,329.31823027761055
6,337,329.31823027761055,329.31823027761055
6,338,329.31823027761055,329.31823027761055
6,339,329.31823027761055,329.31823027761055
6,340,329.31823027761055,329.31823027761055
6,341,329.31823027761055,329.31823027761055
6,342,329.31823027761055,329.31823027761055
6,343,329.31823027761055,329.31823027761055
6,344,329.31823027761055,329.31823027761055
6,345,329.31823027761055,329.31823027761055
6,346,329.31823027761055,329.31823027761055
6,347,329.31823027761055,329.31823027761055
6,348,329.31823027761055,329.31823027761055
6,349,329.31823027761055,329.31823027761055
6,350,329.31823027761055,329.31823027761055
6,351,329.31823027761055,329.31823027761055
6,352,329.31823027761055,329.31823027761055
6,353,329.31823027761055,329.31823027761055
6,354,329.31823027761055,329.31823027761055
6,355,329.31823027761055,329.31823027761055
6,356,329.31823027761055,329.31823027761055
6,357,329.31823027761055,329.31823027761055
6,358,329.31823027761055,329.31823027761055
6,359,329.31823027761055,329.31823027761055
6,360,329.31823027761055,329.31823027761055
6,361,329.31823027761055,329.31823027761055
6,362,329.31823027761055,329.31823027761055
6,363,329.31823027761055,329.31823027761055
6,364,329.31823027761055,329.31823027761055
6,365,329.31823027761055,329.31823027761055
6,366,329.31823027761055,329.31823027761055
6,367,329.31823027761055,329.31823027761055
6,368,329.31823027761055,329.31823027761055
6,369,329.31823027761055,329.31823027761055
6,370,329.31823027761055,329.31823027761055
6,371,329.31823027761055,329.31823027761055
6,372,329.31823027761055,329.31823027761055
6,373,329.31823027761055,329.31823027761055
6,374,329.31823027761055,329.31823027761055
6,375,329.31823027761055,329.31823027761055
6,376,329.31823027761055,329.31823027761055
6,377,329.31823027761055,329.31823027761055
6,378,329.31823027761055,329.31823027761055
6,379,329.31823027761055,329.31823027761055
6,380,329.31823027761055,329.31823027761055
6,381,329.31823027761055,329.31823027761055
6,382,329.31823027761055,329.31823027761055
6,383,329.31823027761055,329.31823027761055
6,384,329.31823027761055,329.31823027761055
6,385,329.31823027761055,329.31823027761055
6,386,329.31823027761055,329.31823027761055
6,387,329.31823027761055,329.31823027761055
6,388,329.31823027761055,329.31823027761055
6,389,329.31823027761055,329.31823027761055
6,390,329.31823027761055,329.31823027761055
6,391,329.31823027761055,329.31823027761055
6,392,329.31823027761055,329.31823027761055
6,393,329.31823027761055,329.31823027761055
6,394,329.31823027761055,329.31823027761055
6,395,329.31823027761055,329.31823027761055
6,396,329.31823027761055,329.31823027761055
6,397,329.31823027761055,329.31823027761055
6,398,329.31823027761055,329.31823027761055
6,399,329.31823027761055,329.31823027761055
6,400,329.31823027761055,329.31823027761055
6,401,329.31823027761055,329.31823027761055
6,402,329.31823027761055,329.31823027761055
6,403,329.31823027761055,329.31823027761055
6,404,329.31823027761055,329.31823027761055
6,405,329.31823027761055,329.31823027761055
6,406,329.31823027761055,329.31823027761055
6,407,329.31823027761055,329.31823027761055
6,408,329.31823027761055,329.31823027761055
6,409,329.31823027761055,329.31823027761055
6,410,329.31823027761055,329.31823027761055
6,411,329.31823027761055,329.31823027761055
6,412,329.31823027761055,329.31823027761055
6,413,329.31823027761055,329.31823027761055
6,414,329.31823027761055,329.31823027761055
6,415,329.31823027761055,329.31823027761055
6,416,329.31823027761055,329.31823027761055
6,417,329.31823027761055,329.31823027761055
6,418,329.31823027761055,329.31823027761055
6,419,329.31823027761055,329.31823027761055
6,420,329.31823027761055,329.31823027761055
6,421,329.31823027761055,329.31823027761055
6,422,329.31823027761055,329.31823027761055
6,423,329.31823027761055,329.31823027761055
6,424,329.31823027761055,329.31823027761055
6,425,329.31823027761055,329.31823027761055
6,426,329.31823027761055,329.31823027761055
6,427,329.31823027761055,329.31823027761055
6,428,329.31823027761055,329.31823027761055
6,429,329.31823027761055,329.31823027761055
6,430,329.31823027761055,329.31823027761055
6,431,329.31823027761055,329.31823027761055
6,432,329.31823027761055,329.31823027761055
6,433,329.31823027761055,329.31823027761055
6,434,329.31823027761055,329.31823027761055
6,435,329.31823027761055,329.31823027761055
6,436,329.31823027761055,329.31823027761055
6,437,329.31823027761055,329.31823027761055
6,438,329.31823027761055,329.31823027761055
6,439,329.31823027761055,329.31823027761055
6,440,329.31823027761055,329.31823027761055
6,441,329.31823027761055,329.31823027761055
6,442,329.31823027761055,329.31823027761055
6,443,329.31823027761055,329.31823027761055
6,444,329.31823027761055,329.31823027761055
6,445,329.31823027761055,329.31823027761055
6,446,329.31823027761055,329.31823027761055
6,447,329.31823027761055,329.31823027761055
6,448,329.31823027761055,329.31823027761055
6,449,329.31823027761055,329.31823027761055
6,450,329.31823027761055,329.31823027761055
6,451,329.31823027761055,329.31823027761055
6,452,329.31823027761055,329.31823027761055
6,453,329.31823027761055,329.31823027761055
6,454,329.31823027761055,329.31823027761055
6,455,329.31823027761055,329.31823027761055
6,456,329.31823027761055,329.31823027761055
6,457,329.31823027761055,329.31823027761055
6,458,329.31823027761055,329.31823027761055
6,459,329.31823027761055,329.31823027761055
6,460,329.31823027761055,329.31823027761055
6,461,329.31823027761055,329.31823027761055
6,462,329.31823027761055,329.31823027761055
6,463,329.31823027761055,329.31823027761055
6,464,329.31823027761055,329.31823027761055
6,465,329.31823027761055,329.31823027761055
6,466,329.31823027761055,329.31823027761055
6,467,329.31823027761055,329.31823027761055
6,468,329.31823027761055,329.31823027761055
6,469,329.31823027761055,329.31823027761055
6,470,329.31823027761055,329.31823027761055
6,471,329.31823027761055,329.31823027761055
6,472,329.31823027761055,329.31823027761055
6,473,329.31823027761055,329.31823027761055
6,474,329.31823027761055,329.31823027761055
6,475,329.31823027761055,329.31823027761055
6,476,329.31823027761055,329.31823027761055
6,477,329.31823027761055,329.31823027761055
6,478,329.31823027761055,329.31823027761055
6,479,329.31823027761055,329.31823027761055
6,480,329.31823027761055,329.31823027761055
6,481,329.31823027761055,329.31823027761055
6,482,329.31823027761055,329.31823027761055
6,483,329.31823027761055,329.31823027761055
6,484,329.31823027761055,329.31823027761055
6,485,329.31823027761055,329.31823027761055
6,486,329.31823027761055,329.31823027761055
6,487,329.31823027761055,329.31823027761055
6,488,329.31823027761055,329.31823027761055
6,489,329.31823027761055,329.31823027761055
6,490,329.31823027761055,329.31823027761055
6,491,329.31823027761055,329.31823027761055
6,492,329.31823027761055,329.31823027761055
6,493,329.31823027761055,329.31823027761055
6,494,329.31823027761055,329.31823027761055
6,495,329.31823027761055,329.31823027761055
6,496,329.31823027761055,329.31823027761055
6,497,329.31823027761055,329.31823027761055
6,498,329.31823027761055,329.31823027761055
6,499,329.31823027761055,329.31823027761055
6,500,329.31823027761055,329.31823027761055
7,0,446.54237812837425,446.54237812837425
7,1,437.8039050516801,437.8039050516801
7,2,391.5681644011212,391.5681644011212
7,3,391.5681644011212,391.5681644011212
7,4,383.5417157034309,383.5417157034309
7,5,340.3797208992853,340.3797208992853
7,6,335.21393869705463,335.21393869705463
7,7,335.21393869705463,335.21393869705463
7,8,329.31823027761055,329.31823027761055
7,9,329.31823027761055,329.31823027761055
7,10,329.31823027761055,329.31823027761055
7,11,329.31823027761055,329.31823027761055
7,12,329.31823027761055,329.31823027761055
7,13,329.31823027761055,329.31823027761055
7,14,329.31823027761055,329.31823027761055
7,15,329.31823027761055,329.31823027761055
7,16,329.31823027761055,329.31823027761055
7,17,329.31823027761055,329.31823027761055
7,18,329.31823027761055,329.31823027761055
7,19,329.31823027761055,329.31823027761055
7,20,329.31823027761055,329.31823027761055
7,21,329.31823027761055,329.31823027761055
7,22,329.31823027761055,329.31823027761055
7,23,329.31823027761055,329.31823027761055
7,24,329.31823027761055,329.31823027761055
7,25,329.31823027761055,329.31823027761055
7,26,329.31823027761055,329.31823027761055
7,27,329.31823027761055,329.31823027761055
7,28,329.31823027761055,329.31823027761055
7,29,329.31823027761055,329.31823027761055
7,30,329.31823027761055,329.31823027761055
7,31,329.31823027761055,329.31823027761055
7,32,329.31823027761055,329.31823027761055
7,33,329.31823027761055,329.31823027761055
7,34,329.31823027761055,329.31823027761055
7,35,329.31823027761055,329.31823027761055
7,36,329.31823027761055,329.31823027761055
7,37,329.31823027761055,329.31823027761055
7,38,329.31823027761055,329.31823027761055
7,39,329.31823027761055,329.31823027761055
7,40,329.31823027761055,329.31823027761055
7,41,329.31823027761055,329.31823027761055
7,42,329.31823027761055,329.31823027761055
7,43,329.31823027761055,329.31823027761055
7,44,329.31823027761055,329.31823027761055
7,45,329.31823027761055,329.31823027761055
7,46,329.31823027761055,329.31823027761055
7,47,329.31823027761055,329.31823027761055
7,48,329.31823027761055,329.31823027761055
7,49,329.31823027761055,329.31823027761055
7,50,329.31823027761055,329.31823027761055
7,51,329.31823027761055,329.31823027761055
7,52,329.31823027761055,329.31823027761055
7,53,329.31823027761055,329.31823027761055
7,54,329.31823027761055,329.31823027761055
7,55,329.31823027761055,329.31823027761055
7,56,329.31823027761055,329.31823027761055
7,57,329.31823027761055,329.31823027761055
7,58,329.31823027761055,329.31823027761055
7,59,329.31823027761055,329.31823027761055
7,60,329.31823027761055,329.31823027761055
7,61,329.31823027761055,329.31823027761055
7,62,329.31823027761055,329.31823027761055
7,63,329.31823027761055,329.31823027761055
7,64,329.31823027761055,329.31823027761055
7,65,329.31823027761055,329.31823027761055
7,66,329.31823027761055,329.31823027761055
7,67,329.31823027761055,329.31823027761055
7,68,329.31823027761055,329.31823027761055
7,69,329.31823027761055,329.31823027761055
7,70,329.31823027761055,329.31823027761055
7,71,329.31823027761055,329.31823027761055
7,72,329.31823027761055,329.31823027761055
7,73,329.31823027761055,329.31823027761055
7,74,329.31823027761055,329.31823027761055
7,75,329.31823027761055,329.31823027761055
7,76,329.31823027761055,329.31823027761055
7,77,329.31823027761055,329.31823027761055
7,78,329.31823027761055,329.31823027761055
7,79,329.31823027761055,329.31823027761055
7,80,329.31823027761055,329.31823027761055
7,81,329.31823027761055,329.31823027761055
7,82,329.31823027761055,329.31823027761055
7,83,329.31823027761055,329.31823027761055
7,84,329.31823027761055,329.31823027761055
7,85,329.31823027761055,329.31823027761055
7,86,329.31823027761055,329.31823027761055
7,87,329.31823027761055,329.31823027761055
7,88,329.31823027761055,329.31823027761055
7,89,329.31823027761055,329.31823027761055
7,90,329.31823027761055,329.31823027761055
7,91,329.31823027761055,329.31823027761055
7,92,329.31823027761055,329.31823027761055
7,93,329.31823027761055,329.31823027761055
7,94,329.31823027761055,329.31823027761055
7,95,329.31823027761055,329.31823027761055
7,96,329.31823027761055,329.31823027761055
7,97,329.31823027761055,329.31823027761055
7,98,329.31823027761055,329.31823027761055
7,99,329.31823027761055,329.31823027761055
7,100,329.31823027761055,329.31823027761055
7,101,329.31823027761055,329.31823027761055
7,102,329.31823027761055,329.31823027761055
7,103,329.31823027761055,329.31823027761055
7,104,329.31823027761055,329.31823027761055
7,105,329.31823027761055,329.31823027761055
7,106,329.31823027761055,329.31823027761055
7,107,329.31823027761055,329.31823027761055
7,108,329.31823027761055,329.31823027761055
7,109,329.31823027761055,329.31823027761055
7,110,329.31823027761055,329.31823027761055
7,111,329.31823027761055,329.31823027761055
7,112,329.31823027761055,329.31823027761055
7,113,329.31823027761055,329.31823027761055
7,114,329.31823027761055,329.31823027761055
7,115,329.31823027761055,329.31823027761055
7,116,329.31823027761055,329.31823027761055
7,117,329.31823027761055,329.31823027761055
7,118,329.31823027761055,329.31823027761055
7,119,329.31823027761055,329.31823027761055
7,120,329.31823027761055,329.31823027761055
7,121,329.31823027761055,329.31823027761055
7,122,329.31823027761055,329.31823027761055
7,123,329.31823027761055,329.31823027761055
7,124,329.31823027761055,329.31823027761055
7,125,329.31823027761055,329.31823027761055
7,126,329.31823027761055,329.31823027761055
7,127,329.31823027761055,329.31823027761055
7,128,329.31823027761055,329.31823027761055
7,129,329.31823027761055,329.31823027761055
7,130,329.31823027761055,329.31823027761055
7,131,329.31823027761055,329.31823027761055
7,132,329.31823027761055,329.31823027761055
7,133,329.31823027761055,329.31823027761055
7,134,329.31823027761055,329.31823027761055
7,135,329.31823027761055,329.31823027761055
7,136,329.31823027761055,329.31823027761055
7,137,329.31823027761055,329.31823027761055
7,138,329.31823027761055,329.31823027761055
7,139,329.31823027761055,329.31823027761055
7,140,329.31823027761055,329.31823027761055
7,141,329.31823027761055,329.31823027761055
7,142,329.31823027761055,329.31823027761055
7,143,329.31823027761055,329.31823027761055
7,144,329.31823027761055,329.31823027761055
7,145,329.31823027761055,329.31823027761055
7,146,329.31823027761055,329.31823027761055
7,147,329.31823027761055,329.31823027761055
7,148,329.31823027761055,329.31823027761055
7,149,329.31823027761055,329.31823027761055
7,150,329.31823027761055,329.31823027761055
7,151,329.31823027761055,329.31823027761055
7,152,329.31823027761055,329.31823027761055
7,153,329.31823027761055,329.31823027761055
7,154,329.31823027761055,329.31823027761055
7,155,329.31823027761055,329.31823027761055
7,156,329.31823027761055,329.31823027761055
7,157,329.31823027761055,329.31823027761055
7,158,329.31823027761055,329.31823027761055
7,159,329.31823027761055,329.31823027761055
7,160,329.31823027761055,329.31823027761055
7,161,329.31823027761055,329.31823027761055
7,162,329.31823027761055,329.31823027761055
7,163,329.31823027761055,329.31823027761055
7,164,329.31823027761055,329.31823027761055
7,165,329.31823027761055,329.31823027761055
7,166,329.31823027761055,329.31823027761055
7,167,329.31823027761055,329.31823027761055
7,168,329.31823027761055,329.31823027761055
7,169,329.31823027761055,329.31823027761055
7,170,329.31823027761055,329.31823027761055
7,171,329.31823027761055,329.31823027761055
7,172,329.31823027761055,329.31823027761055
7,173,329.31823027761055,329.31823027761055
7,174,329.31823027761055,329.31823027761055
7,175,329.31823027761055,329.31823027761055
7,176,329.31823027761055,329.31823027761055
7,177,329.31823027761055,329.31823027761055
7,178,329.31823027761055,329.31823027761055
7,179,329.31823027761055,329.31823027761055
7,180,329.31823027761055,329.31823027761055
7,181,329.31823027761055,329.31823027761055
7,182,329.31823027761055,329.31823027761055
7,183,329.31823027761055,329.31823027761055
7,184,329.31823027761055,329.31823027761055
7,185,329.31823027761055,329.31823027761055
7,186,329.31823027761055,329.31823027761055
7,187,329.31823027761055,329.31823027761055
7,188,329.31823027761055,329.31823027761055
7,189,329.31823027761055,329.31823027761055
7,190,329.31823027761055,329.31823027761055
7,191,329.31823027761055,329.31823027761055
7,192,329.31823027761055,329.31823027761055
7,193,329.31823027761055,329.31823027761055
7,194,329.31823027761055,329.31823027761055
7,195,329.31823027761055,329.31823027761055
7,196,329.31823027761055,329.31823027761055
7,197,329.31823027761055,329.31823027761055
7,198,329.31823027761055,329.31823027761055
7,199,329.31823027761055,329.31823027761055
7,200,329.31823027761055,329.31823027761055
7,201,329.31823027761055,329.31823027761055
7,202,329.31823027761055,329.31823027761055
7,203,329.31823027761055,329.31823027761055
7,204,329.31823027761055,329.31823027761055
7,205,329.31823027761055,329.31823027761055
7,206,329.31823027761055,329.31823027761055
7,207,329.31823027761055,329.31823027761055
7,208,329.31823027761055,329.31823027761055
7,209,329.31823027761055,329.31823027761055
7,210,329.31823027761055,329.31823027761055
7,211,329.31823027761055,329.31823027761055
7,212,329.31823027761055,329.31823027761055
7,213,329.31823027761055,329.31823027761055
7,214,329.31823027761055,329.31823027761055
7,215,329.31823027761055,329.31823027761055
7,216,329.31823027761055,329.31823027761055
7,217,329.31823027761055,329.31823027761055
7,218,329.31823027761055,329.31823027761055
7,219,329.31823027761055,329.31823027761055
7,220,329.31823027761055,329.31823027761055
7,221,329.31823027761055,329.31823027761055
7,222,329.31823027761055,329.31823027761055
7,223,329.31823027761055,329.31823027761055
7,224,329.31823027761055,329.31823027761055
7,225,329.31823027761055,329.31823027761055
7,226,329.31823027761055,329.31823027761055
7,227,329.31823027761055,329.31823027761055
7,228,329.31823027761055,329.31823027761055
7,229,329.31823027761055,329.31823027761055
7,230,329.31823027761055,329.31823027761055
7,231,329.31823027761055,329.31823027761055
7,232,329.31823027761055,329.31823027761055
7,233,329.31823027761055,329.31823027761055
7,234,329.31823027761055,329.31823027761055
7,235,329.31823027761055,329.31823027761055
7,236,329.31823027761055,329.31823027761055
7,237,329.31823027761055,329.31823027761055
7,238,329.31823027761055,329.31823027761055
7,239,329.31823027761055,329.31823027761055
7,240,329.31823027761055,329.31823027761055
7,241,329.31823027761055,329.31823027761055
7,242,329.31823027761055,329.31823027761055
7,243,329.31823027761055,329.31823027761055
7,244,329.31823027761055,329.31823027761055
7,245,329.31823027761055,329.31823027761055
7,246,329.31823027761055,329.31823027761055
7,247,329.31823027761055,329.31823027761055
7,248,329.31823027761055,329.31823027761055
7,249,329.31823027761055,329.31823027761055
7,250,329.31823027761055,329.31823027761055
7,251,329.31823027761055,329.31823027761055
7,252,329.31823027761055,329.31823027761055
7,253,329.31823027761055,329.31823027761055
7,254,329.31823027761055,329.31823027761055
7,255,329.31823027761055,329.31823027761055
7,256,329.31823027761055,329.31823027761055
7,257,329.31823027761055,329.31823027761055
7,258,329.31823027761055,329.31823027761055
7,259,329.31823027761055,329.31823027761055
7,260,329.31823027761055,329.31823027761055
7,261,329.31823027761055,329.31823027761055
7,262,329.31823027761055,329.31823027761055
7,263,329.31823027761055,329.31823027761055
7,264,329.31823027761055,329.31823027761055
7,265,329.31823027761055,329.31823027761055
7,266,329.31823027761055,329.31823027761055
7,267,329.31823027761055,329.31823027761055
7,268,329.31823027761055,329.31823027761055
7,269,329.31823027761055,329.31823027761055
7,270,329.31823027761055,329.31823027761055
7,271,329.31823027761055,329.31823027761055
7,272,329.31823027761055,329.31823027761055
7,273,329.31823027761055,329.31823027761055
7,274,329.31823027761055,329.31823027761055
7,275,329.31823027761055,329.31823027761055
7,276,329.31823027761055,329.31823027761055
7,277,329.31823027761055,329.31823027761055
7,278,329.31823027761055,329.31823027761055
7,279,329.31823027761055,329.31823027761055
7,280,329.31823027761055,329.31823027761055
7,281,329.31823027761055,329.31823027761055
7,282,329.31823027761055,329.31823027761055
7,283,329.31823027761055,329.31823027761055
7,284,329.31823027761055,329.31823027761055
7,285,329.31823027761055,329.31823027761055
7,286,329.31823027761055,329.31823027761055
7,287,329.31823027761055,329.31823027761055
7,288,329.31823027761055,329.31823027761055
7,289,329.31823027761055,329.31823027761055
7,290,329.31823027761055,329.31823027761055
7,291,329.31823027761055,329.31823027761055
7,292,329.31823027761055,329.31823027761055
7,293,329.31823027761055,329.31823027761055
7,294,329.31823027761055,329.31823027761055
7,295,329.31823027761055,329.31823027761055
7,296,329.31823027761055,329.31823027761055
7,297,329.31823027761055,329.31823027761055
7,298,329.31823027761055,329.31823027761055
7,299,329.31823027761055,329.31823027761055
7,300,329.31823027761055,329.31823027761055
7,301,329.31823027761055,329.31823027761055
7,302,329.31823027761055,329.31823027761055
7,303,329.31823027761055,329.31823027761055
7,304,329.31823027761055,329.31823027761055
7,305,329.31823027761055,329.31823027761055
7,306,329.31823027761055,329.31823027761055
7,307,329.31823027761055,329.31823027761055
7,308,329.31823027761055,329.31823027761055
7,309,329.31823027761055,329.31823027761055
7,310,329.31823027761055,329.31823027761055
7,311,329.31823027761055,329.31823027761055
7,312,329.31823027761055,329.31823027761055
7,313,329.31823027761055,329.31823027761055
7,314,329.31823027761055,329.31823027761055
7,315,329.31823027761055,329.31823027761055
7,316,329.31823027761055,329.31823027761055
7,317,329.31823027761055,329.31823027761055
7,318,329.31823027761055,329.31823027761055
7,319,329.31823027761055,329.31823027761055
7,320,329.31823027761055,329.31823027761055
7,321,329.31823027761055,329.31823027761055
7,322,329.31823027761055,329.31823027761055
7,323,329.31823027761055,329.31823027761055
7,324,329.31823027761055,329.31823027761055
7,325,329.31823027761055,329.31823027761055
7,326,329.31823027761055,329.31823027761055
7,327,329.31823027761055,329.31823027761055
7,328,329.31823027761055,329.31823027761055
7,329,329.31823027761055,329.31823027761055
7,330,329.31823027761055,329.31823027761055
7,331,329.31823027761055,329.31823027761055
7,332,329.31823027761055,329.31823027761055
7,333,329.31823027761055,329.31823027761055
7,334,329.31823027761055,329.31823027761055
7,335,329.31823027761055,329.31823027761055
7,336,329.31823027761055,329.31823027761055
7,337,329.31823027761055,329.31823027761055
7,338,329.31823027761055,329.31823027761055
7,339,329.31823027761055,329.31823027761055
7,340,329.31823027761055,329.31823027761055
7,341,329.31823027761055,329.31823027761055
7,342,329.31823027761055,329.31823027761055
7,343,329.31823027761055,329.31823027761055
7,344,329.31823027761055,329.31823027761055
7,345,329.31823027761055,329.31823027761055
7,346,329.31823027761055,329.31823027761055
7,347,329.31823027761055,329.31823027761055
7,348,329.31823027761055,329.31823027761055
7,349,329.31823027761055,329.31823027761055
7,350,329.31823027761055,329.31823027761055
7,351,329.31823027761055,329.31823027761055
7,352,329.31823027761055,329.31823027761055
7,353,329.31823027761055,329.31823027761055
7,354,329.31823027761055,329.31823027761055
7,355,329.31823027761055,329.31823027761055
7,356,329.31823027761055,329.31823027761055
7,357,329.31823027761055,329.31823027761055
7,358,329.31823027761055,329.31823027761055
7,359,329.31823027761055,329.31823027761055
7,360,329.31823027761055,329.31823027761055
7,361,329.31823027761055,329.31823027761055
7,362,329.31823027761055,329.31823027761055
7,363,329.31823027761055,329.31823027761055
7,364,329.31823027761055,329.31823027761055
7,365,329.31823027761055,329.31823027761055
7,366,329.31823027761055,329.31823027761055
7,367,329.31823027761055,329.31823027761055
7,368,329.31823027761055,329.31823027761055
7,369,329.31823027761055,329.31823027761055
7,370,329.31823027761055,329.31823027761055
7,371,329.31823027761055,329.31823027761055
7,372,329.31823027761055,329.31823027761055
7,373,329.31823027761055,329.31823027761055
7,374,329.31823027761055,329.31823027761055
7,375,329.31823027761055,329.31823027761055
7,376,329.31823027761055,329.31823027761055
7,377,329.31823027761055,329.31823027761055
7,378,329.31823027761055,329.31823027761055
7,379,329.31823027761055,329.31823027761055
7,380,329.31823027761055,329.31823027761055
7,381,329.31823027761055,329.31823027761055
7,382,329.31823027761055,329.31823027761055
7,383,329.31823027761055,329.31823027761055
7,384,329.31823027761055,329.31823027761055
7,385,329.31823027761055,329.31823027761055
7,386,329.31823027761055,329.31823027761055
7,387,329.31823027761055,329.31823027761055
7,388,329.31823027761055,329.31823027761055
7,389,329.31823027761055,329.31823027761055
7,390,329.31823027761055,329.31823027761055
7,391,329.31823027761055,329.31823027761055
7,392,329.31823027761055,329.31823027761055
7,393,329.31823027761055,329.31823027761055
7,394,329.31823027761055,329.31823027761055
7,395,329.31823027761055,329.31823027761055
7,396,329.31823027761055,329.31823027761055
7,397,329.31823027761055,329.31823027761055
7,398,329.31823027761055,329.31823027761055
7,399,329.31823027761055,329.31823027761055
7,400,329.31823027761055,329.31823027761055
7,401,329.31823027761055,329.31823027761055
7,402,329.31823027761055,329.31823027761055
7,403,329.31823027761055,329.31823027761055
7,404,329.31823027761055,329.31823027761055
7,405,329.31823027761055,329.31823027761055
7,406,329.31823027761055,329.31823027761055
7,407,329.31823027761055,329.31823027761055
7,408,329.31823027761055,329.31823027761055
7,409,329.31823027761055,329.31823027761055
7,410,329.31823027761055,329.31823027761055
7,411,329.31823027761055,329.31823027761055
7,412,329.31823027761055,329.31823027761055
7,413,329.31823027761055,329.31823027761055
7,414,329.31823027761055,329.31823027761055
7,415,329.31823027761055,329.31823027761055
7,416,329.31823027761055,329.31823027761055
7,417,329.31823027761055,329.31823027761055
7,418,329.31823027761055,329.31823027761055
7,419,329.31823027761055,329.31823027761055
7,420,329.31823027761055,329.31823027761055
7,421,329.31823027761055,329.31823027761055
7,422,329.31823027761055,329.31823027761055
7,423,329.31823027761055,329.31823027761055
7,424,329.31823027761055,329.31823027761055
7,425,329.31823027761055,329.31823027761055
7,426,329.31823027761055,329.31823027761055
7,427,329.31823027761055,329.31823027761055
7,428,329.31823027761055,329.31823027761055
7,429,329.31823027761055,329.31823027761055
7,430,329.31823027761055,329.31823027761055
7,431,329.31823027761055,329.31823027761055
7,432,329.31823027761055,329.31823027761055
7,433,329.31823027761055,329.31823027761055
7,434,329.31823027761055,329.31823027761055
7,435,329.31823027761055,329.31823027761055
7,436,329.31823027761055,329.31823027761055
7,437,329.31823027761055,329.31823027761055
7,438,329.31823027761055,329.31823027761055
7,439,329.31823027761055,329.31823027761055
7,440,329.31823027761055,329.31823027761055
7,441,329.31823027761055,329.31823027761055
7,442,329.31823027761055,329.31823027761055
7,443,329.31823027761055,329.31823027761055
7,444,329.31823027761055,329.31823027761055
7,445,329.31823027761055,329.31823027761055
7,446,329.31823027761055,329.31823027761055
7,447,329.31823027761055,329.31823027761055
7,448,329.31823027761055,329.31823027761055
7,449,329.31823027761055,329.31823027761055
7,450,329.31823027761055,329.31823027761055
7,451,329.31823027761055,329.31823027761055
7,452,329.31823027761055,329.31823027761055
7,453,329.31823027761055,329.31823027761055
7,454,329.31823027761055,329.31823027761055
7,455,329.31823027761055,329.31823027761055
7,456,329.31823027761055,329.31823027761055
7,457,329.31823027761055,329.31823027761055
7,458,329.31823027761055,329.31823027761055
7,459,329.31823027761055,329.31823027761055
7,460,329.31823027761055,329.31823027761055
7,461,329.31823027761055,329.31823027761055
7,462,329.31823027761055,329.31823027761055
7,463,329.31823027761055,329.31823027761055
7,464,329.31823027761055,329.31823027761055
7,465,329.31823027761055,329.31823027761055
7,466,329.31823027761055,329.31823027761055
7,467,329.31823027761055,329.31823027761055
7,468,329.31823027761055,329.31823027761055
7,469,329.31823027761055,329.31823027761055
7,470,329.31823027761055,329.31823027761055
7,471,329.31823027761055,329.31823027761055
7,472,329.31823027761055,329.31823027761055
7,473,329.31823027761055,329.31823027761055
7,474,329.31823027761055,329.31823027761055
7,475,329.31823027761055,329.31823027761055
7,476,329.31823027761055,329.31823027761055
7,477,329.31823027761055,329.31823027761055
7,478,329.31823027761055,329.31823027761055
7,479,329.31823027761055,329.31823027761055
7,480,329.31823027761055,329.31823027761055
7,481,329.31823027761055,329.31823027761055
7,482,329.31823027761055,329.31823027761055
7,483,329.31823027761055,329.31823027761055
7,484,329.31823027761055,329.31823027761055
7,485,329.31823027761055,329.31823027761055
7,486,329.31823027761055,329.31823027761055
7,487,329.31823027761055,329.31823027761055
7,488,329.31823027761055,329.31823027761055
7,489,329.31823027761055,329.31823027761055
7,490,329.31823027761055,329.31823027761055
7,491,329.31823027761055,329.31823027761055
7,492,329.31823027761055,329.31823027761055
7,493,329.31823027761055,329.31823027761055
7,494,329.31823027761055,329.31823027761055
7,495,329.31823027761055,329.31823027761055
7,496,329.31823027761055,329.31823027761055
7,497,329.31823027761055,329.31823027761055
7,498,329.31823027761055,329.31823027761055
7,499,329.31823027761055,329.31823027761055
7,500,329.31823027761055,329.31823027761055
8,0,422.533461065246,422.533461065246
8,1,405.9987477933554,405.9987477933554
8,2,405.9987477933554,405.9987477933554
8,3,367.4722834520255,367.4722834520255
8,4,363.7103685632795,363.7103685632795
8,5,363.7103685632795,363.7103685632795
8,6,363.7103685632795,363.7103685632795
8,7,363.7103685632795,363.7103685632795
8,8,355.64378199532604,355.64378199532604
8,9,335.21393869705463,335.21393869705463
8,10,335.21393869705463,335.21393869705463
8,11,329.31823027761055,329.31823027761055
8,12,329.31823027761055,329.31823027761055
8,13,329.31823027761055,329.31823027761055
8,14,329.31823027761055,329.31823027761055
8,15,329.31823027761055,329.31823027761055
8,16,329.31823027761055,329.31823027761055
8,17,329.31823027761055,329.31823027761055
8,18,329.31823027761055,329.31823027761055
8,19,329.31823027761055,329.31823027761055
8,20,329.31823027761055,329.31823027761055
8,21,329.31823027761055,329.31823027761055
8,22,329.31823027761055,329.31823027761055
8,23,329.31823027761055,329.31823027761055
8,24,329.31823027761055,329.31823027761055
8,25,329.31823027761055,329.31823027761055
8,26,329.31823027761055,329.31823027761055
8,27,329.31823027761055,329.31823027761055
8,28,329.31823027761055,329.31823027761055
8,29,329.31823027761055,329.31823027761055
8,30,329.31823027761055,329.31823027761055
8,31,329.31823027761055,329.31823027761055
8,32,329.31823027761055,329.31823027761055
8,33,329.31823027761055,329.31823027761055
8,34,329.31823027761055,329.31823027761055
8,35,329.31823027761055,329.31823027761055
8,36,329.31823027761055,329.31823027761055
8,37,329.31823027761055,329.31823027761055
8,38,329.31823027761055,329.31823027761055
8,39,329.31823027761055,329.31823027761055
8,40,329.31823027761055,329.31823027761055
8,41,329.31823027761055,329.31823027761055
8,42,329.31823027761055,329.31823027761055
8,43,329.31823027761055,329.31823027761055
8,44,329.31823027761055,329.31823027761055
8,45,329.31823027761055,329.31823027761055
8,46,329.31823027761055,329.31823027761055
8,47,329.31823027761055,329.31823027761055
8,48,329.31823027761055,329.31823027761055
8,49,329.31823027761055,329.31823027761055
8,50,329.31823027761055,329.31823027761055
8,51,329.31823027761055,329.31823027761055
8,52,329.31823027761055,329.31823027761055
8,53,329.31823027761055,329.31823027761055
8,54,329.31823027761055,329.31823027761055
8,55,329.31823027761055,329.31823027761055
8,56,329.31823027761055,329.31823027761055
8,57,329.31823027761055,329.31823027761055
8,58,329.31823027761055,329.31823027761055
8,59,329.31823027761055,329.31823027761055
8,60,329.31823027761055,329.31823027761055
8,61,329.31823027761055,329.31823027761055
8,62,329.31823027761055,329.31823027761055
8,63,329.31823027761055,329.31823027761055
8,64,329.31823027761055,329.31823027761055
8,65,329.31823027761055,329.31823027761055
8,66,329.31823027761055,329.31823027761055
8,67,329.31823027761055,329.31823027761055
8,68,329.31823027761055,329.31823027761055
8,69,329.31823027761055,329.31823027761055
8,70,329.31823027761055,329.31823027761055
8,71,329.31823027761055,329.31823027761055
8,72,329.31823027761055,329.31823027761055
8,73,329.31823027761055,329.31823027761055
8,74,329.31823027761055,329.31823027761055
8,75,329.31823027761055,329.31823027761055
8,76,329.31823027761055,329.31823027761055
8,77,329.31823027761055,329.31823027761055
8,78,329.31823027761055,329.31823027761055
8,79,329.31823027761055,329.31823027761055
8,80,329.31823027761055,329.31823027761055
8,81,329.31823027761055,329.31823027761055
8,82,329.31823027761055,329.31823027761055
8,83,329.31823027761055,329.31823027761055
8,84,329.31823027761055,329.31823027761055
8,85,329.31823027761055,329.31823027761055
8,86,329.31823027761055,329.31823027761055
8,87,329.31823027761055,329.31823027761055
8,88,329.31823027761055,329.31823027761055
8,89,329.31823027761055,329.31823027761055
8,90,329.31823027761055,329.31823027761055
8,91,329.31823027761055,329.31823027761055
8,92,329.31823027761055,329.31823027761055
8,93,329.31823027761055,329.31823027761055
8,94,329.31823027761055,329.31823027761055
8,95,329.31823027761055,329.31823027761055
8,96,329.31823027761055,329.31823027761055
8,97,329.31823027761055,329.31823027761055
8,98,329.31823027761055,329.31823027761055
8,99,329.31823027761055,329.31823027761055
8,100,329.31823027761055,329.31823027761055
8,101,329.31823027761055,329.31823027761055
8,102,329.31823027761055,329.31823027761055
8,103,329.31823027761055,329.31823027761055
8,104,329.31823027761055,329.31823027761055
8,105,329.31823027761055,329.31823027761055
8,106,329.31823027761055,329.31823027761055
8,107,329.31823027761055,329.31823027761055
8,108,329.31823027761055,329.31823027761055
8,109,329.31823027761055,329.31823027761055
8,110,329.31823027761055,329.31823027761055
8,111,329.31823027761055,329.31823027761055
8,112,329.31823027761055,329.31823027761055
8,113,329.31823027761055,329.31823027761055
8,114,329.31823027761055,329.31823027761055
8,115,329.31823027761055,329.31823027761055
8,116,329.31823027761055,329.31823027761055
8,117,329.31823027761055,329.31823027761055
8,118,329.31823027761055,329.31823027761055
8,119,329.31823027761055,329.31823027761055
8,120,329.31823027761055,329.31823027761055
8,121,329.31823027761055,329.31823027761055
8,122,329.31823027761055,329.31823027761055
8,123,329.31823027761055,329.31823027761055
8,124,329.31823027761055,329.31823027761055
8,125,329.31823027761055,329.31823027761055
8,126,329.31823027761055,329.31823027761055
8,127,329.31823027761055,329.31823027761055
8,128,329.31823027761055,329.31823027761055
8,129,329.31823027761055,329.31823027761055
8,130,329.31823027761055,329.31823027761055
8,131,329.31823027761055,329.31823027761055
8,132,329.31823027761055,329.31823027761055
8,133,329.31823027761055,329.31823027761055
8,134,329.31823027761055,329.31823027761055
8,135,329.31823027761055,329.31823027761055
8,136,329.31823027761055,329.31823027761055
8,137,329.31823027761055,329.31823027761055
8,138,329.31823027761055,329.31823027761055
8,139,329.31823027761055,329.31823027761055
8,140,329.31823027761055,329.31823027761055
8,141,329.31823027761055,329.31823027761055
8,142,329.31823027761055,329.31823027761055
8,143,329.31823027761055,329.31823027761055
8,144,329.31823027761055,329.31823027761055
8,145,329.31823027761055,329.31823027761055
8,146,329.31823027761055,329.31823027761055
8,147,329.31823027761055,329.31823027761055
8,148,329.31823027761055,329.31823027761055
8,149,329.31823027761055,329.31823027761055
8,150,329.31823027761055,329.31823027761055
8,151,329.31823027761055,329.31823027761055
8,152,329.31823027761055,329.31823027761055
8,153,329.31823027761055,329.31823027761055
8,154,329.31823027761055,329.31823027761055
8,155,329.31823027761055,329.31823027761055
8,156,329.31823027761055,329.31823027761055
8,157,329.31823027761055,329.31823027761055
8,158,329.31823027761055,329.31823027761055
8,159,329.31823027761055,329.31823027761055
8,160,329.31823027761055,329.31823027761055
8,161,329.31823027761055,329.31823027761055
8,162,329.31823027761055,329.31823027761055
8,163,329.31823027761055,329.31823027761055
8,164,329.31823027761055,329.31823027761055
8,165,329.31823027761055,329.31823027761055
8,166,329.31823027761055,329.31823027761055
8,167,329.31823027761055,329.31823027761055
8,168,329.31823027761055,329.31823027761055
8,169,329.31823027761055,329.31823027761055
8,170,329.31823027761055,329.31823027761055
8,171,329.31823027761055,329.31823027761055
8,172,329.31823027761055,329.31823027761055
8,173,329.31823027761055,329.31823027761055
8,174,329.31823027761055,329.31823027761055
8,175,329.31823027761055,329.31823027761055
8,176,329.31823027761055,329.31823027761055
8,177,329.31823027761055,329.31823027761055
8,178,329.31823027761055,329.31823027761055
8,179,329.31823027761055,329.31823027761055
8,180,329.31823027761055,329.31823027761055
8,181,329.31823027761055,329.31823027761055
8,182,329.31823027761055,329.31823027761055
8,183,329.31823027761055,329.31823027761055
8,184,329.31823027761055,329.31823027761055
8,185,329.31823027761055,329.31823027761055
8,186,329.31823027761055,329.31823027761055
8,187,329.31823027761055,329.31823027761055
8,188,329.31823027761055,329.31823027761055
8,189,329.31823027761055,329.31823027761055
8,190,329.31823027761055,329.31823027761055
8,191,329.31823027761055,329.31823027761055
8,192,329.31823027761055,329.31823027761055
8,193,329.31823027761055,329.31823027761055
8,194,329.31823027761055,329.31823027761055
8,195,329.31823027761055,329.31823027761055
8,196,329.31823027761055,329.31823027761055
8,197,329.31823027761055,329.31823027761055
8,198,329.31823027761055,329.31823027761055
8,199,329.31823027761055,329.31823027761055
8,200,329.31823027761055,329.31823027761055
8,201,329.31823027761055,329.31823027761055
8,202,329.31823027761055,329.31823027761055
8,203,329.31823027761055,329.31823027761055
8,204,329.31823027761055,329.31823027761055
8,205,329.31823027761055,329.31823027761055
8,206,329.31823027761055,329.31823027761055
8,207,329.31823027761055,329.31823027761055
8,208,329.31823027761055,329.31823027761055
8,209,329.31823027761055,329.31823027761055
8,210,329.31823027761055,329.31823027761055
8,211,329.31823027761055,329.31823027761055
8,212,329.31823027761055,329.31823027761055
8,213,329.31823027761055,329.31823027761055
8,214,329.31823027761055,329.31823027761055
8,215,329.31823027761055,329.31823027761055
8,216,329.31823027761055,329.31823027761055
8,217,329.31823027761055,329.31823027761055
8,218,329.31823027761055,329.31823027761055
8,219,329.31823027761055,329.31823027761055
8,220,329.31823027761055,329.31823027761055
8,221,329.31823027761055,329.31823027761055
8,222,329.31823027761055,329.31823027761055
8,223,329.31823027761055,329.31823027761055
8,224,329.31823027761055,329.31823027761055
8,225,329.31823027761055,329.31823027761055
8,226,329.31823027761055,329.31823027761055
8,227,329.31823027761055,329.31823027761055
8,228,329.31823027761055,329.31823027761055
8,229,329.31823027761055,329.31823027761055
8,230,329.31823027761055,329.31823027761055
8,231,329.31823027761055,329.31823027761055
8,232,329.31823027761055,329.31823027761055
8,233,329.31823027761055,329.31823027761055
8,234,329.31823027761055,329.31823027761055
8,235,329.31823027761055,329.31823027761055
8,236,329.31823027761055,329.31823027761055
8,237,329.31823027761055,329.31823027761055
8,238,329.31823027761055,329.31823027761055
8,239,329.31823027761055,329.31823027761055
8,240,329.31823027761055,329.31823027761055
8,241,329.31823027761055,329.31823027761055
8,242,329.31823027761055,329.31823027761055
8,243,329.31823027761055,329.31823027761055
8,244,329.31823027761055,329.31823027761055
8,245,329.31823027761055,329.31823027761055
8,246,329.31823027761055,329.31823027761055
8,247,329.31823027761055,329.31823027761055
8,248,329.31823027761055,329.31823027761055
8,249,329.31823027761055,329.31823027761055
8,250,329.31823027761055,329.31823027761055
8,251,329.31823027761055,329.31823027761055
8,252,329.31823027761055,329.31823027761055
8,253,329.31823027761055,329.31823027761055
8,254,329.31823027761055,329.31823027761055
8,255,329.31823027761055,329.31823027761055
8,256,329.31823027761055,329.31823027761055
8,257,329.31823027761055,329.31823027761055
8,258,329.31823027761055,329.31823027761055
8,259,329.31823027761055,329.31823027761055
8,260,329.31823027761055,329.31823027761055
8,261,329.31823027761055,329.31823027761055
8,262,329.31823027761055,329.31823027761055
8,263,329.31823027761055,329.31823027761055
8,264,329.31823027761055,329.31823027761055
8,265,329.31823027761055,329.31823027761055
8,266,329.31823027761055,329.31823027761055
8,267,329.31823027761055,329.31823027761055
8,268,329.31823027761055,329.31823027761055
8,269,329.31823027761055,329.31823027761055
8,270,329.31823027761055,329.31823027761055
8,271,329.31823027761055,329.31823027761055
8,272,329.31823027761055,329.31823027761055
8,273,329.31823027761055,329.31823027761055
8,274,329.31823027761055,329.31823027761055
8,275,329.31823027761055,329.31823027761055
8,276,329.31823027761055,329.31823027761055
8,277,329.31823027761055,329.31823027761055
8,278,329.31823027761055,329.31823027761055
8,279,329.31823027761055,329.31823027761055
8,280,329.31823027761055,329.31823027761055
8,281,329.31823027761055,329.31823027761055
8,282,329.31823027761055,329.31823027761055
8,283,329.31823027761055,329.31823027761055
8,284,329.31823027761055,329.31823027761055
8,285,329.31823027761055,329.31823027761055
8,286,329.31823027761055,329.31823027761055
8,287,329.31823027761055,329.31823027761055
8,288,329.31823027761055,329.31823027761055
8,289,329.31823027761055,329.31823027761055
8,290,329.31823027761055,329.31823027761055
8,291,329.31823027761055,329.31823027761055
8,292,329.31823027761055,329.31823027761055
8,293,329.31823027761055,329.31823027761055
8,294,329.31823027761055,329.31823027761055
8,295,329.31823027761055,329.31823027761055
8,296,329.31823027761055,329.31823027761055
8,297,329.31823027761055,329.31823027761055
8,298,329.31823027761055,329.31823027761055
8,299,329.31823027761055,329.31823027761055
8,300,329.31823027761055,329.31823027761055
8,301,329.31823027761055,329.31823027761055
8,302,329.31823027761055,329.31823027761055
8,303,329.31823027761055,329.31823027761055
8,304,329.31823027761055,329.31823027761055
8,305,329.31823027761055,329.31823027761055
8,306,329.31823027761055,329.31823027761055
8,307,329.31823027761055,329.31823027761055
8,308,329.31823027761055,329.31823027761055
8,309,329.31823027761055,329.31823027761055
8,310,329.31823027761055,329.31823027761055
8,311,329.31823027761055,329.31823027761055
8,312,329.31823027761055,329.31823027761055
8,313,329.31823027761055,329.31823027761055
8,314,329.31823027761055,329.31823027761055
8,315,329.31823027761055,329.31823027761055
8,316,329.31823027761055,329.31823027761055
8,317,329.31823027761055,329.31823027761055
8,318,329.31823027761055,329.31823027761055
8,319,329.31823027761055,329.31823027761055
8,320,329.31823027761055,329.31823027761055
8,321,329.31823027761055,329.31823027761055
8,322,329.31823027761055,329.31823027761055
8,323,329.31823027761055,329.31823027761055
8,324,329.31823027761055,329.31823027761055
8,325,329.31823027761055,329.31823027761055
8,326,329.31823027761055,329.31823027761055
8,327,329.31823027761055,329.31823027761055
8,328,329.31823027761055,329.31823027761055
8,329,329.31823027761055,329.31823027761055
8,330,329.31823027761055,329.31823027761055
8,331,329.31823027761055,329.31823027761055
8,332,329.31823027761055,329.31823027761055
8,333,329.31823027761055,329.31823027761055
8,334,329.31823027761055,329.31823027761055
8,335,329.31823027761055,329.31823027761055
8,336,329.31823027761055,329.31823027761055
8,337,329.31823027761055,329.31823027761055
8,338,329.31823027761055,329.31823027761055
8,339,329.31823027761055,329.31823027761055
8,340,329.31823027761055,329.31823027761055
8,341,329.31823027761055,329.31823027761055
8,342,329.31823027761055,329.31823027761055
8,343,329.31823027761055,329.31823027761055
8,344,329.31823027761055,329.31823027761055
8,345,329.31823027761055,329.31823027761055
8,346,329.31823027761055,329.31823027761055
8,347,329.31823027761055,329.31823027761055
8,348,329.31823027761055,329.31823027761055
8,349,329.31823027761055,329.31823027761055
8,350,329.31823027761055,329.31823027761055
8,351,329.31823027761055,329.31823027761055
8,352,329.31823027761055,329.31823027761055
8,353,329.31823027761055,329.31823027761055
8,354,329.31823027761055,329.31823027761055
8,355,329.31823027761055,329.31823027761055
8,356,329.31823027761055,329.31823027761055
8,357,329.31823027761055,329.31823027761055
8,358,329.31823027761055,329.31823027761055
8,359,329.31823027761055,329.31823027761055
8,360,329.31823027761055,329.31823027761055
8,361,329.31823027761055,329.31823027761055
8,362,329.31823027761055,329.31823027761055
8,363,329.31823027761055,329.31823027761055
8,364,329.31823027761055,329.31823027761055
8,365,329.31823027761055,329.31823027761055
8,366,329.31823027761055,329.31823027761055
8,367,329.31823027761055,329.31823027761055
8,368,329.31823027761055,329.31823027761055
8,369,329.31823027761055,329.31823027761055
8,370,329.31823027761055,329.31823027761055
8,371,329.31823027761055,329.31823027761055
8,372,329.31823027761055,329.31823027761055
8,373,329.31823027761055,329.31823027761055
8,374,329.31823027761055,329.31823027761055
8,375,329.31823027761055,329.31823027761055
8,376,329.31823027761055,329.31823027761055
8,377,329.31823027761055,329.31823027761055
8,378,329.31823027761055,329.31823027761055
8,379,329.31823027761055,329.31823027761055
8,380,329.31823027761055,329.31823027761055
8,381,329.31823027761055,329.31823027761055
8,382,329.31823027761055,329.31823027761055
8,383,329.31823027761055,329.31823027761055
8,384,329.31823027761055,329.31823027761055
8,385,329.31823027761055,329.31823027761055
8,386,329.31823027761055,329.31823027761055
8,387,329.31823027761055,329.31823027761055
8,388,329.31823027761055,329.31823027761055
8,389,329.31823027761055,329.31823027761055
8,390,329.31823027761055,329.31823027761055
8,391,329.31823027761055,329.31823027761055
8,392,329.31823027761055,329.31823027761055
8,393,329.31823027761055,329.31823027761055
8,394,329.31823027761055,329.31823027761055
8,395,329.31823027761055,329.31823027761055
8,396,329.31823027761055,329.31823027761055
8,397,329.31823027761055,329.31823027761055
8,398,329.31823027761055,329.31823027761055
8,399,329.31823027761055,329.31823027761055
8,400,329.31823027761055,329.31823027761055
8,401,329.31823027761055,329.31823027761055
8,402,329.31823027761055,329.31823027761055
8,403,329.31823027761055,329.31823027761055
8,404,329.31823027761055,329.31823027761055
8,405,329.31823027761055,329.31823027761055
8,406,329.31823027761055,329.31823027761055
8,407,329.31823027761055,329.31823027761055
8,408,329.31823027761055,329.31823027761055
8,409,329.31823027761055,329.31823027761055
8,410,329.31823027761055,329.31823027761055
8,411,329.31823027761055,329.31823027761055
8,412,329.31823027761055,329.31823027761055
8,413,329.31823027761055,329.31823027761055
8,414,329.31823027761055,329.31823027761055
8,415,329.31823027761055,329.31823027761055
8,416,329.31823027761055,329.31823027761055
8,417,329.31823027761055,329.31823027761055
8,418,329.31823027761055,329.31823027761055
8,419,329.31823027761055,329.31823027761055
8,420,329.31823027761055,329.31823027761055
8,421,329.31823027761055,329.31823027761055
8,422,329.31823027761055,329.31823027761055
8,423,329.31823027761055,329.31823027761055
8,424,329.31823027761055,329.31823027761055
8,425,329.31823027761055,329.31823027761055
8,426,329.31823027761055,329.31823027761055
8,427,329.31823027761055,329.31823027761055
8,428,329.31823027761055,329.31823027761055
8,429,329.31823027761055,329.31823027761055
8,430,329.31823027761055,329.31823027761055
8,431,329.31823027761055,329.31823027761055
8,432,329.31823027761055,329.31823027761055
8,433,329.31823027761055,329.31823027761055
8,434,329.31823027761055,329.31823027761055
8,435,329.31823027761055,329.31823027761055
8,436,329.31823027761055,329.31823027761055
8,437,329.31823027761055,329.31823027761055
8,438,329.31823027761055,329.31823027761055
8,439,329.31823027761055,329.31823027761055
8,440,329.31823027761055,329.31823027761055
8,441,329.31823027761055,329.31823027761055
8,442,329.31823027761055,329.31823027761055
8,443,329.31823027761055,329.31823027761055
8,444,329.31823027761055,329.31823027761055
8,445,329.31823027761055,329.31823027761055
8,446,329.31823027761055,329.31823027761055
8,447,329.31823027761055,329.31823027761055
8,448,329.31823027761055,329.31823027761055
8,449,329.31823027761055,329.31823027761055
8,450,329.31823027761055,329.31823027761055
8,451,329.31823027761055,329.31823027761055
8,452,329.31823027761055,329.31823027761055
8,453,329.31823027761055,329.31823027761055
8,454,329.31823027761055,329.31823027761055
8,455,329.31823027761055,329.31823027761055
8,456,329.31823027761055,329.31823027761055
8,457,329.31823027761055,329.31823027761055
8,458,329.31823027761055,329.31823027761055
8,459,329.31823027761055,329.31823027761055
8,460,329.31823027761055,329.31823027761055
8,461,329.31823027761055,329.31823027761055
8,462,329.31823027761055,329.31823027761055
8,463,329.31823027761055,329.31823027761055
8,464,329.31823027761055,329.31823027761055
8,465,329.31823027761055,329.31823027761055
8,466,329.31823027761055,329.31823027761055
8,467,329.31823027761055,329.31823027761055
8,468,329.31823027761055,329.31823027761055
8,469,329.31823027761055,329.31823027761055
8,470,329.31823027761055,329.31823027761055
8,471,329.31823027761055,329.31823027761055
8,472,329.31823027761055,329.31823027761055
8,473,329.31823027761055,329.31823027761055
8,474,329.31823027761055,329.31823027761055
8,475,329.31823027761055,329.31823027761055
8,476,329.31823027761055,329.31823027761055
8,477,329.31823027761055,329.31823027761055
8,478,329.31823027761055,329.31823027761055
8,479,329.31823027761055,329.31823027761055
8,480,329.31823027761055,329.31823027761055
8,481,329.31823027761055,329.31823027761055
8,482,329.31823027761055,329.31823027761055
8,483,329.31823027761055,329.31823027761055
8,484,329.31823027761055,329.31823027761055
8,485,329.31823027761055,329.31823027761055
8,486,329.31823027761055,329.31823027761055
8,487,329.31823027761055,329.31823027761055
8,488,329.31823027761055,329.31823027761055
8,489,329.31823027761055,329.31823027761055
8,490,329.31823027761055,329.31823027761055
8,491,329.31823027761055,329.31823027761055
8,492,329.31823027761055,329.31823027761055
8,493,329.31823027761055,329.31823027761055
8,494,329.31823027761055,329.31823027761055
8,495,329.31823027761055,329.31823027761055
8,496,329.31823027761055,329.31823027761055
8,497,329.31823027761055,329.31823027761055
8,498,329.31823027761055,329.31823027761055
8,499,329.31823027761055,329.31823027761055
8,500,329.31823027761055,329.31823027761055
9,0,418.55738208950487,418.55738208950487
9,1,385.12337774409724,385.12337774409724
9,2,385.12337774409724,385.12337774409724
9,3,385.12337774409724,385.12337774409724
9,4,371.75807986443215,371.75807986443215
9,5,335.21393869705463,335.21393869705463
9,6,335.21393869705463,335.21393869705463
9,7,335.21393869705463,335.21393869705463
9,8,335.21393869705463,335.21393869705463
9,9,335.21393869705463,335.21393869705463
9,10,335.21393869705463,335.21393869705463
9,11,335.21393869705463,335.21393869705463
9,12,335.21393869705463,335.21393869705463
9,13,335.21393869705463,335.21393869705463
9,14,335.21393869705463,335.21393869705463
9,15,335.21393869705463,335.21393869705463
9,16,335.21393869705463,335.21393869705463
9,17,335.21393869705463,335.21393869705463
9,18,329.31823027761055,329.31823027761055
9,19,329.31823027761055,329.31823027761055
9,20,329.31823027761055,329.31823027761055
9,21,329.31823027761055,329.31823027761055
9,22,329.31823027761055,329.31823027761055
9,23,329.31823027761055,329.31823027761055
9,24,329.31823027761055,329.31823027761055
9,25,329.31823027761055,329.31823027761055
9,26,329.31823027761055,329.31823027761055
9,27,329.31823027761055,329.31823027761055
9,28,329.31823027761055,329.31823027761055
9,29,329.31823027761055,329.31823027761055
9,30,329.31823027761055,329.31823027761055
9,31,329.31823027761055,329.31823027761055
9,32,329.31823027761055,329.31823027761055
9,33,329.31823027761055,329.31823027761055
9,34,329.31823027761055,329.31823027761055
9,35,329.31823027761055,329.31823027761055
9,36,329.31823027761055,329.31823027761055
9,37,329.31823027761055,329.31823027761055
9,38,329.31823027761055,329.31823027761055
9,39,329.31823027761055,329.31823027761055
9,40,329.31823027761055,329.31823027761055
9,41,329.31823027761055,329.31823027761055
9,42,329.31823027761055,329.31823027761055
9,43,329.31823027761055,329.31823027761055
9,44,329.31823027761055,329.31823027761055
9,45,329.31823027761055,329.31823027761055
9,46,329.31823027761055,329.31823027761055
9,47,329.31823027761055,329.31823027761055
9,48,329.31823027761055,329.31823027761055
9,49,329.31823027761055,329.31823027761055
9,50,329.31823027761055,329.31823027761055
9,51,329.31823027761055,329.31823027761055
9,52,329.31823027761055,329.31823027761055
9,53,329.31823027761055,329.31823027761055
9,54,329.31823027761055,329.31823027761055
9,55,329.31823027761055,329.31823027761055
9,56,329.31823027761055,329.31823027761055
9,57,329.31823027761055,329.31823027761055
9,58,329.31823027761055,329.31823027761055
9,59,329.31823027761055,329.31823027761055
9,60,329.31823027761055,329.31823027761055
9,61,329.31823027761055,329.31823027761055
9,62,329.31823027761055,329.31823027761055
9,63,329.31823027761055,329.31823027761055
9,64,329.31823027761055,329.31823027761055
9,65,329.31823027761055,329.31823027761055
9,66,329.31823027761055,329.31823027761055
9,67,329.31823027761055,329.31823027761055
9,68,329.31823027761055,329.31823027761055
9,69,329.31823027761055,329.31823027761055
9,70,329.31823027761055,329.31823027761055
9,71,329.31823027761055,329.31823027761055
9,72,329.31823027761055,329.31823027761055
9,73,329.31823027761055,329.31823027761055
9,74,329.31823027761055,329.31823027761055
9,75,329.31823027761055,329.31823027761055
9,76,329.31823027761055,329.31823027761055
9,77,329.31823027761055,329.31823027761055
9,78,329.31823027761055,329.31823027761055
9,79,329.31823027761055,329.31823027761055
9,80,329.31823027761055,329.31823027761055
9,81,329.31823027761055,329.31823027761055
9,82,329.31823027761055,329.31823027761055
9,83,329.31823027761055,329.31823027761055
9,84,329.31823027761055,329.31823027761055
9,85,329.31823027761055,329.31823027761055
9,86,329.31823027761055,329.31823027761055
9,87,329.31823027761055,329.31823027761055
9,88,329.31823027761055,329.31823027761055
9,89,329.31823027761055,329.31823027761055
9,90,329.31823027761055,329.31823027761055
9,91,329.31823027761055,329.31823027761055
9,92,329.31823027761055,329.31823027761055
9,93,329.31823027761055,329.31823027761055
9,94,329.31823027761055,329.31823027761055
9,95,329.31823027761055,329.31823027761055
9,96,329.31823027761055,329.31823027761055
9,97,329.31823027761055,329.31823027761055
9,98,329.31823027761055,329.31823027761055
9,99,329.31823027761055,329.31823027761055
9,100,329.31823027761055,329.31823027761055
9,101,329.31823027761055,329.31823027761055
9,102,329.31823027761055,329.31823027761055
9,103,329.31823027761055,329.31823027761055
9,104,329.31823027761055,329.31823027761055
9,105,329.31823027761055,329.31823027761055
9,106,329.31823027761055,329.31823027761055
9,107,329.31823027761055,329.31823027761055
9,108,329.31823027761055,329.31823027761055
9,109,329.31823027761055,329.31823027761055
9,110,329.31823027761055,329.31823027761055
9,111,329.31823027761055,329.31823027761055
9,112,329.31823027761055,329.31823027761055
9,113,329.31823027761055,329.31823027761055
9,114,329.31823027761055,329.31823027761055
9,115,329.31823027761055,329.31823027761055
9,116,329.31823027761055,329.31823027761055
9,117,329.31823027761055,329.31823027761055
9,118,329.31823027761055,329.31823027761055
9,119,329.31823027761055,329.31823027761055
9,120,329.31823027761055,329.31823027761055
9,121,329.31823027761055,329.31823027761055
9,122,329.31823027761055,329.31823027761055
9,123,329.31823027761055,329.31823027761055
9,124,329.31823027761055,329.31823027761055
9,125,329.31823027761055,329.31823027761055
9,126,329.31823027761055,329.31823027761055
9,127,329.31823027761055,329.31823027761055
9,128,329.31823027761055,329.31823027761055
9,129,329.31823027761055,329.31823027761055
9,130,329.31823027761055,329.31823027761055
9,131,329.31823027761055,329.31823027761055
9,132,329.31823027761055,329.31823027761055
9,133,329.31823027761055,329.31823027761055
9,134,329.31823027761055,329.31823027761055
9,135,329.31823027761055,329.31823027761055
9,136,329.31823027761055,329.31823027761055
9,137,329.31823027761055,329.31823027761055
9,138,329.31823027761055,329.31823027761055
9,139,329.31823027761055,329.31823027761055
9,140,329.31823027761055,329.31823027761055
9,141,329.31823027761055,329.31823027761055
9,142,329.31823027761055,329.31823027761055
9,143,329.31823027761055,329.31823027761055
9,144,329.31823027761055,329.31823027761055
9,145,329.31823027761055,329.31823027761055
9,146,329.31823027761055,329.31823027761055
9,147,329.31823027761055,329.31823027761055
9,148,329.31823027761055,329.31823027761055
9,149,329.31823027761055,329.31823027761055
9,150,329.31823027761055,329.31823027761055
9,151,329.31823027761055,329.31823027761055
9,152,329.31823027761055,329.31823027761055
9,153,329.31823027761055,329.31823027761055
9,154,329.31823027761055,329.31823027761055
9,155,329.31823027761055,329.31823027761055
9,156,329.31823027761055,329.31823027761055
9,157,329.31823027761055,329.31823027761055
9,158,329.31823027761055,329.31823027761055
9,159,329.31823027761055,329.31823027761055
9,160,329.31823027761055,329.31823027761055
9,161,329.31823027761055,329.31823027761055
9,162,329.31823027761055,329.31823027761055
9,163,329.31823027761055,329.31823027761055
9,164,329.31823027761055,329.31823027761055
9,165,329.31823027761055,329.31823027761055
9,166,329.31823027761055,329.31823027761055
9,167,329.31823027761055,329.31823027761055
9,168,329.31823027761055,329.31823027761055
9,169,329.31823027761055,329.31823027761055
9,170,329.31823027761055,329.31823027761055
9,171,329.31823027761055,329.31823027761055
9,172,329.31823027761055,329.31823027761055
9,173,329.31823027761055,329.31823027761055
9,174,329.31823027761055,329.31823027761055
9,175,329.31823027761055,329.31823027761055
9,176,329.31823027761055,329.31823027761055
9,177,329.31823027761055,329.31823027761055
9,178,329.31823027761055,329.31823027761055
9,179,329.31823027761055,329.31823027761055
9,180,329.31823027761055,329.31823027761055
9,181,329.31823027761055,329.31823027761055
9,182,329.31823027761055,329.31823027761055
9,183,329.31823027761055,329.31823027761055
9,184,329.31823027761055,329.31823027761055
9,185,329.31823027761055,329.31823027761055
9,186,329.31823027761055,329.31823027761055
9,187,329.31823027761055,329.31823027761055
9,188,329.31823027761055,329.31823027761055
9,189,329.31823027761055,329.31823027761055
9,190,329.31823027761055,329.31823027761055
9,191,329.31823027761055,329.31823027761055
9,192,329.31823027761055,329.31823027761055
9,193,329.31823027761055,329.31823027761055
9,194,329.31823027761055,329.31823027761055
9,195,329.31823027761055,329.31823027761055
9,196,329.31823027761055,329.31823027761055
9,197,329.31823027761055,329.31823027761055
9,198,329.31823027761055,329.31823027761055
9,199,329.31823027761055,329.31823027761055
9,200,329.31823027761055,329.31823027761055
9,201,329.31823027761055,329.31823027761055
9,202,329.31823027761055,329.31823027761055
9,203,329.31823027761055,329.31823027761055
9,204,329.31823027761055,329.31823027761055
9,205,329.31823027761055,329.31823027761055
9,206,329.31823027761055,329.31823027761055
9,207,329.31823027761055,329.31823027761055
9,208,329.31823027761055,329.31823027761055
9,209,329.31823027761055,329.31823027761055
9,210,329.31823027761055,329.31823027761055
9,211,329.31823027761055,329.31823027761055
9,212,329.31823027761055,329.31823027761055
9,213,329.31823027761055,329.31823027761055
9,214,329.31823027761055,329.31823027761055
9,215,329.31823027761055,329.31823027761055
9,216,329.31823027761055,329.31823027761055
9,217,329.31823027761055,329.31823027761055
9,218,329.31823027761055,329.31823027761055
9,219,329.31823027761055,329.31823027761055
9,220,329.31823027761055,329.31823027761055
9,221,329.31823027761055,329.31823027761055
9,222,329.31823027761055,329.31823027761055
9,223,329.31823027761055,329.31823027761055
9,224,329.31823027761055,329.31823027761055
9,225,329.31823027761055,329.31823027761055
9,226,329.31823027761055,329.31823027761055
9,227,329.31823027761055,329.31823027761055
9,228,329.31823027761055,329.31823027761055
9,229,329.31823027761055,329.31823027761055
9,230,329.31823027761055,329.31823027761055
9,231,329.31823027761055,329.31823027761055
9,232,329.31823027761055,329.31823027761055
9,233,329.31823027761055,329.31823027761055
9,234,329.31823027761055,329.31823027761055
9,235,329.31823027761055,329.31823027761055
9,236,329.31823027761055,329.31823027761055
9,237,329.31823027761055,329.31823027761055
9,238,329.31823027761055,329.31823027761055
9,239,329.31823027761055,329.31823027761055
9,240,329.31823027761055,329.31823027761055
9,241,329.31823027761055,329.31823027761055
9,242,329.31823027761055,329.31823027761055
9,243,329.31823027761055,329.31823027761055
9,244,329.31823027761055,329.31823027761055
9,245,329.31823027761055,329.31823027761055
9,246,329.31823027761055,329.31823027761055
9,247,329.31823027761055,329.31823027761055
9,248,329.31823027761055,329.31823027761055
9,249,329.31823027761055,329.31823027761055
9,250,329.31823027761055,329.31823027761055
9,251,329.31823027761055,329.31823027761055
9,252,329.31823027761055,329.31823027761055
9,253,329.31823027761055,329.31823027761055
9,254,329.31823027761055,329.31823027761055
9,255,329.31823027761055,329.31823027761055
9,256,329.31823027761055,329.31823027761055
9,257,329.31823027761055,329.31823027761055
9,258,329.31823027761055,329.31823027761055
9,259,329.31823027761055,329.31823027761055
9,260,329.31823027761055,329.31823027761055
9,261,329.31823027761055,329.31823027761055
9,262,329.31823027761055,329.31823027761055
9,263,329.31823027761055,329.31823027761055
9,264,329.31823027761055,329.31823027761055
9,265,329.31823027761055,329.31823027761055
9,266,329.31823027761055,329.31823027761055
9,267,329.31823027761055,329.31823027761055
9,268,329.31823027761055,329.31823027761055
9,269,329.31823027761055,329.31823027761055
9,270,329.31823027761055,329.31823027761055
9,271,329.31823027761055,329.31823027761055
9,272,329.31823027761055,329.31823027761055
9,273,329.31823027761055,329.31823027761055
9,274,329.31823027761055,329.31823027761055
9,275,329.31823027761055,329.31823027761055
9,276,329.31823027761055,329.31823027761055
9,277,329.31823027761055,329.31823027761055
9,278,329.31823027761055,329.31823027761055
9,279,329.31823027761055,329.31823027761055
9,280,329.31823027761055,329.31823027761055
9,281,329.31823027761055,329.31823027761055
9,282,329.31823027761055,329.31823027761055
9,283,329.31823027761055,329.31823027761055
9,284,329.31823027761055,329.31823027761055
9,285,329.31823027761055,329.31823027761055
9,286,329.31823027761055,329.31823027761055
9,287,329.31823027761055,329.31823027761055
9,288,329.31823027761055,329.31823027761055
9,289,329.31823027761055,329.31823027761055
9,290,329.31823027761055,329.31823027761055
9,291,329.31823027761055,329.31823027761055
9,292,329.31823027761055,329.31823027761055
9,293,329.31823027761055,329.31823027761055
9,294,329.31823027761055,329.31823027761055
9,295,329.31823027761055,329.31823027761055
9,296,329.31823027761055,329.31823027761055
9,297,329.31823027761055,329.31823027761055
9,298,329.31823027761055,329.31823027761055
9,299,329.31823027761055,329.31823027761055
9,300,329.31823027761055,329.31823027761055
9,301,329.31823027761055,329.31823027761055
9,302,329.31823027761055,329.31823027761055
9,303,329.31823027761055,329.31823027761055
9,304,329.31823027761055,329.31823027761055
9,305,329.31823027761055,329.31823027761055
9,306,329.31823027761055,329.31823027761055
9,307,329.31823027761055,329.31823027761055
9,308,329.31823027761055,329.31823027761055
9,309,329.31823027761055,329.31823027761055
9,310,329.31823027761055,329.31823027761055
9,311,329.31823027761055,329.31823027761055
9,312,329.31823027761055,329.31823027761055
9,313,329.31823027761055,329.31823027761055
9,314,329.31823027761055,329.31823027761055
9,315,329.31823027761055,329.31823027761055
9,316,329.31823027761055,329.31823027761055
9,317,329.31823027761055,329.31823027761055
9,318,329.31823027761055,329.31823027761055
9,319,329.31823027761055,329.31823027761055
9,320,329.31823027761055,329.31823027761055
9,321,329.31823027761055,329.31823027761055
9,322,329.31823027761055,329.31823027761055
9,323,329.31823027761055,329.31823027761055
9,324,329.31823027761055,329.31823027761055
9,325,329.31823027761055,329.31823027761055
9,326,329.31823027761055,329.31823027761055
9,327,329.31823027761055,329.31823027761055
9,328,329.31823027761055,329.31823027761055
9,329,329.31823027761055,329.31823027761055
9,330,329.31823027761055,329.31823027761055
9,331,329.31823027761055,329.31823027761055
9,332,329.31823027761055,329.31823027761055
9,333,329.31823027761055,329.31823027761055
9,334,329.31823027761055,329.31823027761055
9,335,329.31823027761055,329.31823027761055
9,336,329.31823027761055,329.31823027761055
9,337,329.31823027761055,329.31823027761055
9,338,329.31823027761055,329.31823027761055
9,339,329.31823027761055,329.31823027761055
9,340,329.31823027761055,329.31823027761055
9,341,329.31823027761055,329.31823027761055
9,342,329.31823027761055,329.31823027761055
9,343,329.31823027761055,329.31823027761055
9,344,329.31823027761055,329.31823027761055
9,345,329.31823027761055,329.31823027761055
9,346,329.31823027761055,329.31823027761055
9,347,329.31823027761055,329.31823027761055
9,348,329.31823027761055,329.31823027761055
9,349,329.31823027761055,329.31823027761055
9,350,329.31823027761055,329.31823027761055
9,351,329.31823027761055,329.31823027761055
9,352,329.31823027761055,329.31823027761055
9,353,329.31823027761055,329.31823027761055
9,354,329.31823027761055,329.31823027761055
9,355,329.31823027761055,329.31823027761055
9,356,329.31823027761055,329.31823027761055
9,357,329.31823027761055,329.31823027761055
9,358,329.31823027761055,329.31823027761055
9,359,329.31823027761055,329.31823027761055
9,360,329.31823027761055,329.31823027761055
9,361,329.31823027761055,329.31823027761055
9,362,329.31823027761055,329.31823027761055
9,363,329.31823027761055,329.31823027761055
9,364,329.31823027761055,329.31823027761055
9,365,329.31823027761055,329.31823027761055
9,366,329.31823027761055,329.31823027761055
9,367,329.31823027761055,329.31823027761055
9,368,329.31823027761055,329.31823027761055
9,369,329.31823027761055,329.31823027761055
9,370,329.31823027761055,329.31823027761055
9,371,329.31823027761055,329.31823027761055
9,372,329.31823027761055,329.31823027761055
9,373,329.31823027761055,329.31823027761055
9,374,329.31823027761055,329.31823027761055
9,375,329.31823027761055,329.31823027761055
9,376,329.31823027761055,329.31823027761055
9,377,329.31823027761055,329.31823027761055
9,378,329.31823027761055,329.31823027761055
9,379,329.31823027761055,329.31823027761055
9,380,329.31823027761055,329.31823027761055
9,381,329.31823027761055,329.31823027761055
9,382,329.31823027761055,329.31823027761055
9,383,329.31823027761055,329.31823027761055
9,384,329.31823027761055,329.31823027761055
9,385,329.31823027761055,329.31823027761055
9,386,329.31823027761055,329.31823027761055
9,387,329.31823027761055,329.31823027761055
9,388,329.31823027761055,329.31823027761055
9,389,329.31823027761055,329.31823027761055
9,390,329.31823027761055,329.31823027761055
9,391,329.31823027761055,329.31823027761055
9,392,329.31823027761055,329.31823027761055
9,393,329.31823027761055,329.31823027761055
9,394,329.31823027761055,329.31823027761055
9,395,329.31823027761055,329.31823027761055
9,396,329.31823027761055,329.31823027761055
9,397,329.31823027761055,329.31823027761055
9,398,329.31823027761055,329.31823027761055
9,399,329.31823027761055,329.31823027761055
9,400,329.31823027761055,329.31823027761055
9,401,329.31823027761055,329.31823027761055
9,402,329.31823027761055,329.31823027761055
9,403,329.31823027761055,329.31823027761055
9,404,329.31823027761055,329.31823027761055
9,405,329.31823027761055,329.31823027761055
9,406,329.31823027761055,329.31823027761055
9,407,329.31823027761055,329.31823027761055
9,408,329.31823027761055,329.31823027761055
9,409,329.31823027761055,329.31823027761055
9,410,329.31823027761055,329.31823027761055
9,411,329.31823027761055,329.31823027761055
9,412,329.31823027761055,329.31823027761055
9,413,329.31823027761055,329.31823027761055
9,414,329.31823027761055,329.31823027761055
9,415,329.31823027761055,329.31823027761055
9,416,329.31823027761055,329.31823027761055
9,417,329.31823027761055,329.31823027761055
9,418,329.31823027761055,329.31823027761055
9,419,329.31823027761055,329.31823027761055
9,420,329.31823027761055,329.31823027761055
9,421,329.31823027761055,329.31823027761055
9,422,329.31823027761055,329.31823027761055
9,423,329.31823027761055,329.31823027761055
9,424,329.31823027761055,329.31823027761055
9,425,329.31823027761055,329.31823027761055
9,426,329.31823027761055,329.31823027761055
9,427,329.31823027761055,329.31823027761055
9,428,329.31823027761055,329.31823027761055
9,429,329.31823027761055,329.31823027761055
9,430,329.31823027761055,329.31823027761055
9,431,329.31823027761055,329.31823027761055
9,432,329.31823027761055,329.31823027761055
9,433,329.31823027761055,329.31823027761055
9,434,329.31823027761055,329.31823027761055
9,435,329.31823027761055,329.31823027761055
9,436,329.31823027761055,329.31823027761055
9,437,329.31823027761055,329.31823027761055
9,438,329.31823027761055,329.31823027761055
9,439,329.31823027761055,329.31823027761055
9,440,329.31823027761055,329.31823027761055
9,441,329.31823027761055,329.31823027761055
9,442,329.31823027761055,329.31823027761055
9,443,329.31823027761055,329.31823027761055
9,444,329.31823027761055,329.31823027761055
9,445,329.31823027761055,329.31823027761055
9,446,329.31823027761055,329.31823027761055
9,447,329.31823027761055,329.31823027761055
9,448,329.31823027761055,329.31823027761055
9,449,329.31823027761055,329.31823027761055
9,450,329.31823027761055,329.31823027761055
9,451,329.31823027761055,329.31823027761055
9,452,329.31823027761055,329.31823027761055
9,453,329.31823027761055,329.31823027761055
9,454,329.31823027761055,329.31823027761055
9,455,329.31823027761055,329.31823027761055
9,456,329.31823027761055,329.31823027761055
9,457,329.31823027761055,329.31823027761055
9,458,329.31823027761055,329.31823027761055
9,459,329.31823027761055,329.31823027761055
9,460,329.31823027761055,329.31823027761055
9,461,329.31823027761055,329.31823027761055
9,462,329.31823027761055,329.31823027761055
9,463,329.31823027761055,329.31823027761055
9,464,329.31823027761055,329.31823027761055
9,465,329.31823027761055,329.31823027761055
9,466,329.31823027761055,329.31823027761055
9,467,329.31823027761055,329.31823027761055
9,468,329.31823027761055,329.31823027761055
9,469,329.31823027761055,329.31823027761055
9,470,329.31823027761055,329.31823027761055
9,471,329.31823027761055,329.31823027761055
9,472,329.31823027761055,329.31823027761055
9,473,329.31823027761055,329.31823027761055
9,474,329.31823027761055,329.31823027761055
9,475,329.31823027761055,329.31823027761055
9,476,329.31823027761055,329.31823027761055
9,477,329.31823027761055,329.31823027761055
9,478,329.31823027761055,329.31823027761055
9,479,329.31823027761055,329.31823027761055
9,480,329.31823027761055,329.31823027761055
9,481,329.31823027761055,329.31823027761055
9,482,329.31823027761055,329.31823027761055
9,483,329.31823027761055,329.31823027761055
9,484,329.31823027761055,329.31823027761055
9,485,329.31823027761055,329.31823027761055
9,486,329.31823027761055,329.31823027761055
9,487,329.31823027761055,329.31823027761055
9,488,329.31823027761055,329.31823027761055
9,489,329.31823027761055,329.31823027761055
9,490,329.31823027761055,329.31823027761055
9,491,329.31823027761055,329.31823027761055
9,492,329.31823027761055,329.31823027761055
9,493,329.31823027761055,329.31823027761055
9,494,329.31823027761055,329.31823027761055
9,495,329.31823027761055,329.31823027761055
9,496,329.31823027761055,329.31823027761055
9,497,329.31823027761055,329.31823027761055
9,498,329.31823027761055,329.31823027761055
9,499,329.31823027761055,329.31823027761055
9,500,329.31823027761055,329.31823027761055
10,0,424.08561564197925,424.08561564197925
10,1,422.823600762236,422.823600762236
10,2,386.4591283369422,386.4591283369422
10,3,386.4591283369422,386.4591283369422
10,4,386.4591283369422,386.4591283369422
10,5,377.549640596976,377.549640596976
10,6,340.3797208992853,340.3797208992853
10,7,340.3797208992853,340.3797208992853
10,8,329.31823027761055,329.31823027761055
10,9,329.31823027761055,329.31823027761055
10,10,329.31823027761055,329.31823027761055
10,11,329.31823027761055,329.31823027761055
10,12,329.31823027761055,329.31823027761055
10,13,329.31823027761055,329.31823027761055
10,14,329.31823027761055,329.31823027761055
10,15,329.31823027761055,329.31823027761055
10,16,329.31823027761055,329.31823027761055
10,17,329.31823027761055,329.31823027761055
10,18,329.31823027761055,329.31823027761055
10,19,329.31823027761055,329.31823027761055
10,20,329.31823027761055,329.31823027761055
10,21,329.31823027761055,329.31823027761055
10,22,329.31823027761055,329.31823027761055
10,23,329.31823027761055,329.31823027761055
10,24,329.31823027761055,329.31823027761055
10,25,329.31823027761055,329.31823027761055
10,26,329.31823027761055,329.31823027761055
10,27,329.31823027761055,329.31823027761055
10,28,329.31823027761055,329.31823027761055
10,29,329.31823027761055,329.31823027761055
10,30,329.31823027761055,329.31823027761055
10,31,329.31823027761055,329.31823027761055
10,32,329.31823027761055,329.31823027761055
10,33,329.31823027761055,329.31823027761055
10,34,329.31823027761055,329.31823027761055
10,35,329.31823027761055,329.31823027761055
10,36,329.31823027761055,329.31823027761055
10,37,329.31823027761055,329.31823027761055
10,38,329.31823027761055,329.31823027761055
10,39,329.31823027761055,329.31823027761055
10,40,329.31823027761055,329.31823027761055
10,41,329.31823027761055,329.31823027761055
10,42,329.31823027761055,329.31823027761055
10,43,329.31823027761055,329.31823027761055
10,44,329.31823027761055,329.31823027761055
10,45,329.31823027761055,329.31823027761055
10,46,329.31823027761055,329.31823027761055
10,47,329.31823027761055,329.31823027761055
10,48,329.31823027761055,329.31823027761055
10,49,329.31823027761055,329.31823027761055
10,50,329.31823027761055,329.31823027761055
10,51,329.31823027761055,329.31823027761055
10,52,329.31823027761055,329.31823027761055
10,53,329.31823027761055,329.31823027761055
10,54,329.31823027761055,329.31823027761055
10,55,329.31823027761055,329.31823027761055
10,56,329.31823027761055,329.31823027761055
10,57,329.31823027761055,329.31823027761055
10,58,329.31823027761055,329.31823027761055
10,59,329.31823027761055,329.31823027761055
10,60,329.31823027761055,329.31823027761055
10,61,329.31823027761055,329.31823027761055
10,62,329.31823027761055,329.31823027761055
10,63,329.31823027761055,329.31823027761055
10,64,329.31823027761055,329.31823027761055
10,65,329.31823027761055,329.31823027761055
10,66,329.31823027761055,329.31823027761055
10,67,329.31823027761055,329.31823027761055
10,68,329.31823027761055,329.31823027761055
10,69,329.31823027761055,329.31823027761055
10,70,329.31823027761055,329.31823027761055
10,71,329.31823027761055,329.31823027761055
10,72,329.31823027761055,329.31823027761055
10,73,329.31823027761055,329.31823027761055
10,74,329.31823027761055,329.31823027761055
10,75,329.31823027761055,329.31823027761055
10,76,329.31823027761055,329.31823027761055
10,77,329.31823027761055,329.31823027761055
10,78,329.31823027761055,329.31823027761055
10,79,329.31823027761055,329.31823027761055
10,80,329.31823027761055,329.31823027761055
10,81,329.31823027761055,329.31823027761055
10,82,329.31823027761055,329.31823027761055
10,83,329.31823027761055,329.31823027761055
10,84,329.31823027761055,329.31823027761055
10,85,329.31823027761055,329.31823027761055
10,86,329.31823027761055,329.31823027761055
10,87,329.31823027761055,329.31823027761055
10,88,329.31823027761055,329.31823027761055
10,89,329.31823027761055,329.31823027761055
10,90,329.31823027761055,329.31823027761055
10,91,329.31823027761055,329.31823027761055
10,92,329.31823027761055,329.31823027761055
10,93,329.31823027761055,329.31823027761055
10,94,329.31823027761055,329.31823027761055
10,95,329.31823027761055,329.31823027761055
10,96,329.31823027761055,329.31823027761055
10,97,329.31823027761055,329.31823027761055
10,98,329.31823027761055,329.31823027761055
10,99,329.31823027761055,329.31823027761055
10,100,329.31823027761055,329.31823027761055
10,101,329.31823027761055,329.31823027761055
10,102,329.31823027761055,329.31823027761055
10,103,329.31823027761055,329.31823027761055
10,104,329.31823027761055,329.31823027761055
10,105,329.31823027761055,329.31823027761055
10,106,329.31823027761055,329.31823027761055
10,107,329.31823027761055,329.31823027761055
10,108,329.31823027761055,329.31823027761055
10,109,329.31823027761055,329.31823027761055
10,110,329.31823027761055,329.31823027761055
10,111,329.31823027761055,329.31823027761055
10,112,329.31823027761055,329.31823027761055
10,113,329.31823027761055,329.31823027761055
10,114,329.31823027761055,329.31823027761055
10,115,329.31823027761055,329.31823027761055
10,116,329.31823027761055,329.31823027761055
10,117,329.31823027761055,329.31823027761055
10,118,329.31823027761055,329.31823027761055
10,119,329.31823027761055,329.31823027761055
10,120,329.31823027761055,329.31823027761055
10,121,329.31823027761055,329.31823027761055
10,122,329.31823027761055,329.31823027761055
10,123,329.31823027761055,329.31823027761055
10,124,329.31823027761055,329.31823027761055
10,125,329.31823027761055,329.31823027761055
10,126,329.31823027761055,329.31823027761055
10,127,329.31823027761055,329.31823027761055
10,128,329.31823027761055,329.31823027761055
10,129,329.31823027761055,329.31823027761055
10,130,329.31823027761055,329.31823027761055
10,131,329.31823027761055,329.31823027761055
10,132,329.31823027761055,329.31823027761055
10,133,329.31823027761055,329.31823027761055
10,134,329.31823027761055,329.31823027761055
10,135,329.31823027761055,329.31823027761055
10,136,329.31823027761055,329.31823027761055
10,137,329.31823027761055,329.31823027761055
10,138,329.31823027761055,329.31823027761055
10,139,329.31823027761055,329.31823027761055
10,140,329.31823027761055,329.31823027761055
10,141,329.31823027761055,329.31823027761055
10,142,329.31823027761055,329.31823027761055
10,143,329.31823027761055,329.31823027761055
10,144,329.31823027761055,329.31823027761055
10,145,329.31823027761055,329.31823027761055
10,146,329.31823027761055,329.31823027761055
10,147,329.31823027761055,329.31823027761055
10,148,329.31823027761055,329.31823027761055
10,149,329.31823027761055,329.31823027761055
10,150,329.31823027761055,329.31823027761055
10,151,329.31823027761055,329.31823027761055
10,152,329.31823027761055,329.31823027761055
10,153,329.31823027761055,329.31823027761055
10,154,329.31823027761055,329.31823027761055
10,155,329.31823027761055,329.31823027761055
10,156,329.31823027761055,329.31823027761055
10,157,329.31823027761055,329.31823027761055
10,158,329.31823027761055,329.31823027761055
10,159,329.31823027761055,329.31823027761055
10,160,329.31823027761055,329.31823027761055
10,161,329.31823027761055,329.31823027761055
10,162,329.31823027761055,329.31823027761055
10,163,329.31823027761055,329.31823027761055
10,164,329.31823027761055,329.31823027761055
10,165,329.31823027761055,329.31823027761055
10,166,329.31823027761055,329.31823027761055
10,167,329.31823027761055,329.31823027761055
10,168,329.31823027761055,329.31823027761055
10,169,329.31823027761055,329.31823027761055
10,170,329.31823027761055,329.31823027761055
10,171,329.31823027761055,329.31823027761055
10,172,329.31823027761055,329.31823027761055
10,173,329.31823027761055,329.31823027761055
10,174,329.31823027761055,329.31823027761055
10,175,329.31823027761055,329.31823027761055
10,176,329.31823027761055,329.31823027761055
10,177,329.31823027761055,329.31823027761055
10,178,329.31823027761055,329.31823027761055
10,179,329.31823027761055,329.31823027761055
10,180,329.31823027761055,329.31823027761055
10,181,329.31823027761055,329.31823027761055
10,182,329.31823027761055,329.31823027761055
10,183,329.31823027761055,329.31823027761055
10,184,329.31823027761055,329.31823027761055
10,185,329.31823027761055,329.31823027761055
10,186,329.31823027761055,329.31823027761055
10,187,329.31823027761055,329.31823027761055
10,188,329.31823027761055,329.31823027761055
10,189,329.31823027761055,329.31823027761055
10,190,329.31823027761055,329.31823027761055
10,191,329.31823027761055,329.31823027761055
10,192,329.31823027761055,329.31823027761055
10,193,329.31823027761055,329.31823027761055
10,194,329.31823027761055,329.31823027761055
10,195,329.31823027761055,329.31823027761055
10,196,329.31823027761055,329.31823027761055
10,197,329.31823027761055,329.31823027761055
10,198,329.31823027761055,329.31823027761055
10,199,329.31823027761055,329.31823027761055
10,200,329.31823027761055,329.31823027761055
10,201,329.31823027761055,329.31823027761055
10,202,329.31823027761055,329.31823027761055
10,203,329.31823027761055,329.31823027761055
10,204,329.31823027761055,329.31823027761055
10,205,329.31823027761055,329.31823027761055
10,206,329.31823027761055,329.31823027761055
10,207,329.31823027761055,329.31823027761055
10,208,329.31823027761055,329.31823027761055
10,209,329.31823027761055,329.31823027761055
10,210,329.31823027761055,329.31823027761055
10,211,329.31823027761055,329.31823027761055
10,212,329.31823027761055,329.31823027761055
10,213,329.31823027761055,329.31823027761055
10,214,329.31823027761055,329.31823027761055
10,215,329.31823027761055,329.31823027761055
10,216,329.31823027761055,329.31823027761055
10,217,329.31823027761055,329.31823027761055
10,218,329.31823027761055,329.31823027761055
10,219,329.31823027761055,329.31823027761055
10,220,329.31823027761055,329.31823027761055
10,221,329.31823027761055,329.31823027761055
10,222,329.31823027761055,329.31823027761055
10,223,329.31823027761055,329.31823027761055
10,224,329.31823027761055,329.31823027761055
10,225,329.31823027761055,329.31823027761055
10,226,329.31823027761055,329.31823027761055
10,227,329.31823027761055,329.31823027761055
10,228,329.31823027761055,329.31823027761055
10,229,329.31823027761055,329.31823027761055
10,230,329.31823027761055,329.31823027761055
10,231,329.31823027761055,329.31823027761055
10,232,329.31823027761055,329.31823027761055
10,233,329.31823027761055,329.31823027761055
10,234,329.31823027761055,329.31823027761055
10,235,329.31823027761055,329.31823027761055
10,236,329.31823027761055,329.31823027761055
10,237,329.31823027761055,329.31823027761055
10,238,329.31823027761055,329.31823027761055
10,239,329.31823027761055,329.31823027761055
10,240,329.31823027761055,329.31823027761055
10,241,329.31823027761055,329.31823027761055
10,242,329.31823027761055,329.31823027761055
10,243,329.31823027761055,329.31823027761055
10,244,329.31823027761055,329.31823027761055
10,245,329.31823027761055,329.31823027761055
10,246,329.31823027761055,329.31823027761055
10,247,329.31823027761055,329.31823027761055
10,248,329.31823027761055,329.31823027761055
10,249,329.31823027761055,329.31823027761055
10,250,329.31823027761055,329.31823027761055
10,251,329.31823027761055,329.31823027761055
10,252,329.31823027761055,329.31823027761055
10,253,329.31823027761055,329.31823027761055
10,254,329.31823027761055,329.31823027761055
10,255,329.31823027761055,329.31823027761055
10,256,329.31823027761055,329.31823027761055
10,257,329.31823027761055,329.31823027761055
10,258,329.31823027761055,329.31823027761055
10,259,329.31823027761055,329.31823027761055
10,260,329.31823027761055,329.31823027761055
10,261,329.31823027761055,329.31823027761055
10,262,329.31823027761055,329.31823027761055
10,263,329.31823027761055,329.31823027761055
10,264,329.31823027761055,329.31823027761055
10,265,329.31823027761055,329.31823027761055
10,266,329.31823027761055,329.31823027761055
10,267,329.31823027761055,329.31823027761055
10,268,329.31823027761055,329.31823027761055
10,269,329.31823027761055,329.31823027761055
10,270,329.31823027761055,329.31823027761055
10,271,329.31823027761055,329.31823027761055
10,272,329.31823027761055,329.31823027761055
10,273,329.31823027761055,329.31823027761055
10,274,329.31823027761055,329.31823027761055
10,275,329.31823027761055,329.31823027761055
10,276,329.31823027761055,329.31823027761055
10,277,329.31823027761055,329.31823027761055
10,278,329.31823027761055,329.31823027761055
10,279,329.31823027761055,329.31823027761055
10,280,329.31823027761055,329.31823027761055
10,281,329.31823027761055,329.31823027761055
10,282,329.31823027761055,329.31823027761055
10,283,329.31823027761055,329.31823027761055
10,284,329.31823027761055,329.31823027761055
10,285,329.31823027761055,329.31823027761055
10,286,329.31823027761055,329.31823027761055
10,287,329.31823027761055,329.31823027761055
10,288,329.31823027761055,329.31823027761055
10,289,329.31823027761055,329.31823027761055
10,290,329.31823027761055,329.31823027761055
10,291,329.31823027761055,329.31823027761055
10,292,329.31823027761055,329.31823027761055
10,293,329.31823027761055,329.31823027761055
10,294,329.31823027761055,329.31823027761055
10,295,329.31823027761055,329.31823027761055
10,296,329.31823027761055,329.31823027761055
10,297,329.31823027761055,329.31823027761055
10,298,329.31823027761055,329.31823027761055
10,299,329.31823027761055,329.31823027761055
10,300,329.31823027761055,329.31823027761055
10,301,329.31823027761055,329.31823027761055
10,302,329.31823027761055,329.31823027761055
10,303,329.31823027761055,329.31823027761055
10,304,329.31823027761055,329.31823027761055
10,305,329.31823027761055,329.31823027761055
10,306,329.31823027761055,329.31823027761055
10,307,329.31823027761055,329.31823027761055
10,308,329.31823027761055,329.31823027761055
10,309,329.31823027761055,329.31823027761055
10,310,329.31823027761055,329.31823027761055
10,311,329.31823027761055,329.31823027761055
10,312,329.31823027761055,329.31823027761055
10,313,329.31823027761055,329.31823027761055
10,314,329.31823027761055,329.31823027761055
10,315,329.31823027761055,329.31823027761055
10,316,329.31823027761055,329.31823027761055
10,317,329.31823027761055,329.31823027761055
10,318,329.31823027761055,329.31823027761055
10,319,329.31823027761055,329.31823027761055
10,320,329.31823027761055,329.31823027761055
10,321,329.31823027761055,329.31823027761055
10,322,329.31823027761055,329.31823027761055
10,323,329.31823027761055,329.31823027761055
10,324,329.31823027761055,329.31823027761055
10,325,329.31823027761055,329.31823027761055
10,326,329.31823027761055,329.31823027761055
10,327,329.31823027761055,329.31823027761055
10,328,329.31823027761055,329.31823027761055
10,329,329.31823027761055,329.31823027761055
10,330,329.31823027761055,329.31823027761055
10,331,329.31823027761055,329.31823027761055
10,332,329.31823027761055,329.31823027761055
10,333,329.31823027761055,329.31823027761055
10,334,329.31823027761055,329.31823027761055
10,335,329.31823027761055,329.31823027761055
10,336,329.31823027761055,329.31823027761055
10,337,329.31823027761055,329.31823027761055
10,338,329.31823027761055,329.31823027761055
10,339,329.31823027761055,329.31823027761055
10,340,329.31823027761055,329.31823027761055
10,341,329.31823027761055,329.31823027761055
10,342,329.31823027761055,329.31823027761055
10,343,329.31823027761055,329.31823027761055
10,344,329.31823027761055,329.31823027761055
10,345,329.31823027761055,329.31823027761055
10,346,329.31823027761055,329.31823027761055
10,347,329.31823027761055,329.31823027761055
10,348,329.31823027761055,329.31823027761055
10,349,329.31823027761055,329.31823027761055
10,350,329.31823027761055,329.31823027761055
10,351,329.31823027761055,329.31823027761055
10,352,329.31823027761055,329.31823027761055
10,353,329.31823027761055,329.31823027761055
10,354,329.31823027761055,329.31823027761055
10,355,329.31823027761055,329.31823027761055
10,356,329.31823027761055,329.31823027761055
10,357,329.31823027761055,329.31823027761055
10,358,329.31823027761055,329.31823027761055
10,359,329.31823027761055,329.31823027761055
10,360,329.31823027761055,329.31823027761055
10,361,329.31823027761055,329.31823027761055
10,362,329.31823027761055,329.31823027761055
10,363,329.31823027761055,329.31823027761055
10,364,329.31823027761055,329.31823027761055
10,365,329.31823027761055,329.31823027761055
10,366,329.31823027761055,329.31823027761055
10,367,329.31823027761055,329.31823027761055
10,368,329.31823027761055,329.31823027761055
10,369,329.31823027761055,329.31823027761055
10,370,329.31823027761055,329.31823027761055
10,371,329.31823027761055,329.31823027761055
10,372,329.31823027761055,329.31823027761055
10,373,329.31823027761055,329.31823027761055
10,374,329.31823027761055,329.31823027761055
10,375,329.31823027761055,329.31823027761055
10,376,329.31823027761055,329.31823027761055
10,377,329.31823027761055,329.31823027761055
10,378,329.31823027761055,329.31823027761055
10,379,329.31823027761055,329.31823027761055
10,380,329.31823027761055,329.31823027761055
10,381,329.31823027761055,329.31823027761055
10,382,329.31823027761055,329.31823027761055
10,383,329.31823027761055,329.31823027761055
10,384,329.31823027761055,329.31823027761055
10,385,329.31823027761055,329.31823027761055
10,386,329.31823027761055,329.31823027761055
10,387,329.31823027761055,329.31823027761055
10,388,329.31823027761055,329.31823027761055
10,389,329.31823027761055,329.31823027761055
10,390,329.31823027761055,329.31823027761055
10,391,329.31823027761055,329.31823027761055
10,392,329.31823027761055,329.31823027761055
10,393,329.31823027761055,329.31823027761055
10,394,329.31823027761055,329.31823027761055
10,395,329.31823027761055,329.31823027761055
10,396,329.31823027761055,329.31823027761055
10,397,329.31823027761055,329.31823027761055
10,398,329.31823027761055,329.31823027761055
10,399,329.31823027761055,329.31823027761055
10,400,329.31823027761055,329.31823027761055
10,401,329.31823027761055,329.31823027761055
10,402,329.31823027761055,329.31823027761055
10,403,329.31823027761055,329.31823027761055
10,404,329.31823027761055,329.31823027761055
10,405,329.31823027761055,329.31823027761055
10,406,329.31823027761055,329.31823027761055
10,407,329.31823027761055,329.31823027761055
10,408,329.31823027761055,329.31823027761055
10,409,329.31823027761055,329.31823027761055
10,410,329.31823027761055,329.31823027761055
10,411,329.31823027761055,329.31823027761055
10,412,329.31823027761055,329.31823027761055
10,413,329.31823027761055,329.31823027761055
10,414,329.31823027761055,329.31823027761055
10,415,329.31823027761055,329.31823027761055
10,416,329.31823027761055,329.31823027761055
10,417,329.31823027761055,329.31823027761055
10,418,329.31823027761055,329.31823027761055
10,419,329.31823027761055,329.31823027761055
10,420,329.31823027761055,329.31823027761055
10,421,329.31823027761055,329.31823027761055
10,422,329.31823027761055,329.31823027761055
10,423,329.31823027761055,329.31823027761055
10,424,329.31823027761055,329.31823027761055
10,425,329.31823027761055,329.31823027761055
10,426,329.31823027761055,329.31823027761055
10,427,329.31823027761055,329.31823027761055
10,428,329.31823027761055,329.31823027761055
10,429,329.31823027761055,329.31823027761055
10,430,329.31823027761055,329.31823027761055
10,431,329.31823027761055,329.31823027761055
10,432,329.31823027761055,329.31823027761055
10,433,329.31823027761055,329.31823027761055
10,434,329.31823027761055,329.31823027761055
10,435,329.31823027761055,329.31823027761055
10,436,329.31823027761055,329.31823027761055
10,437,329.31823027761055,329.31823027761055
10,438,329.31823027761055,329.31823027761055
10,439,329.31823027761055,329.31823027761055
10,440,329.31823027761055,329.31823027761055
10,441,329.31823027761055,329.31823027761055
10,442,329.31823027761055,329.31823027761055
10,443,329.31823027761055,329.31823027761055
10,444,329.31823027761055,329.31823027761055
10,445,329.31823027761055,329.31823027761055
10,446,329.31823027761055,329.31823027761055
10,447,329.31823027761055,329.31823027761055
10,448,329.31823027761055,329.31823027761055
10,449,329.31823027761055,329.31823027761055
10,450,329.31823027761055,329.31823027761055
10,451,329.31823027761055,329.31823027761055
10,452,329.31823027761055,329.31823027761055
10,453,329.31823027761055,329.31823027761055
10,454,329.31823027761055,329.31823027761055
10,455,329.31823027761055,329.31823027761055
10,456,329.31823027761055,329.31823027761055
10,457,329.31823027761055,329.31823027761055
10,458,329.31823027761055,329.31823027761055
10,459,329.31823027761055,329.31823027761055
10,460,329.31823027761055,329.31823027761055
10,461,329.31823027761055,329.31823027761055
10,462,329.31823027761055,329.31823027761055
10,463,329.31823027761055,329.31823027761055
10,464,329.31823027761055,329.31823027761055
10,465,329.31823027761055,329.31823027761055
10,466,329.31823027761055,329.31823027761055
10,467,329.31823027761055,329.31823027761055
10,468,329.31823027761055,329.31823027761055
10,469,329.31823027761055,329.31823027761055
10,470,329.31823027761055,329.31823027761055
10,471,329.31823027761055,329.31823027761055
10,472,329.31823027761055,329.31823027761055
10,473,329.31823027761055,329.31823027761055
10,474,329.31823027761055,329.31823027761055
10,475,329.31823027761055,329.31823027761055
10,476,329.31823027761055,329.31823027761055
10,477,329.31823027761055,329.31823027761055
10,478,329.31823027761055,329.31823027761055
10,479,329.31823027761055,329.31823027761055
10,480,329.31823027761055,329.31823027761055
10,481,329.31823027761055,329.31823027761055
10,482,329.31823027761055,329.31823027761055
10,483,329.31823027761055,329.31823027761055
10,484,329.31823027761055,329.31823027761055
10,485,329.31823027761055,329.31823027761055
10,486,329.31823027761055,329.31823027761055
10,487,329.31823027761055,329.31823027761055
10,488,329.31823027761055,329.31823027761055
10,489,329.31823027761055,329.31823027761055
10,490,329.31823027761055,329.31823027761055
10,491,329.31823027761055,329.31823027761055
10,492,329.31823027761055,329.31823027761055
10,493,329.31823027761055,329.31823027761055
10,494,329.31823027761055,329.31823027761055
10,495,329.31823027761055,329.31823027761055
10,496,329.31823027761055,329.31823027761055
10,497,329.31823027761055,329.31823027761055
10,498,329.31823027761055,329.31823027761055
10,499,329.31823027761055,329.31823027761055
10,500,329.31823027761055,329.31823027761055
11,0,418.134648708594,418.134648708594
11,1,418.134648708594,418.134648708594
11,2,369.59550325721744,369.59550325721744
11,3,361.5394904147701,361.5394904147701
11,4,361.5394904147701,361.5394904147701
11,5,361.5394904147701,361.5394904147701
11,6,361.5394904147701,361.5394904147701
11,7,335.21393869705463,335.21393869705463
11,8,335.21393869705463,335.21393869705463
11,9,329.31823027761055,329.31823027761055
11,10,329.31823027761055,329.31823027761055
11,11,329.31823027761055,329.31823027761055
11,12,329.31823027761055,329.31823027761055
11,13,329.31823027761055,329.31823027761055
11,14,329.31823027761055,329.31823027761055
11,15,329.31823027761055,329.31823027761055
11,16,329.31823027761055,329.31823027761055
11,17,329.31823027761055,329.31823027761055
11,18,329.31823027761055,329.31823027761055
11,19,329.31823027761055,329.31823027761055
11,20,329.31823027761055,329.31823027761055
11,21,329.31823027761055,329.31823027761055
11,22,329.31823027761055,329.31823027761055
11,23,329.31823027761055,329.31823027761055
11,24,329.31823027761055,329.31823027761055
11,25,329.31823027761055,329.31823027761055
11,26,329.31823027761055,329.31823027761055
11,27,329.31823027761055,329.31823027761055
11,28,329.31823027761055,329.31823027761055
11,29,329.31823027761055,329.31823027761055
11,30,329.31823027761055,329.31823027761055
11,31,329.31823027761055,329.31823027761055
11,32,329.31823027761055,329.31823027761055
11,33,329.31823027761055,329.31823027761055
11,34,329.31823027761055,329.31823027761055
11,35,329.31823027761055,329.31823027761055
11,36,329.31823027761055,329.31823027761055
11,37,329.31823027761055,329.31823027761055
11,38,329.31823027761055,329.31823027761055
11,39,329.31823027761055,329.31823027761055
11,40,329.31823027761055,329.31823027761055
11,41,329.31823027761055,329.31823027761055
11,42,329.31823027761055,329.31823027761055
11,43,329.31823027761055,329.31823027761055
11,44,329.31823027761055,329.31823027761055
11,45,329.31823027761055,329.31823027761055
11,46,329.31823027761055,329.31823027761055
11,47,329.31823027761055,329.31823027761055
11,48,329.31823027761055,329.31823027761055
11,49,329.31823027761055,329.31823027761055
11,50,329.31823027761055,329.31823027761055
11,51,329.31823027761055,329.31823027761055
11,52,329.31823027761055,329.31823027761055
11,53,329.31823027761055,329.31823027761055
11,54,329.31823027761055,329.31823027761055
11,55,329.31823027761055,329.31823027761055
11,56,329.31823027761055,329.31823027761055
11,57,329.31823027761055,329.31823027761055
11,58,329.31823027761055,329.31823027761055
11,59,329.31823027761055,329.31823027761055
11,60,329.31823027761055,329.31823027761055
11,61,329.31823027761055,329.31823027761055
11,62,329.31823027761055,329.31823027761055
11,63,329.31823027761055,329.31823027761055
11,64,329.31823027761055,329.31823027761055
11,65,329.31823027761055,329.31823027761055
11,66,329.31823027761055,329.31823027761055
11,67,329.31823027761055,329.31823027761055
11,68,329.31823027761055,329.31823027761055
11,69,329.31823027761055,329.31823027761055
11,70,329.31823027761055,329.31823027761055
11,71,329.31823027761055,329.31823027761055
11,72,329.31823027761055,329.31823027761055
11,73,329.31823027761055,329.31823027761055
11,74,329.31823027761055,329.31823027761055
11,75,329.31823027761055,329.31823027761055
11,76,329.31823027761055,329.31823027761055
11,77,329.31823027761055,329.31823027761055
11,78,329.31823027761055,329.31823027761055
11,79,329.31823027761055,329.31823027761055
11,80,329.31823027761055,329.31823027761055
11,81,329.31823027761055,329.31823027761055
11,82,329.31823027761055,329.31823027761055
11,83,329.31823027761055,329.31823027761055
11,84,329.31823027761055,329.31823027761055
11,85,329.31823027761055,329.31823027761055
11,86,329.31823027761055,329.31823027761055
11,87,329.31823027761055,329.31823027761055
11,88,329.31823027761055,329.31823027761055
11,89,329.31823027761055,329.31823027761055
11,90,329.31823027761055,329.31823027761055
11,91,329.31823027761055,329.31823027761055
11,92,329.31823027761055,329.31823027761055
11,93,329.31823027761055,329.31823027761055
11,94,329.31823027761055,329.31823027761055
11,95,329.31823027761055,329.31823027761055
11,96,329.31823027761055,329.31823027761055
11,97,329.31823027761055,329.31823027761055
11,98,329.31823027761055,329.31823027761055
11,99,329.31823027761055,329.31823027761055
11,100,329.31823027761055,329.31823027761055
11,101,329.31823027761055,329.31823027761055
11,102,329.31823027761055,329.31823027761055
11,103,329.31823027761055,329.31823027761055
11,104,329.31823027761055,329.31823027761055
11,105,329.31823027761055,329.31823027761055
11,106,329.31823027761055,329.31823027761055
11,107,329.31823027761055,329.31823027761055
11,108,329.31823027761055,329.31823027761055
11,109,329.31823027761055,329.31823027761055
11,110,329.31823027761055,329.31823027761055
11,111,329.31823027761055,329.31823027761055
11,112,329.31823027761055,329.31823027761055
11,113,329.31823027761055,329.31823027761055
11,114,329.31823027761055,329.31823027761055
11,115,329.31823027761055,329.31823027761055
11,116,329.31823027761055,329.31823027761055
11,117,329.31823027761055,329.31823027761055
11,118,329.31823027761055,329.31823027761055
11,119,329.31823027761055,329.31823027761055
11,120,329.31823027761055,329.31823027761055
11,121,329.31823027761055,329.31823027761055
11,122,329.31823027761055,329.31823027761055
11,123,329.31823027761055,329.31823027761055
11,124,329.31823027761055,329.31823027761055
11,125,329.31823027761055,329.31823027761055
11,126,329.31823027761055,329.31823027761055
11,127,329.31823027761055,329.31823027761055
11,128,329.31823027761055,329.31823027761055
11,129,329.31823027761055,329.31823027761055
11,130,329.31823027761055,329.31823027761055
11,131,329.31823027761055,329.31823027761055
11,132,329.31823027761055,329.31823027761055
11,133,329.31823027761055,329.31823027761055
11,134,329.31823027761055,329.31823027761055
11,135,329.31823027761055,329.31823027761055
11,136,329.31823027761055,329.31823027761055
11,137,329.31823027761055,329.31823027761055
11,138,329.31823027761055,329.31823027761055
11,139,329.31823027761055,329.31823027761055
11,140,329.31823027761055,329.31823027761055
11,141,329.31823027761055,329.31823027761055
11,142,329.31823027761055,329.31823027761055
11,143,329.31823027761055,329.31823027761055
11,144,329.31823027761055,329.31823027761055
11,145,329.31823027761055,329.31823027761055
11,146,329.31823027761055,329.31823027761055
11,147,329.31823027761055,329.31823027761055
11,148,329.31823027761055,329.31823027761055
11,149,329.31823027761055,329.31823027761055
11,150,329.31823027761055,329.31823027761055
11,151,329.31823027761055,329.31823027761055
11,152,329.31823027761055,329.31823027761055
11,153,329.31823027761055,329.31823027761055
11,154,329.31823027761055,329.31823027761055
11,155,329.31823027761055,329.31823027761055
11,156,329.31823027761055,329.31823027761055
11,157,329.31823027761055,329.31823027761055
11,158,329.31823027761055,329.31823027761055
11,159,329.31823027761055,329.31823027761055
11,160,329.31823027761055,329.31823027761055
11,161,329.31823027761055,329.31823027761055
11,162,329.31823027761055,329.31823027761055
11,163,329.31823027761055,329.31823027761055
11,164,329.31823027761055,329.31823027761055
11,165,329.31823027761055,329.31823027761055
11,166,329.31823027761055,329.31823027761055
11,167,329.31823027761055,329.31823027761055
11,168,329.31823027761055,329.31823027761055
11,169,329.31823027761055,329.31823027761055
11,170,329.31823027761055,329.31823027761055
11,171,329.31823027761055,329.31823027761055
11,172,329.31823027761055,329.31823027761055
11,173,329.31823027761055,329.31823027761055
11,174,329.31823027761055,329.31823027761055
11,175,329.31823027761055,329.31823027761055
11,176,329.31823027761055,329.31823027761055
11,177,329.31823027761055,329.31823027761055
11,178,329.31823027761055,329.31823027761055
11,179,329.31823027761055,329.31823027761055
11,180,329.31823027761055,329.31823027761055
11,181,329.31823027761055,329.31823027761055
11,182,329.31823027761055,329.31823027761055
11,183,329.31823027761055,329.31823027761055
11,184,329.31823027761055,329.31823027761055
11,185,329.31823027761055,329.31823027761055
11,186,329.31823027761055,329.31823027761055
11,187,329.31823027761055,329.31823027761055
11,188,329.31823027761055,329.31823027761055
11,189,329.31823027761055,329.31823027761055
11,190,329.31823027761055,329.31823027761055
11,191,329.31823027761055,329.31823027761055
11,192,329.31823027761055,329.31823027761055
11,193,329.31823027761055,329.31823027761055
11,194,329.31823027761055,329.31823027761055
11,195,329.31823027761055,329.31823027761055
11,196,329.31823027761055,329.31823027761055
11,197,329.31823027761055,329.31823027761055
11,198,329.31823027761055,329.31823027761055
11,199,329.31823027761055,329.31823027761055
11,200,329.31823027761055,329.31823027761055
11,201,329.31823027761055,329.31823027761055
11,202,329.31823027761055,329.31823027761055
11,203,329.31823027761055,329.31823027761055
11,204,329.31823027761055,329.31823027761055
11,205,329.31823027761055,329.31823027761055
11,206,329.31823027761055,329.31823027761055
11,207,329.31823027761055,329.31823027761055
11,208,329.31823027761055,329.31823027761055
11,209,329.31823027761055,329.31823027761055
11,210,329.31823027761055,329.31823027761055
11,211,329.31823027761055,329.31823027761055
11,212,329.31823027761055,329.31823027761055
11,213,329.31823027761055,329.31823027761055
11,214,329.31823027761055,329.31823027761055
11,215,329.31823027761055,329.31823027761055
11,216,329.31823027761055,329.31823027761055
11,217,329.31823027761055,329.31823027761055
11,218,329.31823027761055,329.31823027761055
11,219,329.31823027761055,329.31823027761055
11,220,329.31823027761055,329.31823027761055
11,221,329.31823027761055,329.31823027761055
11,222,329.31823027761055,329.31823027761055
11,223,329.31823027761055,329.31823027761055
11,224,329.31823027761055,329.31823027761055
11,225,329.31823027761055,329.31823027761055
11,226,329.31823027761055,329.31823027761055
11,227,329.31823027761055,329.31823027761055
11,228,329.31823027761055,329.31823027761055
11,229,329.31823027761055,329.31823027761055
11,230,329.31823027761055,329.31823027761055
11,231,329.31823027761055,329.31823027761055
11,232,329.31823027761055,329.31823027761055
11,233,329.31823027761055,329.31823027761055
11,234,329.31823027761055,329.31823027761055
11,235,329.31823027761055,329.31823027761055
11,236,329.31823027761055,329.31823027761055
11,237,329.31823027761055,329.31823027761055
11,238,329.31823027761055,329.31823027761055
11,239,329.31823027761055,329.31823027761055
11,240,329.31823027761055,329.31823027761055
11,241,329.31823027761055,329.31823027761055
11,242,329.31823027761055,329.31823027761055
11,243,329.31823027761055,329.31823027761055
11,244,329.31823027761055,329.31823027761055
11,245,329.31823027761055,329.31823027761055
11,246,329.31823027761055,329.31823027761055
11,247,329.31823027761055,329.31823027761055
11,248,329.31823027761055,329.31823027761055
11,249,329.31823027761055,329.31823027761055
11,250,329.31823027761055,329.31823027761055
11,251,329.31823027761055,329.31823027761055
11,252,329.31823027761055,329.31823027761055
11,253,329.31823027761055,329.31823027761055
11,254,329.31823027761055,329.31823027761055
11,255,329.31823027761055,329.31823027761055
11,256,329.31823027761055,329.31823027761055
11,257,329.31823027761055,329.31823027761055
11,258,329.31823027761055,329.31823027761055
11,259,329.31823027761055,329.31823027761055
11,260,329.31823027761055,329.31823027761055
11,261,329.31823027761055,329.31823027761055
11,262,329.31823027761055,329.31823027761055
11,263,329.31823027761055,329.31823027761055
11,264,329.31823027761055,329.31823027761055
11,265,329.31823027761055,329.31823027761055
11,266,329.31823027761055,329.31823027761055
11,267,329.31823027761055,329.31823027761055
11,268,329.31823027761055,329.31823027761055
11,269,329.31823027761055,329.31823027761055
11,270,329.31823027761055,329.31823027761055
11,271,329.31823027761055,329.31823027761055
11,272,329.31823027761055,329.31823027761055
11,273,329.31823027761055,329.31823027761055
11,274,329.31823027761055,329.31823027761055
11,275,329.31823027761055,329.31823027761055
11,276,329.31823027761055,329.31823027761055
11,277,329.31823027761055,329.31823027761055
11,278,329.31823027761055,329.31823027761055
11,279,329.31823027761055,329.31823027761055
11,280,329.31823027761055,329.31823027761055
11,281,329.31823027761055,329.31823027761055
11,282,329.31823027761055,329.31823027761055
11,283,329.31823027761055,329.31823027761055
11,284,329.31823027761055,329.31823027761055
11,285,329.31823027761055,329.31823027761055
11,286,329.31823027761055,329.31823027761055
11,287,329.31823027761055,329.31823027761055
11,288,329.31823027761055,329.31823027761055
11,289,329.31823027761055,329.31823027761055
11,290,329.31823027761055,329.31823027761055
11,291,329.31823027761055,329.31823027761055
11,292,329.31823027761055,329.31823027761055
11,293,329.31823027761055,329.31823027761055
11,294,329.31823027761055,329.31823027761055
11,295,329.31823027761055,329.31823027761055
11,296,329.31823027761055,329.31823027761055
11,297,329.31823027761055,329.31823027761055
11,298,329.31823027761055,329.31823027761055
11,299,329.31823027761055,329.31823027761055
11,300,329.31823027761055,329.31823027761055
11,301,329.31823027761055,329.31823027761055
11,302,329.31823027761055,329.31823027761055
11,303,329.31823027761055,329.31823027761055
11,304,329.31823027761055,329.31823027761055
11,305,329.31823027761055,329.31823027761055
11,306,329.31823027761055,329.31823027761055
11,307,329.31823027761055,329.31823027761055
11,308,329.31823027761055,329.31823027761055
11,309,329.31823027761055,329.31823027761055
11,310,329.31823027761055,329.31823027761055
11,311,329.31823027761055,329.31823027761055
11,312,329.31823027761055,329.31823027761055
11,313,329.31823027761055,329.31823027761055
11,314,329.31823027761055,329.31823027761055
11,315,329.31823027761055,329.31823027761055
11,316,329.31823027761055,329.31823027761055
11,317,329.31823027761055,329.31823027761055
11,318,329.31823027761055,329.31823027761055
11,319,329.31823027761055,329.31823027761055
11,320,329.31823027761055,329.31823027761055
11,321,329.31823027761055,329.31823027761055
11,322,329.31823027761055,329.31823027761055
11,323,329.31823027761055,329.31823027761055
11,324,329.31823027761055,329.31823027761055
11,325,329.31823027761055,329.31823027761055
11,326,329.31823027761055,329.31823027761055
11,327,329.31823027761055,329.31823027761055
11,328,329.31823027761055,329.31823027761055
11,329,329.31823027761055,329.31823027761055
11,330,329.31823027761055,329.31823027761055
11,331,329.31823027761055,329.31823027761055
11,332,329.31823027761055,329.31823027761055
11,333,329.31823027761055,329.31823027761055
11,334,329.31823027761055,329.31823027761055
11,335,329.31823027761055,329.31823027761055
11,336,329.31823027761055,329.31823027761055
11,337,329.31823027761055,329.31823027761055
11,338,329.31823027761055,329.31823027761055
11,339,329.31823027761055,329.31823027761055
11,340,329.31823027761055,329.31823027761055
11,341,329.31823027761055,329.31823027761055
11,342,329.31823027761055,329.31823027761055
11,343,329.31823027761055,329.31823027761055
11,344,329.31823027761055,329.31823027761055
11,345,329.31823027761055,329.31823027761055
11,346,329.31823027761055,329.31823027761055
11,347,329.31823027761055,329.31823027761055
11,348,329.31823027761055,329.31823027761055
11,349,329.31823027761055,329.31823027761055
11,350,329.31823027761055,329.31823027761055
11,351,329.31823027761055,329.31823027761055
11,352,329.31823027761055,329.31823027761055
11,353,329.31823027761055,329.31823027761055
11,354,329.31823027761055,329.31823027761055
11,355,329.31823027761055,329.31823027761055
11,356,329.31823027761055,329.31823027761055
11,357,329.31823027761055,329.31823027761055
11,358,329.31823027761055,329.31823027761055
11,359,329.31823027761055,329.31823027761055
11,360,329.31823027761055,329.31823027761055
11,361,329.31823027761055,329.31823027761055
11,362,329.31823027761055,329.31823027761055
11,363,329.31823027761055,329.31823027761055
11,364,329.31823027761055,329.31823027761055
11,365,329.31823027761055,329.31823027761055
11,366,329.31823027761055,329.31823027761055
11,367,329.31823027761055,329.31823027761055
11,368,329.31823027761055,329.31823027761055
11,369,329.31823027761055,329.31823027761055
11,370,329.31823027761055,329.31823027761055
11,371,329.31823027761055,329.31823027761055
11,372,329.31823027761055,329.31823027761055
11,373,329.31823027761055,329.31823027761055
11,374,329.31823027761055,329.31823027761055
11,375,329.31823027761055,329.31823027761055
11,376,329.31823027761055,329.31823027761055
11,377,329.31823027761055,329.31823027761055
11,378,329.31823027761055,329.31823027761055
11,379,329.31823027761055,329.31823027761055
11,380,329.31823027761055,329.31823027761055
11,381,329.31823027761055,329.31823027761055
11,382,329.31823027761055,329.31823027761055
11,383,329.31823027761055,329.31823027761055
11,384,329.31823027761055,329.31823027761055
11,385,329.31823027761055,329.31823027761055
11,386,329.31823027761055,329.31823027761055
11,387,329.31823027761055,329.31823027761055
11,388,329.31823027761055,329.31823027761055
11,389,329.31823027761055,329.31823027761055
11,390,329.31823027761055,329.31823027761055
11,391,329.31823027761055,329.31823027761055
11,392,329.31823027761055,329.31823027761055
11,393,329.31823027761055,329.31823027761055
11,394,329.31823027761055,329.31823027761055
11,395,329.31823027761055,329.31823027761055
11,396,329.31823027761055,329.31823027761055
11,397,329.31823027761055,329.31823027761055
11,398,329.31823027761055,329.31823027761055
11,399,329.31823027761055,329.31823027761055
11,400,329.31823027761055,329.31823027761055
11,401,329.31823027761055,329.31823027761055
11,402,329.31823027761055,329.31823027761055
11,403,329.31823027761055,329.31823027761055
11,404,329.31823027761055,329.31823027761055
11,405,329.31823027761055,329.31823027761055
11,406,329.31823027761055,329.31823027761055
11,407,329.31823027761055,329.31823027761055
11,408,329.31823027761055,329.31823027761055
11,409,329.31823027761055,329.31823027761055
11,410,329.31823027761055,329.31823027761055
11,411,329.31823027761055,329.31823027761055
11,412,329.31823027761055,329.31823027761055
11,413,329.31823027761055,329.31823027761055
11,414,329.31823027761055,329.31823027761055
11,415,329.31823027761055,329.31823027761055
11,416,329.31823027761055,329.31823027761055
11,417,329.31823027761055,329.31823027761055
11,418,329.31823027761055,329.31823027761055
11,419,329.31823027761055,329.31823027761055
11,420,329.31823027761055,329.31823027761055
11,421,329.31823027761055,329.31823027761055
11,422,329.31823027761055,329.31823027761055
11,423,329.31823027761055,329.31823027761055
11,424,329.31823027761055,329.31823027761055
11,425,329.31823027761055,329.31823027761055
11,426,329.31823027761055,329.31823027761055
11,427,329.31823027761055,329.31823027761055
11,428,329.31823027761055,329.31823027761055
11,429,329.31823027761055,329.31823027761055
11,430,329.31823027761055,329.31823027761055
11,431,329.31823027761055,329.31823027761055
11,432,329.31823027761055,329.31823027761055
11,433,329.31823027761055,329.31823027761055
11,434,329.31823027761055,329.31823027761055
11,435,329.31823027761055,329.31823027761055
11,436,329.31823027761055,329.31823027761055
11,437,329.31823027761055,329.31823027761055
11,438,329.31823027761055,329.31823027761055
11,439,329.31823027761055,329.31823027761055
11,440,329.31823027761055,329.31823027761055
11,441,329.31823027761055,329.31823027761055
11,442,329.31823027761055,329.31823027761055
11,443,329.31823027761055,329.31823027761055
11,444,329.31823027761055,329.31823027761055
11,445,329.31823027761055,329.31823027761055
11,446,329.31823027761055,329.31823027761055
11,447,329.31823027761055,329.31823027761055
11,448,329.31823027761055,329.31823027761055
11,449,329.31823027761055,329.31823027761055
11,450,329.31823027761055,329.31823027761055
11,451,329.31823027761055,329.31823027761055
11,452,329.31823027761055,329.31823027761055
11,453,329.31823027761055,329.31823027761055
11,454,329.31823027761055,329.31823027761055
11,455,329.31823027761055,329.31823027761055
11,456,329.31823027761055,329.31823027761055
11,457,329.31823027761055,329.31823027761055
11,458,329.31823027761055,329.31823027761055
11,459,329.31823027761055,329.31823027761055
11,460,329.31823027761055,329.31823027761055
11,461,329.31823027761055,329.31823027761055
11,462,329.31823027761055,329.31823027761055
11,463,329.31823027761055,329.31823027761055
11,464,329.31823027761055,329.31823027761055
11,465,329.31823027761055,329.31823027761055
11,466,329.31823027761055,329.31823027761055
11,467,329.31823027761055,329.31823027761055
11,468,329.31823027761055,329.31823027761055
11,469,329.31823027761055,329.31823027761055
11,470,329.31823027761055,329.31823027761055
11,471,329.31823027761055,329.31823027761055
11,472,329.31823027761055,329.31823027761055
11,473,329.31823027761055,329.31823027761055
11,474,329.31823027761055,329.31823027761055
11,475,329.31823027761055,329.31823027761055
11,476,329.31823027761055,329.31823027761055
11,477,329.31823027761055,329.31823027761055
11,478,329.31823027761055,329.31823027761055
11,479,329.31823027761055,329.31823027761055
11,480,329.31823027761055,329.31823027761055
11,481,329.31823027761055,329.31823027761055
11,482,329.31823027761055,329.31823027761055
11,483,329.31823027761055,329.31823027761055
11,484,329.31823027761055,329.31823027761055
11,485,329.31823027761055,329.31823027761055
11,486,329.31823027761055,329.31823027761055
11,487,329.31823027761055,329.31823027761055
11,488,329.31823027761055,329.31823027761055
11,489,329.31823027761055,329.31823027761055
11,490,329.31823027761055,329.31823027761055
11,491,329.31823027761055,329.31823027761055
11,492,329.31823027761055,329.31823027761055
11,493,329.31823027761055,329.31823027761055
11,494,329.31823027761055,329.31823027761055
11,495,329.31823027761055,329.31823027761055
11,496,329.31823027761055,329.31823027761055
11,497,329.31823027761055,329.31823027761055
11,498,329.31823027761055,329.31823027761055
11,499,329.31823027761055,329.31823027761055
11,500,329.31823027761055,329.31823027761055
12,0,409.90294845098106,409.90294845098106
12,1,390.0362102192425,390.0362102192425
12,2,385.6284034940331,385.6284034940331
12,3,346.2494968587685,346.2494968587685
12,4,340.3797208992853,340.3797208992853
12,5,340.3797208992853,340.3797208992853
12,6,340.3797208992853,340.3797208992853
12,7,340.3797208992853,340.3797208992853
12,8,340.3797208992853,340.3797208992853
12,9,340.3797208992853,340.3797208992853
12,10,329.31823027761055,329.31823027761055
12,11,329.31823027761055,329.31823027761055
12,12,329.31823027761055,329.31823027761055
12,13,329.31823027761055,329.31823027761055
12,14,329.31823027761055,329.31823027761055
12,15,329.31823027761055,329.31823027761055
12,16,329.31823027761055,329.31823027761055
12,17,329.31823027761055,329.31823027761055
12,18,329.31823027761055,329.31823027761055
12,19,329.31823027761055,329.31823027761055
12,20,329.31823027761055,329.31823027761055
12,21,329.31823027761055,329.31823027761055
12,22,329.31823027761055,329.31823027761055
12,23,329.31823027761055,329.31823027761055
12,24,329.31823027761055,329.31823027761055
12,25,329.31823027761055,329.31823027761055
12,26,329.31823027761055,329.31823027761055
12,27,329.31823027761055,329.31823027761055
12,28,329.31823027761055,329.31823027761055
12,29,329.31823027761055,329.31823027761055
12,30,329.31823027761055,329.31823027761055
12,31,329.31823027761055,329.31823027761055
12,32,329.31823027761055,329.31823027761055
12,33,329.31823027761055,329.31823027761055
12,34,329.31823027761055,329.31823027761055
12,35,329.31823027761055,329.31823027761055
12,36,329.31823027761055,329.31823027761055
12,37,329.31823027761055,329.31823027761055
12,38,329.31823027761055,329.31823027761055
12,39,329.31823027761055,329.31823027761055
12,40,329.31823027761055,329.31823027761055
12,41,329.31823027761055,329.31823027761055
12,42,329.31823027761055,329.31823027761055
12,43,329.31823027761055,329.31823027761055
12,44,329.31823027761055,329.31823027761055
12,45,329.31823027761055,329.31823027761055
12,46,329.31823027761055,329.31823027761055
12,47,329.31823027761055,329.31823027761055
12,48,329.31823027761055,329.31823027761055
12,49,329.31823027761055,329.31823027761055
12,50,329.31823027761055,329.31823027761055
12,51,329.31823027761055,329.31823027761055
12,52,329.31823027761055,329.31823027761055
12,53,329.31823027761055,329.31823027761055
12,54,329.31823027761055,329.31823027761055
12,55,329.31823027761055,329.31823027761055
12,56,329.31823027761055,329.31823027761055
12,57,329.31823027761055,329.31823027761055
12,58,329.31823027761055,329.31823027761055
12,59,329.31823027761055,329.31823027761055
12,60,329.31823027761055,329.31823027761055
12,61,329.31823027761055,329.31823027761055
12,62,329.31823027761055,329.31823027761055
12,63,329.31823027761055,329.31823027761055
12,64,329.31823027761055,329.31823027761055
12,65,329.31823027761055,329.31823027761055
12,66,329.31823027761055,329.31823027761055
12,67,329.31823027761055,329.31823027761055
12,68,329.31823027761055,329.31823027761055
12,69,329.31823027761055,329.31823027761055
12,70,329.31823027761055,329.31823027761055
12,71,329.31823027761055,329.31823027761055
12,72,329.31823027761055,329.31823027761055
12,73,329.31823027761055,329.31823027761055
12,74,329.31823027761055,329.31823027761055
12,75,329.31823027761055,329.31823027761055
12,76,329.31823027761055,329.31823027761055
12,77,329.31823027761055,329.31823027761055
12,78,329.31823027761055,329.31823027761055
12,79,329.31823027761055,329.31823027761055
12,80,329.31823027761055,329.31823027761055
12,81,329.31823027761055,329.31823027761055
12,82,329.31823027761055,329.31823027761055
12,83,329.31823027761055,329.31823027761055
12,84,329.31823027761055,329.31823027761055
12,85,329.31823027761055,329.31823027761055
12,86,329.31823027761055,329.31823027761055
12,87,329.31823027761055,329.31823027761055
12,88,329.31823027761055,329.31823027761055
12,89,329.31823027761055,329.31823027761055
12,90,329.31823027761055,329.31823027761055
12,91,329.31823027761055,329.31823027761055
12,92,329.31823027761055,329.31823027761055
12,93,329.31823027761055,329.31823027761055
12,94,329.31823027761055,329.31823027761055
12,95,329.31823027761055,329.31823027761055
12,96,329.31823027761055,329.31823027761055
12,97,329.31823027761055,329.31823027761055
12,98,329.31823027761055,329.31823027761055
12,99,329.31823027761055,329.31823027761055
12,100,329.31823027761055,329.31823027761055
12,101,329.31823027761055,329.31823027761055
12,102,329.31823027761055,329.31823027761055
12,103,329.31823027761055,329.31823027761055
12,104,329.31823027761055,329.31823027761055
12,105,329.31823027761055,329.31823027761055
12,106,329.31823027761055,329.31823027761055
12,107,329.31823027761055,329.31823027761055
12,108,329.31823027761055,329.31823027761055
12,109,329.31823027761055,329.31823027761055
12,110,329.31823027761055,329.31823027761055
12,111,329.31823027761055,329.31823027761055
12,112,329.31823027761055,329.31823027761055
12,113,329.31823027761055,329.31823027761055
12,114,329.31823027761055,329.31823027761055
12,115,329.31823027761055,329.31823027761055
12,116,329.31823027761055,329.31823027761055
12,117,329.31823027761055,329.31823027761055
12,118,329.31823027761055,329.31823027761055
12,119,329.31823027761055,329.31823027761055
12,120,329.31823027761055,329.31823027761055
12,121,329.31823027761055,329.31823027761055
12,122,329.31823027761055,329.31823027761055
12,123,329.31823027761055,329.31823027761055
12,124,329.31823027761055,329.31823027761055
12,125,329.31823027761055,329.31823027761055
12,126,329.31823027761055,329.31823027761055
12,127,329.31823027761055,329.31823027761055
12,128,329.31823027761055,329.31823027761055
12,129,329.31823027761055,329.31823027761055
12,130,329.31823027761055,329.31823027761055
12,131,329.31823027761055,329.31823027761055
12,132,329.31823027761055,329.31823027761055
12,133,329.31823027761055,329.31823027761055
12,134,329.31823027761055,329.31823027761055
12,135,329.31823027761055,329.31823027761055
12,136,329.31823027761055,329.31823027761055
12,137,329.31823027761055,329.31823027761055
12,138,329.31823027761055,329.31823027761055
12,139,329.31823027761055,329.31823027761055
12,140,329.31823027761055,329.31823027761055
12,141,329.31823027761055,329.31823027761055
12,142,329.31823027761055,329.31823027761055
12,143,329.31823027761055,329.31823027761055
12,144,329.31823027761055,329.31823027761055
12,145,329.31823027761055,329.31823027761055
12,146,329.31823027761055,329.31823027761055
12,147,329.31823027761055,329.31823027761055
12,148,329.31823027761055,329.31823027761055
12,149,329.31823027761055,329.31823027761055
12,150,329.31823027761055,329.31823027761055
12,151,329.31823027761055,329.31823027761055
12,152,329.31823027761055,329.31823027761055
12,153,329.31823027761055,329.31823027761055
12,154,329.31823027761055,329.31823027761055
12,155,329.31823027761055,329.31823027761055
12,156,329.31823027761055,329.31823027761055
12,157,329.31823027761055,329.31823027761055
12,158,329.31823027761055,329.31823027761055
12,159,329.31823027761055,329.31823027761055
12,160,329.31823027761055,329.31823027761055
12,161,329.31823027761055,329.31823027761055
12,162,329.31823027761055,329.31823027761055
12,163,329.31823027761055,329.31823027761055
12,164,329.31823027761055,329.31823027761055
12,165,329.31823027761055,329.31823027761055
12,166,329.31823027761055,329.31823027761055
12,167,329.31823027761055,329.31823027761055
12,168,329.31823027761055,329.31823027761055
12,169,329.31823027761055,329.31823027761055
12,170,329.31823027761055,329.31823027761055
12,171,329.31823027761055,329.31823027761055
12,172,329.31823027761055,329.31823027761055
12,173,329.31823027761055,329.31823027761055
12,174,329.31823027761055,329.31823027761055
12,175,329.31823027761055,329.31823027761055
12,176,329.31823027761055,329.31823027761055
12,177,329.31823027761055,329.31823027761055
12,178,329.31823027761055,329.31823027761055
12,179,329.31823027761055,329.31823027761055
12,180,329.31823027761055,329.31823027761055
12,181,329.31823027761055,329.31823027761055
12,182,329.31823027761055,329.31823027761055
12,183,329.31823027761055,329.31823027761055
12,184,329.31823027761055,329.31823027761055
12,185,329.31823027761055,329.31823027761055
12,186,329.31823027761055,329.31823027761055
12,187,329.31823027761055,329.31823027761055
12,188,329.31823027761055,329.31823027761055
12,189,329.31823027761055,329.31823027761055
12,190,329.31823027761055,329.31823027761055
12,191,329.31823027761055,329.31823027761055
12,192,329.31823027761055,329.31823027761055
12,193,329.31823027761055,329.31823027761055
12,194,329.31823027761055,329.31823027761055
12,195,329.31823027761055,329.31823027761055
12,196,329.31823027761055,329.31823027761055
12,197,329.31823027761055,329.31823027761055
12,198,329.31823027761055,329.31823027761055
12,199,329.31823027761055,329.31823027761055
12,200,329.31823027761055,329.31823027761055
12,201,329.31823027761055,329.31823027761055
12,202,329.31823027761055,329.31823027761055
12,203,329.31823027761055,329.31823027761055
12,204,329.31823027761055,329.31823027761055
12,205,329.31823027761055,329.31823027761055
12,206,329.31823027761055,329.31823027761055
12,207,329.31823027761055,329.31823027761055
12,208,329.31823027761055,329.31823027761055
12,209,329.31823027761055,329.31823027761055
12,210,329.31823027761055,329.31823027761055
12,211,329.31823027761055,329.31823027761055
12,212,329.31823027761055,329.31823027761055
12,213,329.31823027761055,329.31823027761055
12,214,329.31823027761055,329.31823027761055
12,215,329.31823027761055,329.31823027761055
12,216,329.31823027761055,329.31823027761055
12,217,329.31823027761055,329.31823027761055
12,218,329.31823027761055,329.31823027761055
12,219,329.31823027761055,329.31823027761055
12,220,329.31823027761055,329.31823027761055
12,221,329.31823027761055,329.31823027761055
12,222,329.31823027761055,329.31823027761055
12,223,329.31823027761055,329.31823027761055
12,224,329.31823027761055,329.31823027761055
12,225,329.31823027761055,329.31823027761055
12,226,329.31823027761055,329.31823027761055
12,227,329.31823027761055,329.31823027761055
12,228,329.31823027761055,329.31823027761055
12,229,329.31823027761055,329.31823027761055
12,230,329.31823027761055,329.31823027761055
12,231,329.31823027761055,329.31823027761055
12,232,329.31823027761055,329.31823027761055
12,233,329.31823027761055,329.31823027761055
12,234,329.31823027761055,329.31823027761055
12,235,329.31823027761055,329.31823027761055
12,236,329.31823027761055,329.31823027761055
12,237,329.31823027761055,329.31823027761055
12,238,329.31823027761055,329.31823027761055
12,239,329.31823027761055,329.31823027761055
12,240,329.31823027761055,329.31823027761055
12,241,329.31823027761055,329.31823027761055
12,242,329.31823027761055,329.31823027761055
12,243,329.31823027761055,329.31823027761055
12,244,329.31823027761055,329.31823027761055
12,245,329.31823027761055,329.31823027761055
12,246,329.31823027761055,329.31823027761055
12,247,329.31823027761055,329.31823027761055
12,248,329.31823027761055,329.31823027761055
12,249,329.31823027761055,329.31823027761055
12,250,329.31823027761055,329.31823027761055
12,251,329.31823027761055,329.31823027761055
12,252,329.31823027761055,329.31823027761055
12,253,329.31823027761055,329.31823027761055
12,254,329.31823027761055,329.31823027761055
12,255,329.31823027761055,329.31823027761055
12,256,329.31823027761055,329.31823027761055
12,257,329.31823027761055,329.31823027761055
12,258,329.31823027761055,329.31823027761055
12,259,329.31823027761055,329.31823027761055
12,260,329.31823027761055,329.31823027761055
12,261,329.31823027761055,329.31823027761055
12,262,329.31823027761055,329.31823027761055
12,263,329.31823027761055,329.31823027761055
12,264,329.31823027761055,329.31823027761055
12,265,329.31823027761055,329.31823027761055
12,266,329.31823027761055,329.31823027761055
12,267,329.31823027761055,329.31823027761055
12,268,329.31823027761055,329.31823027761055
12,269,329.31823027761055,329.31823027761055
12,270,329.31823027761055,329.31823027761055
12,271,329.31823027761055,329.31823027761055
12,272,329.31823027761055,329.31823027761055
12,273,329.31823027761055,329.31823027761055
12,274,329.31823027761055,329.31823027761055
12,275,329.31823027761055,329.31823027761055
12,276,329.31823027761055,329.31823027761055
12,277,329.31823027761055,329.31823027761055
12,278,329.31823027761055,329.31823027761055
12,279,329.31823027761055,329.31823027761055
12,280,329.31823027761055,329.31823027761055
12,281,329.31823027761055,329.31823027761055
12,282,329.31823027761055,329.31823027761055
12,283,329.31823027761055,329.31823027761055
12,284,329.31823027761055,329.31823027761055
12,285,329.31823027761055,329.31823027761055
12,286,329.31823027761055,329.31823027761055
12,287,329.31823027761055,329.31823027761055
12,288,329.31823027761055,329.31823027761055
12,289,329.31823027761055,329.31823027761055
12,290,329.31823027761055,329.31823027761055
12,291,329.31823027761055,329.31823027761055
12,292,329.31823027761055,329.31823027761055
12,293,329.31823027761055,329.31823027761055
12,294,329.31823027761055,329.31823027761055
12,295,329.31823027761055,329.31823027761055
12,296,329.31823027761055,329.31823027761055
12,297,329.31823027761055,329.31823027761055
12,298,329.31823027761055,329.31823027761055
12,299,329.31823027761055,329.31823027761055
12,300,329.31823027761055,329.31823027761055
12,301,329.31823027761055,329.31823027761055
12,302,329.31823027761055,329.31823027761055
12,303,329.31823027761055,329.31823027761055
12,304,329.31823027761055,329.31823027761055
12,305,329.31823027761055,329.31823027761055
12,306,329.31823027761055,329.31823027761055
12,307,329.31823027761055,329.31823027761055
12,308,329.31823027761055,329.31823027761055
12,309,329.31823027761055,329.31823027761055
12,310,329.31823027761055,329.31823027761055
12,311,329.31823027761055,329.31823027761055
12,312,329.31823027761055,329.31823027761055
12,313,329.31823027761055,329.31823027761055
12,314,329.31823027761055,329.31823027761055
12,315,329.31823027761055,329.31823027761055
12,316,329.31823027761055,329.31823027761055
12,317,329.31823027761055,329.31823027761055
12,318,329.31823027761055,329.31823027761055
12,319,329.31823027761055,329.31823027761055
12,320,329.31823027761055,329.31823027761055
12,321,329.31823027761055,329.31823027761055
12,322,329.31823027761055,329.31823027761055
12,323,329.31823027761055,329.31823027761055
12,324,329.31823027761055,329.31823027761055
12,325,329.31823027761055,329.31823027761055
12,326,329.31823027761055,329.31823027761055
12,327,329.31823027761055,329.31823027761055
12,328,329.31823027761055,329.31823027761055
12,329,329.31823027761055,329.31823027761055
12,330,329.31823027761055,329.31823027761055
12,331,329.31823027761055,329.31823027761055
12,332,329.31823027761055,329.31823027761055
12,333,329.31823027761055,329.31823027761055
12,334,329.31823027761055,329.31823027761055
12,335,329.31823027761055,329.31823027761055
12,336,329.31823027761055,329.31823027761055
12,337,329.31823027761055,329.31823027761055
12,338,329.31823027761055,329.31823027761055
12,339,329.31823027761055,329.31823027761055
12,340,329.31823027761055,329.31823027761055
12,341,329.31823027761055,329.31823027761055
12,342,329.31823027761055,329.31823027761055
12,343,329.31823027761055,329.31823027761055
12,344,329.31823027761055,329.31823027761055
12,345,329.31823027761055,329.31823027761055
12,346,329.31823027761055,329.31823027761055
12,347,329.31823027761055,329.31823027761055
12,348,329.31823027761055,329.31823027761055
12,349,329.31823027761055,329.31823027761055
12,350,329.31823027761055,329.31823027761055
12,351,329.31823027761055,329.31823027761055
12,352,329.31823027761055,329.31823027761055
12,353,329.31823027761055,329.31823027761055
12,354,329.31823027761055,329.31823027761055
12,355,329.31823027761055,329.31823027761055
12,356,329.31823027761055,329.31823027761055
12,357,329.31823027761055,329.31823027761055
12,358,329.31823027761055,329.31823027761055
12,359,329.31823027761055,329.31823027761055
12,360,329.31823027761055,329.31823027761055
12,361,329.31823027761055,329.31823027761055
12,362,329.31823027761055,329.31823027761055
12,363,329.31823027761055,329.31823027761055
12,364,329.31823027761055,329.31823027761055
12,365,329.31823027761055,329.31823027761055
12,366,329.31823027761055,329.31823027761055
12,367,329.31823027761055,329.31823027761055
12,368,329.31823027761055,329.31823027761055
12,369,329.31823027761055,329.31823027761055
12,370,329.31823027761055,329.31823027761055
12,371,329.31823027761055,329.31823027761055
12,372,329.31823027761055,329.31823027761055
12,373,329.31823027761055,329.31823027761055
12,374,329.31823027761055,329.31823027761055
12,375,329.31823027761055,329.31823027761055
12,376,329.31823027761055,329.31823027761055
12,377,329.31823027761055,329.31823027761055
12,378,329.31823027761055,329.31823027761055
12,379,329.31823027761055,329.31823027761055
12,380,329.31823027761055,329.31823027761055
12,381,329.31823027761055,329.31823027761055
12,382,329.31823027761055,329.31823027761055
12,383,329.31823027761055,329.31823027761055
12,384,329.31823027761055,329.31823027761055
12,385,329.31823027761055,329.31823027761055
12,386,329.31823027761055,329.31823027761055
12,387,329.31823027761055,329.31823027761055
12,388,329.31823027761055,329.31823027761055
12,389,329.31823027761055,329.31823027761055
12,390,329.31823027761055,329.31823027761055
12,391,329.31823027761055,329.31823027761055
12,392,329.31823027761055,329.31823027761055
12,393,329.31823027761055,329.31823027761055
12,394,329.31823027761055,329.31823027761055
12,395,329.31823027761055,329.31823027761055
12,396,329.31823027761055,329.31823027761055
12,397,329.31823027761055,329.31823027761055
12,398,329.31823027761055,329.31823027761055
12,399,329.31823027761055,329.31823027761055
12,400,329.31823027761055,329.31823027761055
12,401,329.31823027761055,329.31823027761055
12,402,329.31823027761055,329.31823027761055
12,403,329.31823027761055,329.31823027761055
12,404,329.31823027761055,329.31823027761055
12,405,329.31823027761055,329.31823027761055
12,406,329.31823027761055,329.31823027761055
12,407,329.31823027761055,329.31823027761055
12,408,329.31823027761055,329.31823027761055
12,409,329.31823027761055,329.31823027761055
12,410,329.31823027761055,329.31823027761055
12,411,329.31823027761055,329.31823027761055
12,412,329.31823027761055,329.31823027761055
12,413,329.31823027761055,329.31823027761055
12,414,329.31823027761055,329.31823027761055
12,415,329.31823027761055,329.31823027761055
12,416,329.31823027761055,329.31823027761055
12,417,329.31823027761055,329.31823027761055
12,418,329.31823027761055,329.31823027761055
12,419,329.31823027761055,329.31823027761055
12,420,329.31823027761055,329.31823027761055
12,421,329.31823027761055,329.31823027761055
12,422,329.31823027761055,329.31823027761055
12,423,329.31823027761055,329.31823027761055
12,424,329.31823027761055,329.31823027761055
12,425,329.31823027761055,329.31823027761055
12,426,329.31823027761055,329.31823027761055
12,427,329.31823027761055,329.31823027761055
12,428,329.31823027761055,329.31823027761055
12,429,329.31823027761055,329.31823027761055
12,430,329.31823027761055,329.31823027761055
12,431,329.31823027761055,329.31823027761055
12,432,329.31823027761055,329.31823027761055
12,433,329.31823027761055,329.31823027761055
12,434,329.31823027761055,329.31823027761055
12,435,329.31823027761055,329.31823027761055
12,436,329.31823027761055,329.31823027761055
12,437,329.31823027761055,329.31823027761055
12,438,329.31823027761055,329.31823027761055
12,439,329.31823027761055,329.31823027761055
12,440,329.31823027761055,329.31823027761055
12,441,329.31823027761055,329.31823027761055
12,442,329.31823027761055,329.31823027761055
12,443,329.31823027761055,329.31823027761055
12,444,329.31823027761055,329.31823027761055
12,445,329.31823027761055,329.31823027761055
12,446,329.31823027761055,329.31823027761055
12,447,329.31823027761055,329.31823027761055
12,448,329.31823027761055,329.31823027761055
12,449,329.31823027761055,329.31823027761055
12,450,329.31823027761055,329.31823027761055
12,451,329.31823027761055,329.31823027761055
12,452,329.31823027761055,329.31823027761055
12,453,329.31823027761055,329.31823027761055
12,454,329.31823027761055,329.31823027761055
12,455,329.31823027761055,329.31823027761055
12,456,329.31823027761055,329.31823027761055
12,457,329.31823027761055,329.31823027761055
12,458,329.31823027761055,329.31823027761055
12,459,329.31823027761055,329.31823027761055
12,460,329.31823027761055,329.31823027761055
12,461,329.31823027761055,329.31823027761055
12,462,329.31823027761055,329.31823027761055
12,463,329.31823027761055,329.31823027761055
12,464,329.31823027761055,329.31823027761055
12,465,329.31823027761055,329.31823027761055
12,466,329.31823027761055,329.31823027761055
12,467,329.31823027761055,329.31823027761055
12,468,329.31823027761055,329.31823027761055
12,469,329.31823027761055,329.31823027761055
12,470,329.31823027761055,329.31823027761055
12,471,329.31823027761055,329.31823027761055
12,472,329.31823027761055,329.31823027761055
12,473,329.31823027761055,329.31823027761055
12,474,329.31823027761055,329.31823027761055
12,475,329.31823027761055,329.31823027761055
12,476,329.31823027761055,329.31823027761055
12,477,329.31823027761055,329.31823027761055
12,478,329.31823027761055,329.31823027761055
12,479,329.31823027761055,329.31823027761055
12,480,329.31823027761055,329.31823027761055
12,481,329.31823027761055,329.31823027761055
12,482,329.31823027761055,329.31823027761055
12,483,329.31823027761055,329.31823027761055
12,484,329.31823027761055,329.31823027761055
12,485,329.31823027761055,329.31823027761055
12,486,329.31823027761055,329.31823027761055
12,487,329.31823027761055,329.31823027761055
12,488,329.31823027761055,329.31823027761055
12,489,329.31823027761055,329.31823027761055
12,490,329.31823027761055,329.31823027761055
12,491,329.31823027761055,329.31823027761055
12,492,329.31823027761055,329.31823027761055
12,493,329.31823027761055,329.31823027761055
12,494,329.31823027761055,329.31823027761055
12,495,329.31823027761055,329.31823027761055
12,496,329.31823027761055,329.31823027761055
12,497,329.31823027761055,329.31823027761055
12,498,329.31823027761055,329.31823027761055
12,499,329.31823027761055,329.31823027761055
12,500,329.31823027761055,329.31823027761055
13,0,422.2744313605502,422.2744313605502
13,1,408.5720212161271,408.5720212161271
13,2,408.5720212161271,408.5720212161271
13,3,382.2464694984116,382.2464694984116
13,4,356.5571061072874,356.5571061072874
13,5,356.5571061072874,356.5571061072874
13,6,346.2494968587685,346.2494968587685
13,7,340.3797208992853,340.3797208992853
13,8,340.3797208992853,340.3797208992853
13,9,329.31823027761055,329.31823027761055
13,10,329.31823027761055,329.31823027761055
13,11,329.31823027761055,329.31823027761055
13,12,329.31823027761055,329.31823027761055
13,13,329.31823027761055,329.31823027761055
13,14,329.31823027761055,329.31823027761055
13,15,329.31823027761055,329.31823027761055
13,16,329.31823027761055,329.31823027761055
13,17,329.31823027761055,329.31823027761055
13,18,329.31823027761055,329.31823027761055
13,19,329.31823027761055,329.31823027761055
13,20,329.31823027761055,329.31823027761055
13,21,329.31823027761055,329.31823027761055
13,22,329.31823027761055,329.31823027761055
13,23,329.31823027761055,329.31823027761055
13,24,329.31823027761055,329.31823027761055
13,25,329.31823027761055,329.31823027761055
13,26,329.31823027761055,329.31823027761055
13,27,329.31823027761055,329.31823027761055
13,28,329.31823027761055,329.31823027761055
13,29,329.31823027761055,329.31823027761055
13,30,329.31823027761055,329.31823027761055
13,31,329.31823027761055,329.31823027761055
13,32,329.31823027761055,329.31823027761055
13,33,329.31823027761055,329.31823027761055
13,34,329.31823027761055,329.31823027761055
13,35,329.31823027761055,329.31823027761055
13,36,329.31823027761055,329.31823027761055
13,37,329.31823027761055,329.31823027761055
13,38,329.31823027761055,329.31823027761055
13,39,329.31823027761055,329.31823027761055
13,40,329.31823027761055,329.31823027761055
13,41,329.31823027761055,329.31823027761055
13,42,329.31823027761055,329.31823027761055
13,43,329.31823027761055,329.31823027761055
13,44,329.31823027761055,329.31823027761055
13,45,329.31823027761055,329.31823027761055
13,46,329.31823027761055,329.31823027761055
13,47,329.31823027761055,329.31823027761055
13,48,329.31823027761055,329.31823027761055
13,49,329.31823027761055,329.31823027761055
13,50,329.31823027761055,329.31823027761055
13,51,329.31823027761055,329.31823027761055
13,52,329.31823027761055,329.31823027761055
13,53,329.31823027761055,329.31823027761055
13,54,329.31823027761055,329.31823027761055
13,55,329.31823027761055,329.31823027761055
13,56,329.31823027761055,329.31823027761055
13,57,329.31823027761055,329.31823027761055
13,58,329.31823027761055,329.31823027761055
13,59,329.31823027761055,329.31823027761055
13,60,329.31823027761055,329.31823027761055
13,61,329.31823027761055,329.31823027761055
13,62,329.31823027761055,329.31823027761055
13,63,329.31823027761055,329.31823027761055
13,64,329.31823027761055,329.31823027761055
13,65,329.31823027761055,329.31823027761055
13,66,329.31823027761055,329.31823027761055
13,67,329.31823027761055,329.31823027761055
13,68,329.31823027761055,329.31823027761055
13,69,329.31823027761055,329.31823027761055
13,70,329.31823027761055,329.31823027761055
13,71,329.31823027761055,329.31823027761055
13,72,329.31823027761055,329.31823027761055
13,73,329.31823027761055,329.31823027761055
13,74,329.31823027761055,329.31823027761055
13,75,329.31823027761055,329.31823027761055
13,76,329.31823027761055,329.31823027761055
13,77,329.31823027761055,329.31823027761055
13,78,329.31823027761055,329.31823027761055
13,79,329.31823027761055,329.31823027761055
13,80,329.31823027761055,329.31823027761055
13,81,329.31823027761055,329.31823027761055
13,82,329.31823027761055,329.31823027761055
13,83,329.31823027761055,329.31823027761055
13,84,329.31823027761055,329.31823027761055
13,85,329.31823027761055,329.31823027761055
13,86,329.31823027761055,329.31823027761055
13,87,329.31823027761055,329.31823027761055
13,88,329.31823027761055,329.31823027761055
13,89,329.31823027761055,329.31823027761055
13,90,329.31823027761055,329.31823027761055
13,91,329.31823027761055,329.31823027761055
13,92,329.31823027761055,329.31823027761055
13,93,329.31823027761055,329.31823027761055
13,94,329.31823027761055,329.31823027761055
13,95,329.31823027761055,329.31823027761055
13,96,329.31823027761055,329.31823027761055
13,97,329.31823027761055,329.31823027761055
13,98,329.31823027761055,329.31823027761055
13,99,329.31823027761055,329.31823027761055
13,100,329.31823027761055,329.31823027761055
13,101,329.31823027761055,329.31823027761055
13,102,329.31823027761055,329.31823027761055
13,103,329.31823027761055,329.31823027761055
13,104,329.31823027761055,329.31823027761055
13,105,329.31823027761055,329.31823027761055
13,106,329.31823027761055,329.31823027761055
13,107,329.31823027761055,329.31823027761055
13,108,329.31823027761055,329.31823027761055
13,109,329.31823027761055,329.31823027761055
13,110,329.31823027761055,329.31823027761055
13,111,329.31823027761055,329.31823027761055
13,112,329.31823027761055,329.31823027761055
13,113,329.31823027761055,329.31823027761055
13,114,329.31823027761055,329.31823027761055
13,115,329.31823027761055,329.31823027761055
13,116,329.31823027761055,329.31823027761055
13,117,329.31823027761055,329.31823027761055
13,118,329.31823027761055,329.31823027761055
13,119,329.31823027761055,329.31823027761055
13,120,329.31823027761055,329.31823027761055
13,121,329.31823027761055,329.31823027761055
13,122,329.31823027761055,329.31823027761055
13,123,329.31823027761055,329.31823027761055
13,124,329.31823027761055,329.31823027761055
13,125,329.31823027761055,329.31823027761055
13,126,329.31823027761055,329.31823027761055
13,127,329.31823027761055,329.31823027761055
13,128,329.31823027761055,329.31823027761055
13,129,329.31823027761055,329.31823027761055
13,130,329.31823027761055,329.31823027761055
13,131,329.31823027761055,329.31823027761055
13,132,329.31823027761055,329.31823027761055
13,133,329.31823027761055,329.31823027761055
13,134,329.31823027761055,329.31823027761055
13,135,329.31823027761055,329.31823027761055
13,136,329.31823027761055,329.31823027761055
13,137,329.31823027761055,329.31823027761055
13,138,329.31823027761055,329.31823027761055
13,139,329.31823027761055,329.31823027761055
13,140,329.31823027761055,329.31823027761055
13,141,329.31823027761055,329.31823027761055
13,142,329.31823027761055,329.31823027761055
13,143,329.31823027761055,329.31823027761055
13,144,329.31823027761055,329.31823027761055
13,145,329.31823027761055,329.31823027761055
13,146,329.31823027761055,329.31823027761055
13,147,329.31823027761055,329.31823027761055
13,148,329.31823027761055,329.31823027761055
13,149,329.31823027761055,329.31823027761055
13,150,329.31823027761055,329.31823027761055
13,151,329.31823027761055,329.31823027761055
13,152,329.31823027761055,329.31823027761055
13,153,329.31823027761055,329.31823027761055
13,154,329.31823027761055,329.31823027761055
13,155,329.31823027761055,329.31823027761055
13,156,329.31823027761055,329.31823027761055
13,157,329.31823027761055,329.31823027761055
13,158,329.31823027761055,329.31823027761055
13,159,329.31823027761055,329.31823027761055
13,160,329.31823027761055,329.31823027761055
13,161,329.31823027761055,329.31823027761055
13,162,329.31823027761055,329.31823027761055
13,163,329.31823027761055,329.31823027761055
13,164,329.31823027761055,329.31823027761055
13,165,329.31823027761055,329.31823027761055
13,166,329.31823027761055,329.31823027761055
13,167,329.31823027761055,329.31823027761055
13,168,329.31823027761055,329.31823027761055
13,169,329.31823027761055,329.31823027761055
13,170,329.31823027761055,329.31823027761055
13,171,329.31823027761055,329.31823027761055
13,172,329.31823027761055,329.31823027761055
13,173,329.31823027761055,329.31823027761055
13,174,329.31823027761055,329.31823027761055
13,175,329.31823027761055,329.31823027761055
13,176,329.31823027761055,329.31823027761055
13,177,329.31823027761055,329.31823027761055
13,178,329.31823027761055,329.31823027761055
13,179,329.31823027761055,329.31823027761055
13,180,329.31823027761055,329.31823027761055
13,181,329.31823027761055,329.31823027761055
13,182,329.31823027761055,329.31823027761055
13,183,329.31823027761055,329.31823027761055
13,184,329.31823027761055,329.31823027761055
13,185,329.31823027761055,329.31823027761055
13,186,329.31823027761055,329.31823027761055
13,187,329.31823027761055,329.31823027761055
13,188,329.31823027761055,329.31823027761055
13,189,329.31823027761055,329.31823027761055
13,190,329.31823027761055,329.31823027761055
13,191,329.31823027761055,329.31823027761055
13,192,329.31823027761055,329.31823027761055
13,193,329.31823027761055,329.31823027761055
13,194,329.31823027761055,329.31823027761055
13,195,329.31823027761055,329.31823027761055
13,196,329.31823027761055,329.31823027761055
13,197,329.31823027761055,329.31823027761055
13,198,329.31823027761055,329.31823027761055
13,199,329.31823027761055,329.31823027761055
13,200,329.31823027761055,329.31823027761055
13,201,329.31823027761055,329.31823027761055
13,202,329.31823027761055,329.31823027761055
13,203,329.31823027761055,329.31823027761055
13,204,329.31823027761055,329.31823027761055
13,205,329.31823027761055,329.31823027761055
13,206,329.31823027761055,329.31823027761055
13,207,329.31823027761055,329.31823027761055
13,208,329.31823027761055,329.31823027761055
13,209,329.31823027761055,329.31823027761055
13,210,329.31823027761055,329.31823027761055
13,211,329.31823027761055,329.31823027761055
13,212,329.31823027761055,329.31823027761055
13,213,329.31823027761055,329.31823027761055
13,214,329.31823027761055,329.31823027761055
13,215,329.31823027761055,329.31823027761055
13,216,329.31823027761055,329.31823027761055
13,217,329.31823027761055,329.31823027761055
13,218,329.31823027761055,329.31823027761055
13,219,329.31823027761055,329.31823027761055
13,220,329.31823027761055,329.31823027761055
13,221,329.31823027761055,329.31823027761055
13,222,329.31823027761055,329.31823027761055
13,223,329.31823027761055,329.31823027761055
13,224,329.31823027761055,329.31823027761055
13,225,329.31823027761055,329.31823027761055
13,226,329.31823027761055,329.31823027761055
13,227,329.31823027761055,329.31823027761055
13,228,329.31823027761055,329.31823027761055
13,229,329.31823027761055,329.31823027761055
13,230,329.31823027761055,329.31823027761055
13,231,329.31823027761055,329.31823027761055
13,232,329.31823027761055,329.31823027761055
13,233,329.31823027761055,329.31823027761055
13,234,329.31823027761055,329.31823027761055
13,235,329.31823027761055,329.31823027761055
13,236,329.31823027761055,329.31823027761055
13,237,329.31823027761055,329.31823027761055
13,238,329.31823027761055,329.31823027761055
13,239,329.31823027761055,329.31823027761055
13,240,329.31823027761055,329.31823027761055
13,241,329.31823027761055,329.31823027761055
13,242,329.31823027761055,329.31823027761055
13,243,329.31823027761055,329.31823027761055
13,244,329.31823027761055,329.31823027761055
13,245,329.31823027761055,329.31823027761055
13,246,329.31823027761055,329.31823027761055
13,247,329.31823027761055,329.31823027761055
13,248,329.31823027761055,329.31823027761055
13,249,329.31823027761055,329.31823027761055
13,250,329.31823027761055,329.31823027761055
13,251,329.31823027761055,329.31823027761055
13,252,329.31823027761055,329.31823027761055
13,253,329.31823027761055,329.31823027761055
13,254,329.31823027761055,329.31823027761055
13,255,329.31823027761055,329.31823027761055
13,256,329.31823027761055,329.31823027761055
13,257,329.31823027761055,329.31823027761055
13,258,329.31823027761055,329.31823027761055
13,259,329.31823027761055,329.31823027761055
13,260,329.31823027761055,329.31823027761055
13,261,329.31823027761055,329.31823027761055
13,262,329.31823027761055,329.31823027761055
13,263,329.31823027761055,329.31823027761055
13,264,329.31823027761055,329.31823027761055
13,265,329.31823027761055,329.31823027761055
13,266,329.31823027761055,329.31823027761055
13,267,329.31823027761055,329.31823027761055
13,268,329.31823027761055,329.31823027761055
13,269,329.31823027761055,329.31823027761055
13,270,329.31823027761055,329.31823027761055
13,271,329.31823027761055,329.31823027761055
13,272,329.31823027761055,329.31823027761055
13,273,329.31823027761055,329.31823027761055
13,274,329.31823027761055,329.31823027761055
13,275,329.31823027761055,329.31823027761055
13,276,329.31823027761055,329.31823027761055
13,277,329.31823027761055,329.31823027761055
13,278,329.31823027761055,329.31823027761055
13,279,329.31823027761055,329.31823027761055
13,280,329.31823027761055,329.31823027761055
13,281,329.31823027761055,329.31823027761055
13,282,329.31823027761055,329.31823027761055
13,283,329.31823027761055,329.31823027761055
13,284,329.31823027761055,329.31823027761055
13,285,329.31823027761055,329.31823027761055
13,286,329.31823027761055,329.31823027761055
13,287,329.31823027761055,329.31823027761055
13,288,329.31823027761055,329.31823027761055
13,289,329.31823027761055,329.31823027761055
13,290,329.31823027761055,329.31823027761055
13,291,329.31823027761055,329.31823027761055
13,292,329.31823027761055,329.31823027761055
13,293,329.31823027761055,329.31823027761055
13,294,329.31823027761055,329.31823027761055
13,295,329.31823027761055,329.31823027761055
13,296,329.31823027761055,329.31823027761055
13,297,329.31823027761055,329.31823027761055
13,298,329.31823027761055,329.31823027761055
13,299,329.31823027761055,329.31823027761055
13,300,329.31823027761055,329.31823027761055
13,301,329.31823027761055,329.31823027761055
13,302,329.31823027761055,329.31823027761055
13,303,329.31823027761055,329.31823027761055
13,304,329.31823027761055,329.31823027761055
13,305,329.31823027761055,329.31823027761055
13,306,329.31823027761055,329.31823027761055
13,307,329.31823027761055,329.31823027761055
13,308,329.31823027761055,329.31823027761055
13,309,329.31823027761055,329.31823027761055
13,310,329.31823027761055,329.31823027761055
13,311,329.31823027761055,329.31823027761055
13,312,329.31823027761055,329.31823027761055
13,313,329.31823027761055,329.31823027761055
13,314,329.31823027761055,329.31823027761055
13,315,329.31823027761055,329.31823027761055
13,316,329.31823027761055,329.31823027761055
13,317,329.31823027761055,329.31823027761055
13,318,329.31823027761055,329.31823027761055
13,319,329.31823027761055,329.31823027761055
13,320,329.31823027761055,329.31823027761055
13,321,329.31823027761055,329.31823027761055
13,322,329.31823027761055,329.31823027761055
13,323,329.31823027761055,329.31823027761055
13,324,329.31823027761055,329.31823027761055
13,325,329.31823027761055,329.31823027761055
13,326,329.31823027761055,329.31823027761055
13,327,329.31823027761055,329.31823027761055
13,328,329.31823027761055,329.31823027761055
13,329,329.31823027761055,329.31823027761055
13,330,329.31823027761055,329.31823027761055
13,331,329.31823027761055,329.31823027761055
13,332,329.31823027761055,329.31823027761055
13,333,329.31823027761055,329.31823027761055
13,334,329.31823027761055,329.31823027761055
13,335,329.31823027761055,329.31823027761055
13,336,329.31823027761055,329.31823027761055
13,337,329.31823027761055,329.31823027761055
13,338,329.31823027761055,329.31823027761055
13,339,329.31823027761055,329.31823027761055
13,340,329.31823027761055,329.31823027761055
13,341,329.31823027761055,329.31823027761055
13,342,329.31823027761055,329.31823027761055
13,343,329.31823027761055,329.31823027761055
13,344,329.31823027761055,329.31823027761055
13,345,329.31823027761055,329.31823027761055
13,346,329.31823027761055,329.31823027761055
13,347,329.31823027761055,329.31823027761055
13,348,329.31823027761055,329.31823027761055
13,349,329.31823027761055,329.31823027761055
13,350,329.31823027761055,329.31823027761055
13,351,329.31823027761055,329.31823027761055
13,352,329.31823027761055,329.31823027761055
13,353,329.31823027761055,329.31823027761055
13,354,329.31823027761055,329.31823027761055
13,355,329.31823027761055,329.31823027761055
13,356,329.31823027761055,329.31823027761055
13,357,329.31823027761055,329.31823027761055
13,358,329.31823027761055,329.31823027761055
13,359,329.31823027761055,329.31823027761055
13,360,329.31823027761055,329.31823027761055
13,361,329.31823027761055,329.31823027761055
13,362,329.31823027761055,329.31823027761055
13,363,329.31823027761055,329.31823027761055
13,364,329.31823027761055,329.31823027761055
13,365,329.31823027761055,329.31823027761055
13,366,329.31823027761055,329.31823027761055
13,367,329.31823027761055,329.31823027761055
13,368,329.31823027761055,329.31823027761055
13,369,329.31823027761055,329.31823027761055
13,370,329.31823027761055,329.31823027761055
13,371,329.31823027761055,329.31823027761055
13,372,329.31823027761055,329.31823027761055
13,373,329.31823027761055,329.31823027761055
13,374,329.31823027761055,329.31823027761055
13,375,329.31823027761055,329.31823027761055
13,376,329.31823027761055,329.31823027761055
13,377,329.31823027761055,329.31823027761055
13,378,329.31823027761055,329.31823027761055
13,379,329.31823027761055,329.31823027761055
13,380,329.31823027761055,329.31823027761055
13,381,329.31823027761055,329.31823027761055
13,382,329.31823027761055,329.31823027761055
13,383,329.31823027761055,329.31823027761055
13,384,329.31823027761055,329.31823027761055
13,385,329.31823027761055,329.31823027761055
13,386,329.31823027761055,329.31823027761055
13,387,329.31823027761055,329.31823027761055
13,388,329.31823027761055,329.31823027761055
13,389,329.31823027761055,329.31823027761055
13,390,329.31823027761055,329.31823027761055
13,391,329.31823027761055,329.31823027761055
13,392,329.31823027761055,329.31823027761055
13,393,329.31823027761055,329.31823027761055
13,394,329.31823027761055,329.31823027761055
13,395,329.31823027761055,329.31823027761055
13,396,329.31823027761055,329.31823027761055
13,397,329.31823027761055,329.31823027761055
13,398,329.31823027761055,329.31823027761055
13,399,329.31823027761055,329.31823027761055
13,400,329.31823027761055,329.31823027761055
13,401,329.31823027761055,329.31823027761055
13,402,329.31823027761055,329.31823027761055
13,403,329.31823027761055,329.31823027761055
13,404,329.31823027761055,329.31823027761055
13,405,329.31823027761055,329.31823027761055
13,406,329.31823027761055,329.31823027761055
13,407,329.31823027761055,329.31823027761055
13,408,329.31823027761055,329.31823027761055
13,409,329.31823027761055,329.31823027761055
13,410,329.31823027761055,329.31823027761055
13,411,329.31823027761055,329.31823027761055
13,412,329.31823027761055,329.31823027761055
13,413,329.31823027761055,329.31823027761055
13,414,329.31823027761055,329.31823027761055
13,415,329.31823027761055,329.31823027761055
13,416,329.31823027761055,329.31823027761055
13,417,329.31823027761055,329.31823027761055
13,418,329.31823027761055,329.31823027761055
13,419,329.31823027761055,329.31823027761055
13,420,329.31823027761055,329.31823027761055
13,421,329.31823027761055,329.31823027761055
13,422,329.31823027761055,329.31823027761055
13,423,329.31823027761055,329.31823027761055
13,424,329.31823027761055,329.31823027761055
13,425,329.31823027761055,329.31823027761055
13,426,329.31823027761055,329.31823027761055
13,427,329.31823027761055,329.31823027761055
13,428,329.31823027761055,329.31823027761055
13,429,329.31823027761055,329.31823027761055
13,430,329.31823027761055,329.31823027761055
13,431,329.31823027761055,329.31823027761055
13,432,329.31823027761055,329.31823027761055
13,433,329.31823027761055,329.31823027761055
13,434,329.31823027761055,329.31823027761055
13,435,329.31823027761055,329.31823027761055
13,436,329.31823027761055,329.31823027761055
13,437,329.31823027761055,329.31823027761055
13,438,329.31823027761055,329.31823027761055
13,439,329.31823027761055,329.31823027761055
13,440,329.31823027761055,329.31823027761055
13,441,329.31823027761055,329.31823027761055
13,442,329.31823027761055,329.31823027761055
13,443,329.31823027761055,329.31823027761055
13,444,329.31823027761055,329.31823027761055
13,445,329.31823027761055,329.31823027761055
13,446,329.31823027761055,329.31823027761055
13,447,329.31823027761055,329.31823027761055
13,448,329.31823027761055,329.31823027761055
13,449,329.31823027761055,329.31823027761055
13,450,329.31823027761055,329.31823027761055
13,451,329.31823027761055,329.31823027761055
13,452,329.31823027761055,329.31823027761055
13,453,329.31823027761055,329.31823027761055
13,454,329.31823027761055,329.31823027761055
13,455,329.31823027761055,329.31823027761055
13,456,329.31823027761055,329.31823027761055
13,457,329.31823027761055,329.31823027761055
13,458,329.31823027761055,329.31823027761055
13,459,329.31823027761055,329.31823027761055
13,460,329.31823027761055,329.31823027761055
13,461,329.31823027761055,329.31823027761055
13,462,329.31823027761055,329.31823027761055
13,463,329.31823027761055,329.31823027761055
13,464,329.31823027761055,329.31823027761055
13,465,329.31823027761055,329.31823027761055
13,466,329.31823027761055,329.31823027761055
13,467,329.31823027761055,329.31823027761055
13,468,329.31823027761055,329.31823027761055
13,469,329.31823027761055,329.31823027761055
13,470,329.31823027761055,329.31823027761055
13,471,329.31823027761055,329.31823027761055
13,472,329.31823027761055,329.31823027761055
13,473,329.31823027761055,329.31823027761055
13,474,329.31823027761055,329.31823027761055
13,475,329.31823027761055,329.31823027761055
13,476,329.31823027761055,329.31823027761055
13,477,329.31823027761055,329.31823027761055
13,478,329.31823027761055,329.31823027761055
13,479,329.31823027761055,329.31823027761055
13,480,329.31823027761055,329.31823027761055
13,481,329.31823027761055,329.31823027761055
13,482,329.31823027761055,329.31823027761055
13,483,329.31823027761055,329.31823027761055
13,484,329.31823027761055,329.31823027761055
13,485,329.31823027761055,329.31823027761055
13,486,329.31823027761055,329.31823027761055
13,487,329.31823027761055,329.31823027761055
13,488,329.31823027761055,329.31823027761055
13,489,329.31823027761055,329.31823027761055
13,490,329.31823027761055,329.31823027761055
13,491,329.31823027761055,329.31823027761055
13,492,329.31823027761055,329.31823027761055
13,493,329.31823027761055,329.31823027761055
13,494,329.31823027761055,329.31823027761055
13,495,329.31823027761055,329.31823027761055
13,496,329.31823027761055,329.31823027761055
13,497,329.31823027761055,329.31823027761055
13,498,329.31823027761055,329.31823027761055
13,499,329.31823027761055,329.31823027761055
13,500,329.31823027761055,329.31823027761055
14,0,427.9651268010877,427.9651268010877
14,1,388.8406168834791,388.8406168834791
14,2,375.6659090201861,375.6659090201861
14,3,375.6659090201861,375.6659090201861
14,4,346.2754293187293,346.2754293187293
14,5,340.3797208992853,340.3797208992853
14,6,340.3797208992853,340.3797208992853
14,7,335.21393869705463,335.21393869705463
14,8,335.21393869705463,335.21393869705463
14,9,329.31823027761055,329.31823027761055
14,10,329.31823027761055,329.31823027761055
14,11,329.31823027761055,329.31823027761055
14,12,329.31823027761055,329.31823027761055
14,13,329.31823027761055,329.31823027761055
14,14,329.31823027761055,329.31823027761055
14,15,329.31823027761055,329.31823027761055
14,16,329.31823027761055,329.31823027761055
14,17,329.31823027761055,329.31823027761055
14,18,329.31823027761055,329.31823027761055
14,19,329.31823027761055,329.31823027761055
14,20,329.31823027761055,329.31823027761055
14,21,329.31823027761055,329.31823027761055
14,22,329.31823027761055,329.31823027761055
14,23,329.31823027761055,329.31823027761055
14,24,329.31823027761055,329.31823027761055
14,25,329.31823027761055,329.31823027761055
14,26,329.31823027761055,329.31823027761055
14,27,329.31823027761055,329.31823027761055
14,28,329.31823027761055,329.31823027761055
14,29,329.31823027761055,329.31823027761055
14,30,329.31823027761055,329.31823027761055
14,31,329.31823027761055,329.31823027761055
14,32,329.31823027761055,329.31823027761055
14,33,329.31823027761055,329.31823027761055
14,34,329.31823027761055,329.31823027761055
14,35,329.31823027761055,329.31823027761055
14,36,329.31823027761055,329.31823027761055
14,37,329.31823027761055,329.31823027761055
14,38,329.31823027761055,329.31823027761055
14,39,329.31823027761055,329.31823027761055
14,40,329.31823027761055,329.31823027761055
14,41,329.31823027761055,329.31823027761055
14,42,329.31823027761055,329.31823027761055
14,43,329.31823027761055,329.31823027761055
14,44,329.31823027761055,329.31823027761055
14,45,329.31823027761055,329.31823027761055
14,46,329.31823027761055,329.31823027761055
14,47,329.31823027761055,329.31823027761055
14,48,329.31823027761055,329.31823027761055
14,49,329.31823027761055,329.31823027761055
14,50,329.31823027761055,329.31823027761055
14,51,329.31823027761055,329.31823027761055
14,52,329.31823027761055,329.31823027761055
14,53,329.31823027761055,329.31823027761055
14,54,329.31823027761055,329.31823027761055
14,55,329.31823027761055,329.31823027761055
14,56,329.31823027761055,329.31823027761055
14,57,329.31823027761055,329.31823027761055
14,58,329.31823027761055,329.31823027761055
14,59,329.31823027761055,329.31823027761055
14,60,329.31823027761055,329.31823027761055
14,61,329.31823027761055,329.31823027761055
14,62,329.31823027761055,329.31823027761055
14,63,329.31823027761055,329.31823027761055
14,64,329.31823027761055,329.31823027761055
14,65,329.31823027761055,329.31823027761055
14,66,329.31823027761055,329.31823027761055
14,67,329.31823027761055,329.31823027761055
14,68,329.31823027761055,329.31823027761055
14,69,329.31823027761055,329.31823027761055
14,70,329.31823027761055,329.31823027761055
14,71,329.31823027761055,329.31823027761055
14,72,329.31823027761055,329.31823027761055
14,73,329.31823027761055,329.31823027761055
14,74,329.31823027761055,329.31823027761055
14,75,329.31823027761055,329.31823027761055
14,76,329.31823027761055,329.31823027761055
14,77,329.31823027761055,329.31823027761055
14,78,329.31823027761055,329.31823027761055
14,79,329.31823027761055,329.31823027761055
14,80,329.31823027761055,329.31823027761055
14,81,329.31823027761055,329.31823027761055
14,82,329.31823027761055,329.31823027761055
14,83,329.31823027761055,329.31823027761055
14,84,329.31823027761055,329.31823027761055
14,85,329.31823027761055,329.31823027761055
14,86,329.31823027761055,329.31823027761055
14,87,329.31823027761055,329.31823027761055
14,88,329.31823027761055,329.31823027761055
14,89,329.31823027761055,329.31823027761055
14,90,329.31823027761055,329.31823027761055
14,91,329.31823027761055,329.31823027761055
14,92,329.31823027761055,329.31823027761055
14,93,329.31823027761055,329.31823027761055
14,94,329.31823027761055,329.31823027761055
14,95,329.31823027761055,329.31823027761055
14,96,329.31823027761055,329.31823027761055
14,97,329.31823027761055,329.31823027761055
14,98,329.31823027761055,329.31823027761055
14,99,329.31823027761055,329.31823027761055
14,100,329.31823027761055,329.31823027761055
14,101,329.31823027761055,329.31823027761055
14,102,329.31823027761055,329.31823027761055
14,103,329.31823027761055,329.31823027761055
14,104,329.31823027761055,329.31823027761055
14,105,329.31823027761055,329.31823027761055
14,106,329.31823027761055,329.31823027761055
14,107,329.31823027761055,329.31823027761055
14,108,329.31823027761055,329.31823027761055
14,109,329.31823027761055,329.31823027761055
14,110,329.31823027761055,329.31823027761055
14,111,329.31823027761055,329.31823027761055
14,112,329.31823027761055,329.31823027761055
14,113,329.31823027761055,329.31823027761055
14,114,329.31823027761055,329.31823027761055
14,115,329.31823027761055,329.31823027761055
14,116,329.31823027761055,329.31823027761055
14,117,329.31823027761055,329.31823027761055
14,118,329.31823027761055,329.31823027761055
14,119,329.31823027761055,329.31823027761055
14,120,329.31823027761055,329.31823027761055
14,121,329.31823027761055,329.31823027761055
14,122,329.31823027761055,329.31823027761055
14,123,329.31823027761055,329.31823027761055
14,124,329.31823027761055,329.31823027761055
14,125,329.31823027761055,329.31823027761055
14,126,329.31823027761055,329.31823027761055
14,127,329.31823027761055,329.31823027761055
14,128,329.31823027761055,329.31823027761055
14,129,329.31823027761055,329.31823027761055
14,130,329.31823027761055,329.31823027761055
14,131,329.31823027761055,329.31823027761055
14,132,329.31823027761055,329.31823027761055
14,133,329.31823027761055,329.31823027761055
14,134,329.31823027761055,329.31823027761055
14,135,329.31823027761055,329.31823027761055
14,136,329.31823027761055,329.31823027761055
14,137,329.31823027761055,329.31823027761055
14,138,329.31823027761055,329.31823027761055
14,139,329.31823027761055,329.31823027761055
14,140,329.31823027761055,329.31823027761055
14,141,329.31823027761055,329.31823027761055
14,142,329.31823027761055,329.31823027761055
14,143,329.31823027761055,329.31823027761055
14,144,329.31823027761055,329.31823027761055
14,145,329.31823027761055,329.31823027761055
14,146,329.31823027761055,329.31823027761055
14,147,329.31823027761055,329.31823027761055
14,148,329.31823027761055,329.31823027761055
14,149,329.31823027761055,329.31823027761055
14,150,329.31823027761055,329.31823027761055
14,151,329.31823027761055,329.31823027761055
14,152,329.31823027761055,329.31823027761055
14,153,329.31823027761055,329.31823027761055
14,154,329.31823027761055,329.31823027761055
14,155,329.31823027761055,329.31823027761055
14,156,329.31823027761055,329.31823027761055
14,157,329.31823027761055,329.31823027761055
14,158,329.31823027761055,329.31823027761055
14,159,329.31823027761055,329.31823027761055
14,160,329.31823027761055,329.31823027761055
14,161,329.31823027761055,329.31823027761055
14,162,329.31823027761055,329.31823027761055
14,163,329.31823027761055,329.31823027761055
14,164,329.31823027761055,329.31823027761055
14,165,329.31823027761055,329.31823027761055
14,166,329.31823027761055,329.31823027761055
14,167,329.31823027761055,329.31823027761055
14,168,329.31823027761055,329.31823027761055
14,169,329.31823027761055,329.31823027761055
14,170,329.31823027761055,329.31823027761055
14,171,329.31823027761055,329.31823027761055
14,172,329.31823027761055,329.31823027761055
14,173,329.31823027761055,329.31823027761055
14,174,329.31823027761055,329.31823027761055
14,175,329.31823027761055,329.31823027761055
14,176,329.31823027761055,329.31823027761055
14,177,329.31823027761055,329.31823027761055
14,178,329.31823027761055,329.31823027761055
14,179,329.31823027761055,329.31823027761055
14,180,329.31823027761055,329.31823027761055
14,181,329.31823027761055,329.31823027761055
14,182,329.31823027761055,329.31823027761055
14,183,329.31823027761055,329.31823027761055
14,184,329.31823027761055,329.31823027761055
14,185,329.31823027761055,329.31823027761055
14,186,329.31823027761055,329.31823027761055
14,187,329.31823027761055,329.31823027761055
14,188,329.31823027761055,329.31823027761055
14,189,329.31823027761055,329.31823027761055
14,190,329.31823027761055,329.31823027761055
14,191,329.31823027761055,329.31823027761055
14,192,329.31823027761055,329.31823027761055
14,193,329.31823027761055,329.31823027761055
14,194,329.31823027761055,329.31823027761055
14,195,329.31823027761055,329.31823027761055
14,196,329.31823027761055,329.31823027761055
14,197,329.31823027761055,329.31823027761055
14,198,329.31823027761055,329.31823027761055
14,199,329.31823027761055,329.31823027761055
14,200,329.31823027761055,329.31823027761055
14,201,329.31823027761055,329.31823027761055
14,202,329.31823027761055,329.31823027761055
14,203,329.31823027761055,329.31823027761055
14,204,329.31823027761055,329.31823027761055
14,205,329.31823027761055,329.31823027761055
14,206,329.31823027761055,329.31823027761055
14,207,329.31823027761055,329.31823027761055
14,208,329.31823027761055,329.31823027761055
14,209,329.31823027761055,329.31823027761055
14,210,329.31823027761055,329.31823027761055
14,211,329.31823027761055,329.31823027761055
14,212,329.31823027761055,329.31823027761055
14,213,329.31823027761055,329.31823027761055
14,214,329.31823027761055,329.31823027761055
14,215,329.31823027761055,329.31823027761055
14,216,329.31823027761055,329.31823027761055
14,217,329.31823027761055,329.31823027761055
14,218,329.31823027761055,329.31823027761055
14,219,329.31823027761055,329.31823027761055
14,220,329.31823027761055,329.31823027761055
14,221,329.31823027761055,329.31823027761055
14,222,329.31823027761055,329.31823027761055
14,223,329.31823027761055,329.31823027761055
14,224,329.31823027761055,329.31823027761055
14,225,329.31823027761055,329.31823027761055
14,226,329.31823027761055,329.31823027761055
14,227,329.31823027761055,329.31823027761055
14,228,329.31823027761055,329.31823027761055
14,229,329.31823027761055,329.31823027761055
14,230,329.31823027761055,329.31823027761055
14,231,329.31823027761055,329.31823027761055
14,232,329.31823027761055,329.31823027761055
14,233,329.31823027761055,329.31823027761055
14,234,329.31823027761055,329.31823027761055
14,235,329.31823027761055,329.31823027761055
14,236,329.31823027761055,329.31823027761055
14,237,329.31823027761055,329.31823027761055
14,238,329.31823027761055,329.31823027761055
14,239,329.31823027761055,329.31823027761055
14,240,329.31823027761055,329.31823027761055
14,241,329.31823027761055,329.31823027761055
14,242,329.31823027761055,329.31823027761055
14,243,329.31823027761055,329.31823027761055
14,244,329.31823027761055,329.31823027761055
14,245,329.31823027761055,329.31823027761055
14,246,329.31823027761055,329.31823027761055
14,247,329.31823027761055,329.31823027761055
14,248,329.31823027761055,329.31823027761055
14,249,329.31823027761055,329.31823027761055
14,250,329.31823027761055,329.31823027761055
14,251,329.31823027761055,329.31823027761055
14,252,329.31823027761055,329.31823027761055
14,253,329.31823027761055,329.31823027761055
14,254,329.31823027761055,329.31823027761055
14,255,329.31823027761055,329.31823027761055
14,256,329.31823027761055,329.31823027761055
14,257,329.31823027761055,329.31823027761055
14,258,329.31823027761055,329.31823027761055
14,259,329.31823027761055,329.31823027761055
14,260,329.31823027761055,329.31823027761055
14,261,329.31823027761055,329.31823027761055
14,262,329.31823027761055,329.31823027761055
14,263,329.31823027761055,329.31823027761055
14,264,329.31823027761055,329.31823027761055
14,265,329.31823027761055,329.31823027761055
14,266,329.31823027761055,329.31823027761055
14,267,329.31823027761055,329.31823027761055
14,268,329.31823027761055,329.31823027761055
14,269,329.31823027761055,329.31823027761055
14,270,329.31823027761055,329.31823027761055
14,271,329.31823027761055,329.31823027761055
14,272,329.31823027761055,329.31823027761055
14,273,329.31823027761055,329.31823027761055
14,274,329.31823027761055,329.31823027761055
14,275,329.31823027761055,329.31823027761055
14,276,329.31823027761055,329.31823027761055
14,277,329.31823027761055,329.31823027761055
14,278,329.31823027761055,329.31823027761055
14,279,329.31823027761055,329.31823027761055
14,280,329.31823027761055,329.31823027761055
14,281,329.31823027761055,329.31823027761055
14,282,329.31823027761055,329.31823027761055
14,283,329.31823027761055,329.31823027761055
14,284,329.31823027761055,329.31823027761055
14,285,329.31823027761055,329.31823027761055
14,286,329.31823027761055,329.31823027761055
14,287,329.31823027761055,329.31823027761055
14,288,329.31823027761055,329.31823027761055
14,289,329.31823027761055,329.31823027761055
14,290,329.31823027761055,329.31823027761055
14,291,329.31823027761055,329.31823027761055
14,292,329.31823027761055,329.31823027761055
14,293,329.31823027761055,329.31823027761055
14,294,329.31823027761055,329.31823027761055
14,295,329.31823027761055,329.31823027761055
14,296,329.31823027761055,329.31823027761055
14,297,329.31823027761055,329.31823027761055
14,298,329.31823027761055,329.31823027761055
14,299,329.31823027761055,329.31823027761055
14,300,329.31823027761055,329.31823027761055
14,301,329.31823027761055,329.31823027761055
14,302,329.31823027761055,329.31823027761055
14,303,329.31823027761055,329.31823027761055
14,304,329.31823027761055,329.31823027761055
14,305,329.31823027761055,329.31823027761055
14,306,329.31823027761055,329.31823027761055
14,307,329.31823027761055,329.31823027761055
14,308,329.31823027761055,329.31823027761055
14,309,329.31823027761055,329.31823027761055
14,310,329.31823027761055,329.31823027761055
14,311,329.31823027761055,329.31823027761055
14,312,329.31823027761055,329.31823027761055
14,313,329.31823027761055,329.31823027761055
14,314,329.31823027761055,329.31823027761055
14,315,329.31823027761055,329.31823027761055
14,316,329.31823027761055,329.31823027761055
14,317,329.31823027761055,329.31823027761055
14,318,329.31823027761055,329.31823027761055
14,319,329.31823027761055,329.31823027761055
14,320,329.31823027761055,329.31823027761055
14,321,329.31823027761055,329.31823027761055
14,322,329.31823027761055,329.31823027761055
14,323,329.31823027761055,329.31823027761055
14,324,329.31823027761055,329.31823027761055
14,325,329.31823027761055,329.31823027761055
14,326,329.31823027761055,329.31823027761055
14,327,329.31823027761055,329.31823027761055
14,328,329.31823027761055,329.31823027761055
14,329,329.31823027761055,329.31823027761055
14,330,329.31823027761055,329.31823027761055
14,331,329.31823027761055,329.31823027761055
14,332,329.31823027761055,329.31823027761055
14,333,329.31823027761055,329.31823027761055
14,334,329.31823027761055,329.31823027761055
14,335,329.31823027761055,329.31823027761055
14,336,329.31823027761055,329.31823027761055
14,337,329.31823027761055,329.31823027761055
14,338,329.31823027761055,329.31823027761055
14,339,329.31823027761055,329.31823027761055
14,340,329.31823027761055,329.31823027761055
14,341,329.31823027761055,329.31823027761055
14,342,329.31823027761055,329.31823027761055
14,343,329.31823027761055,329.31823027761055
14,344,329.31823027761055,329.31823027761055
14,345,329.31823027761055,329.31823027761055
14,346,329.31823027761055,329.31823027761055
14,347,329.31823027761055,329.31823027761055
14,348,329.31823027761055,329.31823027761055
14,349,329.31823027761055,329.31823027761055
14,350,329.31823027761055,329.31823027761055
14,351,329.31823027761055,329.31823027761055
14,352,329.31823027761055,329.31823027761055
14,353,329.31823027761055,329.31823027761055
14,354,329.31823027761055,329.31823027761055
14,355,329.31823027761055,329.31823027761055
14,356,329.31823027761055,329.31823027761055
14,357,329.31823027761055,329.31823027761055
14,358,329.31823027761055,329.31823027761055
14,359,329.31823027761055,329.31823027761055
14,360,329.31823027761055,329.31823027761055
14,361,329.31823027761055,329.31823027761055
14,362,329.31823027761055,329.31823027761055
14,363,329.31823027761055,329.31823027761055
14,364,329.31823027761055,329.31823027761055
14,365,329.31823027761055,329.31823027761055
14,366,329.31823027761055,329.31823027761055
14,367,329.31823027761055,329.31823027761055
14,368,329.31823027761055,329.31823027761055
14,369,329.31823027761055,329.31823027761055
14,370,329.31823027761055,329.31823027761055
14,371,329.31823027761055,329.31823027761055
14,372,329.31823027761055,329.31823027761055
14,373,329.31823027761055,329.31823027761055
14,374,329.31823027761055,329.31823027761055
14,375,329.31823027761055,329.31823027761055
14,376,329.31823027761055,329.31823027761055
14,377,329.31823027761055,329.31823027761055
14,378,329.31823027761055,329.31823027761055
14,379,329.31823027761055,329.31823027761055
14,380,329.31823027761055,329.31823027761055
14,381,329.31823027761055,329.31823027761055
14,382,329.31823027761055,329.31823027761055
14,383,329.31823027761055,329.31823027761055
14,384,329.31823027761055,329.31823027761055
14,385,329.31823027761055,329.31823027761055
14,386,329.31823027761055,329.31823027761055
14,387,329.31823027761055,329.31823027761055
14,388,329.31823027761055,329.31823027761055
14,389,329.31823027761055,329.31823027761055
14,390,329.31823027761055,329.31823027761055
14,391,329.31823027761055,329.31823027761055
14,392,329.31823027761055,329.31823027761055
14,393,329.31823027761055,329.31823027761055
14,394,329.31823027761055,329.31823027761055
14,395,329.31823027761055,329.31823027761055
14,396,329.31823027761055,329.31823027761055
14,397,329.31823027761055,329.31823027761055
14,398,329.31823027761055,329.31823027761055
14,399,329.31823027761055,329.31823027761055
14,400,329.31823027761055,329.31823027761055
14,401,329.31823027761055,329.31823027761055
14,402,329.31823027761055,329.31823027761055
14,403,329.31823027761055,329.31823027761055
14,404,329.31823027761055,329.31823027761055
14,405,329.31823027761055,329.31823027761055
14,406,329.31823027761055,329.31823027761055
14,407,329.31823027761055,329.31823027761055
14,408,329.31823027761055,329.31823027761055
14,409,329.31823027761055,329.31823027761055
14,410,329.31823027761055,329.31823027761055
14,411,329.31823027761055,329.31823027761055
14,412,329.31823027761055,329.31823027761055
14,413,329.31823027761055,329.31823027761055
14,414,329.31823027761055,329.31823027761055
14,415,329.31823027761055,329.31823027761055
14,416,329.31823027761055,329.31823027761055
14,417,329.31823027761055,329.31823027761055
14,418,329.31823027761055,329.31823027761055
14,419,329.31823027761055,329.31823027761055
14,420,329.31823027761055,329.31823027761055
14,421,329.31823027761055,329.31823027761055
14,422,329.31823027761055,329.31823027761055
14,423,329.31823027761055,329.31823027761055
14,424,329.31823027761055,329.31823027761055
14,425,329.31823027761055,329.31823027761055
14,426,329.31823027761055,329.31823027761055
14,427,329.31823027761055,329.31823027761055
14,428,329.31823027761055,329.31823027761055
14,429,329.31823027761055,329.31823027761055
14,430,329.31823027761055,329.31823027761055
14,431,329.31823027761055,329.31823027761055
14,432,329.31823027761055,329.31823027761055
14,433,329.31823027761055,329.31823027761055
14,434,329.31823027761055,329.31823027761055
14,435,329.31823027761055,329.31823027761055
14,436,329.31823027761055,329.31823027761055
14,437,329.31823027761055,329.31823027761055
14,438,329.31823027761055,329.31823027761055
14,439,329.31823027761055,329.31823027761055
14,440,329.31823027761055,329.31823027761055
14,441,329.31823027761055,329.31823027761055
14,442,329.31823027761055,329.31823027761055
14,443,329.31823027761055,329.31823027761055
14,444,329.31823027761055,329.31823027761055
14,445,329.31823027761055,329.31823027761055
14,446,329.31823027761055,329.31823027761055
14,447,329.31823027761055,329.31823027761055
14,448,329.31823027761055,329.31823027761055
14,449,329.31823027761055,329.31823027761055
14,450,329.31823027761055,329.31823027761055
14,451,329.31823027761055,329.31823027761055
14,452,329.31823027761055,329.31823027761055
14,453,329.31823027761055,329.31823027761055
14,454,329.31823027761055,329.31823027761055
14,455,329.31823027761055,329.31823027761055
14,456,329.31823027761055,329.31823027761055
14,457,329.31823027761055,329.31823027761055
14,458,329.31823027761055,329.31823027761055
14,459,329.31823027761055,329.31823027761055
14,460,329.31823027761055,329.31823027761055
14,461,329.31823027761055,329.31823027761055
14,462,329.31823027761055,329.31823027761055
14,463,329.31823027761055,329.31823027761055
14,464,329.31823027761055,329.31823027761055
14,465,329.31823027761055,329.31823027761055
14,466,329.31823027761055,329.31823027761055
14,467,329.31823027761055,329.31823027761055
14,468,329.31823027761055,329.31823027761055
14,469,329.31823027761055,329.31823027761055
14,470,329.31823027761055,329.31823027761055
14,471,329.31823027761055,329.31823027761055
14,472,329.31823027761055,329.31823027761055
14,473,329.31823027761055,329.31823027761055
14,474,329.31823027761055,329.31823027761055
14,475,329.31823027761055,329.31823027761055
14,476,329.31823027761055,329.31823027761055
14,477,329.31823027761055,329.31823027761055
14,478,329.31823027761055,329.31823027761055
14,479,329.31823027761055,329.31823027761055
14,480,329.31823027761055,329.31823027761055
14,481,329.31823027761055,329.31823027761055
14,482,329.31823027761055,329.31823027761055
14,483,329.31823027761055,329.31823027761055
14,484,329.31823027761055,329.31823027761055
14,485,329.31823027761055,329.31823027761055
14,486,329.31823027761055,329.31823027761055
14,487,329.31823027761055,329.31823027761055
14,488,329.31823027761055,329.31823027761055
14,489,329.31823027761055,329.31823027761055
14,490,329.31823027761055,329.31823027761055
14,491,329.31823027761055,329.31823027761055
14,492,329.31823027761055,329.31823027761055
14,493,329.31823027761055,329.31823027761055
14,494,329.31823027761055,329.31823027761055
14,495,329.31823027761055,329.31823027761055
14,496,329.31823027761055,329.31823027761055
14,497,329.31823027761055,329.31823027761055
14,498,329.31823027761055,329.31823027761055
14,499,329.31823027761055,329.31823027761055
14,500,329.31823027761055,329.31823027761055
15,0,421.8441665872585,421.8441665872585
15,1,407.0856550308314,407.0856550308314
15,2,380.4141988435944,380.4141988435944
15,3,380.4141988435944,380.4141988435944
15,4,380.4141988435944,380.4141988435944
15,5,380.4141988435944,380.4141988435944
15,6,380.4141988435944,380.4141988435944
15,7,379.1640141800373,379.1640141800373
15,8,375.7232889116687,375.7232889116687
15,9,361.8209800464742,361.8209800464742
15,10,361.8209800464742,361.8209800464742
15,11,361.8209800464742,361.8209800464742
15,12,361.8209800464742,361.8209800464742
15,13,335.21393869705463,335.21393869705463
15,14,335.21393869705463,335.21393869705463
15,15,335.21393869705463,335.21393869705463
15,16,335.21393869705463,335.21393869705463
15,17,335.21393869705463,335.21393869705463
15,18,335.21393869705463,335.21393869705463
15,19,335.21393869705463,335.21393869705463
15,20,335.21393869705463,335.21393869705463
15,21,335.21393869705463,335.21393869705463
15,22,329.31823027761055,329.31823027761055
15,23,329.31823027761055,329.31823027761055
15,24,329.31823027761055,329.31823027761055
15,25,329.31823027761055,329.31823027761055
15,26,329.31823027761055,329.31823027761055
15,27,329.31823027761055,329.31823027761055
15,28,329.31823027761055,329.31823027761055
15,29,329.31823027761055,329.31823027761055
15,30,329.31823027761055,329.31823027761055
15,31,329.31823027761055,329.31823027761055
15,32,329.31823027761055,329.31823027761055
15,33,329.31823027761055,329.31823027761055
15,34,329.31823027761055,329.31823027761055
15,35,329.31823027761055,329.31823027761055
15,36,329.31823027761055,329.31823027761055
15,37,329.31823027761055,329.31823027761055
15,38,329.31823027761055,329.31823027761055
15,39,329.31823027761055,329.31823027761055
15,40,329.31823027761055,329.31823027761055
15,41,329.31823027761055,329.31823027761055
15,42,329.31823027761055,329.31823027761055
15,43,329.31823027761055,329.31823027761055
15,44,329.31823027761055,329.31823027761055
15,45,329.31823027761055,329.31823027761055
15,46,329.31823027761055,329.31823027761055
15,47,329.31823027761055,329.31823027761055
15,48,329.31823027761055,329.31823027761055
15,49,329.31823027761055,329.31823027761055
15,50,329.31823027761055,329.31823027761055
15,51,329.31823027761055,329.31823027761055
15,52,329.31823027761055,329.31823027761055
15,53,329.31823027761055,329.31823027761055
15,54,329.31823027761055,329.31823027761055
15,55,329.31823027761055,329.31823027761055
15,56,329.31823027761055,329.31823027761055
15,57,329.31823027761055,329.31823027761055
15,58,329.31823027761055,329.31823027761055
15,59,329.31823027761055,329.31823027761055
15,60,329.31823027761055,329.31823027761055
15,61,329.31823027761055,329.31823027761055
15,62,329.31823027761055,329.31823027761055
15,63,329.31823027761055,329.31823027761055
15,64,329.31823027761055,329.31823027761055
15,65,329.31823027761055,329.31823027761055
15,66,329.31823027761055,329.31823027761055
15,67,329.31823027761055,329.31823027761055
15,68,329.31823027761055,329.31823027761055
15,69,329.31823027761055,329.31823027761055
15,70,329.31823027761055,329.31823027761055
15,71,329.31823027761055,329.31823027761055
15,72,329.31823027761055,329.31823027761055
15,73,329.31823027761055,329.31823027761055
15,74,329.31823027761055,329.31823027761055
15,75,329.31823027761055,329.31823027761055
15,76,329.31823027761055,329.31823027761055
15,77,329.31823027761055,329.31823027761055
15,78,329.31823027761055,329.31823027761055
15,79,329.31823027761055,329.31823027761055
15,80,329.31823027761055,329.31823027761055
15,81,329.31823027761055,329.31823027761055
15,82,329.31823027761055,329.31823027761055
15,83,329.31823027761055,329.31823027761055
15,84,329.31823027761055,329.31823027761055
15,85,329.31823027761055,329.31823027761055
15,86,329.31823027761055,329.31823027761055
15,87,329.31823027761055,329.31823027761055
15,88,329.31823027761055,329.31823027761055
15,89,329.31823027761055,329.31823027761055
15,90,329.31823027761055,329.31823027761055
15,91,329.31823027761055,329.31823027761055
15,92,329.31823027761055,329.31823027761055
15,93,329.31823027761055,329.31823027761055
15,94,329.31823027761055,329.31823027761055
15,95,329.31823027761055,329.31823027761055
15,96,329.31823027761055,329.31823027761055
15,97,329.31823027761055,329.31823027761055
15,98,329.31823027761055,329.31823027761055
15,99,329.31823027761055,329.31823027761055
15,100,329.31823027761055,329.31823027761055
15,101,329.31823027761055,329.31823027761055
15,102,329.31823027761055,329.31823027761055
15,103,329.31823027761055,329.31823027761055
15,104,329.31823027761055,329.31823027761055
15,105,329.31823027761055,329.31823027761055
15,106,329.31823027761055,329.31823027761055
15,107,329.31823027761055,329.31823027761055
15,108,329.31823027761055,329.31823027761055
15,109,329.31823027761055,329.31823027761055
15,110,329.31823027761055,329.31823027761055
15,111,329.31823027761055,329.31823027761055
15,112,329.31823027761055,329.31823027761055
15,113,329.31823027761055,329.31823027761055
15,114,329.31823027761055,329.31823027761055
15,115,329.31823027761055,329.31823027761055
15,116,329.31823027761055,329.31823027761055
15,117,329.31823027761055,329.31823027761055
15,118,329.31823027761055,329.31823027761055
15,119,329.31823027761055,329.31823027761055
15,120,329.31823027761055,329.31823027761055
15,121,329.31823027761055,329.31823027761055
15,122,329.31823027761055,329.31823027761055
15,123,329.31823027761055,329.31823027761055
15,124,329.31823027761055,329.31823027761055
15,125,329.31823027761055,329.31823027761055
15,126,329.31823027761055,329.31823027761055
15,127,329.31823027761055,329.31823027761055
15,128,329.31823027761055,329.31823027761055
15,129,329.31823027761055,329.31823027761055
15,130,329.31823027761055,329.31823027761055
15,131,329.31823027761055,329.31823027761055
15,132,329.31823027761055,329.31823027761055
15,133,329.31823027761055,329.31823027761055
15,134,329.31823027761055,329.31823027761055
15,135,329.31823027761055,329.31823027761055
15,136,329.31823027761055,329.31823027761055
15,137,329.31823027761055,329.31823027761055
15,138,329.31823027761055,329.31823027761055
15,139,329.31823027761055,329.31823027761055
15,140,329.31823027761055,329.31823027761055
15,141,329.31823027761055,329.31823027761055
15,142,329.31823027761055,329.31823027761055
15,143,329.31823027761055,329.31823027761055
15,144,329.31823027761055,329.31823027761055
15,145,329.31823027761055,329.31823027761055
15,146,329.31823027761055,329.31823027761055
15,147,329.31823027761055,329.31823027761055
15,148,329.31823027761055,329.31823027761055
15,149,329.31823027761055,329.31823027761055
15,150,329.31823027761055,329.31823027761055
15,151,329.31823027761055,329.31823027761055
15,152,329.31823027761055,329.31823027761055
15,153,329.31823027761055,329.31823027761055
15,154,329.31823027761055,329.31823027761055
15,155,329.31823027761055,329.31823027761055
15,156,329.31823027761055,329.31823027761055
15,157,329.31823027761055,329.31823027761055
15,158,329.31823027761055,329.31823027761055
15,159,329.31823027761055,329.31823027761055
15,160,329.31823027761055,329.31823027761055
15,161,329.31823027761055,329.31823027761055
15,162,329.31823027761055,329.31823027761055
15,163,329.31823027761055,329.31823027761055
15,164,329.31823027761055,329.31823027761055
15,165,329.31823027761055,329.31823027761055
15,166,329.31823027761055,329.31823027761055
15,167,329.31823027761055,329.31823027761055
15,168,329.31823027761055,329.31823027761055
15,169,329.31823027761055,329.31823027761055
15,170,329.31823027761055,329.31823027761055
15,171,329.31823027761055,329.31823027761055
15,172,329.31823027761055,329.31823027761055
15,173,329.31823027761055,329.31823027761055
15,174,329.31823027761055,329.31823027761055
15,175,329.31823027761055,329.31823027761055
15,176,329.31823027761055,329.31823027761055
15,177,329.31823027761055,329.31823027761055
15,178,329.31823027761055,329.31823027761055
15,179,329.31823027761055,329.31823027761055
15,180,329.31823027761055,329.31823027761055
15,181,329.31823027761055,329.31823027761055
15,182,329.31823027761055,329.31823027761055
15,183,329.31823027761055,329.31823027761055
15,184,329.31823027761055,329.31823027761055
15,185,329.31823027761055,329.31823027761055
15,186,329.31823027761055,329.31823027761055
15,187,329.31823027761055,329.31823027761055
15,188,329.31823027761055,329.31823027761055
15,189,329.31823027761055,329.31823027761055
15,190,329.31823027761055,329.31823027761055
15,191,329.31823027761055,329.31823027761055
15,192,329.31823027761055,329.31823027761055
15,193,329.31823027761055,329.31823027761055
15,194,329.31823027761055,329.31823027761055
15,195,329.31823027761055,329.31823027761055
15,196,329.31823027761055,329.31823027761055
15,197,329.31823027761055,329.31823027761055
15,198,329.31823027761055,329.31823027761055
15,199,329.31823027761055,329.31823027761055
15,200,329.31823027761055,329.31823027761055
15,201,329.31823027761055,329.31823027761055
15,202,329.31823027761055,329.31823027761055
15,203,329.31823027761055,329.31823027761055
15,204,329.31823027761055,329.31823027761055
15,205,329.31823027761055,329.31823027761055
15,206,329.31823027761055,329.31823027761055
15,207,329.31823027761055,329.31823027761055
15,208,329.31823027761055,329.31823027761055
15,209,329.31823027761055,329.31823027761055
15,210,329.31823027761055,329.31823027761055
15,211,329.31823027761055,329.31823027761055
15,212,329.31823027761055,329.31823027761055
15,213,329.31823027761055,329.31823027761055
15,214,329.31823027761055,329.31823027761055
15,215,329.31823027761055,329.31823027761055
15,216,329.31823027761055,329.31823027761055
15,217,329.31823027761055,329.31823027761055
15,218,329.31823027761055,329.31823027761055
15,219,329.31823027761055,329.31823027761055
15,220,329.31823027761055,329.31823027761055
15,221,329.31823027761055,329.31823027761055
15,222,329.31823027761055,329.31823027761055
15,223,329.31823027761055,329.31823027761055
15,224,329.31823027761055,329.31823027761055
15,225,329.31823027761055,329.31823027761055
15,226,329.31823027761055,329.31823027761055
15,227,329.31823027761055,329.31823027761055
15,228,329.31823027761055,329.31823027761055
15,229,329.31823027761055,329.31823027761055
15,230,329.31823027761055,329.31823027761055
15,231,329.31823027761055,329.31823027761055
15,232,329.31823027761055,329.31823027761055
15,233,329.31823027761055,329.31823027761055
15,234,329.31823027761055,329.31823027761055
15,235,329.31823027761055,329.31823027761055
15,236,329.31823027761055,329.31823027761055
15,237,329.31823027761055,329.31823027761055
15,238,329.31823027761055,329.31823027761055
15,239,329.31823027761055,329.31823027761055
15,240,329.31823027761055,329.31823027761055
15,241,329.31823027761055,329.31823027761055
15,242,329.31823027761055,329.31823027761055
15,243,329.31823027761055,329.31823027761055
15,244,329.31823027761055,329.31823027761055
15,245,329.31823027761055,329.31823027761055
15,246,329.31823027761055,329.31823027761055
15,247,329.31823027761055,329.31823027761055
15,248,329.31823027761055,329.31823027761055
15,249,329.31823027761055,329.31823027761055
15,250,329.31823027761055,329.31823027761055
15,251,329.31823027761055,329.31823027761055
15,252,329.31823027761055,329.31823027761055
15,253,329.31823027761055,329.31823027761055
15,254,329.31823027761055,329.31823027761055
15,255,329.31823027761055,329.31823027761055
15,256,329.31823027761055,329.31823027761055
15,257,329.31823027761055,329.31823027761055
15,258,329.31823027761055,329.31823027761055
15,259,329.31823027761055,329.31823027761055
15,260,329.31823027761055,329.31823027761055
15,261,329.31823027761055,329.31823027761055
15,262,329.31823027761055,329.31823027761055
15,263,329.31823027761055,329.31823027761055
15,264,329.31823027761055,329.31823027761055
15,265,329.31823027761055,329.31823027761055
15,266,329.31823027761055,329.31823027761055
15,267,329.31823027761055,329.31823027761055
15,268,329.31823027761055,329.31823027761055
15,269,329.31823027761055,329.31823027761055
15,270,329.31823027761055,329.31823027761055
15,271,329.31823027761055,329.31823027761055
15,272,329.31823027761055,329.31823027761055
15,273,329.31823027761055,329.31823027761055
15,274,329.31823027761055,329.31823027761055
15,275,329.31823027761055,329.31823027761055
15,276,329.31823027761055,329.31823027761055
15,277,329.31823027761055,329.31823027761055
15,278,329.31823027761055,329.31823027761055
15,279,329.31823027761055,329.31823027761055
15,280,329.31823027761055,329.31823027761055
15,281,329.31823027761055,329.31823027761055
15,282,329.31823027761055,329.31823027761055
15,283,329.31823027761055,329.31823027761055
15,284,329.31823027761055,329.31823027761055
15,285,329.31823027761055,329.31823027761055
15,286,329.31823027761055,329.31823027761055
15,287,329.31823027761055,329.31823027761055
15,288,329.31823027761055,329.31823027761055
15,289,329.31823027761055,329.31823027761055
15,290,329.31823027761055,329.31823027761055
15,291,329.31823027761055,329.31823027761055
15,292,329.31823027761055,329.31823027761055
15,293,329.31823027761055,329.31823027761055
15,294,329.31823027761055,329.31823027761055
15,295,329.31823027761055,329.31823027761055
15,296,329.31823027761055,329.31823027761055
15,297,329.31823027761055,329.31823027761055
15,298,329.31823027761055,329.31823027761055
15,299,329.31823027761055,329.31823027761055
15,300,329.31823027761055,329.31823027761055
15,301,329.31823027761055,329.31823027761055
15,302,329.31823027761055,329.31823027761055
15,303,329.31823027761055,329.31823027761055
15,304,329.31823027761055,329.31823027761055
15,305,329.31823027761055,329.31823027761055
15,306,329.31823027761055,329.31823027761055
15,307,329.31823027761055,329.31823027761055
15,308,329.31823027761055,329.31823027761055
15,309,329.31823027761055,329.31823027761055
15,310,329.31823027761055,329.31823027761055
15,311,329.31823027761055,329.31823027761055
15,312,329.31823027761055,329.31823027761055
15,313,329.31823027761055,329.31823027761055
15,314,329.31823027761055,329.31823027761055
15,315,329.31823027761055,329.31823027761055
15,316,329.31823027761055,329.31823027761055
15,317,329.31823027761055,329.31823027761055
15,318,329.31823027761055,329.31823027761055
15,319,329.31823027761055,329.31823027761055
15,320,329.31823027761055,329.31823027761055
15,321,329.31823027761055,329.31823027761055
15,322,329.31823027761055,329.31823027761055
15,323,329.31823027761055,329.31823027761055
15,324,329.31823027761055,329.31823027761055
15,325,329.31823027761055,329.31823027761055
15,326,329.31823027761055,329.31823027761055
15,327,329.31823027761055,329.31823027761055
15,328,329.31823027761055,329.31823027761055
15,329,329.31823027761055,329.31823027761055
15,330,329.31823027761055,329.31823027761055
15,331,329.31823027761055,329.31823027761055
15,332,329.31823027761055,329.31823027761055
15,333,329.31823027761055,329.31823027761055
15,334,329.31823027761055,329.31823027761055
15,335,329.31823027761055,329.31823027761055
15,336,329.31823027761055,329.31823027761055
15,337,329.31823027761055,329.31823027761055
15,338,329.31823027761055,329.31823027761055
15,339,329.31823027761055,329.31823027761055
15,340,329.31823027761055,329.31823027761055
15,341,329.31823027761055,329.31823027761055
15,342,329.31823027761055,329.31823027761055
15,343,329.31823027761055,329.31823027761055
15,344,329.31823027761055,329.31823027761055
15,345,329.31823027761055,329.31823027761055
15,346,329.31823027761055,329.31823027761055
15,347,329.31823027761055,329.31823027761055
15,348,329.31823027761055,329.31823027761055
15,349,329.31823027761055,329.31823027761055
15,350,329.31823027761055,329.31823027761055
15,351,329.31823027761055,329.31823027761055
15,352,329.31823027761055,329.31823027761055
15,353,329.31823027761055,329.31823027761055
15,354,329.31823027761055,329.31823027761055
15,355,329.31823027761055,329.31823027761055
15,356,329.31823027761055,329.31823027761055
15,357,329.31823027761055,329.31823027761055
15,358,329.31823027761055,329.31823027761055
15,359,329.31823027761055,329.31823027761055
15,360,329.31823027761055,329.31823027761055
15,361,329.31823027761055,329.31823027761055
15,362,329.31823027761055,329.31823027761055
15,363,329.31823027761055,329.31823027761055
15,364,329.31823027761055,329.31823027761055
15,365,329.31823027761055,329.31823027761055
15,366,329.31823027761055,329.31823027761055
15,367,329.31823027761055,329.31823027761055
15,368,329.31823027761055,329.31823027761055
15,369,329.31823027761055,329.31823027761055
15,370,329.31823027761055,329.31823027761055
15,371,329.31823027761055,329.31823027761055
15,372,329.31823027761055,329.31823027761055
15,373,329.31823027761055,329.31823027761055
15,374,329.31823027761055,329.31823027761055
15,375,329.31823027761055,329.31823027761055
15,376,329.31823027761055,329.31823027761055
15,377,329.31823027761055,329.31823027761055
15,378,329.31823027761055,329.31823027761055
15,379,329.31823027761055,329.31823027761055
15,380,329.31823027761055,329.31823027761055
15,381,329.31823027761055,329.31823027761055
15,382,329.31823027761055,329.31823027761055
15,383,329.31823027761055,329.31823027761055
15,384,329.31823027761055,329.31823027761055
15,385,329.31823027761055,329.31823027761055
15,386,329.31823027761055,329.31823027761055
15,387,329.31823027761055,329.31823027761055
15,388,329.31823027761055,329.31823027761055
15,389,329.31823027761055,329.31823027761055
15,390,329.31823027761055,329.31823027761055
15,391,329.31823027761055,329.31823027761055
15,392,329.31823027761055,329.31823027761055
15,393,329.31823027761055,329.31823027761055
15,394,329.31823027761055,329.31823027761055
15,395,329.31823027761055,329.31823027761055
15,396,329.31823027761055,329.31823027761055
15,397,329.31823027761055,329.31823027761055
15,398,329.31823027761055,329.31823027761055
15,399,329.31823027761055,329.31823027761055
15,400,329.31823027761055,329.31823027761055
15,401,329.31823027761055,329.31823027761055
15,402,329.31823027761055,329.31823027761055
15,403,329.31823027761055,329.31823027761055
15,404,329.31823027761055,329.31823027761055
15,405,329.31823027761055,329.31823027761055
15,406,329.31823027761055,329.31823027761055
15,407,329.31823027761055,329.31823027761055
15,408,329.31823027761055,329.31823027761055
15,409,329.31823027761055,329.31823027761055
15,410,329.31823027761055,329.31823027761055
15,411,329.31823027761055,329.31823027761055
15,412,329.31823027761055,329.31823027761055
15,413,329.31823027761055,329.31823027761055
15,414,329.31823027761055,329.31823027761055
15,415,329.31823027761055,329.31823027761055
15,416,329.31823027761055,329.31823027761055
15,417,329.31823027761055,329.31823027761055
15,418,329.31823027761055,329.31823027761055
15,419,329.31823027761055,329.31823027761055
15,420,329.31823027761055,329.31823027761055
15,421,329.31823027761055,329.31823027761055
15,422,329.31823027761055,329.31823027761055
15,423,329.31823027761055,329.31823027761055
15,424,329.31823027761055,329.31823027761055
15,425,329.31823027761055,329.31823027761055
15,426,329.31823027761055,329.31823027761055
15,427,329.31823027761055,329.31823027761055
15,428,329.31823027761055,329.31823027761055
15,429,329.31823027761055,329.31823027761055
15,430,329.31823027761055,329.31823027761055
15,431,329.31823027761055,329.31823027761055
15,432,329.31823027761055,329.31823027761055
15,433,329.31823027761055,329.31823027761055
15,434,329.31823027761055,329.31823027761055
15,435,329.31823027761055,329.31823027761055
15,436,329.31823027761055,329.31823027761055
15,437,329.31823027761055,329.31823027761055
15,438,329.31823027761055,329.31823027761055
15,439,329.31823027761055,329.31823027761055
15,440,329.31823027761055,329.31823027761055
15,441,329.31823027761055,329.31823027761055
15,442,329.31823027761055,329.31823027761055
15,443,329.31823027761055,329.31823027761055
15,444,329.31823027761055,329.31823027761055
15,445,329.31823027761055,329.31823027761055
15,446,329.31823027761055,329.31823027761055
15,447,329.31823027761055,329.31823027761055
15,448,329.31823027761055,329.31823027761055
15,449,329.31823027761055,329.31823027761055
15,450,329.31823027761055,329.31823027761055
15,451,329.31823027761055,329.31823027761055
15,452,329.31823027761055,329.31823027761055
15,453,329.31823027761055,329.31823027761055
15,454,329.31823027761055,329.31823027761055
15,455,329.31823027761055,329.31823027761055
15,456,329.31823027761055,329.31823027761055
15,457,329.31823027761055,329.31823027761055
15,458,329.31823027761055,329.31823027761055
15,459,329.31823027761055,329.31823027761055
15,460,329.31823027761055,329.31823027761055
15,461,329.31823027761055,329.31823027761055
15,462,329.31823027761055,329.31823027761055
15,463,329.31823027761055,329.31823027761055
15,464,329.31823027761055,329.31823027761055
15,465,329.31823027761055,329.31823027761055
15,466,329.31823027761055,329.31823027761055
15,467,329.31823027761055,329.31823027761055
15,468,329.31823027761055,329.31823027761055
15,469,329.31823027761055,329.31823027761055
15,470,329.31823027761055,329.31823027761055
15,471,329.31823027761055,329.31823027761055
15,472,329.31823027761055,329.31823027761055
15,473,329.31823027761055,329.31823027761055
15,474,329.31823027761055,329.31823027761055
15,475,329.31823027761055,329.31823027761055
15,476,329.31823027761055,329.31823027761055
15,477,329.31823027761055,329.31823027761055
15,478,329.31823027761055,329.31823027761055
15,479,329.31823027761055,329.31823027761055
15,480,329.31823027761055,329.31823027761055
15,481,329.31823027761055,329.31823027761055
15,482,329.31823027761055,329.31823027761055
15,483,329.31823027761055,329.31823027761055
15,484,329.31823027761055,329.31823027761055
15,485,329.31823027761055,329.31823027761055
15,486,329.31823027761055,329.31823027761055
15,487,329.31823027761055,329.31823027761055
15,488,329.31823027761055,329.31823027761055
15,489,329.31823027761055,329.31823027761055
15,490,329.31823027761055,329.31823027761055
15,491,329.31823027761055,329.31823027761055
15,492,329.31823027761055,329.31823027761055
15,493,329.31823027761055,329.31823027761055
15,494,329.31823027761055,329.31823027761055
15,495,329.31823027761055,329.31823027761055
15,496,329.31823027761055,329.31823027761055
15,497,329.31823027761055,329.31823027761055
15,498,329.31823027761055,329.31823027761055
15,499,329.31823027761055,329.31823027761055
15,500,329.31823027761055,329.31823027761055
16,0,413.575884782135,413.575884782135
16,1,393.6440346053075,393.6440346053075
16,2,393.31184240915803,393.31184240915803
16,3,393.31184240915803,393.31184240915803
16,4,389.5896945855875,389.5896945855875
16,5,389.5896945855875,389.5896945855875
16,6,377.56646910866203,377.56646910866203
16,7,346.2754293187293,346.2754293187293
16,8,329.31823027761055,329.31823027761055
16,9,329.31823027761055,329.31823027761055
16,10,329.31823027761055,329.31823027761055
16,11,329.31823027761055,329.31823027761055
16,12,329.31823027761055,329.31823027761055
16,13,329.31823027761055,329.31823027761055
16,14,329.31823027761055,329.31823027761055
16,15,329.31823027761055,329.31823027761055
16,16,329.31823027761055,329.31823027761055
16,17,329.31823027761055,329.31823027761055
16,18,329.31823027761055,329.31823027761055
16,19,329.31823027761055,329.31823027761055
16,20,329.31823027761055,329.31823027761055
16,21,329.31823027761055,329.31823027761055
16,22,329.31823027761055,329.31823027761055
16,23,329.31823027761055,329.31823027761055
16,24,329.31823027761055,329.31823027761055
16,25,329.31823027761055,329.31823027761055
16,26,329.31823027761055,329.31823027761055
16,27,329.31823027761055,329.31823027761055
16,28,329.31823027761055,329.31823027761055
16,29,329.31823027761055,329.31823027761055
16,30,329.31823027761055,329.31823027761055
16,31,329.31823027761055,329.31823027761055
16,32,329.31823027761055,329.31823027761055
16,33,329.31823027761055,329.31823027761055
16,34,329.31823027761055,329.31823027761055
16,35,329.31823027761055,329.31823027761055
16,36,329.31823027761055,329.31823027761055
16,37,329.31823027761055,329.31823027761055
16,38,329.31823027761055,329.31823027761055
16,39,329.31823027761055,329.31823027761055
16,40,329.31823027761055,329.31823027761055
16,41,329.31823027761055,329.31823027761055
16,42,329.31823027761055,329.31823027761055
16,43,329.31823027761055,329.31823027761055
16,44,329.31823027761055,329.31823027761055
16,45,329.31823027761055,329.31823027761055
16,46,329.31823027761055,329.31823027761055
16,47,329.31823027761055,329.31823027761055
16,48,329.31823027761055,329.31823027761055
16,49,329.31823027761055,329.31823027761055
16,50,329.31823027761055,329.31823027761055
16,51,329.31823027761055,329.31823027761055
16,52,329.31823027761055,329.31823027761055
16,53,329.31823027761055,329.31823027761055
16,54,329.31823027761055,329.31823027761055
16,55,329.31823027761055,329.31823027761055
16,56,329.31823027761055,329.31823027761055
16,57,329.31823027761055,329.31823027761055
16,58,329.31823027761055,329.31823027761055
16,59,329.31823027761055,329.31823027761055
16,60,329.31823027761055,329.31823027761055
16,61,329.31823027761055,329.31823027761055
16,62,329.31823027761055,329.31823027761055
16,63,329.31823027761055,329.31823027761055
16,64,329.31823027761055,329.31823027761055
16,65,329.31823027761055,329.31823027761055
16,66,329.31823027761055,329.31823027761055
16,67,329.31823027761055,329.31823027761055
16,68,329.31823027761055,329.31823027761055
16,69,329.31823027761055,329.31823027761055
16,70,329.31823027761055,329.31823027761055
16,71,329.31823027761055,329.31823027761055
16,72,329.31823027761055,329.31823027761055
16,73,329.31823027761055,329.31823027761055
16,74,329.31823027761055,329.31823027761055
16,75,329.31823027761055,329.31823027761055
16,76,329.31823027761055,329.31823027761055
16,77,329.31823027761055,329.31823027761055
16,78,329.31823027761055,329.31823027761055
16,79,329.31823027761055,329.31823027761055
16,80,329.31823027761055,329.31823027761055
16,81,329.31823027761055,329.31823027761055
16,82,329.31823027761055,329.31823027761055
16,83,329.31823027761055,329.31823027761055
16,84,329.31823027761055,329.31823027761055
16,85,329.31823027761055,329.31823027761055
16,86,329.31823027761055,329.31823027761055
16,87,329.31823027761055,329.31823027761055
16,88,329.31823027761055,329.31823027761055
16,89,329.31823027761055,329.31823027761055
16,90,329.31823027761055,329.31823027761055
16,91,329.31823027761055,329.31823027761055
16,92,329.31823027761055,329.31823027761055
16,93,329.31823027761055,329.31823027761055
16,94,329.31823027761055,329.31823027761055
16,95,329.31823027761055,329.31823027761055
16,96,329.31823027761055,329.31823027761055
16,97,329.31823027761055,329.31823027761055
16,98,329.31823027761055,329.31823027761055
16,99,329.31823027761055,329.31823027761055
16,100,329.31823027761055,329.31823027761055
16,101,329.31823027761055,329.31823027761055
16,102,329.31823027761055,329.31823027761055
16,103,329.31823027761055,329.31823027761055
16,104,329.31823027761055,329.31823027761055
16,105,329.31823027761055,329.31823027761055
16,106,329.31823027761055,329.31823027761055
16,107,329.31823027761055,329.31823027761055
16,108,329.31823027761055,329.31823027761055
16,109,329.31823027761055,329.31823027761055
16,110,329.31823027761055,329.31823027761055
16,111,329.31823027761055,329.31823027761055
16,112,329.31823027761055,329.31823027761055
16,113,329.31823027761055,329.31823027761055
16,114,329.31823027761055,329.31823027761055
16,115,329.31823027761055,329.31823027761055
16,116,329.31823027761055,329.31823027761055
16,117,329.31823027761055,329.31823027761055
16,118,329.31823027761055,329.31823027761055
16,119,329.31823027761055,329.31823027761055
16,120,329.31823027761055,329.31823027761055
16,121,329.31823027761055,329.31823027761055
16,122,329.31823027761055,329.31823027761055
16,123,329.31823027761055,329.31823027761055
16,124,329.31823027761055,329.31823027761055
16,125,329.31823027761055,329.31823027761055
16,126,329.31823027761055,329.31823027761055
16,127,329.31823027761055,329.31823027761055
16,128,329.31823027761055,329.31823027761055
16,129,329.31823027761055,329.31823027761055
16,130,329.31823027761055,329.31823027761055
16,131,329.31823027761055,329.31823027761055
16,132,329.31823027761055,329.31823027761055
16,133,329.31823027761055,329.31823027761055
16,134,329.31823027761055,329.31823027761055
16,135,329.31823027761055,329.31823027761055
16,136,329.31823027761055,329.31823027761055
16,137,329.31823027761055,329.31823027761055
16,138,329.31823027761055,329.31823027761055
16,139,329.31823027761055,329.31823027761055
16,140,329.31823027761055,329.31823027761055
16,141,329.31823027761055,329.31823027761055
16,142,329.31823027761055,329.31823027761055
16,143,329.31823027761055,329.31823027761055
16,144,329.31823027761055,329.31823027761055
16,145,329.31823027761055,329.31823027761055
16,146,329.31823027761055,329.31823027761055
16,147,329.31823027761055,329.31823027761055
16,148,329.31823027761055,329.31823027761055
16,149,329.31823027761055,329.31823027761055
16,150,329.31823027761055,329.31823027761055
16,151,329.31823027761055,329.31823027761055
16,152,329.31823027761055,329.31823027761055
16,153,329.31823027761055,329.31823027761055
16,154,329.31823027761055,329.31823027761055
16,155,329.31823027761055,329.31823027761055
16,156,329.31823027761055,329.31823027761055
16,157,329.31823027761055,329.31823027761055
16,158,329.31823027761055,329.31823027761055
16,159,329.31823027761055,329.31823027761055
16,160,329.31823027761055,329.31823027761055
16,161,329.31823027761055,329.31823027761055
16,162,329.31823027761055,329.31823027761055
16,163,329.31823027761055,329.31823027761055
16,164,329.31823027761055,329.31823027761055
16,165,329.31823027761055,329.31823027761055
16,166,329.31823027761055,329.31823027761055
16,167,329.31823027761055,329.31823027761055
16,168,329.31823027761055,329.31823027761055
16,169,329.31823027761055,329.31823027761055
16,170,329.31823027761055,329.31823027761055
16,171,329.31823027761055,329.31823027761055
16,172,329.31823027761055,329.31823027761055
16,173,329.31823027761055,329.31823027761055
16,174,329.31823027761055,329.31823027761055
16,175,329.31823027761055,329.31823027761055
16,176,329.31823027761055,329.31823027761055
16,177,329.31823027761055,329.31823027761055
16,178,329.31823027761055,329.31823027761055
16,179,329.31823027761055,329.31823027761055
16,180,329.31823027761055,329.31823027761055
16,181,329.31823027761055,329.31823027761055
16,182,329.31823027761055,329.31823027761055
16,183,329.31823027761055,329.31823027761055
16,184,329.31823027761055,329.31823027761055
16,185,329.31823027761055,329.31823027761055
16,186,329.31823027761055,329.31823027761055
16,187,329.31823027761055,329.31823027761055
16,188,329.31823027761055,329.31823027761055
16,189,329.31823027761055,329.31823027761055
16,190,329.31823027761055,329.31823027761055
16,191,329.31823027761055,329.31823027761055
16,192,329.31823027761055,329.31823027761055
16,193,329.31823027761055,329.31823027761055
16,194,329.31823027761055,329.31823027761055
16,195,329.31823027761055,329.31823027761055
16,196,329.31823027761055,329.31823027761055
16,197,329.31823027761055,329.31823027761055
16,198,329.31823027761055,329.31823027761055
16,199,329.31823027761055,329.31823027761055
16,200,329.31823027761055,329.31823027761055
16,201,329.31823027761055,329.31823027761055
16,202,329.31823027761055,329.31823027761055
16,203,329.31823027761055,329.31823027761055
16,204,329.31823027761055,329.31823027761055
16,205,329.31823027761055,329.31823027761055
16,206,329.31823027761055,329.31823027761055
16,207,329.31823027761055,329.31823027761055
16,208,329.31823027761055,329.31823027761055
16,209,329.31823027761055,329.31823027761055
16,210,329.31823027761055,329.31823027761055
16,211,329.31823027761055,329.31823027761055
16,212,329.31823027761055,329.31823027761055
16,213,329.31823027761055,329.31823027761055
16,214,329.31823027761055,329.31823027761055
16,215,329.31823027761055,329.31823027761055
16,216,329.31823027761055,329.31823027761055
16,217,329.31823027761055,329.31823027761055
16,218,329.31823027761055,329.31823027761055
16,219,329.31823027761055,329.31823027761055
16,220,329.31823027761055,329.31823027761055
16,221,329.31823027761055,329.31823027761055
16,222,329.31823027761055,329.31823027761055
16,223,329.31823027761055,329.31823027761055
16,224,329.31823027761055,329.31823027761055
16,225,329.31823027761055,329.31823027761055
16,226,329.31823027761055,329.31823027761055
16,227,329.31823027761055,329.31823027761055
16,228,329.31823027761055,329.31823027761055
16,229,329.31823027761055,329.31823027761055
16,230,329.31823027761055,329.31823027761055
16,231,329.31823027761055,329.31823027761055
16,232,329.31823027761055,329.31823027761055
16,233,329.31823027761055,329.31823027761055
16,234,329.31823027761055,329.31823027761055
16,235,329.31823027761055,329.31823027761055
16,236,329.31823027761055,329.31823027761055
16,237,329.31823027761055,329.31823027761055
16,238,329.31823027761055,329.31823027761055
16,239,329.31823027761055,329.31823027761055
16,240,329.31823027761055,329.31823027761055
16,241,329.31823027761055,329.31823027761055
16,242,329.31823027761055,329.31823027761055
16,243,329.31823027761055,329.31823027761055
16,244,329.31823027761055,329.31823027761055
16,245,329.31823027761055,329.31823027761055
16,246,329.31823027761055,329.31823027761055
16,247,329.31823027761055,329.31823027761055
16,248,329.31823027761055,329.31823027761055
16,249,329.31823027761055,329.31823027761055
16,250,329.31823027761055,329.31823027761055
16,251,329.31823027761055,329.31823027761055
16,252,329.31823027761055,329.31823027761055
16,253,329.31823027761055,329.31823027761055
16,254,329.31823027761055,329.31823027761055
16,255,329.31823027761055,329.31823027761055
16,256,329.31823027761055,329.31823027761055
16,257,329.31823027761055,329.31823027761055
16,258,329.31823027761055,329.31823027761055
16,259,329.31823027761055,329.31823027761055
16,260,329.31823027761055,329.31823027761055
16,261,329.31823027761055,329.31823027761055
16,262,329.31823027761055,329.31823027761055
16,263,329.31823027761055,329.31823027761055
16,264,329.31823027761055,329.31823027761055
16,265,329.31823027761055,329.31823027761055
16,266,329.31823027761055,329.31823027761055
16,267,329.31823027761055,329.31823027761055
16,268,329.31823027761055,329.31823027761055
16,269,329.31823027761055,329.31823027761055
16,270,329.31823027761055,329.31823027761055
16,271,329.31823027761055,329.31823027761055
16,272,329.31823027761055,329.31823027761055
16,273,329.31823027761055,329.31823027761055
16,274,329.31823027761055,329.31823027761055
16,275,329.31823027761055,329.31823027761055
16,276,329.31823027761055,329.31823027761055
16,277,329.31823027761055,329.31823027761055
16,278,329.31823027761055,329.31823027761055
16,279,329.31823027761055,329.31823027761055
16,280,329.31823027761055,329.31823027761055
16,281,329.31823027761055,329.31823027761055
16,282,329.31823027761055,329.31823027761055
16,283,329.31823027761055,329.31823027761055
16,284,329.31823027761055,329.31823027761055
16,285,329.31823027761055,329.31823027761055
16,286,329.31823027761055,329.31823027761055
16,287,329.31823027761055,329.31823027761055
16,288,329.31823027761055,329.31823027761055
16,289,329.31823027761055,329.31823027761055
16,290,329.31823027761055,329.31823027761055
16,291,329.31823027761055,329.31823027761055
16,292,329.31823027761055,329.31823027761055
16,293,329.31823027761055,329.31823027761055
16,294,329.31823027761055,329.31823027761055
16,295,329.31823027761055,329.31823027761055
16,296,329.31823027761055,329.31823027761055
16,297,329.31823027761055,329.31823027761055
16,298,329.31823027761055,329.31823027761055
16,299,329.31823027761055,329.31823027761055
16,300,329.31823027761055,329.31823027761055
16,301,329.31823027761055,329.31823027761055
16,302,329.31823027761055,329.31823027761055
16,303,329.31823027761055,329.31823027761055
16,304,329.31823027761055,329.31823027761055
16,305,329.31823027761055,329.31823027761055
16,306,329.31823027761055,329.31823027761055
16,307,329.31823027761055,329.31823027761055
16,308,329.31823027761055,329.31823027761055
16,309,329.31823027761055,329.31823027761055
16,310,329.31823027761055,329.31823027761055
16,311,329.31823027761055,329.31823027761055
16,312,329.31823027761055,329.31823027761055
16,313,329.31823027761055,329.31823027761055
16,314,329.31823027761055,329.31823027761055
16,315,329.31823027761055,329.31823027761055
16,316,329.31823027761055,329.31823027761055
16,317,329.31823027761055,329.31823027761055
16,318,329.31823027761055,329.31823027761055
16,319,329.31823027761055,329.31823027761055
16,320,329.31823027761055,329.31823027761055
16,321,329.31823027761055,329.31823027761055
16,322,329.31823027761055,329.31823027761055
16,323,329.31823027761055,329.31823027761055
16,324,329.31823027761055,329.31823027761055
16,325,329.31823027761055,329.31823027761055
16,326,329.31823027761055,329.31823027761055
16,327,329.31823027761055,329.31823027761055
16,328,329.31823027761055,329.31823027761055
16,329,329.31823027761055,329.31823027761055
16,330,329.31823027761055,329.31823027761055
16,331,329.31823027761055,329.31823027761055
16,332,329.31823027761055,329.31823027761055
16,333,329.31823027761055,329.31823027761055
16,334,329.31823027761055,329.31823027761055
16,335,329.31823027761055,329.31823027761055
16,336,329.31823027761055,329.31823027761055
16,337,329.31823027761055,329.31823027761055
16,338,329.31823027761055,329.31823027761055
16,339,329.31823027761055,329.31823027761055
16,340,329.31823027761055,329.31823027761055
16,341,329.31823027761055,329.31823027761055
16,342,329.31823027761055,329.31823027761055
16,343,329.31823027761055,329.31823027761055
16,344,329.31823027761055,329.31823027761055
16,345,329.31823027761055,329.31823027761055
16,346,329.31823027761055,329.31823027761055
16,347,329.31823027761055,329.31823027761055
16,348,329.31823027761055,329.31823027761055
16,349,329.31823027761055,329.31823027761055
16,350,329.31823027761055,329.31823027761055
16,351,329.31823027761055,329.31823027761055
16,352,329.31823027761055,329.31823027761055
16,353,329.31823027761055,329.31823027761055
16,354,329.31823027761055,329.31823027761055
16,355,329.31823027761055,329.31823027761055
16,356,329.31823027761055,329.31823027761055
16,357,329.31823027761055,329.31823027761055
16,358,329.31823027761055,329.31823027761055
16,359,329.31823027761055,329.31823027761055
16,360,329.31823027761055,329.31823027761055
16,361,329.31823027761055,329.31823027761055
16,362,329.31823027761055,329.31823027761055
16,363,329.31823027761055,329.31823027761055
16,364,329.31823027761055,329.31823027761055
16,365,329.31823027761055,329.31823027761055
16,366,329.31823027761055,329.31823027761055
16,367,329.31823027761055,329.31823027761055
16,368,329.31823027761055,329.31823027761055
16,369,329.31823027761055,329.31823027761055
16,370,329.31823027761055,329.31823027761055
16,371,329.31823027761055,329.31823027761055
16,372,329.31823027761055,329.31823027761055
16,373,329.31823027761055,329.31823027761055
16,374,329.31823027761055,329.31823027761055
16,375,329.31823027761055,329.31823027761055
16,376,329.31823027761055,329.31823027761055
16,377,329.31823027761055,329.31823027761055
16,378,329.31823027761055,329.31823027761055
16,379,329.31823027761055,329.31823027761055
16,380,329.31823027761055,329.31823027761055
16,381,329.31823027761055,329.31823027761055
16,382,329.31823027761055,329.31823027761055
16,383,329.31823027761055,329.31823027761055
16,384,329.31823027761055,329.31823027761055
16,385,329.31823027761055,329.31823027761055
16,386,329.31823027761055,329.31823027761055
16,387,329.31823027761055,329.31823027761055
16,388,329.31823027761055,329.31823027761055
16,389,329.31823027761055,329.31823027761055
16,390,329.31823027761055,329.31823027761055
16,391,329.31823027761055,329.31823027761055
16,392,329.31823027761055,329.31823027761055
16,393,329.31823027761055,329.31823027761055
16,394,329.31823027761055,329.31823027761055
16,395,329.31823027761055,329.31823027761055
16,396,329.31823027761055,329.31823027761055
16,397,329.31823027761055,329.31823027761055
16,398,329.31823027761055,329.31823027761055
16,399,329.31823027761055,329.31823027761055
16,400,329.31823027761055,329.31823027761055
16,401,329.31823027761055,329.31823027761055
16,402,329.31823027761055,329.31823027761055
16,403,329.31823027761055,329.31823027761055
16,404,329.31823027761055,329.31823027761055
16,405,329.31823027761055,329.31823027761055
16,406,329.31823027761055,329.31823027761055
16,407,329.31823027761055,329.31823027761055
16,408,329.31823027761055,329.31823027761055
16,409,329.31823027761055,329.31823027761055
16,410,329.31823027761055,329.31823027761055
16,411,329.31823027761055,329.31823027761055
16,412,329.31823027761055,329.31823027761055
16,413,329.31823027761055,329.31823027761055
16,414,329.31823027761055,329.31823027761055
16,415,329.31823027761055,329.31823027761055
16,416,329.31823027761055,329.31823027761055
16,417,329.31823027761055,329.31823027761055
16,418,329.31823027761055,329.31823027761055
16,419,329.31823027761055,329.31823027761055
16,420,329.31823027761055,329.31823027761055
16,421,329.31823027761055,329.31823027761055
16,422,329.31823027761055,329.31823027761055
16,423,329.31823027761055,329.31823027761055
16,424,329.31823027761055,329.31823027761055
16,425,329.31823027761055,329.31823027761055
16,426,329.31823027761055,329.31823027761055
16,427,329.31823027761055,329.31823027761055
16,428,329.31823027761055,329.31823027761055
16,429,329.31823027761055,329.31823027761055
16,430,329.31823027761055,329.31823027761055
16,431,329.31823027761055,329.31823027761055
16,432,329.31823027761055,329.31823027761055
16,433,329.31823027761055,329.31823027761055
16,434,329.31823027761055,329.31823027761055
16,435,329.31823027761055,329.31823027761055
16,436,329.31823027761055,329.31823027761055
16,437,329.31823027761055,329.31823027761055
16,438,329.31823027761055,329.31823027761055
16,439,329.31823027761055,329.31823027761055
16,440,329.31823027761055,329.31823027761055
16,441,329.31823027761055,329.31823027761055
16,442,329.31823027761055,329.31823027761055
16,443,329.31823027761055,329.31823027761055
16,444,329.31823027761055,329.31823027761055
16,445,329.31823027761055,329.31823027761055
16,446,329.31823027761055,329.31823027761055
16,447,329.31823027761055,329.31823027761055
16,448,329.31823027761055,329.31823027761055
16,449,329.31823027761055,329.31823027761055
16,450,329.31823027761055,329.31823027761055
16,451,329.31823027761055,329.31823027761055
16,452,329.31823027761055,329.31823027761055
16,453,329.31823027761055,329.31823027761055
16,454,329.31823027761055,329.31823027761055
16,455,329.31823027761055,329.31823027761055
16,456,329.31823027761055,329.31823027761055
16,457,329.31823027761055,329.31823027761055
16,458,329.31823027761055,329.31823027761055
16,459,329.31823027761055,329.31823027761055
16,460,329.31823027761055,329.31823027761055
16,461,329.31823027761055,329.31823027761055
16,462,329.31823027761055,329.31823027761055
16,463,329.31823027761055,329.31823027761055
16,464,329.31823027761055,329.31823027761055
16,465,329.31823027761055,329.31823027761055
16,466,329.31823027761055,329.31823027761055
16,467,329.31823027761055,329.31823027761055
16,468,329.31823027761055,329.31823027761055
16,469,329.31823027761055,329.31823027761055
16,470,329.31823027761055,329.31823027761055
16,471,329.31823027761055,329.31823027761055
16,472,329.31823027761055,329.31823027761055
16,473,329.31823027761055,329.31823027761055
16,474,329.31823027761055,329.31823027761055
16,475,329.31823027761055,329.31823027761055
16,476,329.31823027761055,329.31823027761055
16,477,329.31823027761055,329.31823027761055
16,478,329.31823027761055,329.31823027761055
16,479,329.31823027761055,329.31823027761055
16,480,329.31823027761055,329.31823027761055
16,481,329.31823027761055,329.31823027761055
16,482,329.31823027761055,329.31823027761055
16,483,329.31823027761055,329.31823027761055
16,484,329.31823027761055,329.31823027761055
16,485,329.31823027761055,329.31823027761055
16,486,329.31823027761055,329.31823027761055
16,487,329.31823027761055,329.31823027761055
16,488,329.31823027761055,329.31823027761055
16,489,329.31823027761055,329.31823027761055
16,490,329.31823027761055,329.31823027761055
16,491,329.31823027761055,329.31823027761055
16,492,329.31823027761055,329.31823027761055
16,493,329.31823027761055,329.31823027761055
16,494,329.31823027761055,329.31823027761055
16,495,329.31823027761055,329.31823027761055
16,496,329.31823027761055,329.31823027761055
16,497,329.31823027761055,329.31823027761055
16,498,329.31823027761055,329.31823027761055
16,499,329.31823027761055,329.31823027761055
16,500,329.31823027761055,329.31823027761055
17,0,446.54237812837425,446.54237812837425
17,1,429.6075175707916,429.6075175707916
17,2,379.96251665660316,379.96251665660316
17,3,379.96251665660316,379.96251665660316
17,4,369.174747283713,369.174747283713
17,5,365.86237144498807,365.86237144498807
17,6,365.86237144498807,365.86237144498807
17,7,354.8008808233133,354.8008808233133
17,8,354.8008808233133,354.8008808233133
17,9,329.31823027761055,329.31823027761055
17,10,329.31823027761055,329.31823027761055
17,11,329.31823027761055,329.31823027761055
17,12,329.31823027761055,329.31823027761055
17,13,329.31823027761055,329.31823027761055
17,14,329.31823027761055,329.31823027761055
17,15,329.31823027761055,329.31823027761055
17,16,329.31823027761055,329.31823027761055
17,17,329.31823027761055,329.31823027761055
17,18,329.31823027761055,329.31823027761055
17,19,329.31823027761055,329.31823027761055
17,20,329.31823027761055,329.31823027761055
17,21,329.31823027761055,329.31823027761055
17,22,329.31823027761055,329.31823027761055
17,23,329.31823027761055,329.31823027761055
17,24,329.31823027761055,329.31823027761055
17,25,329.31823027761055,329.31823027761055
17,26,329.31823027761055,329.31823027761055
17,27,329.31823027761055,329.31823027761055
17,28,329.31823027761055,329.31823027761055
17,29,329.31823027761055,329.31823027761055
17,30,329.31823027761055,329.31823027761055
17,31,329.31823027761055,329.31823027761055
17,32,329.31823027761055,329.31823027761055
17,33,329.31823027761055,329.31823027761055
17,34,329.31823027761055,329.31823027761055
17,35,329.31823027761055,329.31823027761055
17,36,329.31823027761055,329.31823027761055
17,37,329.31823027761055,329.31823027761055
17,38,329.31823027761055,329.31823027761055
17,39,329.31823027761055,329.31823027761055
17,40,329.31823027761055,329.31823027761055
17,41,329.31823027761055,329.31823027761055
17,42,329.31823027761055,329.31823027761055
17,43,329.31823027761055,329.31823027761055
17,44,329.31823027761055,329.31823027761055
17,45,329.31823027761055,329.31823027761055
17,46,329.31823027761055,329.31823027761055
17,47,329.31823027761055,329.31823027761055
17,48,329.31823027761055,329.31823027761055
17,49,329.31823027761055,329.31823027761055
17,50,329.31823027761055,329.31823027761055
17,51,329.31823027761055,329.31823027761055
17,52,329.31823027761055,329.31823027761055
17,53,329.31823027761055,329.31823027761055
17,54,329.31823027761055,329.31823027761055
17,55,329.31823027761055,329.31823027761055
17,56,329.31823027761055,329.31823027761055
17,57,329.31823027761055,329.31823027761055
17,58,329.31823027761055,329.31823027761055
17,59,329.31823027761055,329.31823027761055
17,60,329.31823027761055,329.31823027761055
17,61,329.31823027761055,329.31823027761055
17,62,329.31823027761055,329.31823027761055
17,63,329.31823027761055,329.31823027761055
17,64,329.31823027761055,329.31823027761055
17,65,329.31823027761055,329.31823027761055
17,66,329.31823027761055,329.31823027761055
17,67,329.31823027761055,329.31823027761055
17,68,329.31823027761055,329.31823027761055
17,69,329.31823027761055,329.31823027761055
17,70,329.31823027761055,329.31823027761055
17,71,329.31823027761055,329.31823027761055
17,72,329.31823027761055,329.31823027761055
17,73,329.31823027761055,329.31823027761055
17,74,329.31823027761055,329.31823027761055
17,75,329.31823027761055,329.31823027761055
17,76,329.31823027761055,329.31823027761055
17,77,329.31823027761055,329.31823027761055
17,78,329.31823027761055,329.31823027761055
17,79,329.31823027761055,329.31823027761055
17,80,329.31823027761055,329.31823027761055
17,81,329.31823027761055,329.31823027761055
17,82,329.31823027761055,329.31823027761055
17,83,329.31823027761055,329.31823027761055
17,84,329.31823027761055,329.31823027761055
17,85,329.31823027761055,329.31823027761055
17,86,329.31823027761055,329.31823027761055
17,87,329.31823027761055,329.31823027761055
17,88,329.31823027761055,329.31823027761055
17,89,329.31823027761055,329.31823027761055
17,90,329.31823027761055,329.31823027761055
17,91,329.31823027761055,329.31823027761055
17,92,329.31823027761055,329.31823027761055
17,93,329.31823027761055,329.31823027761055
17,94,329.31823027761055,329.31823027761055
17,95,329.31823027761055,329.31823027761055
17,96,329.31823027761055,329.31823027761055
17,97,329.31823027761055,329.31823027761055
17,98,329.31823027761055,329.31823027761055
17,99,329.31823027761055,329.31823027761055
17,100,329.31823027761055,329.31823027761055
17,101,329.31823027761055,329.31823027761055
17,102,329.31823027761055,329.31823027761055
17,103,329.31823027761055,329.31823027761055
17,104,329.31823027761055,329.31823027761055
17,105,329.31823027761055,329.31823027761055
17,106,329.31823027761055,329.31823027761055
17,107,329.31823027761055,329.31823027761055
17,108,329.31823027761055,329.31823027761055
17,109,329.31823027761055,329.31823027761055
17,110,329.31823027761055,329.31823027761055
17,111,329.31823027761055,329.31823027761055
17,112,329.31823027761055,329.31823027761055
17,113,329.31823027761055,329.31823027761055
17,114,329.31823027761055,329.31823027761055
17,115,329.31823027761055,329.31823027761055
17,116,329.31823027761055,329.31823027761055
17,117,329.31823027761055,329.31823027761055
17,118,329.31823027761055,329.31823027761055
17,119,329.31823027761055,329.31823027761055
17,120,329.31823027761055,329.31823027761055
17,121,329.31823027761055,329.31823027761055
17,122,329.31823027761055,329.31823027761055
17,123,329.31823027761055,329.31823027761055
17,124,329.31823027761055,329.31823027761055
17,125,329.31823027761055,329.31823027761055
17,126,329.31823027761055,329.31823027761055
17,127,329.31823027761055,329.31823027761055
17,128,329.31823027761055,329.31823027761055
17,129,329.31823027761055,329.31823027761055
17,130,329.31823027761055,329.31823027761055
17,131,329.31823027761055,329.31823027761055
17,132,329.31823027761055,329.31823027761055
17,133,329.31823027761055,329.31823027761055
17,134,329.31823027761055,329.31823027761055
17,135,329.31823027761055,329.31823027761055
17,136,329.31823027761055,329.31823027761055
17,137,329.31823027761055,329.31823027761055
17,138,329.31823027761055,329.31823027761055
17,139,329.31823027761055,329.31823027761055
17,140,329.31823027761055,329.31823027761055
17,141,329.31823027761055,329.31823027761055
17,142,329.31823027761055,329.31823027761055
17,143,329.31823027761055,329.31823027761055
17,144,329.31823027761055,329.31823027761055
17,145,329.31823027761055,329.31823027761055
17,146,329.31823027761055,329.31823027761055
17,147,329.31823027761055,329.31823027761055
17,148,329.31823027761055,329.31823027761055
17,149,329.31823027761055,329.31823027761055
17,150,329.31823027761055,329.31823027761055
17,151,329.31823027761055,329.31823027761055
17,152,329.31823027761055,329.31823027761055
17,153,329.31823027761055,329.31823027761055
17,154,329.31823027761055,329.31823027761055
17,155,329.31823027761055,329.31823027761055
17,156,329.31823027761055,329.31823027761055
17,157,329.31823027761055,329.31823027761055
17,158,329.31823027761055,329.31823027761055
17,159,329.31823027761055,329.31823027761055
17,160,329.31823027761055,329.31823027761055
17,161,329.31823027761055,329.31823027761055
17,162,329.31823027761055,329.31823027761055
17,163,329.31823027761055,329.31823027761055
17,164,329.31823027761055,329.31823027761055
17,165,329.31823027761055,329.31823027761055
17,166,329.31823027761055,329.31823027761055
17,167,329.31823027761055,329.31823027761055
17,168,329.31823027761055,329.31823027761055
17,169,329.31823027761055,329.31823027761055
17,170,329.31823027761055,329.31823027761055
17,171,329.31823027761055,329.31823027761055
17,172,329.31823027761055,329.31823027761055
17,173,329.31823027761055,329.31823027761055
17,174,329.31823027761055,329.31823027761055
17,175,329.31823027761055,329.31823027761055
17,176,329.31823027761055,329.31823027761055
17,177,329.31823027761055,329.31823027761055
17,178,329.31823027761055,329.31823027761055
17,179,329.31823027761055,329.31823027761055
17,180,329.31823027761055,329.31823027761055
17,181,329.31823027761055,329.31823027761055
17,182,329.31823027761055,329.31823027761055
17,183,329.31823027761055,329.31823027761055
17,184,329.31823027761055,329.31823027761055
17,185,329.31823027761055,329.31823027761055
17,186,329.31823027761055,329.31823027761055
17,187,329.31823027761055,329.31823027761055
17,188,329.31823027761055,329.31823027761055
17,189,329.31823027761055,329.31823027761055
17,190,329.31823027761055,329.31823027761055
17,191,329.31823027761055,329.31823027761055
17,192,329.31823027761055,329.31823027761055
17,193,329.31823027761055,329.31823027761055
17,194,329.31823027761055,329.31823027761055
17,195,329.31823027761055,329.31823027761055
17,196,329.31823027761055,329.31823027761055
17,197,329.31823027761055,329.31823027761055
17,198,329.31823027761055,329.31823027761055
17,199,329.31823027761055,329.31823027761055
17,200,329.31823027761055,329.31823027761055
17,201,329.31823027761055,329.31823027761055
17,202,329.31823027761055,329.31823027761055
17,203,329.31823027761055,329.31823027761055
17,204,329.31823027761055,329.31823027761055
17,205,329.31823027761055,329.31823027761055
17,206,329.31823027761055,329.31823027761055
17,207,329.31823027761055,329.31823027761055
17,208,329.31823027761055,329.31823027761055
17,209,329.31823027761055,329.31823027761055
17,210,329.31823027761055,329.31823027761055
17,211,329.31823027761055,329.31823027761055
17,212,329.31823027761055,329.31823027761055
17,213,329.31823027761055,329.31823027761055
17,214,329.31823027761055,329.31823027761055
17,215,329.31823027761055,329.31823027761055
17,216,329.31823027761055,329.31823027761055
17,217,329.31823027761055,329.31823027761055
17,218,329.31823027761055,329.31823027761055
17,219,329.31823027761055,329.31823027761055
17,220,329.31823027761055,329.31823027761055
17,221,329.31823027761055,329.31823027761055
17,222,329.31823027761055,329.31823027761055
17,223,329.31823027761055,329.31823027761055
17,224,329.31823027761055,329.31823027761055
17,225,329.31823027761055,329.31823027761055
17,226,329.31823027761055,329.31823027761055
17,227,329.31823027761055,329.31823027761055
17,228,329.31823027761055,329.31823027761055
17,229,329.31823027761055,329.31823027761055
17,230,329.31823027761055,329.31823027761055
17,231,329.31823027761055,329.31823027761055
17,232,329.31823027761055,329.31823027761055
17,233,329.31823027761055,329.31823027761055
17,234,329.31823027761055,329.31823027761055
17,235,329.31823027761055,329.31823027761055
17,236,329.31823027761055,329.31823027761055
17,237,329.31823027761055,329.31823027761055
17,238,329.31823027761055,329.31823027761055
17,239,329.31823027761055,329.31823027761055
17,240,329.31823027761055,329.31823027761055
17,241,329.31823027761055,329.31823027761055
17,242,329.31823027761055,329.31823027761055
17,243,329.31823027761055,329.31823027761055
17,244,329.31823027761055,329.31823027761055
17,245,329.31823027761055,329.31823027761055
17,246,329.31823027761055,329.31823027761055
17,247,329.31823027761055,329.31823027761055
17,248,329.31823027761055,329.31823027761055
17,249,329.31823027761055,329.31823027761055
17,250,329.31823027761055,329.31823027761055
17,251,329.31823027761055,329.31823027761055
17,252,329.31823027761055,329.31823027761055
17,253,329.31823027761055,329.31823027761055
17,254,329.31823027761055,329.31823027761055
17,255,329.31823027761055,329.31823027761055
17,256,329.31823027761055,329.31823027761055
17,257,329.31823027761055,329.31823027761055
17,258,329.31823027761055,329.31823027761055
17,259,329.31823027761055,329.31823027761055
17,260,329.31823027761055,329.31823027761055
17,261,329.31823027761055,329.31823027761055
17,262,329.31823027761055,329.31823027761055
17,263,329.31823027761055,329.31823027761055
17,264,329.31823027761055,329.31823027761055
17,265,329.31823027761055,329.31823027761055
17,266,329.31823027761055,329.31823027761055
17,267,329.31823027761055,329.31823027761055
17,268,329.31823027761055,329.31823027761055
17,269,329.31823027761055,329.31823027761055
17,270,329.31823027761055,329.31823027761055
17,271,329.31823027761055,329.31823027761055
17,272,329.31823027761055,329.31823027761055
17,273,329.31823027761055,329.31823027761055
17,274,329.31823027761055,329.31823027761055
17,275,329.31823027761055,329.31823027761055
17,276,329.31823027761055,329.31823027761055
17,277,329.31823027761055,329.31823027761055
17,278,329.31823027761055,329.31823027761055
17,279,329.31823027761055,329.31823027761055
17,280,329.31823027761055,329.31823027761055
17,281,329.31823027761055,329.31823027761055
17,282,329.31823027761055,329.31823027761055
17,283,329.31823027761055,329.31823027761055
17,284,329.31823027761055,329.31823027761055
17,285,329.31823027761055,329.31823027761055
17,286,329.31823027761055,329.31823027761055
17,287,329.31823027761055,329.31823027761055
17,288,329.31823027761055,329.31823027761055
17,289,329.31823027761055,329.31823027761055
17,290,329.31823027761055,329.31823027761055
17,291,329.31823027761055,329.31823027761055
17,292,329.31823027761055,329.31823027761055
17,293,329.31823027761055,329.31823027761055
17,294,329.31823027761055,329.31823027761055
17,295,329.31823027761055,329.31823027761055
17,296,329.31823027761055,329.31823027761055
17,297,329.31823027761055,329.31823027761055
17,298,329.31823027761055,329.31823027761055
17,299,329.31823027761055,329.31823027761055
17,300,329.31823027761055,329.31823027761055
17,301,329.31823027761055,329.31823027761055
17,302,329.31823027761055,329.31823027761055
17,303,329.31823027761055,329.31823027761055
17,304,329.31823027761055,329.31823027761055
17,305,329.31823027761055,329.31823027761055
17,306,329.31823027761055,329.31823027761055
17,307,329.31823027761055,329.31823027761055
17,308,329.31823027761055,329.31823027761055
17,309,329.31823027761055,329.31823027761055
17,310,329.31823027761055,329.31823027761055
17,311,329.31823027761055,329.31823027761055
17,312,329.31823027761055,329.31823027761055
17,313,329.31823027761055,329.31823027761055
17,314,329.31823027761055,329.31823027761055
17,315,329.31823027761055,329.31823027761055
17,316,329.31823027761055,329.31823027761055
17,317,329.31823027761055,329.31823027761055
17,318,329.31823027761055,329.31823027761055
17,319,329.31823027761055,329.31823027761055
17,320,329.31823027761055,329.31823027761055
17,321,329.31823027761055,329.31823027761055
17,322,329.31823027761055,329.31823027761055
17,323,329.31823027761055,329.31823027761055
17,324,329.31823027761055,329.31823027761055
17,325,329.31823027761055,329.31823027761055
17,326,329.31823027761055,329.31823027761055
17,327,329.31823027761055,329.31823027761055
17,328,329.31823027761055,329.31823027761055
17,329,329.31823027761055,329.31823027761055
17,330,329.31823027761055,329.31823027761055
17,331,329.31823027761055,329.31823027761055
17,332,329.31823027761055,329.31823027761055
17,333,329.31823027761055,329.31823027761055
17,334,329.31823027761055,329.31823027761055
17,335,329.31823027761055,329.31823027761055
17,336,329.31823027761055,329.31823027761055
17,337,329.31823027761055,329.31823027761055
17,338,329.31823027761055,329.31823027761055
17,339,329.31823027761055,329.31823027761055
17,340,329.31823027761055,329.31823027761055
17,341,329.31823027761055,329.31823027761055
17,342,329.31823027761055,329.31823027761055
17,343,329.31823027761055,329.31823027761055
17,344,329.31823027761055,329.31823027761055
17,345,329.31823027761055,329.31823027761055
17,346,329.31823027761055,329.31823027761055
17,347,329.31823027761055,329.31823027761055
17,348,329.31823027761055,329.31823027761055
17,349,329.31823027761055,329.31823027761055
17,350,329.31823027761055,329.31823027761055
17,351,329.31823027761055,329.31823027761055
17,352,329.31823027761055,329.31823027761055
17,353,329.31823027761055,329.31823027761055
17,354,329.31823027761055,329.31823027761055
17,355,329.31823027761055,329.31823027761055
17,356,329.31823027761055,329.31823027761055
17,357,329.31823027761055,329.31823027761055
17,358,329.31823027761055,329.31823027761055
17,359,329.31823027761055,329.31823027761055
17,360,329.31823027761055,329.31823027761055
17,361,329.31823027761055,329.31823027761055
17,362,329.31823027761055,329.31823027761055
17,363,329.31823027761055,329.31823027761055
17,364,329.31823027761055,329.31823027761055
17,365,329.31823027761055,329.31823027761055
17,366,329.31823027761055,329.31823027761055
17,367,329.31823027761055,329.31823027761055
17,368,329.31823027761055,329.31823027761055
17,369,329.31823027761055,329.31823027761055
17,370,329.31823027761055,329.31823027761055
17,371,329.31823027761055,329.31823027761055
17,372,329.31823027761055,329.31823027761055
17,373,329.31823027761055,329.31823027761055
17,374,329.31823027761055,329.31823027761055
17,375,329.31823027761055,329.31823027761055
17,376,329.31823027761055,329.31823027761055
17,377,329.31823027761055,329.31823027761055
17,378,329.31823027761055,329.31823027761055
17,379,329.31823027761055,329.31823027761055
17,380,329.31823027761055,329.31823027761055
17,381,329.31823027761055,329.31823027761055
17,382,329.31823027761055,329.31823027761055
17,383,329.31823027761055,329.31823027761055
17,384,329.31823027761055,329.31823027761055
17,385,329.31823027761055,329.31823027761055
17,386,329.31823027761055,329.31823027761055
17,387,329.31823027761055,329.31823027761055
17,388,329.31823027761055,329.31823027761055
17,389,329.31823027761055,329.31823027761055
17,390,329.31823027761055,329.31823027761055
17,391,329.31823027761055,329.31823027761055
17,392,329.31823027761055,329.31823027761055
17,393,329.31823027761055,329.31823027761055
17,394,329.31823027761055,329.31823027761055
17,395,329.31823027761055,329.31823027761055
17,396,329.31823027761055,329.31823027761055
17,397,329.31823027761055,329.31823027761055
17,398,329.31823027761055,329.31823027761055
17,399,329.31823027761055,329.31823027761055
17,400,329.31823027761055,329.31823027761055
17,401,329.31823027761055,329.31823027761055
17,402,329.31823027761055,329.31823027761055
17,403,329.31823027761055,329.31823027761055
17,404,329.31823027761055,329.31823027761055
17,405,329.31823027761055,329.31823027761055
17,406,329.31823027761055,329.31823027761055
17,407,329.31823027761055,329.31823027761055
17,408,329.31823027761055,329.31823027761055
17,409,329.31823027761055,329.31823027761055
17,410,329.31823027761055,329.31823027761055
17,411,329.31823027761055,329.31823027761055
17,412,329.31823027761055,329.31823027761055
17,413,329.31823027761055,329.31823027761055
17,414,329.31823027761055,329.31823027761055
17,415,329.31823027761055,329.31823027761055
17,416,329.31823027761055,329.31823027761055
17,417,329.31823027761055,329.31823027761055
17,418,329.31823027761055,329.31823027761055
17,419,329.31823027761055,329.31823027761055
17,420,329.31823027761055,329.31823027761055
17,421,329.31823027761055,329.31823027761055
17,422,329.31823027761055,329.31823027761055
17,423,329.31823027761055,329.31823027761055
17,424,329.31823027761055,329.31823027761055
17,425,329.31823027761055,329.31823027761055
17,426,329.31823027761055,329.31823027761055
17,427,329.31823027761055,329.31823027761055
17,428,329.31823027761055,329.31823027761055
17,429,329.31823027761055,329.31823027761055
17,430,329.31823027761055,329.31823027761055
17,431,329.31823027761055,329.31823027761055
17,432,329.31823027761055,329.31823027761055
17,433,329.31823027761055,329.31823027761055
17,434,329.31823027761055,329.31823027761055
17,435,329.31823027761055,329.31823027761055
17,436,329.31823027761055,329.31823027761055
17,437,329.31823027761055,329.31823027761055
17,438,329.31823027761055,329.31823027761055
17,439,329.31823027761055,329.31823027761055
17,440,329.31823027761055,329.31823027761055
17,441,329.31823027761055,329.31823027761055
17,442,329.31823027761055,329.31823027761055
17,443,329.31823027761055,329.31823027761055
17,444,329.31823027761055,329.31823027761055
17,445,329.31823027761055,329.31823027761055
17,446,329.31823027761055,329.31823027761055
17,447,329.31823027761055,329.31823027761055
17,448,329.31823027761055,329.31823027761055
17,449,329.31823027761055,329.31823027761055
17,450,329.31823027761055,329.31823027761055
17,451,329.31823027761055,329.31823027761055
17,452,329.31823027761055,329.31823027761055
17,453,329.31823027761055,329.31823027761055
17,454,329.31823027761055,329.31823027761055
17,455,329.31823027761055,329.31823027761055
17,456,329.31823027761055,329.31823027761055
17,457,329.31823027761055,329.31823027761055
17,458,329.31823027761055,329.31823027761055
17,459,329.31823027761055,329.31823027761055
17,460,329.31823027761055,329.31823027761055
17,461,329.31823027761055,329.31823027761055
17,462,329.31823027761055,329.31823027761055
17,463,329.31823027761055,329.31823027761055
17,464,329.31823027761055,329.31823027761055
17,465,329.31823027761055,329.31823027761055
17,466,329.31823027761055,329.31823027761055
17,467,329.31823027761055,329.31823027761055
17,468,329.31823027761055,329.31823027761055
17,469,329.31823027761055,329.31823027761055
17,470,329.31823027761055,329.31823027761055
17,471,329.31823027761055,329.31823027761055
17,472,329.31823027761055,329.31823027761055
17,473,329.31823027761055,329.31823027761055
17,474,329.31823027761055,329.31823027761055
17,475,329.31823027761055,329.31823027761055
17,476,329.31823027761055,329.31823027761055
17,477,329.31823027761055,329.31823027761055
17,478,329.31823027761055,329.31823027761055
17,479,329.31823027761055,329.31823027761055
17,480,329.31823027761055,329.31823027761055
17,481,329.31823027761055,329.31823027761055
17,482,329.31823027761055,329.31823027761055
17,483,329.31823027761055,329.31823027761055
17,484,329.31823027761055,329.31823027761055
17,485,329.31823027761055,329.31823027761055
17,486,329.31823027761055,329.31823027761055
17,487,329.31823027761055,329.31823027761055
17,488,329.31823027761055,329.31823027761055
17,489,329.31823027761055,329.31823027761055
17,490,329.31823027761055,329.31823027761055
17,491,329.31823027761055,329.31823027761055
17,492,329.31823027761055,329.31823027761055
17,493,329.31823027761055,329.31823027761055
17,494,329.31823027761055,329.31823027761055
17,495,329.31823027761055,329.31823027761055
17,496,329.31823027761055,329.31823027761055
17,497,329.31823027761055,329.31823027761055
17,498,329.31823027761055,329.31823027761055
17,499,329.31823027761055,329.31823027761055
17,500,329.31823027761055,329.31823027761055
18,0,422.533461065246,422.533461065246
18,1,422.533461065246,422.533461065246
18,2,411.300125114008,411.300125114008
18,3,363.0008046962394,363.0008046962394
18,4,363.0008046962394,363.0008046962394
18,5,340.3797208992853,340.3797208992853
18,6,340.3797208992853,340.3797208992853
18,7,340.3797208992853,340.3797208992853
18,8,340.3797208992853,340.3797208992853
18,9,340.3797208992853,340.3797208992853
18,10,329.31823027761055,329.31823027761055
18,11,329.31823027761055,329.31823027761055
18,12,329.31823027761055,329.31823027761055
18,13,329.31823027761055,329.31823027761055
18,14,329.31823027761055,329.31823027761055
18,15,329.31823027761055,329.31823027761055
18,16,329.31823027761055,329.31823027761055
18,17,329.31823027761055,329.31823027761055
18,18,329.31823027761055,329.31823027761055
18,19,329.31823027761055,329.31823027761055
18,20,329.31823027761055,329.31823027761055
18,21,329.31823027761055,329.31823027761055
18,22,329.31823027761055,329.31823027761055
18,23,329.31823027761055,329.31823027761055
18,24,329.31823027761055,329.31823027761055
18,25,329.31823027761055,329.31823027761055
18,26,329.31823027761055,329.31823027761055
18,27,329.31823027761055,329.31823027761055
18,28,329.31823027761055,329.31823027761055
18,29,329.31823027761055,329.31823027761055
18,30,329.31823027761055,329.31823027761055
18,31,329.31823027761055,329.31823027761055
18,32,329.31823027761055,329.31823027761055
18,33,329.31823027761055,329.31823027761055
18,34,329.31823027761055,329.31823027761055
18,35,329.31823027761055,329.31823027761055
18,36,329.31823027761055,329.31823027761055
18,37,329.31823027761055,329.31823027761055
18,38,329.31823027761055,329.31823027761055
18,39,329.31823027761055,329.31823027761055
18,40,329.31823027761055,329.31823027761055
18,41,329.31823027761055,329.31823027761055
18,42,329.31823027761055,329.31823027761055
18,43,329.31823027761055,329.31823027761055
18,44,329.31823027761055,329.31823027761055
18,45,329.31823027761055,329.31823027761055
18,46,329.31823027761055,329.31823027761055
18,47,329.31823027761055,329.31823027761055
18,48,329.31823027761055,329.31823027761055
18,49,329.31823027761055,329.31823027761055
18,50,329.31823027761055,329.31823027761055
18,51,329.31823027761055,329.31823027761055
18,52,329.31823027761055,329.31823027761055
18,53,329.31823027761055,329.31823027761055
18,54,329.31823027761055,329.31823027761055
18,55,329.31823027761055,329.31823027761055
18,56,329.31823027761055,329.31823027761055
18,57,329.31823027761055,329.31823027761055
18,58,329.31823027761055,329.31823027761055
18,59,329.31823027761055,329.31823027761055
18,60,329.31823027761055,329.31823027761055
18,61,329.31823027761055,329.31823027761055
18,62,329.31823027761055,329.31823027761055
18,63,329.31823027761055,329.31823027761055
18,64,329.31823027761055,329.31823027761055
18,65,329.31823027761055,329.31823027761055
18,66,329.31823027761055,329.31823027761055
18,67,329.31823027761055,329.31823027761055
18,68,329.31823027761055,329.31823027761055
18,69,329.31823027761055,329.31823027761055
18,70,329.31823027761055,329.31823027761055
18,71,329.31823027761055,329.31823027761055
18,72,329.31823027761055,329.31823027761055
18,73,329.31823027761055,329.31823027761055
18,74,329.31823027761055,329.31823027761055
18,75,329.31823027761055,329.31823027761055
18,76,329.31823027761055,329.31823027761055
18,77,329.31823027761055,329.31823027761055
18,78,329.31823027761055,329.31823027761055
18,79,329.31823027761055,329.31823027761055
18,80,329.31823027761055,329.31823027761055
18,81,329.31823027761055,329.31823027761055
18,82,329.31823027761055,329.31823027761055
18,83,329.31823027761055,329.31823027761055
18,84,329.31823027761055,329.31823027761055
18,85,329.31823027761055,329.31823027761055
18,86,329.31823027761055,329.31823027761055
18,87,329.31823027761055,329.31823027761055
18,88,329.31823027761055,329.31823027761055
18,89,329.31823027761055,329.31823027761055
18,90,329.31823027761055,329.31823027761055
18,91,329.31823027761055,329.31823027761055
18,92,329.31823027761055,329.31823027761055
18,93,329.31823027761055,329.31823027761055
18,94,329.31823027761055,329.31823027761055
18,95,329.31823027761055,329.31823027761055
18,96,329.31823027761055,329.31823027761055
18,97,329.31823027761055,329.31823027761055
18,98,329.31823027761055,329.31823027761055
18,99,329.31823027761055,329.31823027761055
18,100,329.31823027761055,329.31823027761055
18,101,329.31823027761055,329.31823027761055
18,102,329.31823027761055,329.31823027761055
18,103,329.31823027761055,329.31823027761055
18,104,329.31823027761055,329.31823027761055
18,105,329.31823027761055,329.31823027761055
18,106,329.31823027761055,329.31823027761055
18,107,329.31823027761055,329.31823027761055
18,108,329.31823027761055,329.31823027761055
18,109,329.31823027761055,329.31823027761055
18,110,329.31823027761055,329.31823027761055
18,111,329.31823027761055,329.31823027761055
18,112,329.31823027761055,329.31823027761055
18,113,329.31823027761055,329.31823027761055
18,114,329.31823027761055,329.31823027761055
18,115,329.31823027761055,329.31823027761055
18,116,329.31823027761055,329.31823027761055
18,117,329.31823027761055,329.31823027761055
18,118,329.31823027761055,329.31823027761055
18,119,329.31823027761055,329.31823027761055
18,120,329.31823027761055,329.31823027761055
18,121,329.31823027761055,329.31823027761055
18,122,329.31823027761055,329.31823027761055
18,123,329.31823027761055,329.31823027761055
18,124,329.31823027761055,329.31823027761055
18,125,329.31823027761055,329.31823027761055
18,126,329.31823027761055,329.31823027761055
18,127,329.31823027761055,329.31823027761055
18,128,329.31823027761055,329.31823027761055
18,129,329.31823027761055,329.31823027761055
18,130,329.31823027761055,329.31823027761055
18,131,329.31823027761055,329.31823027761055
18,132,329.31823027761055,329.31823027761055
18,133,329.31823027761055,329.31823027761055
18,134,329.31823027761055,329.31823027761055
18,135,329.31823027761055,329.31823027761055
18,136,329.31823027761055,329.31823027761055
18,137,329.31823027761055,329.31823027761055
18,138,329.31823027761055,329.31823027761055
18,139,329.31823027761055,329.31823027761055
18,140,329.31823027761055,329.31823027761055
18,141,329.31823027761055,329.31823027761055
18,142,329.31823027761055,329.31823027761055
18,143,329.31823027761055,329.31823027761055
18,144,329.31823027761055,329.31823027761055
18,145,329.31823027761055,329.31823027761055
18,146,329.31823027761055,329.31823027761055
18,147,329.31823027761055,329.31823027761055
18,148,329.31823027761055,329.31823027761055
18,149,329.31823027761055,329.31823027761055
18,150,329.31823027761055,329.31823027761055
18,151,329.31823027761055,329.31823027761055
18,152,329.31823027761055,329.31823027761055
18,153,329.31823027761055,329.31823027761055
18,154,329.31823027761055,329.31823027761055
18,155,329.31823027761055,329.31823027761055
18,156,329.31823027761055,329.31823027761055
18,157,329.31823027761055,329.31823027761055
18,158,329.31823027761055,329.31823027761055
18,159,329.31823027761055,329.31823027761055
18,160,329.31823027761055,329.31823027761055
18,161,329.31823027761055,329.31823027761055
18,162,329.31823027761055,329.31823027761055
18,163,329.31823027761055,329.31823027761055
18,164,329.31823027761055,329.31823027761055
18,165,329.31823027761055,329.31823027761055
18,166,329.31823027761055,329.31823027761055
18,167,329.31823027761055,329.31823027761055
18,168,329.31823027761055,329.31823027761055
18,169,329.31823027761055,329.31823027761055
18,170,329.31823027761055,329.31823027761055
18,171,329.31823027761055,329.31823027761055
18,172,329.31823027761055,329.31823027761055
18,173,329.31823027761055,329.31823027761055
18,174,329.31823027761055,329.31823027761055
18,175,329.31823027761055,329.31823027761055
18,176,329.31823027761055,329.31823027761055
18,177,329.31823027761055,329.31823027761055
18,178,329.31823027761055,329.31823027761055
18,179,329.31823027761055,329.31823027761055
18,180,329.31823027761055,329.31823027761055
18,181,329.31823027761055,329.31823027761055
18,182,329.31823027761055,329.31823027761055
18,183,329.31823027761055,329.31823027761055
18,184,329.31823027761055,329.31823027761055
18,185,329.31823027761055,329.31823027761055
18,186,329.31823027761055,329.31823027761055
18,187,329.31823027761055,329.31823027761055
18,188,329.31823027761055,329.31823027761055
18,189,329.31823027761055,329.31823027761055
18,190,329.31823027761055,329.31823027761055
18,191,329.31823027761055,329.31823027761055
18,192,329.31823027761055,329.31823027761055
18,193,329.31823027761055,329.31823027761055
18,194,329.31823027761055,329.31823027761055
18,195,329.31823027761055,329.31823027761055
18,196,329.31823027761055,329.31823027761055
18,197,329.31823027761055,329.31823027761055
18,198,329.31823027761055,329.31823027761055
18,199,329.31823027761055,329.31823027761055
18,200,329.31823027761055,329.31823027761055
18,201,329.31823027761055,329.31823027761055
18,202,329.31823027761055,329.31823027761055
18,203,329.31823027761055,329.31823027761055
18,204,329.31823027761055,329.31823027761055
18,205,329.31823027761055,329.31823027761055
18,206,329.31823027761055,329.31823027761055
18,207,329.31823027761055,329.31823027761055
18,208,329.31823027761055,329.31823027761055
18,209,329.31823027761055,329.31823027761055
18,210,329.31823027761055,329.31823027761055
18,211,329.31823027761055,329.31823027761055
18,212,329.31823027761055,329.31823027761055
18,213,329.31823027761055,329.31823027761055
18,214,329.31823027761055,329.31823027761055
18,215,329.31823027761055,329.31823027761055
18,216,329.31823027761055,329.31823027761055
18,217,329.31823027761055,329.31823027761055
18,218,329.31823027761055,329.31823027761055
18,219,329.31823027761055,329.31823027761055
18,220,329.31823027761055,329.31823027761055
18,221,329.31823027761055,329.31823027761055
18,222,329.31823027761055,329.31823027761055
18,223,329.31823027761055,329.31823027761055
18,224,329.31823027761055,329.31823027761055
18,225,329.31823027761055,329.31823027761055
18,226,329.31823027761055,329.31823027761055
18,227,329.31823027761055,329.31823027761055
18,228,329.31823027761055,329.31823027761055
18,229,329.31823027761055,329.31823027761055
18,230,329.31823027761055,329.31823027761055
18,231,329.31823027761055,329.31823027761055
18,232,329.31823027761055,329.31823027761055
18,233,329.31823027761055,329.31823027761055
18,234,329.31823027761055,329.31823027761055
18,235,329.31823027761055,329.31823027761055
18,236,329.31823027761055,329.31823027761055
18,237,329.31823027761055,329.31823027761055
18,238,329.31823027761055,329.31823027761055
18,239,329.31823027761055,329.31823027761055
18,240,329.31823027761055,329.31823027761055
18,241,329.31823027761055,329.31823027761055
18,242,329.31823027761055,329.31823027761055
18,243,329.31823027761055,329.31823027761055
18,244,329.31823027761055,329.31823027761055
18,245,329.31823027761055,329.31823027761055
18,246,329.31823027761055,329.31823027761055
18,247,329.31823027761055,329.31823027761055
18,248,329.31823027761055,329.31823027761055
18,249,329.31823027761055,329.31823027761055
18,250,329.31823027761055,329.31823027761055
18,251,329.31823027761055,329.31823027761055
18,252,329.31823027761055,329.31823027761055
18,253,329.31823027761055,329.31823027761055
18,254,329.31823027761055,329.31823027761055
18,255,329.31823027761055,329.31823027761055
18,256,329.31823027761055,329.31823027761055
18,257,329.31823027761055,329.31823027761055
18,258,329.31823027761055,329.31823027761055
18,259,329.31823027761055,329.31823027761055
18,260,329.31823027761055,329.31823027761055
18,261,329.31823027761055,329.31823027761055
18,262,329.31823027761055,329.31823027761055
18,263,329.31823027761055,329.31823027761055
18,264,329.31823027761055,329.31823027761055
18,265,329.31823027761055,329.31823027761055
18,266,329.31823027761055,329.31823027761055
18,267,329.31823027761055,329.31823027761055
18,268,329.31823027761055,329.31823027761055
18,269,329.31823027761055,329.31823027761055
18,270,329.31823027761055,329.31823027761055
18,271,329.31823027761055,329.31823027761055
18,272,329.31823027761055,329.31823027761055
18,273,329.31823027761055,329.31823027761055
18,274,329.31823027761055,329.31823027761055
18,275,329.31823027761055,329.31823027761055
18,276,329.31823027761055,329.31823027761055
18,277,329.31823027761055,329.31823027761055
18,278,329.31823027761055,329.31823027761055
18,279,329.31823027761055,329.31823027761055
18,280,329.31823027761055,329.31823027761055
18,281,329.31823027761055,329.31823027761055
18,282,329.31823027761055,329.31823027761055
18,283,329.31823027761055,329.31823027761055
18,284,329.31823027761055,329.31823027761055
18,285,329.31823027761055,329.31823027761055
18,286,329.31823027761055,329.31823027761055
18,287,329.31823027761055,329.31823027761055
18,288,329.31823027761055,329.31823027761055
18,289,329.31823027761055,329.31823027761055
18,290,329.31823027761055,329.31823027761055
18,291,329.31823027761055,329.31823027761055
18,292,329.31823027761055,329.31823027761055
18,293,329.31823027761055,329.31823027761055
18,294,329.31823027761055,329.31823027761055
18,295,329.31823027761055,329.31823027761055
18,296,329.31823027761055,329.31823027761055
18,297,329.31823027761055,329.31823027761055
18,298,329.31823027761055,329.31823027761055
18,299,329.31823027761055,329.31823027761055
18,300,329.31823027761055,329.31823027761055
18,301,329.31823027761055,329.31823027761055
18,302,329.31823027761055,329.31823027761055
18,303,329.31823027761055,329.31823027761055
18,304,329.31823027761055,329.31823027761055
18,305,329.31823027761055,329.31823027761055
18,306,329.31823027761055,329.31823027761055
18,307,329.31823027761055,329.31823027761055
18,308,329.31823027761055,329.31823027761055
18,309,329.31823027761055,329.31823027761055
18,310,329.31823027761055,329.31823027761055
18,311,329.31823027761055,329.31823027761055
18,312,329.31823027761055,329.31823027761055
18,313,329.31823027761055,329.31823027761055
18,314,329.31823027761055,329.31823027761055
18,315,329.31823027761055,329.31823027761055
18,316,329.31823027761055,329.31823027761055
18,317,329.31823027761055,329.31823027761055
18,318,329.31823027761055,329.31823027761055
18,319,329.31823027761055,329.31823027761055
18,320,329.31823027761055,329.31823027761055
18,321,329.31823027761055,329.31823027761055
18,322,329.31823027761055,329.31823027761055
18,323,329.31823027761055,329.31823027761055
18,324,329.31823027761055,329.31823027761055
18,325,329.31823027761055,329.31823027761055
18,326,329.31823027761055,329.31823027761055
18,327,329.31823027761055,329.31823027761055
18,328,329.31823027761055,329.31823027761055
18,329,329.31823027761055,329.31823027761055
18,330,329.31823027761055,329.31823027761055
18,331,329.31823027761055,329.31823027761055
18,332,329.31823027761055,329.31823027761055
18,333,329.31823027761055,329.31823027761055
18,334,329.31823027761055,329.31823027761055
18,335,329.31823027761055,329.31823027761055
18,336,329.31823027761055,329.31823027761055
18,337,329.31823027761055,329.31823027761055
18,338,329.31823027761055,329.31823027761055
18,339,329.31823027761055,329.31823027761055
18,340,329.31823027761055,329.31823027761055
18,341,329.31823027761055,329.31823027761055
18,342,329.31823027761055,329.31823027761055
18,343,329.31823027761055,329.31823027761055
18,344,329.31823027761055,329.31823027761055
18,345,329.31823027761055,329.31823027761055
18,346,329.31823027761055,329.31823027761055
18,347,329.31823027761055,329.31823027761055
18,348,329.31823027761055,329.31823027761055
18,349,329.31823027761055,329.31823027761055
18,350,329.31823027761055,329.31823027761055
18,351,329.31823027761055,329.31823027761055
18,352,329.31823027761055,329.31823027761055
18,353,329.31823027761055,329.31823027761055
18,354,329.31823027761055,329.31823027761055
18,355,329.31823027761055,329.31823027761055
18,356,329.31823027761055,329.31823027761055
18,357,329.31823027761055,329.31823027761055
18,358,329.31823027761055,329.31823027761055
18,359,329.31823027761055,329.31823027761055
18,360,329.31823027761055,329.31823027761055
18,361,329.31823027761055,329.31823027761055
18,362,329.31823027761055,329.31823027761055
18,363,329.31823027761055,329.31823027761055
18,364,329.31823027761055,329.31823027761055
18,365,329.31823027761055,329.31823027761055
18,366,329.31823027761055,329.31823027761055
18,367,329.31823027761055,329.31823027761055
18,368,329.31823027761055,329.31823027761055
18,369,329.31823027761055,329.31823027761055
18,370,329.31823027761055,329.31823027761055
18,371,329.31823027761055,329.31823027761055
18,372,329.31823027761055,329.31823027761055
18,373,329.31823027761055,329.31823027761055
18,374,329.31823027761055,329.31823027761055
18,375,329.31823027761055,329.31823027761055
18,376,329.31823027761055,329.31823027761055
18,377,329.31823027761055,329.31823027761055
18,378,329.31823027761055,329.31823027761055
18,379,329.31823027761055,329.31823027761055
18,380,329.31823027761055,329.31823027761055
18,381,329.31823027761055,329.31823027761055
18,382,329.31823027761055,329.31823027761055
18,383,329.31823027761055,329.31823027761055
18,384,329.31823027761055,329.31823027761055
18,385,329.31823027761055,329.31823027761055
18,386,329.31823027761055,329.31823027761055
18,387,329.31823027761055,329.31823027761055
18,388,329.31823027761055,329.31823027761055
18,389,329.31823027761055,329.31823027761055
18,390,329.31823027761055,329.31823027761055
18,391,329.31823027761055,329.31823027761055
18,392,329.31823027761055,329.31823027761055
18,393,329.31823027761055,329.31823027761055
18,394,329.31823027761055,329.31823027761055
18,395,329.31823027761055,329.31823027761055
18,396,329.31823027761055,329.31823027761055
18,397,329.31823027761055,329.31823027761055
18,398,329.31823027761055,329.31823027761055
18,399,329.31823027761055,329.31823027761055
18,400,329.31823027761055,329.31823027761055
18,401,329.31823027761055,329.31823027761055
18,402,329.31823027761055,329.31823027761055
18,403,329.31823027761055,329.31823027761055
18,404,329.31823027761055,329.31823027761055
18,405,329.31823027761055,329.31823027761055
18,406,329.31823027761055,329.31823027761055
18,407,329.31823027761055,329.31823027761055
18,408,329.31823027761055,329.31823027761055
18,409,329.31823027761055,329.31823027761055
18,410,329.31823027761055,329.31823027761055
18,411,329.31823027761055,329.31823027761055
18,412,329.31823027761055,329.31823027761055
18,413,329.31823027761055,329.31823027761055
18,414,329.31823027761055,329.31823027761055
18,415,329.31823027761055,329.31823027761055
18,416,329.31823027761055,329.31823027761055
18,417,329.31823027761055,329.31823027761055
18,418,329.31823027761055,329.31823027761055
18,419,329.31823027761055,329.31823027761055
18,420,329.31823027761055,329.31823027761055
18,421,329.31823027761055,329.31823027761055
18,422,329.31823027761055,329.31823027761055
18,423,329.31823027761055,329.31823027761055
18,424,329.31823027761055,329.31823027761055
18,425,329.31823027761055,329.31823027761055
18,426,329.31823027761055,329.31823027761055
18,427,329.31823027761055,329.31823027761055
18,428,329.31823027761055,329.31823027761055
18,429,329.31823027761055,329.31823027761055
18,430,329.31823027761055,329.31823027761055
18,431,329.31823027761055,329.31823027761055
18,432,329.31823027761055,329.31823027761055
18,433,329.31823027761055,329.31823027761055
18,434,329.31823027761055,329.31823027761055
18,435,329.31823027761055,329.31823027761055
18,436,329.31823027761055,329.31823027761055
18,437,329.31823027761055,329.31823027761055
18,438,329.31823027761055,329.31823027761055
18,439,329.31823027761055,329.31823027761055
18,440,329.31823027761055,329.31823027761055
18,441,329.31823027761055,329.31823027761055
18,442,329.31823027761055,329.31823027761055
18,443,329.31823027761055,329.31823027761055
18,444,329.31823027761055,329.31823027761055
18,445,329.31823027761055,329.31823027761055
18,446,329.31823027761055,329.31823027761055
18,447,329.31823027761055,329.31823027761055
18,448,329.31823027761055,329.31823027761055
18,449,329.31823027761055,329.31823027761055
18,450,329.31823027761055,329.31823027761055
18,451,329.31823027761055,329.31823027761055
18,452,329.31823027761055,329.31823027761055
18,453,329.31823027761055,329.31823027761055
18,454,329.31823027761055,329.31823027761055
18,455,329.31823027761055,329.31823027761055
18,456,329.31823027761055,329.31823027761055
18,457,329.31823027761055,329.31823027761055
18,458,329.31823027761055,329.31823027761055
18,459,329.31823027761055,329.31823027761055
18,460,329.31823027761055,329.31823027761055
18,461,329.31823027761055,329.31823027761055
18,462,329.31823027761055,329.31823027761055
18,463,329.31823027761055,329.31823027761055
18,464,329.31823027761055,329.31823027761055
18,465,329.31823027761055,329.31823027761055
18,466,329.31823027761055,329.31823027761055
18,467,329.31823027761055,329.31823027761055
18,468,329.31823027761055,329.31823027761055
18,469,329.31823027761055,329.31823027761055
18,470,329.31823027761055,329.31823027761055
18,471,329.31823027761055,329.31823027761055
18,472,329.31823027761055,329.31823027761055
18,473,329.31823027761055,329.31823027761055
18,474,329.31823027761055,329.31823027761055
18,475,329.31823027761055,329.31823027761055
18,476,329.31823027761055,329.31823027761055
18,477,329.31823027761055,329.31823027761055
18,478,329.31823027761055,329.31823027761055
18,479,329.31823027761055,329.31823027761055
18,480,329.31823027761055,329.31823027761055
18,481,329.31823027761055,329.31823027761055
18,482,329.31823027761055,329.31823027761055
18,483,329.31823027761055,329.31823027761055
18,484,329.31823027761055,329.31823027761055
18,485,329.31823027761055,329.31823027761055
18,486,329.31823027761055,329.31823027761055
18,487,329.31823027761055,329.31823027761055
18,488,329.31823027761055,329.31823027761055
18,489,329.31823027761055,329.31823027761055
18,490,329.31823027761055,329.31823027761055
18,491,329.31823027761055,329.31823027761055
18,492,329.31823027761055,329.31823027761055
18,493,329.31823027761055,329.31823027761055
18,494,329.31823027761055,329.31823027761055
18,495,329.31823027761055,329.31823027761055
18,496,329.31823027761055,329.31823027761055
18,497,329.31823027761055,329.31823027761055
18,498,329.31823027761055,329.31823027761055
18,499,329.31823027761055,329.31823027761055
18,500,329.31823027761055,329.31823027761055
19,0,418.55738208950487,418.55738208950487
19,1,385.12337774409724,385.12337774409724
19,2,385.12337774409724,385.12337774409724
19,3,346.2754293187293,346.2754293187293
19,4,346.2754293187293,346.2754293187293
19,5,340.3797208992853,340.3797208992853
19,6,340.3797208992853,340.3797208992853
19,7,340.3797208992853,340.3797208992853
19,8,340.3797208992853,340.3797208992853
19,9,329.31823027761055,329.31823027761055
19,10,329.31823027761055,329.31823027761055
19,11,329.31823027761055,329.31823027761055
19,12,329.31823027761055,329.31823027761055
19,13,329.31823027761055,329.31823027761055
19,14,329.31823027761055,329.31823027761055
19,15,329.31823027761055,329.31823027761055
19,16,329.31823027761055,329.31823027761055
19,17,329.31823027761055,329.31823027761055
19,18,329.31823027761055,329.31823027761055
19,19,329.31823027761055,329.31823027761055
19,20,329.31823027761055,329.31823027761055
19,21,329.31823027761055,329.31823027761055
19,22,329.31823027761055,329.31823027761055
19,23,329.31823027761055,329.31823027761055
19,24,329.31823027761055,329.31823027761055
19,25,329.31823027761055,329.31823027761055
19,26,329.31823027761055,329.31823027761055
19,27,329.31823027761055,329.31823027761055
19,28,329.31823027761055,329.31823027761055
19,29,329.31823027761055,329.31823027761055
19,30,329.31823027761055,329.31823027761055
19,31,329.31823027761055,329.31823027761055
19,32,329.31823027761055,329.31823027761055
19,33,329.31823027761055,329.31823027761055
19,34,329.31823027761055,329.31823027761055
19,35,329.31823027761055,329.31823027761055
19,36,329.31823027761055,329.31823027761055
19,37,329.31823027761055,329.31823027761055
19,38,329.31823027761055,329.31823027761055
19,39,329.31823027761055,329.31823027761055
19,40,329.31823027761055,329.31823027761055
19,41,329.31823027761055,329.31823027761055
19,42,329.31823027761055,329.31823027761055
19,43,329.31823027761055,329.31823027761055
19,44,329.31823027761055,329.31823027761055
19,45,329.31823027761055,329.31823027761055
19,46,329.31823027761055,329.31823027761055
19,47,329.31823027761055,329.31823027761055
19,48,329.31823027761055,329.31823027761055
19,49,329.31823027761055,329.31823027761055
19,50,329.31823027761055,329.31823027761055
19,51,329.31823027761055,329.31823027761055
19,52,329.31823027761055,329.31823027761055
19,53,329.31823027761055,329.31823027761055
19,54,329.31823027761055,329.31823027761055
19,55,329.31823027761055,329.31823027761055
19,56,329.31823027761055,329.31823027761055
19,57,329.31823027761055,329.31823027761055
19,58,329.31823027761055,329.31823027761055
19,59,329.31823027761055,329.31823027761055
19,60,329.31823027761055,329.31823027761055
19,61,329.31823027761055,329.31823027761055
19,62,329.31823027761055,329.31823027761055
19,63,329.31823027761055,329.31823027761055
19,64,329.31823027761055,329.31823027761055
19,65,329.31823027761055,329.31823027761055
19,66,329.31823027761055,329.31823027761055
19,67,329.31823027761055,329.31823027761055
19,68,329.31823027761055,329.31823027761055
19,69,329.31823027761055,329.31823027761055
19,70,329.31823027761055,329.31823027761055
19,71,329.31823027761055,329.31823027761055
19,72,329.31823027761055,329.31823027761055
19,73,329.31823027761055,329.31823027761055
19,74,329.31823027761055,329.31823027761055
19,75,329.31823027761055,329.31823027761055
19,76,329.31823027761055,329.31823027761055
19,77,329.31823027761055,329.31823027761055
19,78,329.31823027761055,329.31823027761055
19,79,329.31823027761055,329.31823027761055
19,80,329.31823027761055,329.31823027761055
19,81,329.31823027761055,329.31823027761055
19,82,329.31823027761055,329.31823027761055
19,83,329.31823027761055,329.31823027761055
19,84,329.31823027761055,329.31823027761055
19,85,329.31823027761055,329.31823027761055
19,86,329.31823027761055,329.31823027761055
19,87,329.31823027761055,329.31823027761055
19,88,329.31823027761055,329.31823027761055
19,89,329.31823027761055,329.31823027761055
19,90,329.31823027761055,329.31823027761055
19,91,329.31823027761055,329.31823027761055
19,92,329.31823027761055,329.31823027761055
19,93,329.31823027761055,329.31823027761055
19,94,329.31823027761055,329.31823027761055
19,95,329.31823027761055,329.31823027761055
19,96,329.31823027761055,329.31823027761055
19,97,329.31823027761055,329.31823027761055
19,98,329.31823027761055,329.31823027761055
19,99,329.31823027761055,329.31823027761055
19,100,329.31823027761055,329.31823027761055
19,101,329.31823027761055,329.31823027761055
19,102,329.31823027761055,329.31823027761055
19,103,329.31823027761055,329.31823027761055
19,104,329.31823027761055,329.31823027761055
19,105,329.31823027761055,329.31823027761055
19,106,329.31823027761055,329.31823027761055
19,107,329.31823027761055,329.31823027761055
19,108,329.31823027761055,329.31823027761055
19,109,329.31823027761055,329.31823027761055
19,110,329.31823027761055,329.31823027761055
19,111,329.31823027761055,329.31823027761055
19,112,329.31823027761055,329.31823027761055
19,113,329.31823027761055,329.31823027761055
19,114,329.31823027761055,329.31823027761055
19,115,329.31823027761055,329.31823027761055
19,116,329.31823027761055,329.31823027761055
19,117,329.31823027761055,329.31823027761055
19,118,329.31823027761055,329.31823027761055
19,119,329.31823027761055,329.31823027761055
19,120,329.31823027761055,329.31823027761055
19,121,329.31823027761055,329.31823027761055
19,122,329.31823027761055,329.31823027761055
19,123,329.31823027761055,329.31823027761055
19,124,329.31823027761055,329.31823027761055
19,125,329.31823027761055,329.31823027761055
19,126,329.31823027761055,329.31823027761055
19,127,329.31823027761055,329.31823027761055
19,128,329.31823027761055,329.31823027761055
19,129,329.31823027761055,329.31823027761055
19,130,329.31823027761055,329.31823027761055
19,131,329.31823027761055,329.31823027761055
19,132,329.31823027761055,329.31823027761055
19,133,329.31823027761055,329.31823027761055
19,134,329.31823027761055,329.31823027761055
19,135,329.31823027761055,329.31823027761055
19,136,329.31823027761055,329.31823027761055
19,137,329.31823027761055,329.31823027761055
19,138,329.31823027761055,329.31823027761055
19,139,329.31823027761055,329.31823027761055
19,140,329.31823027761055,329.31823027761055
19,141,329.31823027761055,329.31823027761055
19,142,329.31823027761055,329.31823027761055
19,143,329.31823027761055,329.31823027761055
19,144,329.31823027761055,329.31823027761055
19,145,329.31823027761055,329.31823027761055
19,146,329.31823027761055,329.31823027761055
19,147,329.31823027761055,329.31823027761055
19,148,329.31823027761055,329.31823027761055
19,149,329.31823027761055,329.31823027761055
19,150,329.31823027761055,329.31823027761055
19,151,329.31823027761055,329.31823027761055
19,152,329.31823027761055,329.31823027761055
19,153,329.31823027761055,329.31823027761055
19,154,329.31823027761055,329.31823027761055
19,155,329.31823027761055,329.31823027761055
19,156,329.31823027761055,329.31823027761055
19,157,329.31823027761055,329.31823027761055
19,158,329.31823027761055,329.31823027761055
19,159,329.31823027761055,329.31823027761055
19,160,329.31823027761055,329.31823027761055
19,161,329.31823027761055,329.31823027761055
19,162,329.31823027761055,329.31823027761055
19,163,329.31823027761055,329.31823027761055
19,164,329.31823027761055,329.31823027761055
19,165,329.31823027761055,329.31823027761055
19,166,329.31823027761055,329.31823027761055
19,167,329.31823027761055,329.31823027761055
19,168,329.31823027761055,329.31823027761055
19,169,329.31823027761055,329.31823027761055
19,170,329.31823027761055,329.31823027761055
19,171,329.31823027761055,329.31823027761055
19,172,329.31823027761055,329.31823027761055
19,173,329.31823027761055,329.31823027761055
19,174,329.31823027761055,329.31823027761055
19,175,329.31823027761055,329.31823027761055
19,176,329.31823027761055,329.31823027761055
19,177,329.31823027761055,329.31823027761055
19,178,329.31823027761055,329.31823027761055
19,179,329.31823027761055,329.31823027761055
19,180,329.31823027761055,329.31823027761055
19,181,329.31823027761055,329.31823027761055
19,182,329.31823027761055,329.31823027761055
19,183,329.31823027761055,329.31823027761055
19,184,329.31823027761055,329.31823027761055
19,185,329.31823027761055,329.31823027761055
19,186,329.31823027761055,329.31823027761055
19,187,329.31823027761055,329.31823027761055
19,188,329.31823027761055,329.31823027761055
19,189,329.31823027761055,329.31823027761055
19,190,329.31823027761055,329.31823027761055
19,191,329.31823027761055,329.31823027761055
19,192,329.31823027761055,329.31823027761055
19,193,329.31823027761055,329.31823027761055
19,194,329.31823027761055,329.31823027761055
19,195,329.31823027761055,329.31823027761055
19,196,329.31823027761055,329.31823027761055
19,197,329.31823027761055,329.31823027761055
19,198,329.31823027761055,329.31823027761055
19,199,329.31823027761055,329.31823027761055
19,200,329.31823027761055,329.31823027761055
19,201,329.31823027761055,329.31823027761055
19,202,329.31823027761055,329.31823027761055
19,203,329.31823027761055,329.31823027761055
19,204,329.31823027761055,329.31823027761055
19,205,329.31823027761055,329.31823027761055
19,206,329.31823027761055,329.31823027761055
19,207,329.31823027761055,329.31823027761055
19,208,329.31823027761055,329.31823027761055
19,209,329.31823027761055,329.31823027761055
19,210,329.31823027761055,329.31823027761055
19,211,329.31823027761055,329.31823027761055
19,212,329.31823027761055,329.31823027761055
19,213,329.31823027761055,329.31823027761055
19,214,329.31823027761055,329.31823027761055
19,215,329.31823027761055,329.31823027761055
19,216,329.31823027761055,329.31823027761055
19,217,329.31823027761055,329.31823027761055
19,218,329.31823027761055,329.31823027761055
19,219,329.31823027761055,329.31823027761055
19,220,329.31823027761055,329.31823027761055
19,221,329.31823027761055,329.31823027761055
19,222,329.31823027761055,329.31823027761055
19,223,329.31823027761055,329.31823027761055
19,224,329.31823027761055,329.31823027761055
19,225,329.31823027761055,329.31823027761055
19,226,329.31823027761055,329.31823027761055
19,227,329.31823027761055,329.31823027761055
19,228,329.31823027761055,329.31823027761055
19,229,329.31823027761055,329.31823027761055
19,230,329.31823027761055,329.31823027761055
19,231,329.31823027761055,329.31823027761055
19,232,329.31823027761055,329.31823027761055
19,233,329.31823027761055,329.31823027761055
19,234,329.31823027761055,329.31823027761055
19,235,329.31823027761055,329.31823027761055
19,236,329.31823027761055,329.31823027761055
19,237,329.31823027761055,329.31823027761055
19,238,329.31823027761055,329.31823027761055
19,239,329.31823027761055,329.31823027761055
19,240,329.31823027761055,329.31823027761055
19,241,329.31823027761055,329.31823027761055
19,242,329.31823027761055,329.31823027761055
19,243,329.31823027761055,329.31823027761055
19,244,329.31823027761055,329.31823027761055
19,245,329.31823027761055,329.31823027761055
19,246,329.31823027761055,329.31823027761055
19,247,329.31823027761055,329.31823027761055
19,248,329.31823027761055,329.31823027761055
19,249,329.31823027761055,329.31823027761055
19,250,329.31823027761055,329.31823027761055
19,251,329.31823027761055,329.31823027761055
19,252,329.31823027761055,329.31823027761055
19,253,329.31823027761055,329.31823027761055
19,254,329.31823027761055,329.31823027761055
19,255,329.31823027761055,329.31823027761055
19,256,329.31823027761055,329.31823027761055
19,257,329.31823027761055,329.31823027761055
19,258,329.31823027761055,329.31823027761055
19,259,329.31823027761055,329.31823027761055
19,260,329.31823027761055,329.31823027761055
19,261,329.31823027761055,329.31823027761055
19,262,329.31823027761055,329.31823027761055
19,263,329.31823027761055,329.31823027761055
19,264,329.31823027761055,329.31823027761055
19,265,329.31823027761055,329.31823027761055
19,266,329.31823027761055,329.31823027761055
19,267,329.31823027761055,329.31823027761055
19,268,329.31823027761055,329.31823027761055
19,269,329.31823027761055,329.31823027761055
19,270,329.31823027761055,329.31823027761055
19,271,329.31823027761055,329.31823027761055
19,272,329.31823027761055,329.31823027761055
19,273,329.31823027761055,329.31823027761055
19,274,329.31823027761055,329.31823027761055
19,275,329.31823027761055,329.31823027761055
19,276,329.31823027761055,329.31823027761055
19,277,329.31823027761055,329.31823027761055
19,278,329.31823027761055,329.31823027761055
19,279,329.31823027761055,329.31823027761055
19,280,329.31823027761055,329.31823027761055
19,281,329.31823027761055,329.31823027761055
19,282,329.31823027761055,329.31823027761055
19,283,329.31823027761055,329.31823027761055
19,284,329.31823027761055,329.31823027761055
19,285,329.31823027761055,329.31823027761055
19,286,329.31823027761055,329.31823027761055
19,287,329.31823027761055,329.31823027761055
19,288,329.31823027761055,329.31823027761055
19,289,329.31823027761055,329.31823027761055
19,290,329.31823027761055,329.31823027761055
19,291,329.31823027761055,329.31823027761055
19,292,329.31823027761055,329.31823027761055
19,293,329.31823027761055,329.31823027761055
19,294,329.31823027761055,329.31823027761055
19,295,329.31823027761055,329.31823027761055
19,296,329.31823027761055,329.31823027761055
19,297,329.31823027761055,329.31823027761055
19,298,329.31823027761055,329.31823027761055
19,299,329.31823027761055,329.31823027761055
19,300,329.31823027761055,329.31823027761055
19,301,329.31823027761055,329.31823027761055
19,302,329.31823027761055,329.31823027761055
19,303,329.31823027761055,329.31823027761055
19,304,329.31823027761055,329.31823027761055
19,305,329.31823027761055,329.31823027761055
19,306,329.31823027761055,329.31823027761055
19,307,329.31823027761055,329.31823027761055
19,308,329.31823027761055,329.31823027761055
19,309,329.31823027761055,329.31823027761055
19,310,329.31823027761055,329.31823027761055
19,311,329.31823027761055,329.31823027761055
19,312,329.31823027761055,329.31823027761055
19,313,329.31823027761055,329.31823027761055
19,314,329.31823027761055,329.31823027761055
19,315,329.31823027761055,329.31823027761055
19,316,329.31823027761055,329.31823027761055
19,317,329.31823027761055,329.31823027761055
19,318,329.31823027761055,329.31823027761055
19,319,329.31823027761055,329.31823027761055
19,320,329.31823027761055,329.31823027761055
19,321,329.31823027761055,329.31823027761055
19,322,329.31823027761055,329.31823027761055
19,323,329.31823027761055,329.31823027761055
19,324,329.31823027761055,329.31823027761055
19,325,329.31823027761055,329.31823027761055
19,326,329.31823027761055,329.31823027761055
19,327,329.31823027761055,329.31823027761055
19,328,329.31823027761055,329.31823027761055
19,329,329.31823027761055,329.31823027761055
19,330,329.31823027761055,329.31823027761055
19,331,329.31823027761055,329.31823027761055
19,332,329.31823027761055,329.31823027761055
19,333,329.31823027761055,329.31823027761055
19,334,329.31823027761055,329.31823027761055
19,335,329.31823027761055,329.31823027761055
19,336,329.31823027761055,329.31823027761055
19,337,329.31823027761055,329.31823027761055
19,338,329.31823027761055,329.31823027761055
19,339,329.31823027761055,329.31823027761055
19,340,329.31823027761055,329.31823027761055
19,341,329.31823027761055,329.31823027761055
19,342,329.31823027761055,329.31823027761055
19,343,329.31823027761055,329.31823027761055
19,344,329.31823027761055,329.31823027761055
19,345,329.31823027761055,329.31823027761055
19,346,329.31823027761055,329.31823027761055
19,347,329.31823027761055,329.31823027761055
19,348,329.31823027761055,329.31823027761055
19,349,329.31823027761055,329.31823027761055
19,350,329.31823027761055,329.31823027761055
19,351,329.31823027761055,329.31823027761055
19,352,329.31823027761055,329.31823027761055
19,353,329.31823027761055,329.31823027761055
19,354,329.31823027761055,329.31823027761055
19,355,329.31823027761055,329.31823027761055
19,356,329.31823027761055,329.31823027761055
19,357,329.31823027761055,329.31823027761055
19,358,329.31823027761055,329.31823027761055
19,359,329.31823027761055,329.31823027761055
19,360,329.31823027761055,329.31823027761055
19,361,329.31823027761055,329.31823027761055
19,362,329.31823027761055,329.31823027761055
19,363,329.31823027761055,329.31823027761055
19,364,329.31823027761055,329.31823027761055
19,365,329.31823027761055,329.31823027761055
19,366,329.31823027761055,329.31823027761055
19,367,329.31823027761055,329.31823027761055
19,368,329.31823027761055,329.31823027761055
19,369,329.31823027761055,329.31823027761055
19,370,329.31823027761055,329.31823027761055
19,371,329.31823027761055,329.31823027761055
19,372,329.31823027761055,329.31823027761055
19,373,329.31823027761055,329.31823027761055
19,374,329.31823027761055,329.31823027761055
19,375,329.31823027761055,329.31823027761055
19,376,329.31823027761055,329.31823027761055
19,377,329.31823027761055,329.31823027761055
19,378,329.31823027761055,329.31823027761055
19,379,329.31823027761055,329.31823027761055
19,380,329.31823027761055,329.31823027761055
19,381,329.31823027761055,329.31823027761055
19,382,329.31823027761055,329.31823027761055
19,383,329.31823027761055,329.31823027761055
19,384,329.31823027761055,329.31823027761055
19,385,329.31823027761055,329.31823027761055
19,386,329.31823027761055,329.31823027761055
19,387,329.31823027761055,329.31823027761055
19,388,329.31823027761055,329.31823027761055
19,389,329.31823027761055,329.31823027761055
19,390,329.31823027761055,329.31823027761055
19,391,329.31823027761055,329.31823027761055
19,392,329.31823027761055,329.31823027761055
19,393,329.31823027761055,329.31823027761055
19,394,329.31823027761055,329.31823027761055
19,395,329.31823027761055,329.31823027761055
19,396,329.31823027761055,329.31823027761055
19,397,329.31823027761055,329.31823027761055
19,398,329.31823027761055,329.31823027761055
19,399,329.31823027761055,329.31823027761055
19,400,329.31823027761055,329.31823027761055
19,401,329.31823027761055,329.31823027761055
19,402,329.31823027761055,329.31823027761055
19,403,329.31823027761055,329.31823027761055
19,404,329.31823027761055,329.31823027761055
19,405,329.31823027761055,329.31823027761055
19,406,329.31823027761055,329.31823027761055
19,407,329.31823027761055,329.31823027761055
19,408,329.31823027761055,329.31823027761055
19,409,329.31823027761055,329.31823027761055
19,410,329.31823027761055,329.31823027761055
19,411,329.31823027761055,329.31823027761055
19,412,329.31823027761055,329.31823027761055
19,413,329.31823027761055,329.31823027761055
19,414,329.31823027761055,329.31823027761055
19,415,329.31823027761055,329.31823027761055
19,416,329.31823027761055,329.31823027761055
19,417,329.31823027761055,329.31823027761055
19,418,329.31823027761055,329.31823027761055
19,419,329.31823027761055,329.31823027761055
19,420,329.31823027761055,329.31823027761055
19,421,329.31823027761055,329.31823027761055
19,422,329.31823027761055,329.31823027761055
19,423,329.31823027761055,329.31823027761055
19,424,329.31823027761055,329.31823027761055
19,425,329.31823027761055,329.31823027761055
19,426,329.31823027761055,329.31823027761055
19,427,329.31823027761055,329.31823027761055
19,428,329.31823027761055,329.31823027761055
19,429,329.31823027761055,329.31823027761055
19,430,329.31823027761055,329.31823027761055
19,431,329.31823027761055,329.31823027761055
19,432,329.31823027761055,329.31823027761055
19,433,329.31823027761055,329.31823027761055
19,434,329.31823027761055,329.31823027761055
19,435,329.31823027761055,329.31823027761055
19,436,329.31823027761055,329.31823027761055
19,437,329.31823027761055,329.31823027761055
19,438,329.31823027761055,329.31823027761055
19,439,329.31823027761055,329.31823027761055
19,440,329.31823027761055,329.31823027761055
19,441,329.31823027761055,329.31823027761055
19,442,329.31823027761055,329.31823027761055
19,443,329.31823027761055,329.31823027761055
19,444,329.31823027761055,329.31823027761055
19,445,329.31823027761055,329.31823027761055
19,446,329.31823027761055,329.31823027761055
19,447,329.31823027761055,329.31823027761055
19,448,329.31823027761055,329.31823027761055
19,449,329.31823027761055,329.31823027761055
19,450,329.31823027761055,329.31823027761055
19,451,329.31823027761055,329.31823027761055
19,452,329.31823027761055,329.31823027761055
19,453,329.31823027761055,329.31823027761055
19,454,329.31823027761055,329.31823027761055
19,455,329.31823027761055,329.31823027761055
19,456,329.31823027761055,329.31823027761055
19,457,329.31823027761055,329.31823027761055
19,458,329.31823027761055,329.31823027761055
19,459,329.31823027761055,329.31823027761055
19,460,329.31823027761055,329.31823027761055
19,461,329.31823027761055,329.31823027761055
19,462,329.31823027761055,329.31823027761055
19,463,329.31823027761055,329.31823027761055
19,464,329.31823027761055,329.31823027761055
19,465,329.31823027761055,329.31823027761055
19,466,329.31823027761055,329.31823027761055
19,467,329.31823027761055,329.31823027761055
19,468,329.31823027761055,329.31823027761055
19,469,329.31823027761055,329.31823027761055
19,470,329.31823027761055,329.31823027761055
19,471,329.31823027761055,329.31823027761055
19,472,329.31823027761055,329.31823027761055
19,473,329.31823027761055,329.31823027761055
19,474,329.31823027761055,329.31823027761055
19,475,329.31823027761055,329.31823027761055
19,476,329.31823027761055,329.31823027761055
19,477,329.31823027761055,329.31823027761055
19,478,329.31823027761055,329.31823027761055
19,479,329.31823027761055,329.31823027761055
19,480,329.31823027761055,329.31823027761055
19,481,329.31823027761055,329.31823027761055
19,482,329.31823027761055,329.31823027761055
19,483,329.31823027761055,329.31823027761055
19,484,329.31823027761055,329.31823027761055
19,485,329.31823027761055,329.31823027761055
19,486,329.31823027761055,329.31823027761055
19,487,329.31823027761055,329.31823027761055
19,488,329.31823027761055,329.31823027761055
19,489,329.31823027761055,329.31823027761055
19,490,329.31823027761055,329.31823027761055
19,491,329.31823027761055,329.31823027761055
19,492,329.31823027761055,329.31823027761055
19,493,329.31823027761055,329.31823027761055
19,494,329.31823027761055,329.31823027761055
19,495,329.31823027761055,329.31823027761055
19,496,329.31823027761055,329.31823027761055
19,497,329.31823027761055,329.31823027761055
19,498,329.31823027761055,329.31823027761055
19,499,329.31823027761055,329.31823027761055
19,500,329.31823027761055,329.31823027761055
20,0,424.08561564197925,424.08561564197925
20,1,403.248942227116,403.248942227116
20,2,385.9475858087442,385.9475858087442
20,3,385.9475858087442,385.9475858087442
20,4,385.9475858087442,385.9475858087442
20,5,383.5925116302904,383.5925116302904
20,6,355.64378199532604,355.64378199532604
20,7,355.64378199532604,355.64378199532604
20,8,355.64378199532604,355.64378199532604
20,9,355.64378199532604,355.64378199532604
20,10,340.3797208992853,340.3797208992853
20,11,329.31823027761055,329.31823027761055
20,12,329.31823027761055,329.31823027761055
20,13,329.31823027761055,329.31823027761055
20,14,329.31823027761055,329.31823027761055
20,15,329.31823027761055,329.31823027761055
20,16,329.31823027761055,329.31823027761055
20,17,329.31823027761055,329.31823027761055
20,18,329.31823027761055,329.31823027761055
20,19,329.31823027761055,329.31823027761055
20,20,329.31823027761055,329.31823027761055
20,21,329.31823027761055,329.31823027761055
20,22,329.31823027761055,329.31823027761055
20,23,329.31823027761055,329.31823027761055
20,24,329.31823027761055,329.31823027761055
20,25,329.31823027761055,329.31823027761055
20,26,329.31823027761055,329.31823027761055
20,27,329.31823027761055,329.31823027761055
20,28,329.31823027761055,329.31823027761055
20,29,329.31823027761055,329.31823027761055
20,30,329.31823027761055,329.31823027761055
20,31,329.31823027761055,329.31823027761055
20,32,329.31823027761055,329.31823027761055
20,33,329.31823027761055,329.31823027761055
20,34,329.31823027761055,329.31823027761055
20,35,329.31823027761055,329.31823027761055
20,36,329.31823027761055,329.31823027761055
20,37,329.31823027761055,329.31823027761055
20,38,329.31823027761055,329.31823027761055
20,39,329.31823027761055,329.31823027761055
20,40,329.31823027761055,329.31823027761055
20,41,329.31823027761055,329.31823027761055
20,42,329.31823027761055,329.31823027761055
20,43,329.31823027761055,329.31823027761055
20,44,329.31823027761055,329.31823027761055
20,45,329.31823027761055,329.31823027761055
20,46,329.31823027761055,329.31823027761055
20,47,329.31823027761055,329.31823027761055
20,48,329.31823027761055,329.31823027761055
20,49,329.31823027761055,329.31823027761055
20,50,329.31823027761055,329.31823027761055
20,51,329.31823027761055,329.31823027761055
20,52,329.31823027761055,329.31823027761055
20,53,329.31823027761055,329.31823027761055
20,54,329.31823027761055,329.31823027761055
20,55,329.31823027761055,329.31823027761055
20,56,329.31823027761055,329.31823027761055
20,57,329.31823027761055,329.31823027761055
20,58,329.31823027761055,329.31823027761055
20,59,329.31823027761055,329.31823027761055
20,60,329.31823027761055,329.31823027761055
20,61,329.31823027761055,329.31823027761055
20,62,329.31823027761055,329.31823027761055
20,63,329.31823027761055,329.31823027761055
20,64,329.31823027761055,329.31823027761055
20,65,329.31823027761055,329.31823027761055
20,66,329.31823027761055,329.31823027761055
20,67,329.31823027761055,329.31823027761055
20,68,329.31823027761055,329.31823027761055
20,69,329.31823027761055,329.31823027761055
20,70,329.31823027761055,329.31823027761055
20,71,329.31823027761055,329.31823027761055
20,72,329.31823027761055,329.31823027761055
20,73,329.31823027761055,329.31823027761055
20,74,329.31823027761055,329.31823027761055
20,75,329.31823027761055,329.31823027761055
20,76,329.31823027761055,329.31823027761055
20,77,329.31823027761055,329.31823027761055
20,78,329.31823027761055,329.31823027761055
20,79,329.31823027761055,329.31823027761055
20,80,329.31823027761055,329.31823027761055
20,81,329.31823027761055,329.31823027761055
20,82,329.31823027761055,329.31823027761055
20,83,329.31823027761055,329.31823027761055
20,84,329.31823027761055,329.31823027761055
20,85,329.31823027761055,329.31823027761055
20,86,329.31823027761055,329.31823027761055
20,87,329.31823027761055,329.31823027761055
20,88,329.31823027761055,329.31823027761055
20,89,329.31823027761055,329.31823027761055
20,90,329.31823027761055,329.31823027761055
20,91,329.31823027761055,329.31823027761055
20,92,329.31823027761055,329.31823027761055
20,93,329.31823027761055,329.31823027761055
20,94,329.31823027761055,329.31823027761055
20,95,329.31823027761055,329.31823027761055
20,96,329.31823027761055,329.31823027761055
20,97,329.31823027761055,329.31823027761055
20,98,329.31823027761055,329.31823027761055
20,99,329.31823027761055,329.31823027761055
20,100,329.31823027761055,329.31823027761055
20,101,329.31823027761055,329.31823027761055
20,102,329.31823027761055,329.31823027761055
20,103,329.31823027761055,329.31823027761055
20,104,329.31823027761055,329.31823027761055
20,105,329.31823027761055,329.31823027761055
20,106,329.31823027761055,329.31823027761055
20,107,329.31823027761055,329.31823027761055
20,108,329.31823027761055,329.31823027761055
20,109,329.31823027761055,329.31823027761055
20,110,329.31823027761055,329.31823027761055
20,111,329.31823027761055,329.31823027761055
20,112,329.31823027761055,329.31823027761055
20,113,329.31823027761055,329.31823027761055
20,114,329.31823027761055,329.31823027761055
20,115,329.31823027761055,329.31823027761055
20,116,329.31823027761055,329.31823027761055
20,117,329.31823027761055,329.31823027761055
20,118,329.31823027761055,329.31823027761055
20,119,329.31823027761055,329.31823027761055
20,120,329.31823027761055,329.31823027761055
20,121,329.31823027761055,329.31823027761055
20,122,329.31823027761055,329.31823027761055
20,123,329.31823027761055,329.31823027761055
20,124,329.31823027761055,329.31823027761055
20,125,329.31823027761055,329.31823027761055
20,126,329.31823027761055,329.31823027761055
20,127,329.31823027761055,329.31823027761055
20,128,329.31823027761055,329.31823027761055
20,129,329.31823027761055,329.31823027761055
20,130,329.31823027761055,329.31823027761055
20,131,329.31823027761055,329.31823027761055
20,132,329.31823027761055,329.31823027761055
20,133,329.31823027761055,329.31823027761055
20,134,329.31823027761055,329.31823027761055
20,135,329.31823027761055,329.31823027761055
20,136,329.31823027761055,329.31823027761055
20,137,329.31823027761055,329.31823027761055
20,138,329.31823027761055,329.31823027761055
20,139,329.31823027761055,329.31823027761055
20,140,329.31823027761055,329.31823027761055
20,141,329.31823027761055,329.31823027761055
20,142,329.31823027761055,329.31823027761055
20,143,329.31823027761055,329.31823027761055
20,144,329.31823027761055,329.31823027761055
20,145,329.31823027761055,329.31823027761055
20,146,329.31823027761055,329.31823027761055
20,147,329.31823027761055,329.31823027761055
20,148,329.31823027761055,329.31823027761055
20,149,329.31823027761055,329.31823027761055
20,150,329.31823027761055,329.31823027761055
20,151,329.31823027761055,329.31823027761055
20,152,329.31823027761055,329.31823027761055
20,153,329.31823027761055,329.31823027761055
20,154,329.31823027761055,329.31823027761055
20,155,329.31823027761055,329.31823027761055
20,156,329.31823027761055,329.31823027761055
20,157,329.31823027761055,329.31823027761055
20,158,329.31823027761055,329.31823027761055
20,159,329.31823027761055,329.31823027761055
20,160,329.31823027761055,329.31823027761055
20,161,329.31823027761055,329.31823027761055
20,162,329.31823027761055,329.31823027761055
20,163,329.31823027761055,329.31823027761055
20,164,329.31823027761055,329.31823027761055
20,165,329.31823027761055,329.31823027761055
20,166,329.31823027761055,329.31823027761055
20,167,329.31823027761055,329.31823027761055
20,168,329.31823027761055,329.31823027761055
20,169,329.31823027761055,329.31823027761055
20,170,329.31823027761055,329.31823027761055
20,171,329.31823027761055,329.31823027761055
20,172,329.31823027761055,329.31823027761055
20,173,329.31823027761055,329.31823027761055
20,174,329.31823027761055,329.31823027761055
20,175,329.31823027761055,329.31823027761055
20,176,329.31823027761055,329.31823027761055
20,177,329.31823027761055,329.31823027761055
20,178,329.31823027761055,329.31823027761055
20,179,329.31823027761055,329.31823027761055
20,180,329.31823027761055,329.31823027761055
20,181,329.31823027761055,329.31823027761055
20,182,329.31823027761055,329.31823027761055
20,183,329.31823027761055,329.31823027761055
20,184,329.31823027761055,329.31823027761055
20,185,329.31823027761055,329.31823027761055
20,186,329.31823027761055,329.31823027761055
20,187,329.31823027761055,329.31823027761055
20,188,329.31823027761055,329.31823027761055
20,189,329.31823027761055,329.31823027761055
20,190,329.31823027761055,329.31823027761055
20,191,329.31823027761055,329.31823027761055
20,192,329.31823027761055,329.31823027761055
20,193,329.31823027761055,329.31823027761055
20,194,329.31823027761055,329.31823027761055
20,195,329.31823027761055,329.31823027761055
20,196,329.31823027761055,329.31823027761055
20,197,329.31823027761055,329.31823027761055
20,198,329.31823027761055,329.31823027761055
20,199,329.31823027761055,329.31823027761055
20,200,329.31823027761055,329.31823027761055
20,201,329.31823027761055,329.31823027761055
20,202,329.31823027761055,329.31823027761055
20,203,329.31823027761055,329.31823027761055
20,204,329.31823027761055,329.31823027761055
20,205,329.31823027761055,329.31823027761055
20,206,329.31823027761055,329.31823027761055
20,207,329.31823027761055,329.31823027761055
20,208,329.31823027761055,329.31823027761055
20,209,329.31823027761055,329.31823027761055
20,210,329.31823027761055,329.31823027761055
20,211,329.31823027761055,329.31823027761055
20,212,329.31823027761055,329.31823027761055
20,213,329.31823027761055,329.31823027761055
20,214,329.31823027761055,329.31823027761055
20,215,329.31823027761055,329.31823027761055
20,216,329.31823027761055,329.31823027761055
20,217,329.31823027761055,329.31823027761055
20,218,329.31823027761055,329.31823027761055
20,219,329.31823027761055,329.31823027761055
20,220,329.31823027761055,329.31823027761055
20,221,329.31823027761055,329.31823027761055
20,222,329.31823027761055,329.31823027761055
20,223,329.31823027761055,329.31823027761055
20,224,329.31823027761055,329.31823027761055
20,225,329.31823027761055,329.31823027761055
20,226,329.31823027761055,329.31823027761055
20,227,329.31823027761055,329.31823027761055
20,228,329.31823027761055,329.31823027761055
20,229,329.31823027761055,329.31823027761055
20,230,329.31823027761055,329.31823027761055
20,231,329.31823027761055,329.31823027761055
20,232,329.31823027761055,329.31823027761055
20,233,329.31823027761055,329.31823027761055
20,234,329.31823027761055,329.31823027761055
20,235,329.31823027761055,329.31823027761055
20,236,329.31823027761055,329.31823027761055
20,237,329.31823027761055,329.31823027761055
20,238,329.31823027761055,329.31823027761055
20,239,329.31823027761055,329.31823027761055
20,240,329.31823027761055,329.31823027761055
20,241,329.31823027761055,329.31823027761055
20,242,329.31823027761055,329.31823027761055
20,243,329.31823027761055,329.31823027761055
20,244,329.31823027761055,329.31823027761055
20,245,329.31823027761055,329.31823027761055
20,246,329.31823027761055,329.31823027761055
20,247,329.31823027761055,329.31823027761055
20,248,329.31823027761055,329.31823027761055
20,249,329.31823027761055,329.31823027761055
20,250,329.31823027761055,329.31823027761055
20,251,329.31823027761055,329.31823027761055
20,252,329.31823027761055,329.31823027761055
20,253,329.31823027761055,329.31823027761055
20,254,329.31823027761055,329.31823027761055
20,255,329.31823027761055,329.31823027761055
20,256,329.31823027761055,329.31823027761055
20,257,329.31823027761055,329.31823027761055
20,258,329.31823027761055,329.31823027761055
20,259,329.31823027761055,329.31823027761055
20,260,329.31823027761055,329.31823027761055
20,261,329.31823027761055,329.31823027761055
20,262,329.31823027761055,329.31823027761055
20,263,329.31823027761055,329.31823027761055
20,264,329.31823027761055,329.31823027761055
20,265,329.31823027761055,329.31823027761055
20,266,329.31823027761055,329.31823027761055
20,267,329.31823027761055,329.31823027761055
20,268,329.31823027761055,329.31823027761055
20,269,329.31823027761055,329.31823027761055
20,270,329.31823027761055,329.31823027761055
20,271,329.31823027761055,329.31823027761055
20,272,329.31823027761055,329.31823027761055
20,273,329.31823027761055,329.31823027761055
20,274,329.31823027761055,329.31823027761055
20,275,329.31823027761055,329.31823027761055
20,276,329.31823027761055,329.31823027761055
20,277,329.31823027761055,329.31823027761055
20,278,329.31823027761055,329.31823027761055
20,279,329.31823027761055,329.31823027761055
20,280,329.31823027761055,329.31823027761055
20,281,329.31823027761055,329.31823027761055
20,282,329.31823027761055,329.31823027761055
20,283,329.31823027761055,329.31823027761055
20,284,329.31823027761055,329.31823027761055
20,285,329.31823027761055,329.31823027761055
20,286,329.31823027761055,329.31823027761055
20,287,329.31823027761055,329.31823027761055
20,288,329.31823027761055,329.31823027761055
20,289,329.31823027761055,329.31823027761055
20,290,329.31823027761055,329.31823027761055
20,291,329.31823027761055,329.31823027761055
20,292,329.31823027761055,329.31823027761055
20,293,329.31823027761055,329.31823027761055
20,294,329.31823027761055,329.31823027761055
20,295,329.31823027761055,329.31823027761055
20,296,329.31823027761055,329.31823027761055
20,297,329.31823027761055,329.31823027761055
20,298,329.31823027761055,329.31823027761055
20,299,329.31823027761055,329.31823027761055
20,300,329.31823027761055,329.31823027761055
20,301,329.31823027761055,329.31823027761055
20,302,329.31823027761055,329.31823027761055
20,303,329.31823027761055,329.31823027761055
20,304,329.31823027761055,329.31823027761055
20,305,329.31823027761055,329.31823027761055
20,306,329.31823027761055,329.31823027761055
20,307,329.31823027761055,329.31823027761055
20,308,329.31823027761055,329.31823027761055
20,309,329.31823027761055,329.31823027761055
20,310,329.31823027761055,329.31823027761055
20,311,329.31823027761055,329.31823027761055
20,312,329.31823027761055,329.31823027761055
20,313,329.31823027761055,329.31823027761055
20,314,329.31823027761055,329.31823027761055
20,315,329.31823027761055,329.31823027761055
20,316,329.31823027761055,329.31823027761055
20,317,329.31823027761055,329.31823027761055
20,318,329.31823027761055,329.31823027761055
20,319,329.31823027761055,329.31823027761055
20,320,329.31823027761055,329.31823027761055
20,321,329.31823027761055,329.31823027761055
20,322,329.31823027761055,329.31823027761055
20,323,329.31823027761055,329.31823027761055
20,324,329.31823027761055,329.31823027761055
20,325,329.31823027761055,329.31823027761055
20,326,329.31823027761055,329.31823027761055
20,327,329.31823027761055,329.31823027761055
20,328,329.31823027761055,329.31823027761055
20,329,329.31823027761055,329.31823027761055
20,330,329.31823027761055,329.31823027761055
20,331,329.31823027761055,329.31823027761055
20,332,329.31823027761055,329.31823027761055
20,333,329.31823027761055,329.31823027761055
20,334,329.31823027761055,329.31823027761055
20,335,329.31823027761055,329.31823027761055
20,336,329.31823027761055,329.31823027761055
20,337,329.31823027761055,329.31823027761055
20,338,329.31823027761055,329.31823027761055
20,339,329.31823027761055,329.31823027761055
20,340,329.31823027761055,329.31823027761055
20,341,329.31823027761055,329.31823027761055
20,342,329.31823027761055,329.31823027761055
20,343,329.31823027761055,329.31823027761055
20,344,329.31823027761055,329.31823027761055
20,345,329.31823027761055,329.31823027761055
20,346,329.31823027761055,329.31823027761055
20,347,329.31823027761055,329.31823027761055
20,348,329.31823027761055,329.31823027761055
20,349,329.31823027761055,329.31823027761055
20,350,329.31823027761055,329.31823027761055
20,351,329.31823027761055,329.31823027761055
20,352,329.31823027761055,329.31823027761055
20,353,329.31823027761055,329.31823027761055
20,354,329.31823027761055,329.31823027761055
20,355,329.31823027761055,329.31823027761055
20,356,329.31823027761055,329.31823027761055
20,357,329.31823027761055,329.31823027761055
20,358,329.31823027761055,329.31823027761055
20,359,329.31823027761055,329.31823027761055
20,360,329.31823027761055,329.31823027761055
20,361,329.31823027761055,329.31823027761055
20,362,329.31823027761055,329.31823027761055
20,363,329.31823027761055,329.31823027761055
20,364,329.31823027761055,329.31823027761055
20,365,329.31823027761055,329.31823027761055
20,366,329.31823027761055,329.31823027761055
20,367,329.31823027761055,329.31823027761055
20,368,329.31823027761055,329.31823027761055
20,369,329.31823027761055,329.31823027761055
20,370,329.31823027761055,329.31823027761055
20,371,329.31823027761055,329.31823027761055
20,372,329.31823027761055,329.31823027761055
20,373,329.31823027761055,329.31823027761055
20,374,329.31823027761055,329.31823027761055
20,375,329.31823027761055,329.31823027761055
20,376,329.31823027761055,329.31823027761055
20,377,329.31823027761055,329.31823027761055
20,378,329.31823027761055,329.31823027761055
20,379,329.31823027761055,329.31823027761055
20,380,329.31823027761055,329.31823027761055
20,381,329.31823027761055,329.31823027761055
20,382,329.31823027761055,329.31823027761055
20,383,329.31823027761055,329.31823027761055
20,384,329.31823027761055,329.31823027761055
20,385,329.31823027761055,329.31823027761055
20,386,329.31823027761055,329.31823027761055
20,387,329.31823027761055,329.31823027761055
20,388,329.31823027761055,329.31823027761055
20,389,329.31823027761055,329.31823027761055
20,390,329.31823027761055,329.31823027761055
20,391,329.31823027761055,329.31823027761055
20,392,329.31823027761055,329.31823027761055
20,393,329.31823027761055,329.31823027761055
20,394,329.31823027761055,329.31823027761055
20,395,329.31823027761055,329.31823027761055
20,396,329.31823027761055,329.31823027761055
20,397,329.31823027761055,329.31823027761055
20,398,329.31823027761055,329.31823027761055
20,399,329.31823027761055,329.31823027761055
20,400,329.31823027761055,329.31823027761055
20,401,329.31823027761055,329.31823027761055
20,402,329.31823027761055,329.31823027761055
20,403,329.31823027761055,329.31823027761055
20,404,329.31823027761055,329.31823027761055
20,405,329.31823027761055,329.31823027761055
20,406,329.31823027761055,329.31823027761055
20,407,329.31823027761055,329.31823027761055
20,408,329.31823027761055,329.31823027761055
20,409,329.31823027761055,329.31823027761055
20,410,329.31823027761055,329.31823027761055
20,411,329.31823027761055,329.31823027761055
20,412,329.31823027761055,329.31823027761055
20,413,329.31823027761055,329.31823027761055
20,414,329.31823027761055,329.31823027761055
20,415,329.31823027761055,329.31823027761055
20,416,329.31823027761055,329.31823027761055
20,417,329.31823027761055,329.31823027761055
20,418,329.31823027761055,329.31823027761055
20,419,329.31823027761055,329.31823027761055
20,420,329.31823027761055,329.31823027761055
20,421,329.31823027761055,329.31823027761055
20,422,329.31823027761055,329.31823027761055
20,423,329.31823027761055,329.31823027761055
20,424,329.31823027761055,329.31823027761055
20,425,329.31823027761055,329.31823027761055
20,426,329.31823027761055,329.31823027761055
20,427,329.31823027761055,329.31823027761055
20,428,329.31823027761055,329.31823027761055
20,429,329.31823027761055,329.31823027761055
20,430,329.31823027761055,329.31823027761055
20,431,329.31823027761055,329.31823027761055
20,432,329.31823027761055,329.31823027761055
20,433,329.31823027761055,329.31823027761055
20,434,329.31823027761055,329.31823027761055
20,435,329.31823027761055,329.31823027761055
20,436,329.31823027761055,329.31823027761055
20,437,329.31823027761055,329.31823027761055
20,438,329.31823027761055,329.31823027761055
20,439,329.31823027761055,329.31823027761055
20,440,329.31823027761055,329.31823027761055
20,441,329.31823027761055,329.31823027761055
20,442,329.31823027761055,329.31823027761055
20,443,329.31823027761055,329.31823027761055
20,444,329.31823027761055,329.31823027761055
20,445,329.31823027761055,329.31823027761055
20,446,329.31823027761055,329.31823027761055
20,447,329.31823027761055,329.31823027761055
20,448,329.31823027761055,329.31823027761055
20,449,329.31823027761055,329.31823027761055
20,450,329.31823027761055,329.31823027761055
20,451,329.31823027761055,329.31823027761055
20,452,329.31823027761055,329.31823027761055
20,453,329.31823027761055,329.31823027761055
20,454,329.31823027761055,329.31823027761055
20,455,329.31823027761055,329.31823027761055
20,456,329.31823027761055,329.31823027761055
20,457,329.31823027761055,329.31823027761055
20,458,329.31823027761055,329.31823027761055
20,459,329.31823027761055,329.31823027761055
20,460,329.31823027761055,329.31823027761055
20,461,329.31823027761055,329.31823027761055
20,462,329.31823027761055,329.31823027761055
20,463,329.31823027761055,329.31823027761055
20,464,329.31823027761055,329.31823027761055
20,465,329.31823027761055,329.31823027761055
20,466,329.31823027761055,329.31823027761055
20,467,329.31823027761055,329.31823027761055
20,468,329.31823027761055,329.31823027761055
20,469,329.31823027761055,329.31823027761055
20,470,329.31823027761055,329.31823027761055
20,471,329.31823027761055,329.31823027761055
20,472,329.31823027761055,329.31823027761055
20,473,329.31823027761055,329.31823027761055
20,474,329.31823027761055,329.31823027761055
20,475,329.31823027761055,329.31823027761055
20,476,329.31823027761055,329.31823027761055
20,477,329.31823027761055,329.31823027761055
20,478,329.31823027761055,329.31823027761055
20,479,329.31823027761055,329.31823027761055
20,480,329.31823027761055,329.31823027761055
20,481,329.31823027761055,329.31823027761055
20,482,329.31823027761055,329.31823027761055
20,483,329.31823027761055,329.31823027761055
20,484,329.31823027761055,329.31823027761055
20,485,329.31823027761055,329.31823027761055
20,486,329.31823027761055,329.31823027761055
20,487,329.31823027761055,329.31823027761055
20,488,329.31823027761055,329.31823027761055
20,489,329.31823027761055,329.31823027761055
20,490,329.31823027761055,329.31823027761055
20,491,329.31823027761055,329.31823027761055
20,492,329.31823027761055,329.31823027761055
20,493,329.31823027761055,329.31823027761055
20,494,329.31823027761055,329.31823027761055
20,495,329.31823027761055,329.31823027761055
20,496,329.31823027761055,329.31823027761055
20,497,329.31823027761055,329.31823027761055
20,498,329.31823027761055,329.31823027761055
20,499,329.31823027761055,329.31823027761055
20,500,329.31823027761055,329.31823027761055
21,0,418.134648708594,418.134648708594
21,1,414.8362491029959,414.8362491029959
21,2,382.7798127172483,382.7798127172483
21,3,356.5571061072874,356.5571061072874
21,4,356.5571061072874,356.5571061072874
21,5,356.5571061072874,356.5571061072874
21,6,356.5571061072874,356.5571061072874
21,7,354.8008808233133,354.8008808233133
21,8,329.31823027761055,329.31823027761055
21,9,329.31823027761055,329.31823027761055
21,10,329.31823027761055,329.31823027761055
21,11,329.31823027761055,329.31823027761055
21,12,329.31823027761055,329.31823027761055
21,13,329.31823027761055,329.31823027761055
21,14,329.31823027761055,329.31823027761055
21,15,329.31823027761055,329.31823027761055
21,16,329.31823027761055,329.31823027761055
21,17,329.31823027761055,329.31823027761055
21,18,329.31823027761055,329.31823027761055
21,19,329.31823027761055,329.31823027761055
21,20,329.31823027761055,329.31823027761055
21,21,329.31823027761055,329.31823027761055
21,22,329.31823027761055,329.31823027761055
21,23,329.31823027761055,329.31823027761055
21,24,329.31823027761055,329.31823027761055
21,25,329.31823027761055,329.31823027761055
21,26,329.31823027761055,329.31823027761055
21,27,329.31823027761055,329.31823027761055
21,28,329.31823027761055,329.31823027761055
21,29,329.31823027761055,329.31823027761055
21,30,329.31823027761055,329.31823027761055
21,31,329.31823027761055,329.31823027761055
21,32,329.31823027761055,329.31823027761055
21,33,329.31823027761055,329.31823027761055
21,34,329.31823027761055,329.31823027761055
21,35,329.31823027761055,329.31823027761055
21,36,329.31823027761055,329.31823027761055
21,37,329.31823027761055,329.31823027761055
21,38,329.31823027761055,329.31823027761055
21,39,329.31823027761055,329.31823027761055
21,40,329.31823027761055,329.31823027761055
21,41,329.31823027761055,329.31823027761055
21,42,329.31823027761055,329.31823027761055
21,43,329.31823027761055,329.31823027761055
21,44,329.31823027761055,329.31823027761055
21,45,329.31823027761055,329.31823027761055
21,46,329.31823027761055,329.31823027761055
21,47,329.31823027761055,329.31823027761055
21,48,329.31823027761055,329.31823027761055
21,49,329.31823027761055,329.31823027761055
21,50,329.31823027761055,329.31823027761055
21,51,329.31823027761055,329.31823027761055
21,52,329.31823027761055,329.31823027761055
21,53,329.31823027761055,329.31823027761055
21,54,329.31823027761055,329.31823027761055
21,55,329.31823027761055,329.31823027761055
21,56,329.31823027761055,329.31823027761055
21,57,329.31823027761055,329.31823027761055
21,58,329.31823027761055,329.31823027761055
21,59,329.31823027761055,329.31823027761055
21,60,329.31823027761055,329.31823027761055
21,61,329.31823027761055,329.31823027761055
21,62,329.31823027761055,329.31823027761055
21,63,329.31823027761055,329.31823027761055
21,64,329.31823027761055,329.31823027761055
21,65,329.31823027761055,329.31823027761055
21,66,329.31823027761055,329.31823027761055
21,67,329.31823027761055,329.31823027761055
21,68,329.31823027761055,329.31823027761055
21,69,329.31823027761055,329.31823027761055
21,70,329.31823027761055,329.31823027761055
21,71,329.31823027761055,329.31823027761055
21,72,329.31823027761055,329.31823027761055
21,73,329.31823027761055,329.31823027761055
21,74,329.31823027761055,329.31823027761055
21,75,329.31823027761055,329.31823027761055
21,76,329.31823027761055,329.31823027761055
21,77,329.31823027761055,329.31823027761055
21,78,329.31823027761055,329.31823027761055
21,79,329.31823027761055,329.31823027761055
21,80,329.31823027761055,329.31823027761055
21,81,329.31823027761055,329.31823027761055
21,82,329.31823027761055,329.31823027761055
21,83,329.31823027761055,329.31823027761055
21,84,329.31823027761055,329.31823027761055
21,85,329.31823027761055,329.31823027761055
21,86,329.31823027761055,329.31823027761055
21,87,329.31823027761055,329.31823027761055
21,88,329.31823027761055,329.31823027761055
21,89,329.31823027761055,329.31823027761055
21,90,329.31823027761055,329.31823027761055
21,91,329.31823027761055,329.31823027761055
21,92,329.31823027761055,329.31823027761055
21,93,329.31823027761055,329.31823027761055
21,94,329.31823027761055,329.31823027761055
21,95,329.31823027761055,329.31823027761055
21,96,329.31823027761055,329.31823027761055
21,97,329.31823027761055,329.31823027761055
21,98,329.31823027761055,329.31823027761055
21,99,329.31823027761055,329.31823027761055
21,100,329.31823027761055,329.31823027761055
21,101,329.31823027761055,329.31823027761055
21,102,329.31823027761055,329.31823027761055
21,103,329.31823027761055,329.31823027761055
21,104,329.31823027761055,329.31823027761055
21,105,329.31823027761055,329.31823027761055
21,106,329.31823027761055,329.31823027761055
21,107,329.31823027761055,329.31823027761055
21,108,329.31823027761055,329.31823027761055
21,109,329.31823027761055,329.31823027761055
21,110,329.31823027761055,329.31823027761055
21,111,329.31823027761055,329.31823027761055
21,112,329.31823027761055,329.31823027761055
21,113,329.31823027761055,329.31823027761055
21,114,329.31823027761055,329.31823027761055
21,115,329.31823027761055,329.31823027761055
21,116,329.31823027761055,329.31823027761055
21,117,329.31823027761055,329.31823027761055
21,118,329.31823027761055,329.31823027761055
21,119,329.31823027761055,329.31823027761055
21,120,329.31823027761055,329.31823027761055
21,121,329.31823027761055,329.31823027761055
21,122,329.31823027761055,329.31823027761055
21,123,329.31823027761055,329.31823027761055
21,124,329.31823027761055,329.31823027761055
21,125,329.31823027761055,329.31823027761055
21,126,329.31823027761055,329.31823027761055
21,127,329.31823027761055,329.31823027761055
21,128,329.31823027761055,329.31823027761055
21,129,329.31823027761055,329.31823027761055
21,130,329.31823027761055,329.31823027761055
21,131,329.31823027761055,329.31823027761055
21,132,329.31823027761055,329.31823027761055
21,133,329.31823027761055,329.31823027761055
21,134,329.31823027761055,329.31823027761055
21,135,329.31823027761055,329.31823027761055
21,136,329.31823027761055,329.31823027761055
21,137,329.31823027761055,329.31823027761055
21,138,329.31823027761055,329.31823027761055
21,139,329.31823027761055,329.31823027761055
21,140,329.31823027761055,329.31823027761055
21,141,329.31823027761055,329.31823027761055
21,142,329.31823027761055,329.31823027761055
21,143,329.31823027761055,329.31823027761055
21,144,329.31823027761055,329.31823027761055
21,145,329.31823027761055,329.31823027761055
21,146,329.31823027761055,329.31823027761055
21,147,329.31823027761055,329.31823027761055
21,148,329.31823027761055,329.31823027761055
21,149,329.31823027761055,329.31823027761055
21,150,329.31823027761055,329.31823027761055
21,151,329.31823027761055,329.31823027761055
21,152,329.31823027761055,329.31823027761055
21,153,329.31823027761055,329.31823027761055
21,154,329.31823027761055,329.31823027761055
21,155,329.31823027761055,329.31823027761055
21,156,329.31823027761055,329.31823027761055
21,157,329.31823027761055,329.31823027761055
21,158,329.31823027761055,329.31823027761055
21,159,329.31823027761055,329.31823027761055
21,160,329.31823027761055,329.31823027761055
21,161,329.31823027761055,329.31823027761055
21,162,329.31823027761055,329.31823027761055
21,163,329.31823027761055,329.31823027761055
21,164,329.31823027761055,329.31823027761055
21,165,329.31823027761055,329.31823027761055
21,166,329.31823027761055,329.31823027761055
21,167,329.31823027761055,329.31823027761055
21,168,329.31823027761055,329.31823027761055
21,169,329.31823027761055,329.31823027761055
21,170,329.31823027761055,329.31823027761055
21,171,329.31823027761055,329.31823027761055
21,172,329.31823027761055,329.31823027761055
21,173,329.31823027761055,329.31823027761055
21,174,329.31823027761055,329.31823027761055
21,175,329.31823027761055,329.31823027761055
21,176,329.31823027761055,329.31823027761055
21,177,329.31823027761055,329.31823027761055
21,178,329.31823027761055,329.31823027761055
21,179,329.31823027761055,329.31823027761055
21,180,329.31823027761055,329.31823027761055
21,181,329.31823027761055,329.31823027761055
21,182,329.31823027761055,329.31823027761055
21,183,329.31823027761055,329.31823027761055
21,184,329.31823027761055,329.31823027761055
21,185,329.31823027761055,329.31823027761055
21,186,329.31823027761055,329.31823027761055
21,187,329.31823027761055,329.31823027761055
21,188,329.31823027761055,329.31823027761055
21,189,329.31823027761055,329.31823027761055
21,190,329.31823027761055,329.31823027761055
21,191,329.31823027761055,329.31823027761055
21,192,329.31823027761055,329.31823027761055
21,193,329.31823027761055,329.31823027761055
21,194,329.31823027761055,329.31823027761055
21,195,329.31823027761055,329.31823027761055
21,196,329.31823027761055,329.31823027761055
21,197,329.31823027761055,329.31823027761055
21,198,329.31823027761055,329.31823027761055
21,199,329.31823027761055,329.31823027761055
21,200,329.31823027761055,329.31823027761055
21,201,329.31823027761055,329.31823027761055
21,202,329.31823027761055,329.31823027761055
21,203,329.31823027761055,329.31823027761055
21,204,329.31823027761055,329.31823027761055
21,205,329.31823027761055,329.31823027761055
21,206,329.31823027761055,329.31823027761055
21,207,329.31823027761055,329.31823027761055
21,208,329.31823027761055,329.31823027761055
21,209,329.31823027761055,329.31823027761055
21,210,329.31823027761055,329.31823027761055
21,211,329.31823027761055,329.31823027761055
21,212,329.31823027761055,329.31823027761055
21,213,329.31823027761055,329.31823027761055
21,214,329.31823027761055,329.31823027761055
21,215,329.31823027761055,329.31823027761055
21,216,329.31823027761055,329.31823027761055
21,217,329.31823027761055,329.31823027761055
21,218,329.31823027761055,329.31823027761055
21,219,329.31823027761055,329.31823027761055
21,220,329.31823027761055,329.31823027761055
21,221,329.31823027761055,329.31823027761055
21,222,329.31823027761055,329.31823027761055
21,223,329.31823027761055,329.31823027761055
21,224,329.31823027761055,329.31823027761055
21,225,329.31823027761055,329.31823027761055
21,226,329.31823027761055,329.31823027761055
21,227,329.31823027761055,329.31823027761055
21,228,329.31823027761055,329.31823027761055
21,229,329.31823027761055,329.31823027761055
21,230,329.31823027761055,329.31823027761055
21,231,329.31823027761055,329.31823027761055
21,232,329.31823027761055,329.31823027761055
21,233,329.31823027761055,329.31823027761055
21,234,329.31823027761055,329.31823027761055
21,235,329.31823027761055,329.31823027761055
21,236,329.31823027761055,329.31823027761055
21,237,329.31823027761055,329.31823027761055
21,238,329.31823027761055,329.31823027761055
21,239,329.31823027761055,329.31823027761055
21,240,329.31823027761055,329.31823027761055
21,241,329.31823027761055,329.31823027761055
21,242,329.31823027761055,329.31823027761055
21,243,329.31823027761055,329.31823027761055
21,244,329.31823027761055,329.31823027761055
21,245,329.31823027761055,329.31823027761055
21,246,329.31823027761055,329.31823027761055
21,247,329.31823027761055,329.31823027761055
21,248,329.31823027761055,329.31823027761055
21,249,329.31823027761055,329.31823027761055
21,250,329.31823027761055,329.31823027761055
21,251,329.31823027761055,329.31823027761055
21,252,329.31823027761055,329.31823027761055
21,253,329.31823027761055,329.31823027761055
21,254,329.31823027761055,329.31823027761055
21,255,329.31823027761055,329.31823027761055
21,256,329.31823027761055,329.31823027761055
21,257,329.31823027761055,329.31823027761055
21,258,329.31823027761055,329.31823027761055
21,259,329.31823027761055,329.31823027761055
21,260,329.31823027761055,329.31823027761055
21,261,329.31823027761055,329.31823027761055
21,262,329.31823027761055,329.31823027761055
21,263,329.31823027761055,329.31823027761055
21,264,329.31823027761055,329.31823027761055
21,265,329.31823027761055,329.31823027761055
21,266,329.31823027761055,329.31823027761055
21,267,329.31823027761055,329.31823027761055
21,268,329.31823027761055,329.31823027761055
21,269,329.31823027761055,329.31823027761055
21,270,329.31823027761055,329.31823027761055
21,271,329.31823027761055,329.31823027761055
21,272,329.31823027761055,329.31823027761055
21,273,329.31823027761055,329.31823027761055
21,274,329.31823027761055,329.31823027761055
21,275,329.31823027761055,329.31823027761055
21,276,329.31823027761055,329.31823027761055
21,277,329.31823027761055,329.31823027761055
21,278,329.31823027761055,329.31823027761055
21,279,329.31823027761055,329.31823027761055
21,280,329.31823027761055,329.31823027761055
21,281,329.31823027761055,329.31823027761055
21,282,329.31823027761055,329.31823027761055
21,283,329.31823027761055,329.31823027761055
21,284,329.31823027761055,329.31823027761055
21,285,329.31823027761055,329.31823027761055
21,286,329.31823027761055,329.31823027761055
21,287,329.31823027761055,329.31823027761055
21,288,329.31823027761055,329.31823027761055
21,289,329.31823027761055,329.31823027761055
21,290,329.31823027761055,329.31823027761055
21,291,329.31823027761055,329.31823027761055
21,292,329.31823027761055,329.31823027761055
21,293,329.31823027761055,329.31823027761055
21,294,329.31823027761055,329.31823027761055
21,295,329.31823027761055,329.31823027761055
21,296,329.31823027761055,329.31823027761055
21,297,329.31823027761055,329.31823027761055
21,298,329.31823027761055,329.31823027761055
21,299,329.31823027761055,329.31823027761055
21,300,329.31823027761055,329.31823027761055
21,301,329.31823027761055,329.31823027761055
21,302,329.31823027761055,329.31823027761055
21,303,329.31823027761055,329.31823027761055
21,304,329.31823027761055,329.31823027761055
21,305,329.31823027761055,329.31823027761055
21,306,329.31823027761055,329.31823027761055
21,307,329.31823027761055,329.31823027761055
21,308,329.31823027761055,329.31823027761055
21,309,329.31823027761055,329.31823027761055
21,310,329.31823027761055,329.31823027761055
21,311,329.31823027761055,329.31823027761055
21,312,329.31823027761055,329.31823027761055
21,313,329.31823027761055,329.31823027761055
21,314,329.31823027761055,329.31823027761055
21,315,329.31823027761055,329.31823027761055
21,316,329.31823027761055,329.31823027761055
21,317,329.31823027761055,329.31823027761055
21,318,329.31823027761055,329.31823027761055
21,319,329.31823027761055,329.31823027761055
21,320,329.31823027761055,329.31823027761055
21,321,329.31823027761055,329.31823027761055
21,322,329.31823027761055,329.31823027761055
21,323,329.31823027761055,329.31823027761055
21,324,329.31823027761055,329.31823027761055
21,325,329.31823027761055,329.31823027761055
21,326,329.31823027761055,329.31823027761055
21,327,329.31823027761055,329.31823027761055
21,328,329.31823027761055,329.31823027761055
21,329,329.31823027761055,329.31823027761055
21,330,329.31823027761055,329.31823027761055
21,331,329.31823027761055,329.31823027761055
21,332,329.31823027761055,329.31823027761055
21,333,329.31823027761055,329.31823027761055
21,334,329.31823027761055,329.31823027761055
21,335,329.31823027761055,329.31823027761055
21,336,329.31823027761055,329.31823027761055
21,337,329.31823027761055,329.31823027761055
21,338,329.31823027761055,329.31823027761055
21,339,329.31823027761055,329.31823027761055
21,340,329.31823027761055,329.31823027761055
21,341,329.31823027761055,329.31823027761055
21,342,329.31823027761055,329.31823027761055
21,343,329.31823027761055,329.31823027761055
21,344,329.31823027761055,329.31823027761055
21,345,329.31823027761055,329.31823027761055
21,346,329.31823027761055,329.31823027761055
21,347,329.31823027761055,329.31823027761055
21,348,329.31823027761055,329.31823027761055
21,349,329.31823027761055,329.31823027761055
21,350,329.31823027761055,329.31823027761055
21,351,329.31823027761055,329.31823027761055
21,352,329.31823027761055,329.31823027761055
21,353,329.31823027761055,329.31823027761055
21,354,329.31823027761055,329.31823027761055
21,355,329.31823027761055,329.31823027761055
21,356,329.31823027761055,329.31823027761055
21,357,329.31823027761055,329.31823027761055
21,358,329.31823027761055,329.31823027761055
21,359,329.31823027761055,329.31823027761055
21,360,329.31823027761055,329.31823027761055
21,361,329.31823027761055,329.31823027761055
21,362,329.31823027761055,329.31823027761055
21,363,329.31823027761055,329.31823027761055
21,364,329.31823027761055,329.31823027761055
21,365,329.31823027761055,329.31823027761055
21,366,329.31823027761055,329.31823027761055
21,367,329.31823027761055,329.31823027761055
21,368,329.31823027761055,329.31823027761055
21,369,329.31823027761055,329.31823027761055
21,370,329.31823027761055,329.31823027761055
21,371,329.31823027761055,329.31823027761055
21,372,329.31823027761055,329.31823027761055
21,373,329.31823027761055,329.31823027761055
21,374,329.31823027761055,329.31823027761055
21,375,329.31823027761055,329.31823027761055
21,376,329.31823027761055,329.31823027761055
21,377,329.31823027761055,329.31823027761055
21,378,329.31823027761055,329.31823027761055
21,379,329.31823027761055,329.31823027761055
21,380,329.31823027761055,329.31823027761055
21,381,329.31823027761055,329.31823027761055
21,382,329.31823027761055,329.31823027761055
21,383,329.31823027761055,329.31823027761055
21,384,329.31823027761055,329.31823027761055
21,385,329.31823027761055,329.31823027761055
21,386,329.31823027761055,329.31823027761055
21,387,329.31823027761055,329.31823027761055
21,388,329.31823027761055,329.31823027761055
21,389,329.31823027761055,329.31823027761055
21,390,329.31823027761055,329.31823027761055
21,391,329.31823027761055,329.31823027761055
21,392,329.31823027761055,329.31823027761055
21,393,329.31823027761055,329.31823027761055
21,394,329.31823027761055,329.31823027761055
21,395,329.31823027761055,329.31823027761055
21,396,329.31823027761055,329.31823027761055
21,397,329.31823027761055,329.31823027761055
21,398,329.31823027761055,329.31823027761055
21,399,329.31823027761055,329.31823027761055
21,400,329.31823027761055,329.31823027761055
21,401,329.31823027761055,329.31823027761055
21,402,329.31823027761055,329.31823027761055
21,403,329.31823027761055,329.31823027761055
21,404,329.31823027761055,329.31823027761055
21,405,329.31823027761055,329.31823027761055
21,406,329.31823027761055,329.31823027761055
21,407,329.31823027761055,329.31823027761055
21,408,329.31823027761055,329.31823027761055
21,409,329.31823027761055,329.31823027761055
21,410,329.31823027761055,329.31823027761055
21,411,329.31823027761055,329.31823027761055
21,412,329.31823027761055,329.31823027761055
21,413,329.31823027761055,329.31823027761055
21,414,329.31823027761055,329.31823027761055
21,415,329.31823027761055,329.31823027761055
21,416,329.31823027761055,329.31823027761055
21,417,329.31823027761055,329.31823027761055
21,418,329.31823027761055,329.31823027761055
21,419,329.31823027761055,329.31823027761055
21,420,329.31823027761055,329.31823027761055
21,421,329.31823027761055,329.31823027761055
21,422,329.31823027761055,329.31823027761055
21,423,329.31823027761055,329.31823027761055
21,424,329.31823027761055,329.31823027761055
21,425,329.31823027761055,329.31823027761055
21,426,329.31823027761055,329.31823027761055
21,427,329.31823027761055,329.31823027761055
21,428,329.31823027761055,329.31823027761055
21,429,329.31823027761055,329.31823027761055
21,430,329.31823027761055,329.31823027761055
21,431,329.31823027761055,329.31823027761055
21,432,329.31823027761055,329.31823027761055
21,433,329.31823027761055,329.31823027761055
21,434,329.31823027761055,329.31823027761055
21,435,329.31823027761055,329.31823027761055
21,436,329.31823027761055,329.31823027761055
21,437,329.31823027761055,329.31823027761055
21,438,329.31823027761055,329.31823027761055
21,439,329.31823027761055,329.31823027761055
21,440,329.31823027761055,329.31823027761055
21,441,329.31823027761055,329.31823027761055
21,442,329.31823027761055,329.31823027761055
21,443,329.31823027761055,329.31823027761055
21,444,329.31823027761055,329.31823027761055
21,445,329.31823027761055,329.31823027761055
21,446,329.31823027761055,329.31823027761055
21,447,329.31823027761055,329.31823027761055
21,448,329.31823027761055,329.31823027761055
21,449,329.31823027761055,329.31823027761055
21,450,329.31823027761055,329.31823027761055
21,451,329.31823027761055,329.31823027761055
21,452,329.31823027761055,329.31823027761055
21,453,329.31823027761055,329.31823027761055
21,454,329.31823027761055,329.31823027761055
21,455,329.31823027761055,329.31823027761055
21,456,329.31823027761055,329.31823027761055
21,457,329.31823027761055,329.31823027761055
21,458,329.31823027761055,329.31823027761055
21,459,329.31823027761055,329.31823027761055
21,460,329.31823027761055,329.31823027761055
21,461,329.31823027761055,329.31823027761055
21,462,329.31823027761055,329.31823027761055
21,463,329.31823027761055,329.31823027761055
21,464,329.31823027761055,329.31823027761055
21,465,329.31823027761055,329.31823027761055
21,466,329.31823027761055,329.31823027761055
21,467,329.31823027761055,329.31823027761055
21,468,329.31823027761055,329.31823027761055
21,469,329.31823027761055,329.31823027761055
21,470,329.31823027761055,329.31823027761055
21,471,329.31823027761055,329.31823027761055
21,472,329.31823027761055,329.31823027761055
21,473,329.31823027761055,329.31823027761055
21,474,329.31823027761055,329.31823027761055
21,475,329.31823027761055,329.31823027761055
21,476,329.31823027761055,329.31823027761055
21,477,329.31823027761055,329.31823027761055
21,478,329.31823027761055,329.31823027761055
21,479,329.31823027761055,329.31823027761055
21,480,329.31823027761055,329.31823027761055
21,481,329.31823027761055,329.31823027761055
21,482,329.31823027761055,329.31823027761055
21,483,329.31823027761055,329.31823027761055
21,484,329.31823027761055,329.31823027761055
21,485,329.31823027761055,329.31823027761055
21,486,329.31823027761055,329.31823027761055
21,487,329.31823027761055,329.31823027761055
21,488,329.31823027761055,329.31823027761055
21,489,329.31823027761055,329.31823027761055
21,490,329.31823027761055,329.31823027761055
21,491,329.31823027761055,329.31823027761055
21,492,329.31823027761055,329.31823027761055
21,493,329.31823027761055,329.31823027761055
21,494,329.31823027761055,329.31823027761055
21,495,329.31823027761055,329.31823027761055
21,496,329.31823027761055,329.31823027761055
21,497,329.31823027761055,329.31823027761055
21,498,329.31823027761055,329.31823027761055
21,499,329.31823027761055,329.31823027761055
21,500,329.31823027761055,329.31823027761055
22,0,409.90294845098106,409.90294845098106
22,1,409.6395308250857,409.6395308250857
22,2,405.92676136302975,405.92676136302975
22,3,376.2236294960268,376.2236294960268
22,4,357.2669599125749,357.2669599125749
22,5,357.2669599125749,357.2669599125749
22,6,357.2669599125749,357.2669599125749
22,7,356.5571061072874,356.5571061072874
22,8,329.31823027761055,329.31823027761055
22,9,329.31823027761055,329.31823027761055
22,10,329.31823027761055,329.31823027761055
22,11,329.31823027761055,329.31823027761055
22,12,329.31823027761055,329.31823027761055
22,13,329.31823027761055,329.31823027761055
22,14,329.31823027761055,329.31823027761055
22,15,329.31823027761055,329.31823027761055
22,16,329.31823027761055,329.31823027761055
22,17,329.31823027761055,329.31823027761055
22,18,329.31823027761055,329.31823027761055
22,19,329.31823027761055,329.31823027761055
22,20,329.31823027761055,329.31823027761055
22,21,329.31823027761055,329.31823027761055
22,22,329.31823027761055,329.31823027761055
22,23,329.31823027761055,329.31823027761055
22,24,329.31823027761055,329.31823027761055
22,25,329.31823027761055,329.31823027761055
22,26,329.31823027761055,329.31823027761055
22,27,329.31823027761055,329.31823027761055
22,28,329.31823027761055,329.31823027761055
22,29,329.31823027761055,329.31823027761055
22,30,329.31823027761055,329.31823027761055
22,31,329.31823027761055,329.31823027761055
22,32,329.31823027761055,329.31823027761055
22,33,329.31823027761055,329.31823027761055
22,34,329.31823027761055,329.31823027761055
22,35,329.31823027761055,329.31823027761055
22,36,329.31823027761055,329.31823027761055
22,37,329.31823027761055,329.31823027761055
22,38,329.31823027761055,329.31823027761055
22,39,329.31823027761055,329.31823027761055
22,40,329.31823027761055,329.31823027761055
22,41,329.31823027761055,329.31823027761055
22,42,329.31823027761055,329.31823027761055
22,43,329.31823027761055,329.31823027761055
22,44,329.31823027761055,329.31823027761055
22,45,329.31823027761055,329.31823027761055
22,46,329.31823027761055,329.31823027761055
22,47,329.31823027761055,329.31823027761055
22,48,329.31823027761055,329.31823027761055
22,49,329.31823027761055,329.31823027761055
22,50,329.31823027761055,329.31823027761055
22,51,329.31823027761055,329.31823027761055
22,52,329.31823027761055,329.31823027761055
22,53,329.31823027761055,329.31823027761055
22,54,329.31823027761055,329.31823027761055
22,55,329.31823027761055,329.31823027761055
22,56,329.31823027761055,329.31823027761055
22,57,329.31823027761055,329.31823027761055
22,58,329.31823027761055,329.31823027761055
22,59,329.31823027761055,329.31823027761055
22,60,329.31823027761055,329.31823027761055
22,61,329.31823027761055,329.31823027761055
22,62,329.31823027761055,329.31823027761055
22,63,329.31823027761055,329.31823027761055
22,64,329.31823027761055,329.31823027761055
22,65,329.31823027761055,329.31823027761055
22,66,329.31823027761055,329.31823027761055
22,67,329.31823027761055,329.31823027761055
22,68,329.31823027761055,329.31823027761055
22,69,329.31823027761055,329.31823027761055
22,70,329.31823027761055,329.31823027761055
22,71,329.31823027761055,329.31823027761055
22,72,329.31823027761055,329.31823027761055
22,73,329.31823027761055,329.31823027761055
22,74,329.31823027761055,329.31823027761055
22,75,329.31823027761055,329.31823027761055
22,76,329.31823027761055,329.31823027761055
22,77,329.31823027761055,329.31823027761055
22,78,329.31823027761055,329.31823027761055
22,79,329.31823027761055,329.31823027761055
22,80,329.31823027761055,329.31823027761055
22,81,329.31823027761055,329.31823027761055
22,82,329.31823027761055,329.31823027761055
22,83,329.31823027761055,329.31823027761055
22,84,329.31823027761055,329.31823027761055
22,85,329.31823027761055,329.31823027761055
22,86,329.31823027761055,329.31823027761055
22,87,329.31823027761055,329.31823027761055
22,88,329.31823027761055,329.31823027761055
22,89,329.31823027761055,329.31823027761055
22,90,329.31823027761055,329.31823027761055
22,91,329.31823027761055,329.31823027761055
22,92,329.31823027761055,329.31823027761055
22,93,329.31823027761055,329.31823027761055
22,94,329.31823027761055,329.31823027761055
22,95,329.31823027761055,329.31823027761055
22,96,329.31823027761055,329.31823027761055
22,97,329.31823027761055,329.31823027761055
22,98,329.31823027761055,329.31823027761055
22,99,329.31823027761055,329.31823027761055
22,100,329.31823027761055,329.31823027761055
22,101,329.31823027761055,329.31823027761055
22,102,329.31823027761055,329.31823027761055
22,103,329.31823027761055,329.31823027761055
22,104,329.31823027761055,329.31823027761055
22,105,329.31823027761055,329.31823027761055
22,106,329.31823027761055,329.31823027761055
22,107,329.31823027761055,329.31823027761055
22,108,329.31823027761055,329.31823027761055
22,109,329.31823027761055,329.31823027761055
22,110,329.31823027761055,329.31823027761055
22,111,329.31823027761055,329.31823027761055
22,112,329.31823027761055,329.31823027761055
22,113,329.31823027761055,329.31823027761055
22,114,329.31823027761055,329.31823027761055
22,115,329.31823027761055,329.31823027761055
22,116,329.31823027761055,329.31823027761055
22,117,329.31823027761055,329.31823027761055
22,118,329.31823027761055,329.31823027761055
22,119,329.31823027761055,329.31823027761055
22,120,329.31823027761055,329.31823027761055
22,121,329.31823027761055,329.31823027761055
22,122,329.31823027761055,329.31823027761055
22,123,329.31823027761055,329.31823027761055
22,124,329.31823027761055,329.31823027761055
22,125,329.31823027761055,329.31823027761055
22,126,329.31823027761055,329.31823027761055
22,127,329.31823027761055,329.31823027761055
22,128,329.31823027761055,329.31823027761055
22,129,329.31823027761055,329.31823027761055
22,130,329.31823027761055,329.31823027761055
22,131,329.31823027761055,329.31823027761055
22,132,329.31823027761055,329.31823027761055
22,133,329.31823027761055,329.31823027761055
22,134,329.31823027761055,329.31823027761055
22,135,329.31823027761055,329.31823027761055
22,136,329.31823027761055,329.31823027761055
22,137,329.31823027761055,329.31823027761055
22,138,329.31823027761055,329.31823027761055
22,139,329.31823027761055,329.31823027761055
22,140,329.31823027761055,329.31823027761055
22,141,329.31823027761055,329.31823027761055
22,142,329.31823027761055,329.31823027761055
22,143,329.31823027761055,329.31823027761055
22,144,329.31823027761055,329.31823027761055
22,145,329.31823027761055,329.31823027761055
22,146,329.31823027761055,329.31823027761055
22,147,329.31823027761055,329.31823027761055
22,148,329.31823027761055,329.31823027761055
22,149,329.31823027761055,329.31823027761055
22,150,329.31823027761055,329.31823027761055
22,151,329.31823027761055,329.31823027761055
22,152,329.31823027761055,329.31823027761055
22,153,329.31823027761055,329.31823027761055
22,154,329.31823027761055,329.31823027761055
22,155,329.31823027761055,329.31823027761055
22,156,329.31823027761055,329.31823027761055
22,157,329.31823027761055,329.31823027761055
22,158,329.31823027761055,329.31823027761055
22,159,329.31823027761055,329.31823027761055
22,160,329.31823027761055,329.31823027761055
22,161,329.31823027761055,329.31823027761055
22,162,329.31823027761055,329.31823027761055
22,163,329.31823027761055,329.31823027761055
22,164,329.31823027761055,329.31823027761055
22,165,329.31823027761055,329.31823027761055
22,166,329.31823027761055,329.31823027761055
22,167,329.31823027761055,329.31823027761055
22,168,329.31823027761055,329.31823027761055
22,169,329.31823027761055,329.31823027761055
22,170,329.31823027761055,329.31823027761055
22,171,329.31823027761055,329.31823027761055
22,172,329.31823027761055,329.31823027761055
22,173,329.31823027761055,329.31823027761055
22,174,329.31823027761055,329.31823027761055
22,175,329.31823027761055,329.31823027761055
22,176,329.31823027761055,329.31823027761055
22,177,329.31823027761055,329.31823027761055
22,178,329.31823027761055,329.31823027761055
22,179,329.31823027761055,329.31823027761055
22,180,329.31823027761055,329.31823027761055
22,181,329.31823027761055,329.31823027761055
22,182,329.31823027761055,329.31823027761055
22,183,329.31823027761055,329.31823027761055
22,184,329.31823027761055,329.31823027761055
22,185,329.31823027761055,329.31823027761055
22,186,329.31823027761055,329.31823027761055
22,187,329.31823027761055,329.31823027761055
22,188,329.31823027761055,329.31823027761055
22,189,329.31823027761055,329.31823027761055
22,190,329.31823027761055,329.31823027761055
22,191,329.31823027761055,329.31823027761055
22,192,329.31823027761055,329.31823027761055
22,193,329.31823027761055,329.31823027761055
22,194,329.31823027761055,329.31823027761055
22,195,329.31823027761055,329.31823027761055
22,196,329.31823027761055,329.31823027761055
22,197,329.31823027761055,329.31823027761055
22,198,329.31823027761055,329.31823027761055
22,199,329.31823027761055,329.31823027761055
22,200,329.31823027761055,329.31823027761055
22,201,329.31823027761055,329.31823027761055
22,202,329.31823027761055,329.31823027761055
22,203,329.31823027761055,329.31823027761055
22,204,329.31823027761055,329.31823027761055
22,205,329.31823027761055,329.31823027761055
22,206,329.31823027761055,329.31823027761055
22,207,329.31823027761055,329.31823027761055
22,208,329.31823027761055,329.31823027761055
22,209,329.31823027761055,329.31823027761055
22,210,329.31823027761055,329.31823027761055
22,211,329.31823027761055,329.31823027761055
22,212,329.31823027761055,329.31823027761055
22,213,329.31823027761055,329.31823027761055
22,214,329.31823027761055,329.31823027761055
22,215,329.31823027761055,329.31823027761055
22,216,329.31823027761055,329.31823027761055
22,217,329.31823027761055,329.31823027761055
22,218,329.31823027761055,329.31823027761055
22,219,329.31823027761055,329.31823027761055
22,220,329.31823027761055,329.31823027761055
22,221,329.31823027761055,329.31823027761055
22,222,329.31823027761055,329.31823027761055
22,223,329.31823027761055,329.31823027761055
22,224,329.31823027761055,329.31823027761055
22,225,329.31823027761055,329.31823027761055
22,226,329.31823027761055,329.31823027761055
22,227,329.31823027761055,329.31823027761055
22,228,329.31823027761055,329.31823027761055
22,229,329.31823027761055,329.31823027761055
22,230,329.31823027761055,329.31823027761055
22,231,329.31823027761055,329.31823027761055
22,232,329.31823027761055,329.31823027761055
22,233,329.31823027761055,329.31823027761055
22,234,329.31823027761055,329.31823027761055
22,235,329.31823027761055,329.31823027761055
22,236,329.31823027761055,329.31823027761055
22,237,329.31823027761055,329.31823027761055
22,238,329.31823027761055,329.31823027761055
22,239,329.31823027761055,329.31823027761055
22,240,329.31823027761055,329.31823027761055
22,241,329.31823027761055,329.31823027761055
22,242,329.31823027761055,329.31823027761055
22,243,329.31823027761055,329.31823027761055
22,244,329.31823027761055,329.31823027761055
22,245,329.31823027761055,329.31823027761055
22,246,329.31823027761055,329.31823027761055
22,247,329.31823027761055,329.31823027761055
22,248,329.31823027761055,329.31823027761055
22,249,329.31823027761055,329.31823027761055
22,250,329.31823027761055,329.31823027761055
22,251,329.31823027761055,329.31823027761055
22,252,329.31823027761055,329.31823027761055
22,253,329.31823027761055,329.31823027761055
22,254,329.31823027761055,329.31823027761055
22,255,329.31823027761055,329.31823027761055
22,256,329.31823027761055,329.31823027761055
22,257,329.31823027761055,329.31823027761055
22,258,329.31823027761055,329.31823027761055
22,259,329.31823027761055,329.31823027761055
22,260,329.31823027761055,329.31823027761055
22,261,329.31823027761055,329.31823027761055
22,262,329.31823027761055,329.31823027761055
22,263,329.31823027761055,329.31823027761055
22,264,329.31823027761055,329.31823027761055
22,265,329.31823027761055,329.31823027761055
22,266,329.31823027761055,329.31823027761055
22,267,329.31823027761055,329.31823027761055
22,268,329.31823027761055,329.31823027761055
22,269,329.31823027761055,329.31823027761055
22,270,329.31823027761055,329.31823027761055
22,271,329.31823027761055,329.31823027761055
22,272,329.31823027761055,329.31823027761055
22,273,329.31823027761055,329.31823027761055
22,274,329.31823027761055,329.31823027761055
22,275,329.31823027761055,329.31823027761055
22,276,329.31823027761055,329.31823027761055
22,277,329.31823027761055,329.31823027761055
22,278,329.31823027761055,329.31823027761055
22,279,329.31823027761055,329.31823027761055
22,280,329.31823027761055,329.31823027761055
22,281,329.31823027761055,329.31823027761055
22,282,329.31823027761055,329.31823027761055
22,283,329.31823027761055,329.31823027761055
22,284,329.31823027761055,329.31823027761055
22,285,329.31823027761055,329.31823027761055
22,286,329.31823027761055,329.31823027761055
22,287,329.31823027761055,329.31823027761055
22,288,329.31823027761055,329.31823027761055
22,289,329.31823027761055,329.31823027761055
22,290,329.31823027761055,329.31823027761055
22,291,329.31823027761055,329.31823027761055
22,292,329.31823027761055,329.31823027761055
22,293,329.31823027761055,329.31823027761055
22,294,329.31823027761055,329.31823027761055
22,295,329.31823027761055,329.31823027761055
22,296,329.31823027761055,329.31823027761055
22,297,329.31823027761055,329.31823027761055
22,298,329.31823027761055,329.31823027761055
22,299,329.31823027761055,329.31823027761055
22,300,329.31823027761055,329.31823027761055
22,301,329.31823027761055,329.31823027761055
22,302,329.31823027761055,329.31823027761055
22,303,329.31823027761055,329.31823027761055
22,304,329.31823027761055,329.31823027761055
22,305,329.31823027761055,329.31823027761055
22,306,329.31823027761055,329.31823027761055
22,307,329.31823027761055,329.31823027761055
22,308,329.31823027761055,329.31823027761055
22,309,329.31823027761055,329.31823027761055
22,310,329.31823027761055,329.31823027761055
22,311,329.31823027761055,329.31823027761055
22,312,329.31823027761055,329.31823027761055
22,313,329.31823027761055,329.31823027761055
22,314,329.31823027761055,329.31823027761055
22,315,329.31823027761055,329.31823027761055
22,316,329.31823027761055,329.31823027761055
22,317,329.31823027761055,329.31823027761055
22,318,329.31823027761055,329.31823027761055
22,319,329.31823027761055,329.31823027761055
22,320,329.31823027761055,329.31823027761055
22,321,329.31823027761055,329.31823027761055
22,322,329.31823027761055,329.31823027761055
22,323,329.31823027761055,329.31823027761055
22,324,329.31823027761055,329.31823027761055
22,325,329.31823027761055,329.31823027761055
22,326,329.31823027761055,329.31823027761055
22,327,329.31823027761055,329.31823027761055
22,328,329.31823027761055,329.31823027761055
22,329,329.31823027761055,329.31823027761055
22,330,329.31823027761055,329.31823027761055
22,331,329.31823027761055,329.31823027761055
22,332,329.31823027761055,329.31823027761055
22,333,329.31823027761055,329.31823027761055
22,334,329.31823027761055,329.31823027761055
22,335,329.31823027761055,329.31823027761055
22,336,329.31823027761055,329.31823027761055
22,337,329.31823027761055,329.31823027761055
22,338,329.31823027761055,329.31823027761055
22,339,329.31823027761055,329.31823027761055
22,340,329.31823027761055,329.31823027761055
22,341,329.31823027761055,329.31823027761055
22,342,329.31823027761055,329.31823027761055
22,343,329.31823027761055,329.31823027761055
22,344,329.31823027761055,329.31823027761055
22,345,329.31823027761055,329.31823027761055
22,346,329.31823027761055,329.31823027761055
22,347,329.31823027761055,329.31823027761055
22,348,329.31823027761055,329.31823027761055
22,349,329.31823027761055,329.31823027761055
22,350,329.31823027761055,329.31823027761055
22,351,329.31823027761055,329.31823027761055
22,352,329.31823027761055,329.31823027761055
22,353,329.31823027761055,329.31823027761055
22,354,329.31823027761055,329.31823027761055
22,355,329.31823027761055,329.31823027761055
22,356,329.31823027761055,329.31823027761055
22,357,329.31823027761055,329.31823027761055
22,358,329.31823027761055,329.31823027761055
22,359,329.31823027761055,329.31823027761055
22,360,329.31823027761055,329.31823027761055
22,361,329.31823027761055,329.31823027761055
22,362,329.31823027761055,329.31823027761055
22,363,329.31823027761055,329.31823027761055
22,364,329.31823027761055,329.31823027761055
22,365,329.31823027761055,329.31823027761055
22,366,329.31823027761055,329.31823027761055
22,367,329.31823027761055,329.31823027761055
22,368,329.31823027761055,329.31823027761055
22,369,329.31823027761055,329.31823027761055
22,370,329.31823027761055,329.31823027761055
22,371,329.31823027761055,329.31823027761055
22,372,329.31823027761055,329.31823027761055
22,373,329.31823027761055,329.31823027761055
22,374,329.31823027761055,329.31823027761055
22,375,329.31823027761055,329.31823027761055
22,376,329.31823027761055,329.31823027761055
22,377,329.31823027761055,329.31823027761055
22,378,329.31823027761055,329.31823027761055
22,379,329.31823027761055,329.31823027761055
22,380,329.31823027761055,329.31823027761055
22,381,329.31823027761055,329.31823027761055
22,382,329.31823027761055,329.31823027761055
22,383,329.31823027761055,329.31823027761055
22,384,329.31823027761055,329.31823027761055
22,385,329.31823027761055,329.31823027761055
22,386,329.31823027761055,329.31823027761055
22,387,329.31823027761055,329.31823027761055
22,388,329.31823027761055,329.31823027761055
22,389,329.31823027761055,329.31823027761055
22,390,329.31823027761055,329.31823027761055
22,391,329.31823027761055,329.31823027761055
22,392,329.31823027761055,329.31823027761055
22,393,329.31823027761055,329.31823027761055
22,394,329.31823027761055,329.31823027761055
22,395,329.31823027761055,329.31823027761055
22,396,329.31823027761055,329.31823027761055
22,397,329.31823027761055,329.31823027761055
22,398,329.31823027761055,329.31823027761055
22,399,329.31823027761055,329.31823027761055
22,400,329.31823027761055,329.31823027761055
22,401,329.31823027761055,329.31823027761055
22,402,329.31823027761055,329.31823027761055
22,403,329.31823027761055,329.31823027761055
22,404,329.31823027761055,329.31823027761055
22,405,329.31823027761055,329.31823027761055
22,406,329.31823027761055,329.31823027761055
22,407,329.31823027761055,329.31823027761055
22,408,329.31823027761055,329.31823027761055
22,409,329.31823027761055,329.31823027761055
22,410,329.31823027761055,329.31823027761055
22,411,329.31823027761055,329.31823027761055
22,412,329.31823027761055,329.31823027761055
22,413,329.31823027761055,329.31823027761055
22,414,329.31823027761055,329.31823027761055
22,415,329.31823027761055,329.31823027761055
22,416,329.31823027761055,329.31823027761055
22,417,329.31823027761055,329.31823027761055
22,418,329.31823027761055,329.31823027761055
22,419,329.31823027761055,329.31823027761055
22,420,329.31823027761055,329.31823027761055
22,421,329.31823027761055,329.31823027761055
22,422,329.31823027761055,329.31823027761055
22,423,329.31823027761055,329.31823027761055
22,424,329.31823027761055,329.31823027761055
22,425,329.31823027761055,329.31823027761055
22,426,329.31823027761055,329.31823027761055
22,427,329.31823027761055,329.31823027761055
22,428,329.31823027761055,329.31823027761055
22,429,329.31823027761055,329.31823027761055
22,430,329.31823027761055,329.31823027761055
22,431,329.31823027761055,329.31823027761055
22,432,329.31823027761055,329.31823027761055
22,433,329.31823027761055,329.31823027761055
22,434,329.31823027761055,329.31823027761055
22,435,329.31823027761055,329.31823027761055
22,436,329.31823027761055,329.31823027761055
22,437,329.31823027761055,329.31823027761055
22,438,329.31823027761055,329.31823027761055
22,439,329.31823027761055,329.31823027761055
22,440,329.31823027761055,329.31823027761055
22,441,329.31823027761055,329.31823027761055
22,442,329.31823027761055,329.31823027761055
22,443,329.31823027761055,329.31823027761055
22,444,329.31823027761055,329.31823027761055
22,445,329.31823027761055,329.31823027761055
22,446,329.31823027761055,329.31823027761055
22,447,329.31823027761055,329.31823027761055
22,448,329.31823027761055,329.31823027761055
22,449,329.31823027761055,329.31823027761055
22,450,329.31823027761055,329.31823027761055
22,451,329.31823027761055,329.31823027761055
22,452,329.31823027761055,329.31823027761055
22,453,329.31823027761055,329.31823027761055
22,454,329.31823027761055,329.31823027761055
22,455,329.31823027761055,329.31823027761055
22,456,329.31823027761055,329.31823027761055
22,457,329.31823027761055,329.31823027761055
22,458,329.31823027761055,329.31823027761055
22,459,329.31823027761055,329.31823027761055
22,460,329.31823027761055,329.31823027761055
22,461,329.31823027761055,329.31823027761055
22,462,329.31823027761055,329.31823027761055
22,463,329.31823027761055,329.31823027761055
22,464,329.31823027761055,329.31823027761055
22,465,329.31823027761055,329.31823027761055
22,466,329.31823027761055,329.31823027761055
22,467,329.31823027761055,329.31823027761055
22,468,329.31823027761055,329.31823027761055
22,469,329.31823027761055,329.31823027761055
22,470,329.31823027761055,329.31823027761055
22,471,329.31823027761055,329.31823027761055
22,472,329.31823027761055,329.31823027761055
22,473,329.31823027761055,329.31823027761055
22,474,329.31823027761055,329.31823027761055
22,475,329.31823027761055,329.31823027761055
22,476,329.31823027761055,329.31823027761055
22,477,329.31823027761055,329.31823027761055
22,478,329.31823027761055,329.31823027761055
22,479,329.31823027761055,329.31823027761055
22,480,329.31823027761055,329.31823027761055
22,481,329.31823027761055,329.31823027761055
22,482,329.31823027761055,329.31823027761055
22,483,329.31823027761055,329.31823027761055
22,484,329.31823027761055,329.31823027761055
22,485,329.31823027761055,329.31823027761055
22,486,329.31823027761055,329.31823027761055
22,487,329.31823027761055,329.31823027761055
22,488,329.31823027761055,329.31823027761055
22,489,329.31823027761055,329.31823027761055
22,490,329.31823027761055,329.31823027761055
22,491,329.31823027761055,329.31823027761055
22,492,329.31823027761055,329.31823027761055
22,493,329.31823027761055,329.31823027761055
22,494,329.31823027761055,329.31823027761055
22,495,329.31823027761055,329.31823027761055
22,496,329.31823027761055,329.31823027761055
22,497,329.31823027761055,329.31823027761055
22,498,329.31823027761055,329.31823027761055
22,499,329.31823027761055,329.31823027761055
22,500,329.31823027761055,329.31823027761055
23,0,422.2744313605502,422.2744313605502
23,1,372.57504857648405,372.57504857648405
23,2,372.57504857648405,372.57504857648405
23,3,357.31098748044326,357.31098748044326
23,4,357.31098748044326,357.31098748044326
23,5,357.31098748044326,357.31098748044326
23,6,357.31098748044326,357.31098748044326
23,7,355.64378199532604,355.64378199532604
23,8,346.2494968587685,346.2494968587685
23,9,340.3797208992853,340.3797208992853
23,10,340.3797208992853,340.3797208992853
23,11,329.31823027761055,329.31823027761055
23,12,329.31823027761055,329.31823027761055
23,13,329.31823027761055,329.31823027761055
23,14,329.31823027761055,329.31823027761055
23,15,329.31823027761055,329.31823027761055
23,16,329.31823027761055,329.31823027761055
23,17,329.31823027761055,329.31823027761055
23,18,329.31823027761055,329.31823027761055
23,19,329.31823027761055,329.31823027761055
23,20,329.31823027761055,329.31823027761055
23,21,329.31823027761055,329.31823027761055
23,22,329.31823027761055,329.31823027761055
23,23,329.31823027761055,329.31823027761055
23,24,329.31823027761055,329.31823027761055
23,25,329.31823027761055,329.31823027761055
23,26,329.31823027761055,329.31823027761055
23,27,329.31823027761055,329.31823027761055
23,28,329.31823027761055,329.31823027761055
23,29,329.31823027761055,329.31823027761055
23,30,329.31823027761055,329.31823027761055
23,31,329.31823027761055,329.31823027761055
23,32,329.31823027761055,329.31823027761055
23,33,329.31823027761055,329.31823027761055
23,34,329.31823027761055,329.31823027761055
23,35,329.31823027761055,329.31823027761055
23,36,329.31823027761055,329.31823027761055
23,37,329.31823027761055,329.31823027761055
23,38,329.31823027761055,329.31823027761055
23,39,329.31823027761055,329.31823027761055
23,40,329.31823027761055,329.31823027761055
23,41,329.31823027761055,329.31823027761055
23,42,329.31823027761055,329.31823027761055
23,43,329.31823027761055,329.31823027761055
23,44,329.31823027761055,329.31823027761055
23,45,329.31823027761055,329.31823027761055
23,46,329.31823027761055,329.31823027761055
23,47,329.31823027761055,329.31823027761055
23,48,329.31823027761055,329.31823027761055
23,49,329.31823027761055,329.31823027761055
23,50,329.31823027761055,329.31823027761055
23,51,329.31823027761055,329.31823027761055
23,52,329.31823027761055,329.31823027761055
23,53,329.31823027761055,329.31823027761055
23,54,329.31823027761055,329.31823027761055
23,55,329.31823027761055,329.31823027761055
23,56,329.31823027761055,329.31823027761055
23,57,329.31823027761055,329.31823027761055
23,58,329.31823027761055,329.31823027761055
23,59,329.31823027761055,329.31823027761055
23,60,329.31823027761055,329.31823027761055
23,61,329.31823027761055,329.31823027761055
23,62,329.31823027761055,329.31823027761055
23,63,329.31823027761055,329.31823027761055
23,64,329.31823027761055,329.31823027761055
23,65,329.31823027761055,329.31823027761055
23,66,329.31823027761055,329.31823027761055
23,67,329.31823027761055,329.31823027761055
23,68,329.31823027761055,329.31823027761055
23,69,329.31823027761055,329.31823027761055
23,70,329.31823027761055,329.31823027761055
23,71,329.31823027761055,329.31823027761055
23,72,329.31823027761055,329.31823027761055
23,73,329.31823027761055,329.31823027761055
23,74,329.31823027761055,329.31823027761055
23,75,329.31823027761055,329.31823027761055
23,76,329.31823027761055,329.31823027761055
23,77,329.31823027761055,329.31823027761055
23,78,329.31823027761055,329.31823027761055
23,79,329.31823027761055,329.31823027761055
23,80,329.31823027761055,329.31823027761055
23,81,329.31823027761055,329.31823027761055
23,82,329.31823027761055,329.31823027761055
23,83,329.31823027761055,329.31823027761055
23,84,329.31823027761055,329.31823027761055
23,85,329.31823027761055,329.31823027761055
23,86,329.31823027761055,329.31823027761055
23,87,329.31823027761055,329.31823027761055
23,88,329.31823027761055,329.31823027761055
23,89,329.31823027761055,329.31823027761055
23,90,329.31823027761055,329.31823027761055
23,91,329.31823027761055,329.31823027761055
23,92,329.31823027761055,329.31823027761055
23,93,329.31823027761055,329.31823027761055
23,94,329.31823027761055,329.31823027761055
23,95,329.31823027761055,329.31823027761055
23,96,329.31823027761055,329.31823027761055
23,97,329.31823027761055,329.31823027761055
23,98,329.31823027761055,329.31823027761055
23,99,329.31823027761055,329.31823027761055
23,100,329.31823027761055,329.31823027761055
23,101,329.31823027761055,329.31823027761055
23,102,329.31823027761055,329.31823027761055
23,103,329.31823027761055,329.31823027761055
23,104,329.31823027761055,329.31823027761055
23,105,329.31823027761055,329.31823027761055
23,106,329.31823027761055,329.31823027761055
23,107,329.31823027761055,329.31823027761055
23,108,329.31823027761055,329.31823027761055
23,109,329.31823027761055,329.31823027761055
23,110,329.31823027761055,329.31823027761055
23,111,329.31823027761055,329.31823027761055
23,112,329.31823027761055,329.31823027761055
23,113,329.31823027761055,329.31823027761055
23,114,329.31823027761055,329.31823027761055
23,115,329.31823027761055,329.31823027761055
23,116,329.31823027761055,329.31823027761055
23,117,329.31823027761055,329.31823027761055
23,118,329.31823027761055,329.31823027761055
23,119,329.31823027761055,329.31823027761055
23,120,329.31823027761055,329.31823027761055
23,121,329.31823027761055,329.31823027761055
23,122,329.31823027761055,329.31823027761055
23,123,329.31823027761055,329.31823027761055
23,124,329.31823027761055,329.31823027761055
23,125,329.31823027761055,329.31823027761055
23,126,329.31823027761055,329.31823027761055
23,127,329.31823027761055,329.31823027761055
23,128,329.31823027761055,329.31823027761055
23,129,329.31823027761055,329.31823027761055
23,130,329.31823027761055,329.31823027761055
23,131,329.31823027761055,329.31823027761055
23,132,329.31823027761055,329.31823027761055
23,133,329.31823027761055,329.31823027761055
23,134,329.31823027761055,329.31823027761055
23,135,329.31823027761055,329.31823027761055
23,136,329.31823027761055,329.31823027761055
23,137,329.31823027761055,329.31823027761055
23,138,329.31823027761055,329.31823027761055
23,139,329.31823027761055,329.31823027761055
23,140,329.31823027761055,329.31823027761055
23,141,329.31823027761055,329.31823027761055
23,142,329.31823027761055,329.31823027761055
23,143,329.31823027761055,329.31823027761055
23,144,329.31823027761055,329.31823027761055
23,145,329.31823027761055,329.31823027761055
23,146,329.31823027761055,329.31823027761055
23,147,329.31823027761055,329.31823027761055
23,148,329.31823027761055,329.31823027761055
23,149,329.31823027761055,329.31823027761055
23,150,329.31823027761055,329.31823027761055
23,151,329.31823027761055,329.31823027761055
23,152,329.31823027761055,329.31823027761055
23,153,329.31823027761055,329.31823027761055
23,154,329.31823027761055,329.31823027761055
23,155,329.31823027761055,329.31823027761055
23,156,329.31823027761055,329.31823027761055
23,157,329.31823027761055,329.31823027761055
23,158,329.31823027761055,329.31823027761055
23,159,329.31823027761055,329.31823027761055
23,160,329.31823027761055,329.31823027761055
23,161,329.31823027761055,329.31823027761055
23,162,329.31823027761055,329.31823027761055
23,163,329.31823027761055,329.31823027761055
23,164,329.31823027761055,329.31823027761055
23,165,329.31823027761055,329.31823027761055
23,166,329.31823027761055,329.31823027761055
23,167,329.31823027761055,329.31823027761055
23,168,329.31823027761055,329.31823027761055
23,169,329.31823027761055,329.31823027761055
23,170,329.31823027761055,329.31823027761055
23,171,329.31823027761055,329.31823027761055
23,172,329.31823027761055,329.31823027761055
23,173,329.31823027761055,329.31823027761055
23,174,329.31823027761055,329.31823027761055
23,175,329.31823027761055,329.31823027761055
23,176,329.31823027761055,329.31823027761055
23,177,329.31823027761055,329.31823027761055
23,178,329.31823027761055,329.31823027761055
23,179,329.31823027761055,329.31823027761055
23,180,329.31823027761055,329.31823027761055
23,181,329.31823027761055,329.31823027761055
23,182,329.31823027761055,329.31823027761055
23,183,329.31823027761055,329.31823027761055
23,184,329.31823027761055,329.31823027761055
23,185,329.31823027761055,329.31823027761055
23,186,329.31823027761055,329.31823027761055
23,187,329.31823027761055,329.31823027761055
23,188,329.31823027761055,329.31823027761055
23,189,329.31823027761055,329.31823027761055
23,190,329.31823027761055,329.31823027761055
23,191,329.31823027761055,329.31823027761055
23,192,329.31823027761055,329.31823027761055
23,193,329.31823027761055,329.31823027761055
23,194,329.31823027761055,329.31823027761055
23,195,329.31823027761055,329.31823027761055
23,196,329.31823027761055,329.31823027761055
23,197,329.31823027761055,329.31823027761055
23,198,329.31823027761055,329.31823027761055
23,199,329.31823027761055,329.31823027761055
23,200,329.31823027761055,329.31823027761055
23,201,329.31823027761055,329.31823027761055
23,202,329.31823027761055,329.31823027761055
23,203,329.31823027761055,329.31823027761055
23,204,329.31823027761055,329.31823027761055
23,205,329.31823027761055,329.31823027761055
23,206,329.31823027761055,329.31823027761055
23,207,329.31823027761055,329.31823027761055
23,208,329.31823027761055,329.31823027761055
23,209,329.31823027761055,329.31823027761055
23,210,329.31823027761055,329.31823027761055
23,211,329.31823027761055,329.31823027761055
23,212,329.31823027761055,329.31823027761055
23,213,329.31823027761055,329.31823027761055
23,214,329.31823027761055,329.31823027761055
23,215,329.31823027761055,329.31823027761055
23,216,329.31823027761055,329.31823027761055
23,217,329.31823027761055,329.31823027761055
23,218,329.31823027761055,329.31823027761055
23,219,329.31823027761055,329.31823027761055
23,220,329.31823027761055,329.31823027761055
23,221,329.31823027761055,329.31823027761055
23,222,329.31823027761055,329.31823027761055
23,223,329.31823027761055,329.31823027761055
23,224,329.31823027761055,329.31823027761055
23,225,329.31823027761055,329.31823027761055
23,226,329.31823027761055,329.31823027761055
23,227,329.31823027761055,329.31823027761055
23,228,329.31823027761055,329.31823027761055
23,229,329.31823027761055,329.31823027761055
23,230,329.31823027761055,329.31823027761055
23,231,329.31823027761055,329.31823027761055
23,232,329.31823027761055,329.31823027761055
23,233,329.31823027761055,329.31823027761055
23,234,329.31823027761055,329.31823027761055
23,235,329.31823027761055,329.31823027761055
23,236,329.31823027761055,329.31823027761055
23,237,329.31823027761055,329.31823027761055
23,238,329.31823027761055,329.31823027761055
23,239,329.31823027761055,329.31823027761055
23,240,329.31823027761055,329.31823027761055
23,241,329.31823027761055,329.31823027761055
23,242,329.31823027761055,329.31823027761055
23,243,329.31823027761055,329.31823027761055
23,244,329.31823027761055,329.31823027761055
23,245,329.31823027761055,329.31823027761055
23,246,329.31823027761055,329.31823027761055
23,247,329.31823027761055,329.31823027761055
23,248,329.31823027761055,329.31823027761055
23,249,329.31823027761055,329.31823027761055
23,250,329.31823027761055,329.31823027761055
23,251,329.31823027761055,329.31823027761055
23,252,329.31823027761055,329.31823027761055
23,253,329.31823027761055,329.31823027761055
23,254,329.31823027761055,329.31823027761055
23,255,329.31823027761055,329.31823027761055
23,256,329.31823027761055,329.31823027761055
23,257,329.31823027761055,329.31823027761055
23,258,329.31823027761055,329.31823027761055
23,259,329.31823027761055,329.31823027761055
23,260,329.31823027761055,329.31823027761055
23,261,329.31823027761055,329.31823027761055
23,262,329.31823027761055,329.31823027761055
23,263,329.31823027761055,329.31823027761055
23,264,329.31823027761055,329.31823027761055
23,265,329.31823027761055,329.31823027761055
23,266,329.31823027761055,329.31823027761055
23,267,329.31823027761055,329.31823027761055
23,268,329.31823027761055,329.31823027761055
23,269,329.31823027761055,329.31823027761055
23,270,329.31823027761055,329.31823027761055
23,271,329.31823027761055,329.31823027761055
23,272,329.31823027761055,329.31823027761055
23,273,329.31823027761055,329.31823027761055
23,274,329.31823027761055,329.31823027761055
23,275,329.31823027761055,329.31823027761055
23,276,329.31823027761055,329.31823027761055
23,277,329.31823027761055,329.31823027761055
23,278,329.31823027761055,329.31823027761055
23,279,329.31823027761055,329.31823027761055
23,280,329.31823027761055,329.31823027761055
23,281,329.31823027761055,329.31823027761055
23,282,329.31823027761055,329.31823027761055
23,283,329.31823027761055,329.31823027761055
23,284,329.31823027761055,329.31823027761055
23,285,329.31823027761055,329.31823027761055
23,286,329.31823027761055,329.31823027761055
23,287,329.31823027761055,329.31823027761055
23,288,329.31823027761055,329.31823027761055
23,289,329.31823027761055,329.31823027761055
23,290,329.31823027761055,329.31823027761055
23,291,329.31823027761055,329.31823027761055
23,292,329.31823027761055,329.31823027761055
23,293,329.31823027761055,329.31823027761055
23,294,329.31823027761055,329.31823027761055
23,295,329.31823027761055,329.31823027761055
23,296,329.31823027761055,329.31823027761055
23,297,329.31823027761055,329.31823027761055
23,298,329.31823027761055,329.31823027761055
23,299,329.31823027761055,329.31823027761055
23,300,329.31823027761055,329.31823027761055
23,301,329.31823027761055,329.31823027761055
23,302,329.31823027761055,329.31823027761055
23,303,329.31823027761055,329.31823027761055
23,304,329.31823027761055,329.31823027761055
23,305,329.31823027761055,329.31823027761055
23,306,329.31823027761055,329.31823027761055
23,307,329.31823027761055,329.31823027761055
23,308,329.31823027761055,329.31823027761055
23,309,329.31823027761055,329.31823027761055
23,310,329.31823027761055,329.31823027761055
23,311,329.31823027761055,329.31823027761055
23,312,329.31823027761055,329.31823027761055
23,313,329.31823027761055,329.31823027761055
23,314,329.31823027761055,329.31823027761055
23,315,329.31823027761055,329.31823027761055
23,316,329.31823027761055,329.31823027761055
23,317,329.31823027761055,329.31823027761055
23,318,329.31823027761055,329.31823027761055
23,319,329.31823027761055,329.31823027761055
23,320,329.31823027761055,329.31823027761055
23,321,329.31823027761055,329.31823027761055
23,322,329.31823027761055,329.31823027761055
23,323,329.31823027761055,329.31823027761055
23,324,329.31823027761055,329.31823027761055
23,325,329.31823027761055,329.31823027761055
23,326,329.31823027761055,329.31823027761055
23,327,329.31823027761055,329.31823027761055
23,328,329.31823027761055,329.31823027761055
23,329,329.31823027761055,329.31823027761055
23,330,329.31823027761055,329.31823027761055
23,331,329.31823027761055,329.31823027761055
23,332,329.31823027761055,329.31823027761055
23,333,329.31823027761055,329.31823027761055
23,334,329.31823027761055,329.31823027761055
23,335,329.31823027761055,329.31823027761055
23,336,329.31823027761055,329.31823027761055
23,337,329.31823027761055,329.31823027761055
23,338,329.31823027761055,329.31823027761055
23,339,329.31823027761055,329.31823027761055
23,340,329.31823027761055,329.31823027761055
23,341,329.31823027761055,329.31823027761055
23,342,329.31823027761055,329.31823027761055
23,343,329.31823027761055,329.31823027761055
23,344,329.31823027761055,329.31823027761055
23,345,329.31823027761055,329.31823027761055
23,346,329.31823027761055,329.31823027761055
23,347,329.31823027761055,329.31823027761055
23,348,329.31823027761055,329.31823027761055
23,349,329.31823027761055,329.31823027761055
23,350,329.31823027761055,329.31823027761055
23,351,329.31823027761055,329.31823027761055
23,352,329.31823027761055,329.31823027761055
23,353,329.31823027761055,329.31823027761055
23,354,329.31823027761055,329.31823027761055
23,355,329.31823027761055,329.31823027761055
23,356,329.31823027761055,329.31823027761055
23,357,329.31823027761055,329.31823027761055
23,358,329.31823027761055,329.31823027761055
23,359,329.31823027761055,329.31823027761055
23,360,329.31823027761055,329.31823027761055
23,361,329.31823027761055,329.31823027761055
23,362,329.31823027761055,329.31823027761055
23,363,329.31823027761055,329.31823027761055
23,364,329.31823027761055,329.31823027761055
23,365,329.31823027761055,329.31823027761055
23,366,329.31823027761055,329.31823027761055
23,367,329.31823027761055,329.31823027761055
23,368,329.31823027761055,329.31823027761055
23,369,329.31823027761055,329.31823027761055
23,370,329.31823027761055,329.31823027761055
23,371,329.31823027761055,329.31823027761055
23,372,329.31823027761055,329.31823027761055
23,373,329.31823027761055,329.31823027761055
23,374,329.31823027761055,329.31823027761055
23,375,329.31823027761055,329.31823027761055
23,376,329.31823027761055,329.31823027761055
23,377,329.31823027761055,329.31823027761055
23,378,329.31823027761055,329.31823027761055
23,379,329.31823027761055,329.31823027761055
23,380,329.31823027761055,329.31823027761055
23,381,329.31823027761055,329.31823027761055
23,382,329.31823027761055,329.31823027761055
23,383,329.31823027761055,329.31823027761055
23,384,329.31823027761055,329.31823027761055
23,385,329.31823027761055,329.31823027761055
23,386,329.31823027761055,329.31823027761055
23,387,329.31823027761055,329.31823027761055
23,388,329.31823027761055,329.31823027761055
23,389,329.31823027761055,329.31823027761055
23,390,329.31823027761055,329.31823027761055
23,391,329.31823027761055,329.31823027761055
23,392,329.31823027761055,329.31823027761055
23,393,329.31823027761055,329.31823027761055
23,394,329.31823027761055,329.31823027761055
23,395,329.31823027761055,329.31823027761055
23,396,329.31823027761055,329.31823027761055
23,397,329.31823027761055,329.31823027761055
23,398,329.31823027761055,329.31823027761055
23,399,329.31823027761055,329.31823027761055
23,400,329.31823027761055,329.31823027761055
23,401,329.31823027761055,329.31823027761055
23,402,329.31823027761055,329.31823027761055
23,403,329.31823027761055,329.31823027761055
23,404,329.31823027761055,329.31823027761055
23,405,329.31823027761055,329.31823027761055
23,406,329.31823027761055,329.31823027761055
23,407,329.31823027761055,329.31823027761055
23,408,329.31823027761055,329.31823027761055
23,409,329.31823027761055,329.31823027761055
23,410,329.31823027761055,329.31823027761055
23,411,329.31823027761055,329.31823027761055
23,412,329.31823027761055,329.31823027761055
23,413,329.31823027761055,329.31823027761055
23,414,329.31823027761055,329.31823027761055
23,415,329.31823027761055,329.31823027761055
23,416,329.31823027761055,329.31823027761055
23,417,329.31823027761055,329.31823027761055
23,418,329.31823027761055,329.31823027761055
23,419,329.31823027761055,329.31823027761055
23,420,329.31823027761055,329.31823027761055
23,421,329.31823027761055,329.31823027761055
23,422,329.31823027761055,329.31823027761055
23,423,329.31823027761055,329.31823027761055
23,424,329.31823027761055,329.31823027761055
23,425,329.31823027761055,329.31823027761055
23,426,329.31823027761055,329.31823027761055
23,427,329.31823027761055,329.31823027761055
23,428,329.31823027761055,329.31823027761055
23,429,329.31823027761055,329.31823027761055
23,430,329.31823027761055,329.31823027761055
23,431,329.31823027761055,329.31823027761055
23,432,329.31823027761055,329.31823027761055
23,433,329.31823027761055,329.31823027761055
23,434,329.31823027761055,329.31823027761055
23,435,329.31823027761055,329.31823027761055
23,436,329.31823027761055,329.31823027761055
23,437,329.31823027761055,329.31823027761055
23,438,329.31823027761055,329.31823027761055
23,439,329.31823027761055,329.31823027761055
23,440,329.31823027761055,329.31823027761055
23,441,329.31823027761055,329.31823027761055
23,442,329.31823027761055,329.31823027761055
23,443,329.31823027761055,329.31823027761055
23,444,329.31823027761055,329.31823027761055
23,445,329.31823027761055,329.31823027761055
23,446,329.31823027761055,329.31823027761055
23,447,329.31823027761055,329.31823027761055
23,448,329.31823027761055,329.31823027761055
23,449,329.31823027761055,329.31823027761055
23,450,329.31823027761055,329.31823027761055
23,451,329.31823027761055,329.31823027761055
23,452,329.31823027761055,329.31823027761055
23,453,329.31823027761055,329.31823027761055
23,454,329.31823027761055,329.31823027761055
23,455,329.31823027761055,329.31823027761055
23,456,329.31823027761055,329.31823027761055
23,457,329.31823027761055,329.31823027761055
23,458,329.31823027761055,329.31823027761055
23,459,329.31823027761055,329.31823027761055
23,460,329.31823027761055,329.31823027761055
23,461,329.31823027761055,329.31823027761055
23,462,329.31823027761055,329.31823027761055
23,463,329.31823027761055,329.31823027761055
23,464,329.31823027761055,329.31823027761055
23,465,329.31823027761055,329.31823027761055
23,466,329.31823027761055,329.31823027761055
23,467,329.31823027761055,329.31823027761055
23,468,329.31823027761055,329.31823027761055
23,469,329.31823027761055,329.31823027761055
23,470,329.31823027761055,329.31823027761055
23,471,329.31823027761055,329.31823027761055
23,472,329.31823027761055,329.31823027761055
23,473,329.31823027761055,329.31823027761055
23,474,329.31823027761055,329.31823027761055
23,475,329.31823027761055,329.31823027761055
23,476,329.31823027761055,329.31823027761055
23,477,329.31823027761055,329.31823027761055
23,478,329.31823027761055,329.31823027761055
23,479,329.31823027761055,329.31823027761055
23,480,329.31823027761055,329.31823027761055
23,481,329.31823027761055,329.31823027761055
23,482,329.31823027761055,329.31823027761055
23,483,329.31823027761055,329.31823027761055
23,484,329.31823027761055,329.31823027761055
23,485,329.31823027761055,329.31823027761055
23,486,329.31823027761055,329.31823027761055
23,487,329.31823027761055,329.31823027761055
23,488,329.31823027761055,329.31823027761055
23,489,329.31823027761055,329.31823027761055
23,490,329.31823027761055,329.31823027761055
23,491,329.31823027761055,329.31823027761055
23,492,329.31823027761055,329.31823027761055
23,493,329.31823027761055,329.31823027761055
23,494,329.31823027761055,329.31823027761055
23,495,329.31823027761055,329.31823027761055
23,496,329.31823027761055,329.31823027761055
23,497,329.31823027761055,329.31823027761055
23,498,329.31823027761055,329.31823027761055
23,499,329.31823027761055,329.31823027761055
23,500,329.31823027761055,329.31823027761055
24,0,427.9651268010877,427.9651268010877
24,1,388.8406168834791,388.8406168834791
24,2,371.16127262503625,371.16127262503625
24,3,371.16127262503625,371.16127262503625
24,4,335.21393869705463,335.21393869705463
24,5,335.21393869705463,335.21393869705463
24,6,335.21393869705463,335.21393869705463
24,7,335.21393869705463,335.21393869705463
24,8,335.21393869705463,335.21393869705463
24,9,335.21393869705463,335.21393869705463
24,10,329.31823027761055,329.31823027761055
24,11,329.31823027761055,329.31823027761055
24,12,329.31823027761055,329.31823027761055
24,13,329.31823027761055,329.31823027761055
24,14,329.31823027761055,329.31823027761055
24,15,329.31823027761055,329.31823027761055
24,16,329.31823027761055,329.31823027761055
24,17,329.31823027761055,329.31823027761055
24,18,329.31823027761055,329.31823027761055
24,19,329.31823027761055,329.31823027761055
24,20,329.31823027761055,329.31823027761055
24,21,329.31823027761055,329.31823027761055
24,22,329.31823027761055,329.31823027761055
24,23,329.31823027761055,329.31823027761055
24,24,329.31823027761055,329.31823027761055
24,25,329.31823027761055,329.31823027761055
24,26,329.31823027761055,329.31823027761055
24,27,329.31823027761055,329.31823027761055
24,28,329.31823027761055,329.31823027761055
24,29,329.31823027761055,329.31823027761055
24,30,329.31823027761055,329.31823027761055
24,31,329.31823027761055,329.31823027761055
24,32,329.31823027761055,329.31823027761055
24,33,329.31823027761055,329.31823027761055
24,34,329.31823027761055,329.31823027761055
24,35,329.31823027761055,329.31823027761055
24,36,329.31823027761055,329.31823027761055
24,37,329.31823027761055,329.31823027761055
24,38,329.31823027761055,329.31823027761055
24,39,329.31823027761055,329.31823027761055
24,40,329.31823027761055,329.31823027761055
24,41,329.31823027761055,329.31823027761055
24,42,329.31823027761055,329.31823027761055
24,43,329.31823027761055,329.31823027761055
24,44,329.31823027761055,329.31823027761055
24,45,329.31823027761055,329.31823027761055
24,46,329.31823027761055,329.31823027761055
24,47,329.31823027761055,329.31823027761055
24,48,329.31823027761055,329.31823027761055
24,49,329.31823027761055,329.31823027761055
24,50,329.31823027761055,329.31823027761055
24,51,329.31823027761055,329.31823027761055
24,52,329.31823027761055,329.31823027761055
24,53,329.31823027761055,329.31823027761055
24,54,329.31823027761055,329.31823027761055
24,55,329.31823027761055,329.31823027761055
24,56,329.31823027761055,329.31823027761055
24,57,329.31823027761055,329.31823027761055
24,58,329.31823027761055,329.31823027761055
24,59,329.31823027761055,329.31823027761055
24,60,329.31823027761055,329.31823027761055
24,61,329.31823027761055,329.31823027761055
24,62,329.31823027761055,329.31823027761055
24,63,329.31823027761055,329.31823027761055
24,64,329.31823027761055,329.31823027761055
24,65,329.31823027761055,329.31823027761055
24,66,329.31823027761055,329.31823027761055
24,67,329.31823027761055,329.31823027761055
24,68,329.31823027761055,329.31823027761055
24,69,329.31823027761055,329.31823027761055
24,70,329.31823027761055,329.31823027761055
24,71,329.31823027761055,329.31823027761055
24,72,329.31823027761055,329.31823027761055
24,73,329.31823027761055,329.31823027761055
24,74,329.31823027761055,329.31823027761055
24,75,329.31823027761055,329.31823027761055
24,76,329.31823027761055,329.31823027761055
24,77,329.31823027761055,329.31823027761055
24,78,329.31823027761055,329.31823027761055
24,79,329.31823027761055,329.31823027761055
24,80,329.31823027761055,329.31823027761055
24,81,329.31823027761055,329.31823027761055
24,82,329.31823027761055,329.31823027761055
24,83,329.31823027761055,329.31823027761055
24,84,329.31823027761055,329.31823027761055
24,85,329.31823027761055,329.31823027761055
24,86,329.31823027761055,329.31823027761055
24,87,329.31823027761055,329.31823027761055
24,88,329.31823027761055,329.31823027761055
24,89,329.31823027761055,329.31823027761055
24,90,329.31823027761055,329.31823027761055
24,91,329.31823027761055,329.31823027761055
24,92,329.31823027761055,329.31823027761055
24,93,329.31823027761055,329.31823027761055
24,94,329.31823027761055,329.31823027761055
24,95,329.31823027761055,329.31823027761055
24,96,329.31823027761055,329.31823027761055
24,97,329.31823027761055,329.31823027761055
24,98,329.31823027761055,329.31823027761055
24,99,329.31823027761055,329.31823027761055
24,100,329.31823027761055,329.31823027761055
24,101,329.31823027761055,329.31823027761055
24,102,329.31823027761055,329.31823027761055
24,103,329.31823027761055,329.31823027761055
24,104,329.31823027761055,329.31823027761055
24,105,329.31823027761055,329.31823027761055
24,106,329.31823027761055,329.31823027761055
24,107,329.31823027761055,329.31823027761055
24,108,329.31823027761055,329.31823027761055
24,109,329.31823027761055,329.31823027761055
24,110,329.31823027761055,329.31823027761055
24,111,329.31823027761055,329.31823027761055
24,112,329.31823027761055,329.31823027761055
24,113,329.31823027761055,329.31823027761055
24,114,329.31823027761055,329.31823027761055
24,115,329.31823027761055,329.31823027761055
24,116,329.31823027761055,329.31823027761055
24,117,329.31823027761055,329.31823027761055
24,118,329.31823027761055,329.31823027761055
24,119,329.31823027761055,329.31823027761055
24,120,329.31823027761055,329.31823027761055
24,121,329.31823027761055,329.31823027761055
24,122,329.31823027761055,329.31823027761055
24,123,329.31823027761055,329.31823027761055
24,124,329.31823027761055,329.31823027761055
24,125,329.31823027761055,329.31823027761055
24,126,329.31823027761055,329.31823027761055
24,127,329.31823027761055,329.31823027761055
24,128,329.31823027761055,329.31823027761055
24,129,329.31823027761055,329.31823027761055
24,130,329.31823027761055,329.31823027761055
24,131,329.31823027761055,329.31823027761055
24,132,329.31823027761055,329.31823027761055
24,133,329.31823027761055,329.31823027761055
24,134,329.31823027761055,329.31823027761055
24,135,329.31823027761055,329.31823027761055
24,136,329.31823027761055,329.31823027761055
24,137,329.31823027761055,329.31823027761055
24,138,329.31823027761055,329.31823027761055
24,139,329.31823027761055,329.31823027761055
24,140,329.31823027761055,329.31823027761055
24,141,329.31823027761055,329.31823027761055
24,142,329.31823027761055,329.31823027761055
24,143,329.31823027761055,329.31823027761055
24,144,329.31823027761055,329.31823027761055
24,145,329.31823027761055,329.31823027761055
24,146,329.31823027761055,329.31823027761055
24,147,329.31823027761055,329.31823027761055
24,148,329.31823027761055,329.31823027761055
24,149,329.31823027761055,329.31823027761055
24,150,329.31823027761055,329.31823027761055
24,151,329.31823027761055,329.31823027761055
24,152,329.31823027761055,329.31823027761055
24,153,329.31823027761055,329.31823027761055
24,154,329.31823027761055,329.31823027761055
24,155,329.31823027761055,329.31823027761055
24,156,329.31823027761055,329.31823027761055
24,157,329.31823027761055,329.31823027761055
24,158,329.31823027761055,329.31823027761055
24,159,329.31823027761055,329.31823027761055
24,160,329.31823027761055,329.31823027761055
24,161,329.31823027761055,329.31823027761055
24,162,329.31823027761055,329.31823027761055
24,163,329.31823027761055,329.31823027761055
24,164,329.31823027761055,329.31823027761055
24,165,329.31823027761055,329.31823027761055
24,166,329.31823027761055,329.31823027761055
24,167,329.31823027761055,329.31823027761055
24,168,329.31823027761055,329.31823027761055
24,169,329.31823027761055,329.31823027761055
24,170,329.31823027761055,329.31823027761055
24,171,329.31823027761055,329.31823027761055
24,172,329.31823027761055,329.31823027761055
24,173,329.31823027761055,329.31823027761055
24,174,329.31823027761055,329.31823027761055
24,175,329.31823027761055,329.31823027761055
24,176,329.31823027761055,329.31823027761055
24,177,329.31823027761055,329.31823027761055
24,178,329.31823027761055,329.31823027761055
24,179,329.31823027761055,329.31823027761055
24,180,329.31823027761055,329.31823027761055
24,181,329.31823027761055,329.31823027761055
24,182,329.31823027761055,329.31823027761055
24,183,329.31823027761055,329.31823027761055
24,184,329.31823027761055,329.31823027761055
24,185,329.31823027761055,329.31823027761055
24,186,329.31823027761055,329.31823027761055
24,187,329.31823027761055,329.31823027761055
24,188,329.31823027761055,329.31823027761055
24,189,329.31823027761055,329.31823027761055
24,190,329.31823027761055,329.31823027761055
24,191,329.31823027761055,329.31823027761055
24,192,329.31823027761055,329.31823027761055
24,193,329.31823027761055,329.31823027761055
24,194,329.31823027761055,329.31823027761055
24,195,329.31823027761055,329.31823027761055
24,196,329.31823027761055,329.31823027761055
24,197,329.31823027761055,329.31823027761055
24,198,329.31823027761055,329.31823027761055
24,199,329.31823027761055,329.31823027761055
24,200,329.31823027761055,329.31823027761055
24,201,329.31823027761055,329.31823027761055
24,202,329.31823027761055,329.31823027761055
24,203,329.31823027761055,329.31823027761055
24,204,329.31823027761055,329.31823027761055
24,205,329.31823027761055,329.31823027761055
24,206,329.31823027761055,329.31823027761055
24,207,329.31823027761055,329.31823027761055
24,208,329.31823027761055,329.31823027761055
24,209,329.31823027761055,329.31823027761055
24,210,329.31823027761055,329.31823027761055
24,211,329.31823027761055,329.31823027761055
24,212,329.31823027761055,329.31823027761055
24,213,329.31823027761055,329.31823027761055
24,214,329.31823027761055,329.31823027761055
24,215,329.31823027761055,329.31823027761055
24,216,329.31823027761055,329.31823027761055
24,217,329.31823027761055,329.31823027761055
24,218,329.31823027761055,329.31823027761055
24,219,329.31823027761055,329.31823027761055
24,220,329.31823027761055,329.31823027761055
24,221,329.31823027761055,329.31823027761055
24,222,329.31823027761055,329.31823027761055
24,223,329.31823027761055,329.31823027761055
24,224,329.31823027761055,329.31823027761055
24,225,329.31823027761055,329.31823027761055
24,226,329.31823027761055,329.31823027761055
24,227,329.31823027761055,329.31823027761055
24,228,329.31823027761055,329.31823027761055
24,229,329.31823027761055,329.31823027761055
24,230,329.31823027761055,329.31823027761055
24,231,329.31823027761055,329.31823027761055
24,232,329.31823027761055,329.31823027761055
24,233,329.31823027761055,329.31823027761055
24,234,329.31823027761055,329.31823027761055
24,235,329.31823027761055,329.31823027761055
24,236,329.31823027761055,329.31823027761055
24,237,329.31823027761055,329.31823027761055
24,238,329.31823027761055,329.31823027761055
24,239,329.31823027761055,329.31823027761055
24,240,329.31823027761055,329.31823027761055
24,241,329.31823027761055,329.31823027761055
24,242,329.31823027761055,329.31823027761055
24,243,329.31823027761055,329.31823027761055
24,244,329.31823027761055,329.31823027761055
24,245,329.31823027761055,329.31823027761055
24,246,329.31823027761055,329.31823027761055
24,247,329.31823027761055,329.31823027761055
24,248,329.31823027761055,329.31823027761055
24,249,329.31823027761055,329.31823027761055
24,250,329.31823027761055,329.31823027761055
24,251,329.31823027761055,329.31823027761055
24,252,329.31823027761055,329.31823027761055
24,253,329.31823027761055,329.31823027761055
24,254,329.31823027761055,329.31823027761055
24,255,329.31823027761055,329.31823027761055
24,256,329.31823027761055,329.31823027761055
24,257,329.31823027761055,329.31823027761055
24,258,329.31823027761055,329.31823027761055
24,259,329.31823027761055,329.31823027761055
24,260,329.31823027761055,329.31823027761055
24,261,329.31823027761055,329.31823027761055
24,262,329.31823027761055,329.31823027761055
24,263,329.31823027761055,329.31823027761055
24,264,329.31823027761055,329.31823027761055
24,265,329.31823027761055,329.31823027761055
24,266,329.31823027761055,329.31823027761055
24,267,329.31823027761055,329.31823027761055
24,268,329.31823027761055,329.31823027761055
24,269,329.31823027761055,329.31823027761055
24,270,329.31823027761055,329.31823027761055
24,271,329.31823027761055,329.31823027761055
24,272,329.31823027761055,329.31823027761055
24,273,329.31823027761055,329.31823027761055
24,274,329.31823027761055,329.31823027761055
24,275,329.31823027761055,329.31823027761055
24,276,329.31823027761055,329.31823027761055
24,277,329.31823027761055,329.31823027761055
24,278,329.31823027761055,329.31823027761055
24,279,329.31823027761055,329.31823027761055
24,280,329.31823027761055,329.31823027761055
24,281,329.31823027761055,329.31823027761055
24,282,329.31823027761055,329.31823027761055
24,283,329.31823027761055,329.31823027761055
24,284,329.31823027761055,329.31823027761055
24,285,329.31823027761055,329.31823027761055
24,286,329.31823027761055,329.31823027761055
24,287,329.31823027761055,329.31823027761055
24,288,329.31823027761055,329.31823027761055
24,289,329.31823027761055,329.31823027761055
24,290,329.31823027761055,329.31823027761055
24,291,329.31823027761055,329.31823027761055
24,292,329.31823027761055,329.31823027761055
24,293,329.31823027761055,329.31823027761055
24,294,329.31823027761055,329.31823027761055
24,295,329.31823027761055,329.31823027761055
24,296,329.31823027761055,329.31823027761055
24,297,329.31823027761055,329.31823027761055
24,298,329.31823027761055,329.31823027761055
24,299,329.31823027761055,329.31823027761055
24,300,329.31823027761055,329.31823027761055
24,301,329.31823027761055,329.31823027761055
24,302,329.31823027761055,329.31823027761055
24,303,329.31823027761055,329.31823027761055
24,304,329.31823027761055,329.31823027761055
24,305,329.31823027761055,329.31823027761055
24,306,329.31823027761055,329.31823027761055
24,307,329.31823027761055,329.31823027761055
24,308,329.31823027761055,329.31823027761055
24,309,329.31823027761055,329.31823027761055
24,310,329.31823027761055,329.31823027761055
24,311,329.31823027761055,329.31823027761055
24,312,329.31823027761055,329.31823027761055
24,313,329.31823027761055,329.31823027761055
24,314,329.31823027761055,329.31823027761055
24,315,329.31823027761055,329.31823027761055
24,316,329.31823027761055,329.31823027761055
24,317,329.31823027761055,329.31823027761055
24,318,329.31823027761055,329.31823027761055
24,319,329.31823027761055,329.31823027761055
24,320,329.31823027761055,329.31823027761055
24,321,329.31823027761055,329.31823027761055
24,322,329.31823027761055,329.31823027761055
24,323,329.31823027761055,329.31823027761055
24,324,329.31823027761055,329.31823027761055
24,325,329.31823027761055,329.31823027761055
24,326,329.31823027761055,329.31823027761055
24,327,329.31823027761055,329.31823027761055
24,328,329.31823027761055,329.31823027761055
24,329,329.31823027761055,329.31823027761055
24,330,329.31823027761055,329.31823027761055
24,331,329.31823027761055,329.31823027761055
24,332,329.31823027761055,329.31823027761055
24,333,329.31823027761055,329.31823027761055
24,334,329.31823027761055,329.31823027761055
24,335,329.31823027761055,329.31823027761055
24,336,329.31823027761055,329.31823027761055
24,337,329.31823027761055,329.31823027761055
24,338,329.31823027761055,329.31823027761055
24,339,329.31823027761055,329.31823027761055
24,340,329.31823027761055,329.31823027761055
24,341,329.31823027761055,329.31823027761055
24,342,329.31823027761055,329.31823027761055
24,343,329.31823027761055,329.31823027761055
24,344,329.31823027761055,329.31823027761055
24,345,329.31823027761055,329.31823027761055
24,346,329.31823027761055,329.31823027761055
24,347,329.31823027761055,329.31823027761055
24,348,329.31823027761055,329.31823027761055
24,349,329.31823027761055,329.31823027761055
24,350,329.31823027761055,329.31823027761055
24,351,329.31823027761055,329.31823027761055
24,352,329.31823027761055,329.31823027761055
24,353,329.31823027761055,329.31823027761055
24,354,329.31823027761055,329.31823027761055
24,355,329.31823027761055,329.31823027761055
24,356,329.31823027761055,329.31823027761055
24,357,329.31823027761055,329.31823027761055
24,358,329.31823027761055,329.31823027761055
24,359,329.31823027761055,329.31823027761055
24,360,329.31823027761055,329.31823027761055
24,361,329.31823027761055,329.31823027761055
24,362,329.31823027761055,329.31823027761055
24,363,329.31823027761055,329.31823027761055
24,364,329.31823027761055,329.31823027761055
24,365,329.31823027761055,329.31823027761055
24,366,329.31823027761055,329.31823027761055
24,367,329.31823027761055,329.31823027761055
24,368,329.31823027761055,329.31823027761055
24,369,329.31823027761055,329.31823027761055
24,370,329.31823027761055,329.31823027761055
24,371,329.31823027761055,329.31823027761055
24,372,329.31823027761055,329.31823027761055
24,373,329.31823027761055,329.31823027761055
24,374,329.31823027761055,329.31823027761055
24,375,329.31823027761055,329.31823027761055
24,376,329.31823027761055,329.31823027761055
24,377,329.31823027761055,329.31823027761055
24,378,329.31823027761055,329.31823027761055
24,379,329.31823027761055,329.31823027761055
24,380,329.31823027761055,329.31823027761055
24,381,329.31823027761055,329.31823027761055
24,382,329.31823027761055,329.31823027761055
24,383,329.31823027761055,329.31823027761055
24,384,329.31823027761055,329.31823027761055
24,385,329.31823027761055,329.31823027761055
24,386,329.31823027761055,329.31823027761055
24,387,329.31823027761055,329.31823027761055
24,388,329.31823027761055,329.31823027761055
24,389,329.31823027761055,329.31823027761055
24,390,329.31823027761055,329.31823027761055
24,391,329.31823027761055,329.31823027761055
24,392,329.31823027761055,329.31823027761055
24,393,329.31823027761055,329.31823027761055
24,394,329.31823027761055,329.31823027761055
24,395,329.31823027761055,329.31823027761055
24,396,329.31823027761055,329.31823027761055
24,397,329.31823027761055,329.31823027761055
24,398,329.31823027761055,329.31823027761055
24,399,329.31823027761055,329.31823027761055
24,400,329.31823027761055,329.31823027761055
24,401,329.31823027761055,329.31823027761055
24,402,329.31823027761055,329.31823027761055
24,403,329.31823027761055,329.31823027761055
24,404,329.31823027761055,329.31823027761055
24,405,329.31823027761055,329.31823027761055
24,406,329.31823027761055,329.31823027761055
24,407,329.31823027761055,329.31823027761055
24,408,329.31823027761055,329.31823027761055
24,409,329.31823027761055,329.31823027761055
24,410,329.31823027761055,329.31823027761055
24,411,329.31823027761055,329.31823027761055
24,412,329.31823027761055,329.31823027761055
24,413,329.31823027761055,329.31823027761055
24,414,329.31823027761055,329.31823027761055
24,415,329.31823027761055,329.31823027761055
24,416,329.31823027761055,329.31823027761055
24,417,329.31823027761055,329.31823027761055
24,418,329.31823027761055,329.31823027761055
24,419,329.31823027761055,329.31823027761055
24,420,329.31823027761055,329.31823027761055
24,421,329.31823027761055,329.31823027761055
24,422,329.31823027761055,329.31823027761055
24,423,329.31823027761055,329.31823027761055
24,424,329.31823027761055,329.31823027761055
24,425,329.31823027761055,329.31823027761055
24,426,329.31823027761055,329.31823027761055
24,427,329.31823027761055,329.31823027761055
24,428,329.31823027761055,329.31823027761055
24,429,329.31823027761055,329.31823027761055
24,430,329.31823027761055,329.31823027761055
24,431,329.31823027761055,329.31823027761055
24,432,329.31823027761055,329.31823027761055
24,433,329.31823027761055,329.31823027761055
24,434,329.31823027761055,329.31823027761055
24,435,329.31823027761055,329.31823027761055
24,436,329.31823027761055,329.31823027761055
24,437,329.31823027761055,329.31823027761055
24,438,329.31823027761055,329.31823027761055
24,439,329.31823027761055,329.31823027761055
24,440,329.31823027761055,329.31823027761055
24,441,329.31823027761055,329.31823027761055
24,442,329.31823027761055,329.31823027761055
24,443,329.31823027761055,329.31823027761055
24,444,329.31823027761055,329.31823027761055
24,445,329.31823027761055,329.31823027761055
24,446,329.31823027761055,329.31823027761055
24,447,329.31823027761055,329.31823027761055
24,448,329.31823027761055,329.31823027761055
24,449,329.31823027761055,329.31823027761055
24,450,329.31823027761055,329.31823027761055
24,451,329.31823027761055,329.31823027761055
24,452,329.31823027761055,329.31823027761055
24,453,329.31823027761055,329.31823027761055
24,454,329.31823027761055,329.31823027761055
24,455,329.31823027761055,329.31823027761055
24,456,329.31823027761055,329.31823027761055
24,457,329.31823027761055,329.31823027761055
24,458,329.31823027761055,329.31823027761055
24,459,329.31823027761055,329.31823027761055
24,460,329.31823027761055,329.31823027761055
24,461,329.31823027761055,329.31823027761055
24,462,329.31823027761055,329.31823027761055
24,463,329.31823027761055,329.31823027761055
24,464,329.31823027761055,329.31823027761055
24,465,329.31823027761055,329.31823027761055
24,466,329.31823027761055,329.31823027761055
24,467,329.31823027761055,329.31823027761055
24,468,329.31823027761055,329.31823027761055
24,469,329.31823027761055,329.31823027761055
24,470,329.31823027761055,329.31823027761055
24,471,329.31823027761055,329.31823027761055
24,472,329.31823027761055,329.31823027761055
24,473,329.31823027761055,329.31823027761055
24,474,329.31823027761055,329.31823027761055
24,475,329.31823027761055,329.31823027761055
24,476,329.31823027761055,329.31823027761055
24,477,329.31823027761055,329.31823027761055
24,478,329.31823027761055,329.31823027761055
24,479,329.31823027761055,329.31823027761055
24,480,329.31823027761055,329.31823027761055
24,481,329.31823027761055,329.31823027761055
24,482,329.31823027761055,329.31823027761055
24,483,329.31823027761055,329.31823027761055
24,484,329.31823027761055,329.31823027761055
24,485,329.31823027761055,329.31823027761055
24,486,329.31823027761055,329.31823027761055
24,487,329.31823027761055,329.31823027761055
24,488,329.31823027761055,329.31823027761055
24,489,329.31823027761055,329.31823027761055
24,490,329.31823027761055,329.31823027761055
24,491,329.31823027761055,329.31823027761055
24,492,329.31823027761055,329.31823027761055
24,493,329.31823027761055,329.31823027761055
24,494,329.31823027761055,329.31823027761055
24,495,329.31823027761055,329.31823027761055
24,496,329.31823027761055,329.31823027761055
24,497,329.31823027761055,329.31823027761055
24,498,329.31823027761055,329.31823027761055
24,499,329.31823027761055,329.31823027761055
24,500,329.31823027761055,329.31823027761055
25,0,421.8441665872585,421.8441665872585
25,1,421.8441665872585,421.8441665872585
25,2,416.7226323986164,416.7226323986164
25,3,378.2896966612342,378.2896966612342
25,4,378.2896966612342,378.2896966612342
25,5,357.31098748044326,357.31098748044326
25,6,352.0669900512732,352.0669900512732
25,7,352.0669900512732,352.0669900512732
25,8,329.31823027761055,329.31823027761055
25,9,329.31823027761055,329.31823027761055
25,10,329.31823027761055,329.31823027761055
25,11,329.31823027761055,329.31823027761055
25,12,329.31823027761055,329.31823027761055
25,13,329.31823027761055,329.31823027761055
25,14,329.31823027761055,329.31823027761055
25,15,329.31823027761055,329.31823027761055
25,16,329.31823027761055,329.31823027761055
25,17,329.31823027761055,329.31823027761055
25,18,329.31823027761055,329.31823027761055
25,19,329.31823027761055,329.31823027761055
25,20,329.31823027761055,329.31823027761055
25,21,329.31823027761055,329.31823027761055
25,22,329.31823027761055,329.31823027761055
25,23,329.31823027761055,329.31823027761055
25,24,329.31823027761055,329.31823027761055
25,25,329.31823027761055,329.31823027761055
25,26,329.31823027761055,329.31823027761055
25,27,329.31823027761055,329.31823027761055
25,28,329.31823027761055,329.31823027761055
25,29,329.31823027761055,329.31823027761055
25,30,329.31823027761055,329.31823027761055
25,31,329.31823027761055,329.31823027761055
25,32,329.31823027761055,329.31823027761055
25,33,329.31823027761055,329.31823027761055
25,34,329.31823027761055,329.31823027761055
25,35,329.31823027761055,329.31823027761055
25,36,329.31823027761055,329.31823027761055
25,37,329.31823027761055,329.31823027761055
25,38,329.31823027761055,329.31823027761055
25,39,329.31823027761055,329.31823027761055
25,40,329.31823027761055,329.31823027761055
25,41,329.31823027761055,329.31823027761055
25,42,329.31823027761055,329.31823027761055
25,43,329.31823027761055,329.31823027761055
25,44,329.31823027761055,329.31823027761055
25,45,329.31823027761055,329.31823027761055
25,46,329.31823027761055,329.31823027761055
25,47,329.31823027761055,329.31823027761055
25,48,329.31823027761055,329.31823027761055
25,49,329.31823027761055,329.31823027761055
25,50,329.31823027761055,329.31823027761055
25,51,329.31823027761055,329.31823027761055
25,52,329.31823027761055,329.31823027761055
25,53,329.31823027761055,329.31823027761055
25,54,329.31823027761055,329.31823027761055
25,55,329.31823027761055,329.31823027761055
25,56,329.31823027761055,329.31823027761055
25,57,329.31823027761055,329.31823027761055
25,58,329.31823027761055,329.31823027761055
25,59,329.31823027761055,329.31823027761055
25,60,329.31823027761055,329.31823027761055
25,61,329.31823027761055,329.31823027761055
25,62,329.31823027761055,329.31823027761055
25,63,329.31823027761055,329.31823027761055
25,64,329.31823027761055,329.31823027761055
25,65,329.31823027761055,329.31823027761055
25,66,329.31823027761055,329.31823027761055
25,67,329.31823027761055,329.31823027761055
25,68,329.31823027761055,329.31823027761055
25,69,329.31823027761055,329.31823027761055
25,70,329.31823027761055,329.31823027761055
25,71,329.31823027761055,329.31823027761055
25,72,329.31823027761055,329.31823027761055
25,73,329.31823027761055,329.31823027761055
25,74,329.31823027761055,329.31823027761055
25,75,329.31823027761055,329.31823027761055
25,76,329.31823027761055,329.31823027761055
25,77,329.31823027761055,329.31823027761055
25,78,329.31823027761055,329.31823027761055
25,79,329.31823027761055,329.31823027761055
25,80,329.31823027761055,329.31823027761055
25,81,329.31823027761055,329.31823027761055
25,82,329.31823027761055,329.31823027761055
25,83,329.31823027761055,329.31823027761055
25,84,329.31823027761055,329.31823027761055
25,85,329.31823027761055,329.31823027761055
25,86,329.31823027761055,329.31823027761055
25,87,329.31823027761055,329.31823027761055
25,88,329.31823027761055,329.31823027761055
25,89,329.31823027761055,329.31823027761055
25,90,329.31823027761055,329.31823027761055
25,91,329.31823027761055,329.31823027761055
25,92,329.31823027761055,329.31823027761055
25,93,329.31823027761055,329.31823027761055
25,94,329.31823027761055,329.31823027761055
25,95,329.31823027761055,329.31823027761055
25,96,329.31823027761055,329.31823027761055
25,97,329.31823027761055,329.31823027761055
25,98,329.31823027761055,329.31823027761055
25,99,329.31823027761055,329.31823027761055
25,100,329.31823027761055,329.31823027761055
25,101,329.31823027761055,329.31823027761055
25,102,329.31823027761055,329.31823027761055
25,103,329.31823027761055,329.31823027761055
25,104,329.31823027761055,329.31823027761055
25,105,329.31823027761055,329.31823027761055
25,106,329.31823027761055,329.31823027761055
25,107,329.31823027761055,329.31823027761055
25,108,329.31823027761055,329.31823027761055
25,109,329.31823027761055,329.31823027761055
25,110,329.31823027761055,329.31823027761055
25,111,329.31823027761055,329.31823027761055
25,112,329.31823027761055,329.31823027761055
25,113,329.31823027761055,329.31823027761055
25,114,329.31823027761055,329.31823027761055
25,115,329.31823027761055,329.31823027761055
25,116,329.31823027761055,329.31823027761055
25,117,329.31823027761055,329.31823027761055
25,118,329.31823027761055,329.31823027761055
25,119,329.31823027761055,329.31823027761055
25,120,329.31823027761055,329.31823027761055
25,121,329.31823027761055,329.31823027761055
25,122,329.31823027761055,329.31823027761055
25,123,329.31823027761055,329.31823027761055
25,124,329.31823027761055,329.31823027761055
25,125,329.31823027761055,329.31823027761055
25,126,329.31823027761055,329.31823027761055
25,127,329.31823027761055,329.31823027761055
25,128,329.31823027761055,329.31823027761055
25,129,329.31823027761055,329.31823027761055
25,130,329.31823027761055,329.31823027761055
25,131,329.31823027761055,329.31823027761055
25,132,329.31823027761055,329.31823027761055
25,133,329.31823027761055,329.31823027761055
25,134,329.31823027761055,329.31823027761055
25,135,329.31823027761055,329.31823027761055
25,136,329.31823027761055,329.31823027761055
25,137,329.31823027761055,329.31823027761055
25,138,329.31823027761055,329.31823027761055
25,139,329.31823027761055,329.31823027761055
25,140,329.31823027761055,329.31823027761055
25,141,329.31823027761055,329.31823027761055
25,142,329.31823027761055,329.31823027761055
25,143,329.31823027761055,329.31823027761055
25,144,329.31823027761055,329.31823027761055
25,145,329.31823027761055,329.31823027761055
25,146,329.31823027761055,329.31823027761055
25,147,329.31823027761055,329.31823027761055
25,148,329.31823027761055,329.31823027761055
25,149,329.31823027761055,329.31823027761055
25,150,329.31823027761055,329.31823027761055
25,151,329.31823027761055,329.31823027761055
25,152,329.31823027761055,329.31823027761055
25,153,329.31823027761055,329.31823027761055
25,154,329.31823027761055,329.31823027761055
25,155,329.31823027761055,329.31823027761055
25,156,329.31823027761055,329.31823027761055
25,157,329.31823027761055,329.31823027761055
25,158,329.31823027761055,329.31823027761055
25,159,329.31823027761055,329.31823027761055
25,160,329.31823027761055,329.31823027761055
25,161,329.31823027761055,329.31823027761055
25,162,329.31823027761055,329.31823027761055
25,163,329.31823027761055,329.31823027761055
25,164,329.31823027761055,329.31823027761055
25,165,329.31823027761055,329.31823027761055
25,166,329.31823027761055,329.31823027761055
25,167,329.31823027761055,329.31823027761055
25,168,329.31823027761055,329.31823027761055
25,169,329.31823027761055,329.31823027761055
25,170,329.31823027761055,329.31823027761055
25,171,329.31823027761055,329.31823027761055
25,172,329.31823027761055,329.31823027761055
25,173,329.31823027761055,329.31823027761055
25,174,329.31823027761055,329.31823027761055
25,175,329.31823027761055,329.31823027761055
25,176,329.31823027761055,329.31823027761055
25,177,329.31823027761055,329.31823027761055
25,178,329.31823027761055,329.31823027761055
25,179,329.31823027761055,329.31823027761055
25,180,329.31823027761055,329.31823027761055
25,181,329.31823027761055,329.31823027761055
25,182,329.31823027761055,329.31823027761055
25,183,329.31823027761055,329.31823027761055
25,184,329.31823027761055,329.31823027761055
25,185,329.31823027761055,329.31823027761055
25,186,329.31823027761055,329.31823027761055
25,187,329.31823027761055,329.31823027761055
25,188,329.31823027761055,329.31823027761055
25,189,329.31823027761055,329.31823027761055
25,190,329.31823027761055,329.31823027761055
25,191,329.31823027761055,329.31823027761055
25,192,329.31823027761055,329.31823027761055
25,193,329.31823027761055,329.31823027761055
25,194,329.31823027761055,329.31823027761055
25,195,329.31823027761055,329.31823027761055
25,196,329.31823027761055,329.31823027761055
25,197,329.31823027761055,329.31823027761055
25,198,329.31823027761055,329.31823027761055
25,199,329.31823027761055,329.31823027761055
25,200,329.31823027761055,329.31823027761055
25,201,329.31823027761055,329.31823027761055
25,202,329.31823027761055,329.31823027761055
25,203,329.31823027761055,329.31823027761055
25,204,329.31823027761055,329.31823027761055
25,205,329.31823027761055,329.31823027761055
25,206,329.31823027761055,329.31823027761055
25,207,329.31823027761055,329.31823027761055
25,208,329.31823027761055,329.31823027761055
25,209,329.31823027761055,329.31823027761055
25,210,329.31823027761055,329.31823027761055
25,211,329.31823027761055,329.31823027761055
25,212,329.31823027761055,329.31823027761055
25,213,329.31823027761055,329.31823027761055
25,214,329.31823027761055,329.31823027761055
25,215,329.31823027761055,329.31823027761055
25,216,329.31823027761055,329.31823027761055
25,217,329.31823027761055,329.31823027761055
25,218,329.31823027761055,329.31823027761055
25,219,329.31823027761055,329.31823027761055
25,220,329.31823027761055,329.31823027761055
25,221,329.31823027761055,329.31823027761055
25,222,329.31823027761055,329.31823027761055
25,223,329.31823027761055,329.31823027761055
25,224,329.31823027761055,329.31823027761055
25,225,329.31823027761055,329.31823027761055
25,226,329.31823027761055,329.31823027761055
25,227,329.31823027761055,329.31823027761055
25,228,329.31823027761055,329.31823027761055
25,229,329.31823027761055,329.31823027761055
25,230,329.31823027761055,329.31823027761055
25,231,329.31823027761055,329.31823027761055
25,232,329.31823027761055,329.31823027761055
25,233,329.31823027761055,329.31823027761055
25,234,329.31823027761055,329.31823027761055
25,235,329.31823027761055,329.31823027761055
25,236,329.31823027761055,329.31823027761055
25,237,329.31823027761055,329.31823027761055
25,238,329.31823027761055,329.31823027761055
25,239,329.31823027761055,329.31823027761055
25,240,329.31823027761055,329.31823027761055
25,241,329.31823027761055,329.31823027761055
25,242,329.31823027761055,329.31823027761055
25,243,329.31823027761055,329.31823027761055
25,244,329.31823027761055,329.31823027761055
25,245,329.31823027761055,329.31823027761055
25,246,329.31823027761055,329.31823027761055
25,247,329.31823027761055,329.31823027761055
25,248,329.31823027761055,329.31823027761055
25,249,329.31823027761055,329.31823027761055
25,250,329.31823027761055,329.31823027761055
25,251,329.31823027761055,329.31823027761055
25,252,329.31823027761055,329.31823027761055
25,253,329.31823027761055,329.31823027761055
25,254,329.31823027761055,329.31823027761055
25,255,329.31823027761055,329.31823027761055
25,256,329.31823027761055,329.31823027761055
25,257,329.31823027761055,329.31823027761055
25,258,329.31823027761055,329.31823027761055
25,259,329.31823027761055,329.31823027761055
25,260,329.31823027761055,329.31823027761055
25,261,329.31823027761055,329.31823027761055
25,262,329.31823027761055,329.31823027761055
25,263,329.31823027761055,329.31823027761055
25,264,329.31823027761055,329.31823027761055
25,265,329.31823027761055,329.31823027761055
25,266,329.31823027761055,329.31823027761055
25,267,329.31823027761055,329.31823027761055
25,268,329.31823027761055,329.31823027761055
25,269,329.31823027761055,329.31823027761055
25,270,329.31823027761055,329.31823027761055
25,271,329.31823027761055,329.31823027761055
25,272,329.31823027761055,329.31823027761055
25,273,329.31823027761055,329.31823027761055
25,274,329.31823027761055,329.31823027761055
25,275,329.31823027761055,329.31823027761055
25,276,329.31823027761055,329.31823027761055
25,277,329.31823027761055,329.31823027761055
25,278,329.31823027761055,329.31823027761055
25,279,329.31823027761055,329.31823027761055
25,280,329.31823027761055,329.31823027761055
25,281,329.31823027761055,329.31823027761055
25,282,329.31823027761055,329.31823027761055
25,283,329.31823027761055,329.31823027761055
25,284,329.31823027761055,329.31823027761055
25,285,329.31823027761055,329.31823027761055
25,286,329.31823027761055,329.31823027761055
25,287,329.31823027761055,329.31823027761055
25,288,329.31823027761055,329.31823027761055
25,289,329.31823027761055,329.31823027761055
25,290,329.31823027761055,329.31823027761055
25,291,329.31823027761055,329.31823027761055
25,292,329.31823027761055,329.31823027761055
25,293,329.31823027761055,329.31823027761055
25,294,329.31823027761055,329.31823027761055
25,295,329.31823027761055,329.31823027761055
25,296,329.31823027761055,329.31823027761055
25,297,329.31823027761055,329.31823027761055
25,298,329.31823027761055,329.31823027761055
25,299,329.31823027761055,329.31823027761055
25,300,329.31823027761055,329.31823027761055
25,301,329.31823027761055,329.31823027761055
25,302,329.31823027761055,329.31823027761055
25,303,329.31823027761055,329.31823027761055
25,304,329.31823027761055,329.31823027761055
25,305,329.31823027761055,329.31823027761055
25,306,329.31823027761055,329.31823027761055
25,307,329.31823027761055,329.31823027761055
25,308,329.31823027761055,329.31823027761055
25,309,329.31823027761055,329.31823027761055
25,310,329.31823027761055,329.31823027761055
25,311,329.31823027761055,329.31823027761055
25,312,329.31823027761055,329.31823027761055
25,313,329.31823027761055,329.31823027761055
25,314,329.31823027761055,329.31823027761055
25,315,329.31823027761055,329.31823027761055
25,316,329.31823027761055,329.31823027761055
25,317,329.31823027761055,329.31823027761055
25,318,329.31823027761055,329.31823027761055
25,319,329.31823027761055,329.31823027761055
25,320,329.31823027761055,329.31823027761055
25,321,329.31823027761055,329.31823027761055
25,322,329.31823027761055,329.31823027761055
25,323,329.31823027761055,329.31823027761055
25,324,329.31823027761055,329.31823027761055
25,325,329.31823027761055,329.31823027761055
25,326,329.31823027761055,329.31823027761055
25,327,329.31823027761055,329.31823027761055
25,328,329.31823027761055,329.31823027761055
25,329,329.31823027761055,329.31823027761055
25,330,329.31823027761055,329.31823027761055
25,331,329.31823027761055,329.31823027761055
25,332,329.31823027761055,329.31823027761055
25,333,329.31823027761055,329.31823027761055
25,334,329.31823027761055,329.31823027761055
25,335,329.31823027761055,329.31823027761055
25,336,329.31823027761055,329.31823027761055
25,337,329.31823027761055,329.31823027761055
25,338,329.31823027761055,329.31823027761055
25,339,329.31823027761055,329.31823027761055
25,340,329.31823027761055,329.31823027761055
25,341,329.31823027761055,329.31823027761055
25,342,329.31823027761055,329.31823027761055
25,343,329.31823027761055,329.31823027761055
25,344,329.31823027761055,329.31823027761055
25,345,329.31823027761055,329.31823027761055
25,346,329.31823027761055,329.31823027761055
25,347,329.31823027761055,329.31823027761055
25,348,329.31823027761055,329.31823027761055
25,349,329.31823027761055,329.31823027761055
25,350,329.31823027761055,329.31823027761055
25,351,329.31823027761055,329.31823027761055
25,352,329.31823027761055,329.31823027761055
25,353,329.31823027761055,329.31823027761055
25,354,329.31823027761055,329.31823027761055
25,355,329.31823027761055,329.31823027761055
25,356,329.31823027761055,329.31823027761055
25,357,329.31823027761055,329.31823027761055
25,358,329.31823027761055,329.31823027761055
25,359,329.31823027761055,329.31823027761055
25,360,329.31823027761055,329.31823027761055
25,361,329.31823027761055,329.31823027761055
25,362,329.31823027761055,329.31823027761055
25,363,329.31823027761055,329.31823027761055
25,364,329.31823027761055,329.31823027761055
25,365,329.31823027761055,329.31823027761055
25,366,329.31823027761055,329.31823027761055
25,367,329.31823027761055,329.31823027761055
25,368,329.31823027761055,329.31823027761055
25,369,329.31823027761055,329.31823027761055
25,370,329.31823027761055,329.31823027761055
25,371,329.31823027761055,329.31823027761055
25,372,329.31823027761055,329.31823027761055
25,373,329.31823027761055,329.31823027761055
25,374,329.31823027761055,329.31823027761055
25,375,329.31823027761055,329.31823027761055
25,376,329.31823027761055,329.31823027761055
25,377,329.31823027761055,329.31823027761055
25,378,329.31823027761055,329.31823027761055
25,379,329.31823027761055,329.31823027761055
25,380,329.31823027761055,329.31823027761055
25,381,329.31823027761055,329.31823027761055
25,382,329.31823027761055,329.31823027761055
25,383,329.31823027761055,329.31823027761055
25,384,329.31823027761055,329.31823027761055
25,385,329.31823027761055,329.31823027761055
25,386,329.31823027761055,329.31823027761055
25,387,329.31823027761055,329.31823027761055
25,388,329.31823027761055,329.31823027761055
25,389,329.31823027761055,329.31823027761055
25,390,329.31823027761055,329.31823027761055
25,391,329.31823027761055,329.31823027761055
25,392,329.31823027761055,329.31823027761055
25,393,329.31823027761055,329.31823027761055
25,394,329.31823027761055,329.31823027761055
25,395,329.31823027761055,329.31823027761055
25,396,329.31823027761055,329.31823027761055
25,397,329.31823027761055,329.31823027761055
25,398,329.31823027761055,329.31823027761055
25,399,329.31823027761055,329.31823027761055
25,400,329.31823027761055,329.31823027761055
25,401,329.31823027761055,329.31823027761055
25,402,329.31823027761055,329.31823027761055
25,403,329.31823027761055,329.31823027761055
25,404,329.31823027761055,329.31823027761055
25,405,329.31823027761055,329.31823027761055
25,406,329.31823027761055,329.31823027761055
25,407,329.31823027761055,329.31823027761055
25,408,329.31823027761055,329.31823027761055
25,409,329.31823027761055,329.31823027761055
25,410,329.31823027761055,329.31823027761055
25,411,329.31823027761055,329.31823027761055
25,412,329.31823027761055,329.31823027761055
25,413,329.31823027761055,329.31823027761055
25,414,329.31823027761055,329.31823027761055
25,415,329.31823027761055,329.31823027761055
25,416,329.31823027761055,329.31823027761055
25,417,329.31823027761055,329.31823027761055
25,418,329.31823027761055,329.31823027761055
25,419,329.31823027761055,329.31823027761055
25,420,329.31823027761055,329.31823027761055
25,421,329.31823027761055,329.31823027761055
25,422,329.31823027761055,329.31823027761055
25,423,329.31823027761055,329.31823027761055
25,424,329.31823027761055,329.31823027761055
25,425,329.31823027761055,329.31823027761055
25,426,329.31823027761055,329.31823027761055
25,427,329.31823027761055,329.31823027761055
25,428,329.31823027761055,329.31823027761055
25,429,329.31823027761055,329.31823027761055
25,430,329.31823027761055,329.31823027761055
25,431,329.31823027761055,329.31823027761055
25,432,329.31823027761055,329.31823027761055
25,433,329.31823027761055,329.31823027761055
25,434,329.31823027761055,329.31823027761055
25,435,329.31823027761055,329.31823027761055
25,436,329.31823027761055,329.31823027761055
25,437,329.31823027761055,329.31823027761055
25,438,329.31823027761055,329.31823027761055
25,439,329.31823027761055,329.31823027761055
25,440,329.31823027761055,329.31823027761055
25,441,329.31823027761055,329.31823027761055
25,442,329.31823027761055,329.31823027761055
25,443,329.31823027761055,329.31823027761055
25,444,329.31823027761055,329.31823027761055
25,445,329.31823027761055,329.31823027761055
25,446,329.31823027761055,329.31823027761055
25,447,329.31823027761055,329.31823027761055
25,448,329.31823027761055,329.31823027761055
25,449,329.31823027761055,329.31823027761055
25,450,329.31823027761055,329.31823027761055
25,451,329.31823027761055,329.31823027761055
25,452,329.31823027761055,329.31823027761055
25,453,329.31823027761055,329.31823027761055
25,454,329.31823027761055,329.31823027761055
25,455,329.31823027761055,329.31823027761055
25,456,329.31823027761055,329.31823027761055
25,457,329.31823027761055,329.31823027761055
25,458,329.31823027761055,329.31823027761055
25,459,329.31823027761055,329.31823027761055
25,460,329.31823027761055,329.31823027761055
25,461,329.31823027761055,329.31823027761055
25,462,329.31823027761055,329.31823027761055
25,463,329.31823027761055,329.31823027761055
25,464,329.31823027761055,329.31823027761055
25,465,329.31823027761055,329.31823027761055
25,466,329.31823027761055,329.31823027761055
25,467,329.31823027761055,329.31823027761055
25,468,329.31823027761055,329.31823027761055
25,469,329.31823027761055,329.31823027761055
25,470,329.31823027761055,329.31823027761055
25,471,329.31823027761055,329.31823027761055
25,472,329.31823027761055,329.31823027761055
25,473,329.31823027761055,329.31823027761055
25,474,329.31823027761055,329.31823027761055
25,475,329.31823027761055,329.31823027761055
25,476,329.31823027761055,329.31823027761055
25,477,329.31823027761055,329.31823027761055
25,478,329.31823027761055,329.31823027761055
25,479,329.31823027761055,329.31823027761055
25,480,329.31823027761055,329.31823027761055
25,481,329.31823027761055,329.31823027761055
25,482,329.31823027761055,329.31823027761055
25,483,329.31823027761055,329.31823027761055
25,484,329.31823027761055,329.31823027761055
25,485,329.31823027761055,329.31823027761055
25,486,329.31823027761055,329.31823027761055
25,487,329.31823027761055,329.31823027761055
25,488,329.31823027761055,329.31823027761055
25,489,329.31823027761055,329.31823027761055
25,490,329.31823027761055,329.31823027761055
25,491,329.31823027761055,329.31823027761055
25,492,329.31823027761055,329.31823027761055
25,493,329.31823027761055,329.31823027761055
25,494,329.31823027761055,329.31823027761055
25,495,329.31823027761055,329.31823027761055
25,496,329.31823027761055,329.31823027761055
25,497,329.31823027761055,329.31823027761055
25,498,329.31823027761055,329.31823027761055
25,499,329.31823027761055,329.31823027761055
25,500,329.31823027761055,329.31823027761055
26,0,413.575884782135,413.575884782135
26,1,413.575884782135,413.575884782135
26,2,393.08269189659654,393.08269189659654
26,3,376.3728074450805,376.3728074450805
26,4,372.4722034687295,372.4722034687295
26,5,346.2494968587685,346.2494968587685
26,6,335.21393869705463,335.21393869705463
26,7,335.21393869705463,335.21393869705463
26,8,329.31823027761055,329.31823027761055
26,9,329.31823027761055,329.31823027761055
26,10,329.31823027761055,329.31823027761055
26,11,329.31823027761055,329.31823027761055
26,12,329.31823027761055,329.31823027761055
26,13,329.31823027761055,329.31823027761055
26,14,329.31823027761055,329.31823027761055
26,15,329.31823027761055,329.31823027761055
26,16,329.31823027761055,329.31823027761055
26,17,329.31823027761055,329.31823027761055
26,18,329.31823027761055,329.31823027761055
26,19,329.31823027761055,329.31823027761055
26,20,329.31823027761055,329.31823027761055
26,21,329.31823027761055,329.31823027761055
26,22,329.31823027761055,329.31823027761055
26,23,329.31823027761055,329.31823027761055
26,24,329.31823027761055,329.31823027761055
26,25,329.31823027761055,329.31823027761055
26,26,329.31823027761055,329.31823027761055
26,27,329.31823027761055,329.31823027761055
26,28,329.31823027761055,329.31823027761055
26,29,329.31823027761055,329.31823027761055
26,30,329.31823027761055,329.31823027761055
26,31,329.31823027761055,329.31823027761055
26,32,329.31823027761055,329.31823027761055
26,33,329.31823027761055,329.31823027761055
26,34,329.31823027761055,329.31823027761055
26,35,329.31823027761055,329.31823027761055
26,36,329.31823027761055,329.31823027761055
26,37,329.31823027761055,329.31823027761055
26,38,329.31823027761055,329.31823027761055
26,39,329.31823027761055,329.31823027761055
26,40,329.31823027761055,329.31823027761055
26,41,329.31823027761055,329.31823027761055
26,42,329.31823027761055,329.31823027761055
26,43,329.31823027761055,329.31823027761055
26,44,329.31823027761055,329.31823027761055
26,45,329.31823027761055,329.31823027761055
26,46,329.31823027761055,329.31823027761055
26,47,329.31823027761055,329.31823027761055
26,48,329.31823027761055,329.31823027761055
26,49,329.31823027761055,329.31823027761055
26,50,329.31823027761055,329.31823027761055
26,51,329.31823027761055,329.31823027761055
26,52,329.31823027761055,329.31823027761055
26,53,329.31823027761055,329.31823027761055
26,54,329.31823027761055,329.31823027761055
26,55,329.31823027761055,329.31823027761055
26,56,329.31823027761055,329.31823027761055
26,57,329.31823027761055,329.31823027761055
26,58,329.31823027761055,329.31823027761055
26,59,329.31823027761055,329.31823027761055
26,60,329.31823027761055,329.31823027761055
26,61,329.31823027761055,329.31823027761055
26,62,329.31823027761055,329.31823027761055
26,63,329.31823027761055,329.31823027761055
26,64,329.31823027761055,329.31823027761055
26,65,329.31823027761055,329.31823027761055
26,66,329.31823027761055,329.31823027761055
26,67,329.31823027761055,329.31823027761055
26,68,329.31823027761055,329.31823027761055
26,69,329.31823027761055,329.31823027761055
26,70,329.31823027761055,329.31823027761055
26,71,329.31823027761055,329.31823027761055
26,72,329.31823027761055,329.31823027761055
26,73,329.31823027761055,329.31823027761055
26,74,329.31823027761055,329.31823027761055
26,75,329.31823027761055,329.31823027761055
26,76,329.31823027761055,329.31823027761055
26,77,329.31823027761055,329.31823027761055
26,78,329.31823027761055,329.31823027761055
26,79,329.31823027761055,329.31823027761055
26,80,329.31823027761055,329.31823027761055
26,81,329.31823027761055,329.31823027761055
26,82,329.31823027761055,329.31823027761055
26,83,329.31823027761055,329.31823027761055
26,84,329.31823027761055,329.31823027761055
26,85,329.31823027761055,329.31823027761055
26,86,329.31823027761055,329.31823027761055
26,87,329.31823027761055,329.31823027761055
26,88,329.31823027761055,329.31823027761055
26,89,329.31823027761055,329.31823027761055
26,90,329.31823027761055,329.31823027761055
26,91,329.31823027761055,329.31823027761055
26,92,329.31823027761055,329.31823027761055
26,93,329.31823027761055,329.31823027761055
26,94,329.31823027761055,329.31823027761055
26,95,329.31823027761055,329.31823027761055
26,96,329.31823027761055,329.31823027761055
26,97,329.31823027761055,329.31823027761055
26,98,329.31823027761055,329.31823027761055
26,99,329.31823027761055,329.31823027761055
26,100,329.31823027761055,329.31823027761055
26,101,329.31823027761055,329.31823027761055
26,102,329.31823027761055,329.31823027761055
26,103,329.31823027761055,329.31823027761055
26,104,329.31823027761055,329.31823027761055
26,105,329.31823027761055,329.31823027761055
26,106,329.31823027761055,329.31823027761055
26,107,329.31823027761055,329.31823027761055
26,108,329.31823027761055,329.31823027761055
26,109,329.31823027761055,329.31823027761055
26,110,329.31823027761055,329.31823027761055
26,111,329.31823027761055,329.31823027761055
26,112,329.31823027761055,329.31823027761055
26,113,329.31823027761055,329.31823027761055
26,114,329.31823027761055,329.31823027761055
26,115,329.31823027761055,329.31823027761055
26,116,329.31823027761055,329.31823027761055
26,117,329.31823027761055,329.31823027761055
26,118,329.31823027761055,329.31823027761055
26,119,329.31823027761055,329.31823027761055
26,120,329.31823027761055,329.31823027761055
26,121,329.31823027761055,329.31823027761055
26,122,329.31823027761055,329.31823027761055
26,123,329.31823027761055,329.31823027761055
26,124,329.31823027761055,329.31823027761055
26,125,329.31823027761055,329.31823027761055
26,126,329.31823027761055,329.31823027761055
26,127,329.31823027761055,329.31823027761055
26,128,329.31823027761055,329.31823027761055
26,129,329.31823027761055,329.31823027761055
26,130,329.31823027761055,329.31823027761055
26,131,329.31823027761055,329.31823027761055
26,132,329.31823027761055,329.31823027761055
26,133,329.31823027761055,329.31823027761055
26,134,329.31823027761055,329.31823027761055
26,135,329.31823027761055,329.31823027761055
26,136,329.31823027761055,329.31823027761055
26,137,329.31823027761055,329.31823027761055
26,138,329.31823027761055,329.31823027761055
26,139,329.31823027761055,329.31823027761055
26,140,329.31823027761055,329.31823027761055
26,141,329.31823027761055,329.31823027761055
26,142,329.31823027761055,329.31823027761055
26,143,329.31823027761055,329.31823027761055
26,144,329.31823027761055,329.31823027761055
26,145,329.31823027761055,329.31823027761055
26,146,329.31823027761055,329.31823027761055
26,147,329.31823027761055,329.31823027761055
26,148,329.31823027761055,329.31823027761055
26,149,329.31823027761055,329.31823027761055
26,150,329.31823027761055,329.31823027761055
26,151,329.31823027761055,329.31823027761055
26,152,329.31823027761055,329.31823027761055
26,153,329.31823027761055,329.31823027761055
26,154,329.31823027761055,329.31823027761055
26,155,329.31823027761055,329.31823027761055
26,156,329.31823027761055,329.31823027761055
26,157,329.31823027761055,329.31823027761055
26,158,329.31823027761055,329.31823027761055
26,159,329.31823027761055,329.31823027761055
26,160,329.31823027761055,329.31823027761055
26,161,329.31823027761055,329.31823027761055
26,162,329.31823027761055,329.31823027761055
26,163,329.31823027761055,329.31823027761055
26,164,329.31823027761055,329.31823027761055
26,165,329.31823027761055,329.31823027761055
26,166,329.31823027761055,329.31823027761055
26,167,329.31823027761055,329.31823027761055
26,168,329.31823027761055,329.31823027761055
26,169,329.31823027761055,329.31823027761055
26,170,329.31823027761055,329.31823027761055
26,171,329.31823027761055,329.31823027761055
26,172,329.31823027761055,329.31823027761055
26,173,329.31823027761055,329.31823027761055
26,174,329.31823027761055,329.31823027761055
26,175,329.31823027761055,329.31823027761055
26,176,329.31823027761055,329.31823027761055
26,177,329.31823027761055,329.31823027761055
26,178,329.31823027761055,329.31823027761055
26,179,329.31823027761055,329.31823027761055
26,180,329.31823027761055,329.31823027761055
26,181,329.31823027761055,329.31823027761055
26,182,329.31823027761055,329.31823027761055
26,183,329.31823027761055,329.31823027761055
26,184,329.31823027761055,329.31823027761055
26,185,329.31823027761055,329.31823027761055
26,186,329.31823027761055,329.31823027761055
26,187,329.31823027761055,329.31823027761055
26,188,329.31823027761055,329.31823027761055
26,189,329.31823027761055,329.31823027761055
26,190,329.31823027761055,329.31823027761055
26,191,329.31823027761055,329.31823027761055
26,192,329.31823027761055,329.31823027761055
26,193,329.31823027761055,329.31823027761055
26,194,329.31823027761055,329.31823027761055
26,195,329.31823027761055,329.31823027761055
26,196,329.31823027761055,329.31823027761055
26,197,329.31823027761055,329.31823027761055
26,198,329.31823027761055,329.31823027761055
26,199,329.31823027761055,329.31823027761055
26,200,329.31823027761055,329.31823027761055
26,201,329.31823027761055,329.31823027761055
26,202,329.31823027761055,329.31823027761055
26,203,329.31823027761055,329.31823027761055
26,204,329.31823027761055,329.31823027761055
26,205,329.31823027761055,329.31823027761055
26,206,329.31823027761055,329.31823027761055
26,207,329.31823027761055,329.31823027761055
26,208,329.31823027761055,329.31823027761055
26,209,329.31823027761055,329.31823027761055
26,210,329.31823027761055,329.31823027761055
26,211,329.31823027761055,329.31823027761055
26,212,329.31823027761055,329.31823027761055
26,213,329.31823027761055,329.31823027761055
26,214,329.31823027761055,329.31823027761055
26,215,329.31823027761055,329.31823027761055
26,216,329.31823027761055,329.31823027761055
26,217,329.31823027761055,329.31823027761055
26,218,329.31823027761055,329.31823027761055
26,219,329.31823027761055,329.31823027761055
26,220,329.31823027761055,329.31823027761055
26,221,329.31823027761055,329.31823027761055
26,222,329.31823027761055,329.31823027761055
26,223,329.31823027761055,329.31823027761055
26,224,329.31823027761055,329.31823027761055
26,225,329.31823027761055,329.31823027761055
26,226,329.31823027761055,329.31823027761055
26,227,329.31823027761055,329.31823027761055
26,228,329.31823027761055,329.31823027761055
26,229,329.31823027761055,329.31823027761055
26,230,329.31823027761055,329.31823027761055
26,231,329.31823027761055,329.31823027761055
26,232,329.31823027761055,329.31823027761055
26,233,329.31823027761055,329.31823027761055
26,234,329.31823027761055,329.31823027761055
26,235,329.31823027761055,329.31823027761055
26,236,329.31823027761055,329.31823027761055
26,237,329.31823027761055,329.31823027761055
26,238,329.31823027761055,329.31823027761055
26,239,329.31823027761055,329.31823027761055
26,240,329.31823027761055,329.31823027761055
26,241,329.31823027761055,329.31823027761055
26,242,329.31823027761055,329.31823027761055
26,243,329.31823027761055,329.31823027761055
26,244,329.31823027761055,329.31823027761055
26,245,329.31823027761055,329.31823027761055
26,246,329.31823027761055,329.31823027761055
26,247,329.31823027761055,329.31823027761055
26,248,329.31823027761055,329.31823027761055
26,249,329.31823027761055,329.31823027761055
26,250,329.31823027761055,329.31823027761055
26,251,329.31823027761055,329.31823027761055
26,252,329.31823027761055,329.31823027761055
26,253,329.31823027761055,329.31823027761055
26,254,329.31823027761055,329.31823027761055
26,255,329.31823027761055,329.31823027761055
26,256,329.31823027761055,329.31823027761055
26,257,329.31823027761055,329.31823027761055
26,258,329.31823027761055,329.31823027761055
26,259,329.31823027761055,329.31823027761055
26,260,329.31823027761055,329.31823027761055
26,261,329.31823027761055,329.31823027761055
26,262,329.31823027761055,329.31823027761055
26,263,329.31823027761055,329.31823027761055
26,264,329.31823027761055,329.31823027761055
26,265,329.31823027761055,329.31823027761055
26,266,329.31823027761055,329.31823027761055
26,267,329.31823027761055,329.31823027761055
26,268,329.31823027761055,329.31823027761055
26,269,329.31823027761055,329.31823027761055
26,270,329.31823027761055,329.31823027761055
26,271,329.31823027761055,329.31823027761055
26,272,329.31823027761055,329.31823027761055
26,273,329.31823027761055,329.31823027761055
26,274,329.31823027761055,329.31823027761055
26,275,329.31823027761055,329.31823027761055
26,276,329.31823027761055,329.31823027761055
26,277,329.31823027761055,329.31823027761055
26,278,329.31823027761055,329.31823027761055
26,279,329.31823027761055,329.31823027761055
26,280,329.31823027761055,329.31823027761055
26,281,329.31823027761055,329.31823027761055
26,282,329.31823027761055,329.31823027761055
26,283,329.31823027761055,329.31823027761055
26,284,329.31823027761055,329.31823027761055
26,285,329.31823027761055,329.31823027761055
26,286,329.31823027761055,329.31823027761055
26,287,329.31823027761055,329.31823027761055
26,288,329.31823027761055,329.31823027761055
26,289,329.31823027761055,329.31823027761055
26,290,329.31823027761055,329.31823027761055
26,291,329.31823027761055,329.31823027761055
26,292,329.31823027761055,329.31823027761055
26,293,329.31823027761055,329.31823027761055
26,294,329.31823027761055,329.31823027761055
26,295,329.31823027761055,329.31823027761055
26,296,329.31823027761055,329.31823027761055
26,297,329.31823027761055,329.31823027761055
26,298,329.31823027761055,329.31823027761055
26,299,329.31823027761055,329.31823027761055
26,300,329.31823027761055,329.31823027761055
26,301,329.31823027761055,329.31823027761055
26,302,329.31823027761055,329.31823027761055
26,303,329.31823027761055,329.31823027761055
26,304,329.31823027761055,329.31823027761055
26,305,329.31823027761055,329.31823027761055
26,306,329.31823027761055,329.31823027761055
26,307,329.31823027761055,329.31823027761055
26,308,329.31823027761055,329.31823027761055
26,309,329.31823027761055,329.31823027761055
26,310,329.31823027761055,329.31823027761055
26,311,329.31823027761055,329.31823027761055
26,312,329.31823027761055,329.31823027761055
26,313,329.31823027761055,329.31823027761055
26,314,329.31823027761055,329.31823027761055
26,315,329.31823027761055,329.31823027761055
26,316,329.31823027761055,329.31823027761055
26,317,329.31823027761055,329.31823027761055
26,318,329.31823027761055,329.31823027761055
26,319,329.31823027761055,329.31823027761055
26,320,329.31823027761055,329.31823027761055
26,321,329.31823027761055,329.31823027761055
26,322,329.31823027761055,329.31823027761055
26,323,329.31823027761055,329.31823027761055
26,324,329.31823027761055,329.31823027761055
26,325,329.31823027761055,329.31823027761055
26,326,329.31823027761055,329.31823027761055
26,327,329.31823027761055,329.31823027761055
26,328,329.31823027761055,329.31823027761055
26,329,329.31823027761055,329.31823027761055
26,330,329.31823027761055,329.31823027761055
26,331,329.31823027761055,329.31823027761055
26,332,329.31823027761055,329.31823027761055
26,333,329.31823027761055,329.31823027761055
26,334,329.31823027761055,329.31823027761055
26,335,329.31823027761055,329.31823027761055
26,336,329.31823027761055,329.31823027761055
26,337,329.31823027761055,329.31823027761055
26,338,329.31823027761055,329.31823027761055
26,339,329.31823027761055,329.31823027761055
26,340,329.31823027761055,329.31823027761055
26,341,329.31823027761055,329.31823027761055
26,342,329.31823027761055,329.31823027761055
26,343,329.31823027761055,329.31823027761055
26,344,329.31823027761055,329.31823027761055
26,345,329.31823027761055,329.31823027761055
26,346,329.31823027761055,329.31823027761055
26,347,329.31823027761055,329.31823027761055
26,348,329.31823027761055,329.31823027761055
26,349,329.31823027761055,329.31823027761055
26,350,329.31823027761055,329.31823027761055
26,351,329.31823027761055,329.31823027761055
26,352,329.31823027761055,329.31823027761055
26,353,329.31823027761055,329.31823027761055
26,354,329.31823027761055,329.31823027761055
26,355,329.31823027761055,329.31823027761055
26,356,329.31823027761055,329.31823027761055
26,357,329.31823027761055,329.31823027761055
26,358,329.31823027761055,329.31823027761055
26,359,329.31823027761055,329.31823027761055
26,360,329.31823027761055,329.31823027761055
26,361,329.31823027761055,329.31823027761055
26,362,329.31823027761055,329.31823027761055
26,363,329.31823027761055,329.31823027761055
26,364,329.31823027761055,329.31823027761055
26,365,329.31823027761055,329.31823027761055
26,366,329.31823027761055,329.31823027761055
26,367,329.31823027761055,329.31823027761055
26,368,329.31823027761055,329.31823027761055
26,369,329.31823027761055,329.31823027761055
26,370,329.31823027761055,329.31823027761055
26,371,329.31823027761055,329.31823027761055
26,372,329.31823027761055,329.31823027761055
26,373,329.31823027761055,329.31823027761055
26,374,329.31823027761055,329.31823027761055
26,375,329.31823027761055,329.31823027761055
26,376,329.31823027761055,329.31823027761055
26,377,329.31823027761055,329.31823027761055
26,378,329.31823027761055,329.31823027761055
26,379,329.31823027761055,329.31823027761055
26,380,329.31823027761055,329.31823027761055
26,381,329.31823027761055,329.31823027761055
26,382,329.31823027761055,329.31823027761055
26,383,329.31823027761055,329.31823027761055
26,384,329.31823027761055,329.31823027761055
26,385,329.31823027761055,329.31823027761055
26,386,329.31823027761055,329.31823027761055
26,387,329.31823027761055,329.31823027761055
26,388,329.31823027761055,329.31823027761055
26,389,329.31823027761055,329.31823027761055
26,390,329.31823027761055,329.31823027761055
26,391,329.31823027761055,329.31823027761055
26,392,329.31823027761055,329.31823027761055
26,393,329.31823027761055,329.31823027761055
26,394,329.31823027761055,329.31823027761055
26,395,329.31823027761055,329.31823027761055
26,396,329.31823027761055,329.31823027761055
26,397,329.31823027761055,329.31823027761055
26,398,329.31823027761055,329.31823027761055
26,399,329.31823027761055,329.31823027761055
26,400,329.31823027761055,329.31823027761055
26,401,329.31823027761055,329.31823027761055
26,402,329.31823027761055,329.31823027761055
26,403,329.31823027761055,329.31823027761055
26,404,329.31823027761055,329.31823027761055
26,405,329.31823027761055,329.31823027761055
26,406,329.31823027761055,329.31823027761055
26,407,329.31823027761055,329.31823027761055
26,408,329.31823027761055,329.31823027761055
26,409,329.31823027761055,329.31823027761055
26,410,329.31823027761055,329.31823027761055
26,411,329.31823027761055,329.31823027761055
26,412,329.31823027761055,329.31823027761055
26,413,329.31823027761055,329.31823027761055
26,414,329.31823027761055,329.31823027761055
26,415,329.31823027761055,329.31823027761055
26,416,329.31823027761055,329.31823027761055
26,417,329.31823027761055,329.31823027761055
26,418,329.31823027761055,329.31823027761055
26,419,329.31823027761055,329.31823027761055
26,420,329.31823027761055,329.31823027761055
26,421,329.31823027761055,329.31823027761055
26,422,329.31823027761055,329.31823027761055
26,423,329.31823027761055,329.31823027761055
26,424,329.31823027761055,329.31823027761055
26,425,329.31823027761055,329.31823027761055
26,426,329.31823027761055,329.31823027761055
26,427,329.31823027761055,329.31823027761055
26,428,329.31823027761055,329.31823027761055
26,429,329.31823027761055,329.31823027761055
26,430,329.31823027761055,329.31823027761055
26,431,329.31823027761055,329.31823027761055
26,432,329.31823027761055,329.31823027761055
26,433,329.31823027761055,329.31823027761055
26,434,329.31823027761055,329.31823027761055
26,435,329.31823027761055,329.31823027761055
26,436,329.31823027761055,329.31823027761055
26,437,329.31823027761055,329.31823027761055
26,438,329.31823027761055,329.31823027761055
26,439,329.31823027761055,329.31823027761055
26,440,329.31823027761055,329.31823027761055
26,441,329.31823027761055,329.31823027761055
26,442,329.31823027761055,329.31823027761055
26,443,329.31823027761055,329.31823027761055
26,444,329.31823027761055,329.31823027761055
26,445,329.31823027761055,329.31823027761055
26,446,329.31823027761055,329.31823027761055
26,447,329.31823027761055,329.31823027761055
26,448,329.31823027761055,329.31823027761055
26,449,329.31823027761055,329.31823027761055
26,450,329.31823027761055,329.31823027761055
26,451,329.31823027761055,329.31823027761055
26,452,329.31823027761055,329.31823027761055
26,453,329.31823027761055,329.31823027761055
26,454,329.31823027761055,329.31823027761055
26,455,329.31823027761055,329.31823027761055
26,456,329.31823027761055,329.31823027761055
26,457,329.31823027761055,329.31823027761055
26,458,329.31823027761055,329.31823027761055
26,459,329.31823027761055,329.31823027761055
26,460,329.31823027761055,329.31823027761055
26,461,329.31823027761055,329.31823027761055
26,462,329.31823027761055,329.31823027761055
26,463,329.31823027761055,329.31823027761055
26,464,329.31823027761055,329.31823027761055
26,465,329.31823027761055,329.31823027761055
26,466,329.31823027761055,329.31823027761055
26,467,329.31823027761055,329.31823027761055
26,468,329.31823027761055,329.31823027761055
26,469,329.31823027761055,329.31823027761055
26,470,329.31823027761055,329.31823027761055
26,471,329.31823027761055,329.31823027761055
26,472,329.31823027761055,329.31823027761055
26,473,329.31823027761055,329.31823027761055
26,474,329.31823027761055,329.31823027761055
26,475,329.31823027761055,329.31823027761055
26,476,329.31823027761055,329.31823027761055
26,477,329.31823027761055,329.31823027761055
26,478,329.31823027761055,329.31823027761055
26,479,329.31823027761055,329.31823027761055
26,480,329.31823027761055,329.31823027761055
26,481,329.31823027761055,329.31823027761055
26,482,329.31823027761055,329.31823027761055
26,483,329.31823027761055,329.31823027761055
26,484,329.31823027761055,329.31823027761055
26,485,329.31823027761055,329.31823027761055
26,486,329.31823027761055,329.31823027761055
26,487,329.31823027761055,329.31823027761055
26,488,329.31823027761055,329.31823027761055
26,489,329.31823027761055,329.31823027761055
26,490,329.31823027761055,329.31823027761055
26,491,329.31823027761055,329.31823027761055
26,492,329.31823027761055,329.31823027761055
26,493,329.31823027761055,329.31823027761055
26,494,329.31823027761055,329.31823027761055
26,495,329.31823027761055,329.31823027761055
26,496,329.31823027761055,329.31823027761055
26,497,329.31823027761055,329.31823027761055
26,498,329.31823027761055,329.31823027761055
26,499,329.31823027761055,329.31823027761055
26,500,329.31823027761055,329.31823027761055
27,0,446.54237812837425,446.54237812837425
27,1,437.8039050516801,437.8039050516801
27,2,391.5681644011212,391.5681644011212
27,3,391.5681644011212,391.5681644011212
27,4,383.5417157034309,383.5417157034309
27,5,340.3797208992853,340.3797208992853
27,6,335.21393869705463,335.21393869705463
27,7,335.21393869705463,335.21393869705463
27,8,329.31823027761055,329.31823027761055
27,9,329.31823027761055,329.31823027761055
27,10,329.31823027761055,329.31823027761055
27,11,329.31823027761055,329.31823027761055
27,12,329.31823027761055,329.31823027761055
27,13,329.31823027761055,329.31823027761055
27,14,329.31823027761055,329.31823027761055
27,15,329.31823027761055,329.31823027761055
27,16,329.31823027761055,329.31823027761055
27,17,329.31823027761055,329.31823027761055
27,18,329.31823027761055,329.31823027761055
27,19,329.31823027761055,329.31823027761055
27,20,329.31823027761055,329.31823027761055
27,21,329.31823027761055,329.31823027761055
27,22,329.31823027761055,329.31823027761055
27,23,329.31823027761055,329.31823027761055
27,24,329.31823027761055,329.31823027761055
27,25,329.31823027761055,329.31823027761055
27,26,329.31823027761055,329.31823027761055
27,27,329.31823027761055,329.31823027761055
27,28,329.31823027761055,329.31823027761055
27,29,329.31823027761055,329.31823027761055
27,30,329.31823027761055,329.31823027761055
27,31,329.31823027761055,329.31823027761055
27,32,329.31823027761055,329.31823027761055
27,33,329.31823027761055,329.31823027761055
27,34,329.31823027761055,329.31823027761055
27,35,329.31823027761055,329.31823027761055
27,36,329.31823027761055,329.31823027761055
27,37,329.31823027761055,329.31823027761055
27,38,329.31823027761055,329.31823027761055
27,39,329.31823027761055,329.31823027761055
27,40,329.31823027761055,329.31823027761055
27,41,329.31823027761055,329.31823027761055
27,42,329.31823027761055,329.31823027761055
27,43,329.31823027761055,329.31823027761055
27,44,329.31823027761055,329.31823027761055
27,45,329.31823027761055,329.31823027761055
27,46,329.31823027761055,329.31823027761055
27,47,329.31823027761055,329.31823027761055
27,48,329.31823027761055,329.31823027761055
27,49,329.31823027761055,329.31823027761055
27,50,329.31823027761055,329.31823027761055
27,51,329.31823027761055,329.31823027761055
27,52,329.31823027761055,329.31823027761055
27,53,329.31823027761055,329.31823027761055
27,54,329.31823027761055,329.31823027761055
27,55,329.31823027761055,329.31823027761055
27,56,329.31823027761055,329.31823027761055
27,57,329.31823027761055,329.31823027761055
27,58,329.31823027761055,329.31823027761055
27,59,329.31823027761055,329.31823027761055
27,60,329.31823027761055,329.31823027761055
27,61,329.31823027761055,329.31823027761055
27,62,329.31823027761055,329.31823027761055
27,63,329.31823027761055,329.31823027761055
27,64,329.31823027761055,329.31823027761055
27,65,329.31823027761055,329.31823027761055
27,66,329.31823027761055,329.31823027761055
27,67,329.31823027761055,329.31823027761055
27,68,329.31823027761055,329.31823027761055
27,69,329.31823027761055,329.31823027761055
27,70,329.31823027761055,329.31823027761055
27,71,329.31823027761055,329.31823027761055
27,72,329.31823027761055,329.31823027761055
27,73,329.31823027761055,329.31823027761055
27,74,329.31823027761055,329.31823027761055
27,75,329.31823027761055,329.31823027761055
27,76,329.31823027761055,329.31823027761055
27,77,329.31823027761055,329.31823027761055
27,78,329.31823027761055,329.31823027761055
27,79,329.31823027761055,329.31823027761055
27,80,329.31823027761055,329.31823027761055
27,81,329.31823027761055,329.31823027761055
27,82,329.31823027761055,329.31823027761055
27,83,329.31823027761055,329.31823027761055
27,84,329.31823027761055,329.31823027761055
27,85,329.31823027761055,329.31823027761055
27,86,329.31823027761055,329.31823027761055
27,87,329.31823027761055,329.31823027761055
27,88,329.31823027761055,329.31823027761055
27,89,329.31823027761055,329.31823027761055
27,90,329.31823027761055,329.31823027761055
27,91,329.31823027761055,329.31823027761055
27,92,329.31823027761055,329.31823027761055
27,93,329.31823027761055,329.31823027761055
27,94,329.31823027761055,329.31823027761055
27,95,329.31823027761055,329.31823027761055
27,96,329.31823027761055,329.31823027761055
27,97,329.31823027761055,329.31823027761055
27,98,329.31823027761055,329.31823027761055
27,99,329.31823027761055,329.31823027761055
27,100,329.31823027761055,329.31823027761055
27,101,329.31823027761055,329.31823027761055
27,102,329.31823027761055,329.31823027761055
27,103,329.31823027761055,329.31823027761055
27,104,329.31823027761055,329.31823027761055
27,105,329.31823027761055,329.31823027761055
27,106,329.31823027761055,329.31823027761055
27,107,329.31823027761055,329.31823027761055
27,108,329.31823027761055,329.31823027761055
27,109,329.31823027761055,329.31823027761055
27,110,329.31823027761055,329.31823027761055
27,111,329.31823027761055,329.31823027761055
27,112,329.31823027761055,329.31823027761055
27,113,329.31823027761055,329.31823027761055
27,114,329.31823027761055,329.31823027761055
27,115,329.31823027761055,329.31823027761055
27,116,329.31823027761055,329.31823027761055
27,117,329.31823027761055,329.31823027761055
27,118,329.31823027761055,329.31823027761055
27,119,329.31823027761055,329.31823027761055
27,120,329.31823027761055,329.31823027761055
27,121,329.31823027761055,329.31823027761055
27,122,329.31823027761055,329.31823027761055
27,123,329.31823027761055,329.31823027761055
27,124,329.31823027761055,329.31823027761055
27,125,329.31823027761055,329.31823027761055
27,126,329.31823027761055,329.31823027761055
27,127,329.31823027761055,329.31823027761055
27,128,329.31823027761055,329.31823027761055
27,129,329.31823027761055,329.31823027761055
27,130,329.31823027761055,329.31823027761055
27,131,329.31823027761055,329.31823027761055
27,132,329.31823027761055,329.31823027761055
27,133,329.31823027761055,329.31823027761055
27,134,329.31823027761055,329.31823027761055
27,135,329.31823027761055,329.31823027761055
27,136,329.31823027761055,329.31823027761055
27,137,329.31823027761055,329.31823027761055
27,138,329.31823027761055,329.31823027761055
27,139,329.31823027761055,329.31823027761055
27,140,329.31823027761055,329.31823027761055
27,141,329.31823027761055,329.31823027761055
27,142,329.31823027761055,329.31823027761055
27,143,329.31823027761055,329.31823027761055
27,144,329.31823027761055,329.31823027761055
27,145,329.31823027761055,329.31823027761055
27,146,329.31823027761055,329.31823027761055
27,147,329.31823027761055,329.31823027761055
27,148,329.31823027761055,329.31823027761055
27,149,329.31823027761055,329.31823027761055
27,150,329.31823027761055,329.31823027761055
27,151,329.31823027761055,329.31823027761055
27,152,329.31823027761055,329.31823027761055
27,153,329.31823027761055,329.31823027761055
27,154,329.31823027761055,329.31823027761055
27,155,329.31823027761055,329.31823027761055
27,156,329.31823027761055,329.31823027761055
27,157,329.31823027761055,329.31823027761055
27,158,329.31823027761055,329.31823027761055
27,159,329.31823027761055,329.31823027761055
27,160,329.31823027761055,329.31823027761055
27,161,329.31823027761055,329.31823027761055
27,162,329.31823027761055,329.31823027761055
27,163,329.31823027761055,329.31823027761055
27,164,329.31823027761055,329.31823027761055
27,165,329.31823027761055,329.31823027761055
27,166,329.31823027761055,329.31823027761055
27,167,329.31823027761055,329.31823027761055
27,168,329.31823027761055,329.31823027761055
27,169,329.31823027761055,329.31823027761055
27,170,329.31823027761055,329.31823027761055
27,171,329.31823027761055,329.31823027761055
27,172,329.31823027761055,329.31823027761055
27,173,329.31823027761055,329.31823027761055
27,174,329.31823027761055,329.31823027761055
27,175,329.31823027761055,329.31823027761055
27,176,329.31823027761055,329.31823027761055
27,177,329.31823027761055,329.31823027761055
27,178,329.31823027761055,329.31823027761055
27,179,329.31823027761055,329.31823027761055
27,180,329.31823027761055,329.31823027761055
27,181,329.31823027761055,329.31823027761055
27,182,329.31823027761055,329.31823027761055
27,183,329.31823027761055,329.31823027761055
27,184,329.31823027761055,329.31823027761055
27,185,329.31823027761055,329.31823027761055
27,186,329.31823027761055,329.31823027761055
27,187,329.31823027761055,329.31823027761055
27,188,329.31823027761055,329.31823027761055
27,189,329.31823027761055,329.31823027761055
27,190,329.31823027761055,329.31823027761055
27,191,329.31823027761055,329.31823027761055
27,192,329.31823027761055,329.31823027761055
27,193,329.31823027761055,329.31823027761055
27,194,329.31823027761055,329.31823027761055
27,195,329.31823027761055,329.31823027761055
27,196,329.31823027761055,329.31823027761055
27,197,329.31823027761055,329.31823027761055
27,198,329.31823027761055,329.31823027761055
27,199,329.31823027761055,329.31823027761055
27,200,329.31823027761055,329.31823027761055
27,201,329.31823027761055,329.31823027761055
27,202,329.31823027761055,329.31823027761055
27,203,329.31823027761055,329.31823027761055
27,204,329.31823027761055,329.31823027761055
27,205,329.31823027761055,329.31823027761055
27,206,329.31823027761055,329.31823027761055
27,207,329.31823027761055,329.31823027761055
27,208,329.31823027761055,329.31823027761055
27,209,329.31823027761055,329.31823027761055
27,210,329.31823027761055,329.31823027761055
27,211,329.31823027761055,329.31823027761055
27,212,329.31823027761055,329.31823027761055
27,213,329.31823027761055,329.31823027761055
27,214,329.31823027761055,329.31823027761055
27,215,329.31823027761055,329.31823027761055
27,216,329.31823027761055,329.31823027761055
27,217,329.31823027761055,329.31823027761055
27,218,329.31823027761055,329.31823027761055
27,219,329.31823027761055,329.31823027761055
27,220,329.31823027761055,329.31823027761055
27,221,329.31823027761055,329.31823027761055
27,222,329.31823027761055,329.31823027761055
27,223,329.31823027761055,329.31823027761055
27,224,329.31823027761055,329.31823027761055
27,225,329.31823027761055,329.31823027761055
27,226,329.31823027761055,329.31823027761055
27,227,329.31823027761055,329.31823027761055
27,228,329.31823027761055,329.31823027761055
27,229,329.31823027761055,329.31823027761055
27,230,329.31823027761055,329.31823027761055
27,231,329.31823027761055,329.31823027761055
27,232,329.31823027761055,329.31823027761055
27,233,329.31823027761055,329.31823027761055
27,234,329.31823027761055,329.31823027761055
27,235,329.31823027761055,329.31823027761055
27,236,329.31823027761055,329.31823027761055
27,237,329.31823027761055,329.31823027761055
27,238,329.31823027761055,329.31823027761055
27,239,329.31823027761055,329.31823027761055
27,240,329.31823027761055,329.31823027761055
27,241,329.31823027761055,329.31823027761055
27,242,329.31823027761055,329.31823027761055
27,243,329.31823027761055,329.31823027761055
27,244,329.31823027761055,329.31823027761055
27,245,329.31823027761055,329.31823027761055
27,246,329.31823027761055,329.31823027761055
27,247,329.31823027761055,329.31823027761055
27,248,329.31823027761055,329.31823027761055
27,249,329.31823027761055,329.31823027761055
27,250,329.31823027761055,329.31823027761055
27,251,329.31823027761055,329.31823027761055
27,252,329.31823027761055,329.31823027761055
27,253,329.31823027761055,329.31823027761055
27,254,329.31823027761055,329.31823027761055
27,255,329.31823027761055,329.31823027761055
27,256,329.31823027761055,329.31823027761055
27,257,329.31823027761055,329.31823027761055
27,258,329.31823027761055,329.31823027761055
27,259,329.31823027761055,329.31823027761055
27,260,329.31823027761055,329.31823027761055
27,261,329.31823027761055,329.31823027761055
27,262,329.31823027761055,329.31823027761055
27,263,329.31823027761055,329.31823027761055
27,264,329.31823027761055,329.31823027761055
27,265,329.31823027761055,329.31823027761055
27,266,329.31823027761055,329.31823027761055
27,267,329.31823027761055,329.31823027761055
27,268,329.31823027761055,329.31823027761055
27,269,329.31823027761055,329.31823027761055
27,270,329.31823027761055,329.31823027761055
27,271,329.31823027761055,329.31823027761055
27,272,329.31823027761055,329.31823027761055
27,273,329.31823027761055,329.31823027761055
27,274,329.31823027761055,329.31823027761055
27,275,329.31823027761055,329.31823027761055
27,276,329.31823027761055,329.31823027761055
27,277,329.31823027761055,329.31823027761055
27,278,329.31823027761055,329.31823027761055
27,279,329.31823027761055,329.31823027761055
27,280,329.31823027761055,329.31823027761055
27,281,329.31823027761055,329.31823027761055
27,282,329.31823027761055,329.31823027761055
27,283,329.31823027761055,329.31823027761055
27,284,329.31823027761055,329.31823027761055
27,285,329.31823027761055,329.31823027761055
27,286,329.31823027761055,329.31823027761055
27,287,329.31823027761055,329.31823027761055
27,288,329.31823027761055,329.31823027761055
27,289,329.31823027761055,329.31823027761055
27,290,329.31823027761055,329.31823027761055
27,291,329.31823027761055,329.31823027761055
27,292,329.31823027761055,329.31823027761055
27,293,329.31823027761055,329.31823027761055
27,294,329.31823027761055,329.31823027761055
27,295,329.31823027761055,329.31823027761055
27,296,329.31823027761055,329.31823027761055
27,297,329.31823027761055,329.31823027761055
27,298,329.31823027761055,329.31823027761055
27,299,329.31823027761055,329.31823027761055
27,300,329.31823027761055,329.31823027761055
27,301,329.31823027761055,329.31823027761055
27,302,329.31823027761055,329.31823027761055
27,303,329.31823027761055,329.31823027761055
27,304,329.31823027761055,329.31823027761055
27,305,329.31823027761055,329.31823027761055
27,306,329.31823027761055,329.31823027761055
27,307,329.31823027761055,329.31823027761055
27,308,329.31823027761055,329.31823027761055
27,309,329.31823027761055,329.31823027761055
27,310,329.31823027761055,329.31823027761055
27,311,329.31823027761055,329.31823027761055
27,312,329.31823027761055,329.31823027761055
27,313,329.31823027761055,329.31823027761055
27,314,329.31823027761055,329.31823027761055
27,315,329.31823027761055,329.31823027761055
27,316,329.31823027761055,329.31823027761055
27,317,329.31823027761055,329.31823027761055
27,318,329.31823027761055,329.31823027761055
27,319,329.31823027761055,329.31823027761055
27,320,329.31823027761055,329.31823027761055
27,321,329.31823027761055,329.31823027761055
27,322,329.31823027761055,329.31823027761055
27,323,329.31823027761055,329.31823027761055
27,324,329.31823027761055,329.31823027761055
27,325,329.31823027761055,329.31823027761055
27,326,329.31823027761055,329.31823027761055
27,327,329.31823027761055,329.31823027761055
27,328,329.31823027761055,329.31823027761055
27,329,329.31823027761055,329.31823027761055
27,330,329.31823027761055,329.31823027761055
27,331,329.31823027761055,329.31823027761055
27,332,329.31823027761055,329.31823027761055
27,333,329.31823027761055,329.31823027761055
27,334,329.31823027761055,329.31823027761055
27,335,329.31823027761055,329.31823027761055
27,336,329.31823027761055,329.31823027761055
27,337,329.31823027761055,329.31823027761055
27,338,329.31823027761055,329.31823027761055
27,339,329.31823027761055,329.31823027761055
27,340,329.31823027761055,329.31823027761055
27,341,329.31823027761055,329.31823027761055
27,342,329.31823027761055,329.31823027761055
27,343,329.31823027761055,329.31823027761055
27,344,329.31823027761055,329.31823027761055
27,345,329.31823027761055,329.31823027761055
27,346,329.31823027761055,329.31823027761055
27,347,329.31823027761055,329.31823027761055
27,348,329.31823027761055,329.31823027761055
27,349,329.31823027761055,329.31823027761055
27,350,329.31823027761055,329.31823027761055
27,351,329.31823027761055,329.31823027761055
27,352,329.31823027761055,329.31823027761055
27,353,329.31823027761055,329.31823027761055
27,354,329.31823027761055,329.31823027761055
27,355,329.31823027761055,329.31823027761055
27,356,329.31823027761055,329.31823027761055
27,357,329.31823027761055,329.31823027761055
27,358,329.31823027761055,329.31823027761055
27,359,329.31823027761055,329.31823027761055
27,360,329.31823027761055,329.31823027761055
27,361,329.31823027761055,329.31823027761055
27,362,329.31823027761055,329.31823027761055
27,363,329.31823027761055,329.31823027761055
27,364,329.31823027761055,329.31823027761055
27,365,329.31823027761055,329.31823027761055
27,366,329.31823027761055,329.31823027761055
27,367,329.31823027761055,329.31823027761055
27,368,329.31823027761055,329.31823027761055
27,369,329.31823027761055,329.31823027761055
27,370,329.31823027761055,329.31823027761055
27,371,329.31823027761055,329.31823027761055
27,372,329.31823027761055,329.31823027761055
27,373,329.31823027761055,329.31823027761055
27,374,329.31823027761055,329.31823027761055
27,375,329.31823027761055,329.31823027761055
27,376,329.31823027761055,329.31823027761055
27,377,329.31823027761055,329.31823027761055
27,378,329.31823027761055,329.31823027761055
27,379,329.31823027761055,329.31823027761055
27,380,329.31823027761055,329.31823027761055
27,381,329.31823027761055,329.31823027761055
27,382,329.31823027761055,329.31823027761055
27,383,329.31823027761055,329.31823027761055
27,384,329.31823027761055,329.31823027761055
27,385,329.31823027761055,329.31823027761055
27,386,329.31823027761055,329.31823027761055
27,387,329.31823027761055,329.31823027761055
27,388,329.31823027761055,329.31823027761055
27,389,329.31823027761055,329.31823027761055
27,390,329.31823027761055,329.31823027761055
27,391,329.31823027761055,329.31823027761055
27,392,329.31823027761055,329.31823027761055
27,393,329.31823027761055,329.31823027761055
27,394,329.31823027761055,329.31823027761055
27,395,329.31823027761055,329.31823027761055
27,396,329.31823027761055,329.31823027761055
27,397,329.31823027761055,329.31823027761055
27,398,329.31823027761055,329.31823027761055
27,399,329.31823027761055,329.31823027761055
27,400,329.31823027761055,329.31823027761055
27,401,329.31823027761055,329.31823027761055
27,402,329.31823027761055,329.31823027761055
27,403,329.31823027761055,329.31823027761055
27,404,329.31823027761055,329.31823027761055
27,405,329.31823027761055,329.31823027761055
27,406,329.31823027761055,329.31823027761055
27,407,329.31823027761055,329.31823027761055
27,408,329.31823027761055,329.31823027761055
27,409,329.31823027761055,329.31823027761055
27,410,329.31823027761055,329.31823027761055
27,411,329.31823027761055,329.31823027761055
27,412,329.31823027761055,329.31823027761055
27,413,329.31823027761055,329.31823027761055
27,414,329.31823027761055,329.31823027761055
27,415,329.31823027761055,329.31823027761055
27,416,329.31823027761055,329.31823027761055
27,417,329.31823027761055,329.31823027761055
27,418,329.31823027761055,329.31823027761055
27,419,329.31823027761055,329.31823027761055
27,420,329.31823027761055,329.31823027761055
27,421,329.31823027761055,329.31823027761055
27,422,329.31823027761055,329.31823027761055
27,423,329.31823027761055,329.31823027761055
27,424,329.31823027761055,329.31823027761055
27,425,329.31823027761055,329.31823027761055
27,426,329.31823027761055,329.31823027761055
27,427,329.31823027761055,329.31823027761055
27,428,329.31823027761055,329.31823027761055
27,429,329.31823027761055,329.31823027761055
27,430,329.31823027761055,329.31823027761055
27,431,329.31823027761055,329.31823027761055
27,432,329.31823027761055,329.31823027761055
27,433,329.31823027761055,329.31823027761055
27,434,329.31823027761055,329.31823027761055
27,435,329.31823027761055,329.31823027761055
27,436,329.31823027761055,329.31823027761055
27,437,329.31823027761055,329.31823027761055
27,438,329.31823027761055,329.31823027761055
27,439,329.31823027761055,329.31823027761055
27,440,329.31823027761055,329.31823027761055
27,441,329.31823027761055,329.31823027761055
27,442,329.31823027761055,329.31823027761055
27,443,329.31823027761055,329.31823027761055
27,444,329.31823027761055,329.31823027761055
27,445,329.31823027761055,329.31823027761055
27,446,329.31823027761055,329.31823027761055
27,447,329.31823027761055,329.31823027761055
27,448,329.31823027761055,329.31823027761055
27,449,329.31823027761055,329.31823027761055
27,450,329.31823027761055,329.31823027761055
27,451,329.31823027761055,329.31823027761055
27,452,329.31823027761055,329.31823027761055
27,453,329.31823027761055,329.31823027761055
27,454,329.31823027761055,329.31823027761055
27,455,329.31823027761055,329.31823027761055
27,456,329.31823027761055,329.31823027761055
27,457,329.31823027761055,329.31823027761055
27,458,329.31823027761055,329.31823027761055
27,459,329.31823027761055,329.31823027761055
27,460,329.31823027761055,329.31823027761055
27,461,329.31823027761055,329.31823027761055
27,462,329.31823027761055,329.31823027761055
27,463,329.31823027761055,329.31823027761055
27,464,329.31823027761055,329.31823027761055
27,465,329.31823027761055,329.31823027761055
27,466,329.31823027761055,329.31823027761055
27,467,329.31823027761055,329.31823027761055
27,468,329.31823027761055,329.31823027761055
27,469,329.31823027761055,329.31823027761055
27,470,329.31823027761055,329.31823027761055
27,471,329.31823027761055,329.31823027761055
27,472,329.31823027761055,329.31823027761055
27,473,329.31823027761055,329.31823027761055
27,474,329.31823027761055,329.31823027761055
27,475,329.31823027761055,329.31823027761055
27,476,329.31823027761055,329.31823027761055
27,477,329.31823027761055,329.31823027761055
27,478,329.31823027761055,329.31823027761055
27,479,329.31823027761055,329.31823027761055
27,480,329.31823027761055,329.31823027761055
27,481,329.31823027761055,329.31823027761055
27,482,329.31823027761055,329.31823027761055
27,483,329.31823027761055,329.31823027761055
27,484,329.31823027761055,329.31823027761055
27,485,329.31823027761055,329.31823027761055
27,486,329.31823027761055,329.31823027761055
27,487,329.31823027761055,329.31823027761055
27,488,329.31823027761055,329.31823027761055
27,489,329.31823027761055,329.31823027761055
27,490,329.31823027761055,329.31823027761055
27,491,329.31823027761055,329.31823027761055
27,492,329.31823027761055,329.31823027761055
27,493,329.31823027761055,329.31823027761055
27,494,329.31823027761055,329.31823027761055
27,495,329.31823027761055,329.31823027761055
27,496,329.31823027761055,329.31823027761055
27,497,329.31823027761055,329.31823027761055
27,498,329.31823027761055,329.31823027761055
27,499,329.31823027761055,329.31823027761055
27,500,329.31823027761055,329.31823027761055
28,0,422.533461065246,422.533461065246
28,1,405.9987477933554,405.9987477933554
28,2,405.9987477933554,405.9987477933554
28,3,367.4722834520255,367.4722834520255
28,4,367.4722834520255,367.4722834520255
28,5,354.8008808233133,354.8008808233133
28,6,329.31823027761055,329.31823027761055
28,7,329.31823027761055,329.31823027761055
28,8,329.31823027761055,329.31823027761055
28,9,329.31823027761055,329.31823027761055
28,10,329.31823027761055,329.31823027761055
28,11,329.31823027761055,329.31823027761055
28,12,329.31823027761055,329.31823027761055
28,13,329.31823027761055,329.31823027761055
28,14,329.31823027761055,329.31823027761055
28,15,329.31823027761055,329.31823027761055
28,16,329.31823027761055,329.31823027761055
28,17,329.31823027761055,329.31823027761055
28,18,329.31823027761055,329.31823027761055
28,19,329.31823027761055,329.31823027761055
28,20,329.31823027761055,329.31823027761055
28,21,329.31823027761055,329.31823027761055
28,22,329.31823027761055,329.31823027761055
28,23,329.31823027761055,329.31823027761055
28,24,329.31823027761055,329.31823027761055
28,25,329.31823027761055,329.31823027761055
28,26,329.31823027761055,329.31823027761055
28,27,329.31823027761055,329.31823027761055
28,28,329.31823027761055,329.31823027761055
28,29,329.31823027761055,329.31823027761055
28,30,329.31823027761055,329.31823027761055
28,31,329.31823027761055,329.31823027761055
28,32,329.31823027761055,329.31823027761055
28,33,329.31823027761055,329.31823027761055
28,34,329.31823027761055,329.31823027761055
28,35,329.31823027761055,329.31823027761055
28,36,329.31823027761055,329.31823027761055
28,37,329.31823027761055,329.31823027761055
28,38,329.31823027761055,329.31823027761055
28,39,329.31823027761055,329.31823027761055
28,40,329.31823027761055,329.31823027761055
28,41,329.31823027761055,329.31823027761055
28,42,329.31823027761055,329.31823027761055
28,43,329.31823027761055,329.31823027761055
28,44,329.31823027761055,329.31823027761055
28,45,329.31823027761055,329.31823027761055
28,46,329.31823027761055,329.31823027761055
28,47,329.31823027761055,329.31823027761055
28,48,329.31823027761055,329.31823027761055
28,49,329.31823027761055,329.31823027761055
28,50,329.31823027761055,329.31823027761055
28,51,329.31823027761055,329.31823027761055
28,52,329.31823027761055,329.31823027761055
28,53,329.31823027761055,329.31823027761055
28,54,329.31823027761055,329.31823027761055
28,55,329.31823027761055,329.31823027761055
28,56,329.31823027761055,329.31823027761055
28,57,329.31823027761055,329.31823027761055
28,58,329.31823027761055,329.31823027761055
28,59,329.31823027761055,329.31823027761055
28,60,329.31823027761055,329.31823027761055
28,61,329.31823027761055,329.31823027761055
28,62,329.31823027761055,329.31823027761055
28,63,329.31823027761055,329.31823027761055
28,64,329.31823027761055,329.31823027761055
28,65,329.31823027761055,329.31823027761055
28,66,329.31823027761055,329.31823027761055
28,67,329.31823027761055,329.31823027761055
28,68,329.31823027761055,329.31823027761055
28,69,329.31823027761055,329.31823027761055
28,70,329.31823027761055,329.31823027761055
28,71,329.31823027761055,329.31823027761055
28,72,329.31823027761055,329.31823027761055
28,73,329.31823027761055,329.31823027761055
28,74,329.31823027761055,329.31823027761055
28,75,329.31823027761055,329.31823027761055
28,76,329.31823027761055,329.31823027761055
28,77,329.31823027761055,329.31823027761055
28,78,329.31823027761055,329.31823027761055
28,79,329.31823027761055,329.31823027761055
28,80,329.31823027761055,329.31823027761055
28,81,329.31823027761055,329.31823027761055
28,82,329.31823027761055,329.31823027761055
28,83,329.31823027761055,329.31823027761055
28,84,329.31823027761055,329.31823027761055
28,85,329.31823027761055,329.31823027761055
28,86,329.31823027761055,329.31823027761055
28,87,329.31823027761055,329.31823027761055
28,88,329.31823027761055,329.31823027761055
28,89,329.31823027761055,329.31823027761055
28,90,329.31823027761055,329.31823027761055
28,91,329.31823027761055,329.31823027761055
28,92,329.31823027761055,329.31823027761055
28,93,329.31823027761055,329.31823027761055
28,94,329.31823027761055,329.31823027761055
28,95,329.31823027761055,329.31823027761055
28,96,329.31823027761055,329.31823027761055
28,97,329.31823027761055,329.31823027761055
28,98,329.31823027761055,329.31823027761055
28,99,329.31823027761055,329.31823027761055
28,100,329.31823027761055,329.31823027761055
28,101,329.31823027761055,329.31823027761055
28,102,329.31823027761055,329.31823027761055
28,103,329.31823027761055,329.31823027761055
28,104,329.31823027761055,329.31823027761055
28,105,329.31823027761055,329.31823027761055
28,106,329.31823027761055,329.31823027761055
28,107,329.31823027761055,329.31823027761055
28,108,329.31823027761055,329.31823027761055
28,109,329.31823027761055,329.31823027761055
28,110,329.31823027761055,329.31823027761055
28,111,329.31823027761055,329.31823027761055
28,112,329.31823027761055,329.31823027761055
28,113,329.31823027761055,329.31823027761055
28,114,329.31823027761055,329.31823027761055
28,115,329.31823027761055,329.31823027761055
28,116,329.31823027761055,329.31823027761055
28,117,329.31823027761055,329.31823027761055
28,118,329.31823027761055,329.31823027761055
28,119,329.31823027761055,329.31823027761055
28,120,329.31823027761055,329.31823027761055
28,121,329.31823027761055,329.31823027761055
28,122,329.31823027761055,329.31823027761055
28,123,329.31823027761055,329.31823027761055
28,124,329.31823027761055,329.31823027761055
28,125,329.31823027761055,329.31823027761055
28,126,329.31823027761055,329.31823027761055
28,127,329.31823027761055,329.31823027761055
28,128,329.31823027761055,329.31823027761055
28,129,329.31823027761055,329.31823027761055
28,130,329.31823027761055,329.31823027761055
28,131,329.31823027761055,329.31823027761055
28,132,329.31823027761055,329.31823027761055
28,133,329.31823027761055,329.31823027761055
28,134,329.31823027761055,329.31823027761055
28,135,329.31823027761055,329.31823027761055
28,136,329.31823027761055,329.31823027761055
28,137,329.31823027761055,329.31823027761055
28,138,329.31823027761055,329.31823027761055
28,139,329.31823027761055,329.31823027761055
28,140,329.31823027761055,329.31823027761055
28,141,329.31823027761055,329.31823027761055
28,142,329.31823027761055,329.31823027761055
28,143,329.31823027761055,329.31823027761055
28,144,329.31823027761055,329.31823027761055
28,145,329.31823027761055,329.31823027761055
28,146,329.31823027761055,329.31823027761055
28,147,329.31823027761055,329.31823027761055
28,148,329.31823027761055,329.31823027761055
28,149,329.31823027761055,329.31823027761055
28,150,329.31823027761055,329.31823027761055
28,151,329.31823027761055,329.31823027761055
28,152,329.31823027761055,329.31823027761055
28,153,329.31823027761055,329.31823027761055
28,154,329.31823027761055,329.31823027761055
28,155,329.31823027761055,329.31823027761055
28,156,329.31823027761055,329.31823027761055
28,157,329.31823027761055,329.31823027761055
28,158,329.31823027761055,329.31823027761055
28,159,329.31823027761055,329.31823027761055
28,160,329.31823027761055,329.31823027761055
28,161,329.31823027761055,329.31823027761055
28,162,329.31823027761055,329.31823027761055
28,163,329.31823027761055,329.31823027761055
28,164,329.31823027761055,329.31823027761055
28,165,329.31823027761055,329.31823027761055
28,166,329.31823027761055,329.31823027761055
28,167,329.31823027761055,329.31823027761055
28,168,329.31823027761055,329.31823027761055
28,169,329.31823027761055,329.31823027761055
28,170,329.31823027761055,329.31823027761055
28,171,329.31823027761055,329.31823027761055
28,172,329.31823027761055,329.31823027761055
28,173,329.31823027761055,329.31823027761055
28,174,329.31823027761055,329.31823027761055
28,175,329.31823027761055,329.31823027761055
28,176,329.31823027761055,329.31823027761055
28,177,329.31823027761055,329.31823027761055
28,178,329.31823027761055,329.31823027761055
28,179,329.31823027761055,329.31823027761055
28,180,329.31823027761055,329.31823027761055
28,181,329.31823027761055,329.31823027761055
28,182,329.31823027761055,329.31823027761055
28,183,329.31823027761055,329.31823027761055
28,184,329.31823027761055,329.31823027761055
28,185,329.31823027761055,329.31823027761055
28,186,329.31823027761055,329.31823027761055
28,187,329.31823027761055,329.31823027761055
28,188,329.31823027761055,329.31823027761055
28,189,329.31823027761055,329.31823027761055
28,190,329.31823027761055,329.31823027761055
28,191,329.31823027761055,329.31823027761055
28,192,329.31823027761055,329.31823027761055
28,193,329.31823027761055,329.31823027761055
28,194,329.31823027761055,329.31823027761055
28,195,329.31823027761055,329.31823027761055
28,196,329.31823027761055,329.31823027761055
28,197,329.31823027761055,329.31823027761055
28,198,329.31823027761055,329.31823027761055
28,199,329.31823027761055,329.31823027761055
28,200,329.31823027761055,329.31823027761055
28,201,329.31823027761055,329.31823027761055
28,202,329.31823027761055,329.31823027761055
28,203,329.31823027761055,329.31823027761055
28,204,329.31823027761055,329.31823027761055
28,205,329.31823027761055,329.31823027761055
28,206,329.31823027761055,329.31823027761055
28,207,329.31823027761055,329.31823027761055
28,208,329.31823027761055,329.31823027761055
28,209,329.31823027761055,329.31823027761055
28,210,329.31823027761055,329.31823027761055
28,211,329.31823027761055,329.31823027761055
28,212,329.31823027761055,329.31823027761055
28,213,329.31823027761055,329.31823027761055
28,214,329.31823027761055,329.31823027761055
28,215,329.31823027761055,329.31823027761055
28,216,329.31823027761055,329.31823027761055
28,217,329.31823027761055,329.31823027761055
28,218,329.31823027761055,329.31823027761055
28,219,329.31823027761055,329.31823027761055
28,220,329.31823027761055,329.31823027761055
28,221,329.31823027761055,329.31823027761055
28,222,329.31823027761055,329.31823027761055
28,223,329.31823027761055,329.31823027761055
28,224,329.31823027761055,329.31823027761055
28,225,329.31823027761055,329.31823027761055
28,226,329.31823027761055,329.31823027761055
28,227,329.31823027761055,329.31823027761055
28,228,329.31823027761055,329.31823027761055
28,229,329.31823027761055,329.31823027761055
28,230,329.31823027761055,329.31823027761055
28,231,329.31823027761055,329.31823027761055
28,232,329.31823027761055,329.31823027761055
28,233,329.31823027761055,329.31823027761055
28,234,329.31823027761055,329.31823027761055
28,235,329.31823027761055,329.31823027761055
28,236,329.31823027761055,329.31823027761055
28,237,329.31823027761055,329.31823027761055
28,238,329.31823027761055,329.31823027761055
28,239,329.31823027761055,329.31823027761055
28,240,329.31823027761055,329.31823027761055
28,241,329.31823027761055,329.31823027761055
28,242,329.31823027761055,329.31823027761055
28,243,329.31823027761055,329.31823027761055
28,244,329.31823027761055,329.31823027761055
28,245,329.31823027761055,329.31823027761055
28,246,329.31823027761055,329.31823027761055
28,247,329.31823027761055,329.31823027761055
28,248,329.31823027761055,329.31823027761055
28,249,329.31823027761055,329.31823027761055
28,250,329.31823027761055,329.31823027761055
28,251,329.31823027761055,329.31823027761055
28,252,329.31823027761055,329.31823027761055
28,253,329.31823027761055,329.31823027761055
28,254,329.31823027761055,329.31823027761055
28,255,329.31823027761055,329.31823027761055
28,256,329.31823027761055,329.31823027761055
28,257,329.31823027761055,329.31823027761055
28,258,329.31823027761055,329.31823027761055
28,259,329.31823027761055,329.31823027761055
28,260,329.31823027761055,329.31823027761055
28,261,329.31823027761055,329.31823027761055
28,262,329.31823027761055,329.31823027761055
28,263,329.31823027761055,329.31823027761055
28,264,329.31823027761055,329.31823027761055
28,265,329.31823027761055,329.31823027761055
28,266,329.31823027761055,329.31823027761055
28,267,329.31823027761055,329.31823027761055
28,268,329.31823027761055,329.31823027761055
28,269,329.31823027761055,329.31823027761055
28,270,329.31823027761055,329.31823027761055
28,271,329.31823027761055,329.31823027761055
28,272,329.31823027761055,329.31823027761055
28,273,329.31823027761055,329.31823027761055
28,274,329.31823027761055,329.31823027761055
28,275,329.31823027761055,329.31823027761055
28,276,329.31823027761055,329.31823027761055
28,277,329.31823027761055,329.31823027761055
28,278,329.31823027761055,329.31823027761055
28,279,329.31823027761055,329.31823027761055
28,280,329.31823027761055,329.31823027761055
28,281,329.31823027761055,329.31823027761055
28,282,329.31823027761055,329.31823027761055
28,283,329.31823027761055,329.31823027761055
28,284,329.31823027761055,329.31823027761055
28,285,329.31823027761055,329.31823027761055
28,286,329.31823027761055,329.31823027761055
28,287,329.31823027761055,329.31823027761055
28,288,329.31823027761055,329.31823027761055
28,289,329.31823027761055,329.31823027761055
28,290,329.31823027761055,329.31823027761055
28,291,329.31823027761055,329.31823027761055
28,292,329.31823027761055,329.31823027761055
28,293,329.31823027761055,329.31823027761055
28,294,329.31823027761055,329.31823027761055
28,295,329.31823027761055,329.31823027761055
28,296,329.31823027761055,329.31823027761055
28,297,329.31823027761055,329.31823027761055
28,298,329.31823027761055,329.31823027761055
28,299,329.31823027761055,329.31823027761055
28,300,329.31823027761055,329.31823027761055
28,301,329.31823027761055,329.31823027761055
28,302,329.31823027761055,329.31823027761055
28,303,329.31823027761055,329.31823027761055
28,304,329.31823027761055,329.31823027761055
28,305,329.31823027761055,329.31823027761055
28,306,329.31823027761055,329.31823027761055
28,307,329.31823027761055,329.31823027761055
28,308,329.31823027761055,329.31823027761055
28,309,329.31823027761055,329.31823027761055
28,310,329.31823027761055,329.31823027761055
28,311,329.31823027761055,329.31823027761055
28,312,329.31823027761055,329.31823027761055
28,313,329.31823027761055,329.31823027761055
28,314,329.31823027761055,329.31823027761055
28,315,329.31823027761055,329.31823027761055
28,316,329.31823027761055,329.31823027761055
28,317,329.31823027761055,329.31823027761055
28,318,329.31823027761055,329.31823027761055
28,319,329.31823027761055,329.31823027761055
28,320,329.31823027761055,329.31823027761055
28,321,329.31823027761055,329.31823027761055
28,322,329.31823027761055,329.31823027761055
28,323,329.31823027761055,329.31823027761055
28,324,329.31823027761055,329.31823027761055
28,325,329.31823027761055,329.31823027761055
28,326,329.31823027761055,329.31823027761055
28,327,329.31823027761055,329.31823027761055
28,328,329.31823027761055,329.31823027761055
28,329,329.31823027761055,329.31823027761055
28,330,329.31823027761055,329.31823027761055
28,331,329.31823027761055,329.31823027761055
28,332,329.31823027761055,329.31823027761055
28,333,329.31823027761055,329.31823027761055
28,334,329.31823027761055,329.31823027761055
28,335,329.31823027761055,329.31823027761055
28,336,329.31823027761055,329.31823027761055
28,337,329.31823027761055,329.31823027761055
28,338,329.31823027761055,329.31823027761055
28,339,329.31823027761055,329.31823027761055
28,340,329.31823027761055,329.31823027761055
28,341,329.31823027761055,329.31823027761055
28,342,329.31823027761055,329.31823027761055
28,343,329.31823027761055,329.31823027761055
28,344,329.31823027761055,329.31823027761055
28,345,329.31823027761055,329.31823027761055
28,346,329.31823027761055,329.31823027761055
28,347,329.31823027761055,329.31823027761055
28,348,329.31823027761055,329.31823027761055
28,349,329.31823027761055,329.31823027761055
28,350,329.31823027761055,329.31823027761055
28,351,329.31823027761055,329.31823027761055
28,352,329.31823027761055,329.31823027761055
28,353,329.31823027761055,329.31823027761055
28,354,329.31823027761055,329.31823027761055
28,355,329.31823027761055,329.31823027761055
28,356,329.31823027761055,329.31823027761055
28,357,329.31823027761055,329.31823027761055
28,358,329.31823027761055,329.31823027761055
28,359,329.31823027761055,329.31823027761055
28,360,329.31823027761055,329.31823027761055
28,361,329.31823027761055,329.31823027761055
28,362,329.31823027761055,329.31823027761055
28,363,329.31823027761055,329.31823027761055
28,364,329.31823027761055,329.31823027761055
28,365,329.31823027761055,329.31823027761055
28,366,329.31823027761055,329.31823027761055
28,367,329.31823027761055,329.31823027761055
28,368,329.31823027761055,329.31823027761055
28,369,329.31823027761055,329.31823027761055
28,370,329.31823027761055,329.31823027761055
28,371,329.31823027761055,329.31823027761055
28,372,329.31823027761055,329.31823027761055
28,373,329.31823027761055,329.31823027761055
28,374,329.31823027761055,329.31823027761055
28,375,329.31823027761055,329.31823027761055
28,376,329.31823027761055,329.31823027761055
28,377,329.31823027761055,329.31823027761055
28,378,329.31823027761055,329.31823027761055
28,379,329.31823027761055,329.31823027761055
28,380,329.31823027761055,329.31823027761055
28,381,329.31823027761055,329.31823027761055
28,382,329.31823027761055,329.31823027761055
28,383,329.31823027761055,329.31823027761055
28,384,329.31823027761055,329.31823027761055
28,385,329.31823027761055,329.31823027761055
28,386,329.31823027761055,329.31823027761055
28,387,329.31823027761055,329.31823027761055
28,388,329.31823027761055,329.31823027761055
28,389,329.31823027761055,329.31823027761055
28,390,329.31823027761055,329.31823027761055
28,391,329.31823027761055,329.31823027761055
28,392,329.31823027761055,329.31823027761055
28,393,329.31823027761055,329.31823027761055
28,394,329.31823027761055,329.31823027761055
28,395,329.31823027761055,329.31823027761055
28,396,329.31823027761055,329.31823027761055
28,397,329.31823027761055,329.31823027761055
28,398,329.31823027761055,329.31823027761055
28,399,329.31823027761055,329.31823027761055
28,400,329.31823027761055,329.31823027761055
28,401,329.31823027761055,329.31823027761055
28,402,329.31823027761055,329.31823027761055
28,403,329.31823027761055,329.31823027761055
28,404,329.31823027761055,329.31823027761055
28,405,329.31823027761055,329.31823027761055
28,406,329.31823027761055,329.31823027761055
28,407,329.31823027761055,329.31823027761055
28,408,329.31823027761055,329.31823027761055
28,409,329.31823027761055,329.31823027761055
28,410,329.31823027761055,329.31823027761055
28,411,329.31823027761055,329.31823027761055
28,412,329.31823027761055,329.31823027761055
28,413,329.31823027761055,329.31823027761055
28,414,329.31823027761055,329.31823027761055
28,415,329.31823027761055,329.31823027761055
28,416,329.31823027761055,329.31823027761055
28,417,329.31823027761055,329.31823027761055
28,418,329.31823027761055,329.31823027761055
28,419,329.31823027761055,329.31823027761055
28,420,329.31823027761055,329.31823027761055
28,421,329.31823027761055,329.31823027761055
28,422,329.31823027761055,329.31823027761055
28,423,329.31823027761055,329.31823027761055
28,424,329.31823027761055,329.31823027761055
28,425,329.31823027761055,329.31823027761055
28,426,329.31823027761055,329.31823027761055
28,427,329.31823027761055,329.31823027761055
28,428,329.31823027761055,329.31823027761055
28,429,329.31823027761055,329.31823027761055
28,430,329.31823027761055,329.31823027761055
28,431,329.31823027761055,329.31823027761055
28,432,329.31823027761055,329.31823027761055
28,433,329.31823027761055,329.31823027761055
28,434,329.31823027761055,329.31823027761055
28,435,329.31823027761055,329.31823027761055
28,436,329.31823027761055,329.31823027761055
28,437,329.31823027761055,329.31823027761055
28,438,329.31823027761055,329.31823027761055
28,439,329.31823027761055,329.31823027761055
28,440,329.31823027761055,329.31823027761055
28,441,329.31823027761055,329.31823027761055
28,442,329.31823027761055,329.31823027761055
28,443,329.31823027761055,329.31823027761055
28,444,329.31823027761055,329.31823027761055
28,445,329.31823027761055,329.31823027761055
28,446,329.31823027761055,329.31823027761055
28,447,329.31823027761055,329.31823027761055
28,448,329.31823027761055,329.31823027761055
28,449,329.31823027761055,329.31823027761055
28,450,329.31823027761055,329.31823027761055
28,451,329.31823027761055,329.31823027761055
28,452,329.31823027761055,329.31823027761055
28,453,329.31823027761055,329.31823027761055
28,454,329.31823027761055,329.31823027761055
28,455,329.31823027761055,329.31823027761055
28,456,329.31823027761055,329.31823027761055
28,457,329.31823027761055,329.31823027761055
28,458,329.31823027761055,329.31823027761055
28,459,329.31823027761055,329.31823027761055
28,460,329.31823027761055,329.31823027761055
28,461,329.31823027761055,329.31823027761055
28,462,329.31823027761055,329.31823027761055
28,463,329.31823027761055,329.31823027761055
28,464,329.31823027761055,329.31823027761055
28,465,329.31823027761055,329.31823027761055
28,466,329.31823027761055,329.31823027761055
28,467,329.31823027761055,329.31823027761055
28,468,329.31823027761055,329.31823027761055
28,469,329.31823027761055,329.31823027761055
28,470,329.31823027761055,329.31823027761055
28,471,329.31823027761055,329.31823027761055
28,472,329.31823027761055,329.31823027761055
28,473,329.31823027761055,329.31823027761055
28,474,329.31823027761055,329.31823027761055
28,475,329.31823027761055,329.31823027761055
28,476,329.31823027761055,329.31823027761055
28,477,329.31823027761055,329.31823027761055
28,478,329.31823027761055,329.31823027761055
28,479,329.31823027761055,329.31823027761055
28,480,329.31823027761055,329.31823027761055
28,481,329.31823027761055,329.31823027761055
28,482,329.31823027761055,329.31823027761055
28,483,329.31823027761055,329.31823027761055
28,484,329.31823027761055,329.31823027761055
28,485,329.31823027761055,329.31823027761055
28,486,329.31823027761055,329.31823027761055
28,487,329.31823027761055,329.31823027761055
28,488,329.31823027761055,329.31823027761055
28,489,329.31823027761055,329.31823027761055
28,490,329.31823027761055,329.31823027761055
28,491,329.31823027761055,329.31823027761055
28,492,329.31823027761055,329.31823027761055
28,493,329.31823027761055,329.31823027761055
28,494,329.31823027761055,329.31823027761055
28,495,329.31823027761055,329.31823027761055
28,496,329.31823027761055,329.31823027761055
28,497,329.31823027761055,329.31823027761055
28,498,329.31823027761055,329.31823027761055
28,499,329.31823027761055,329.31823027761055
28,500,329.31823027761055,329.31823027761055
29,0,418.55738208950487,418.55738208950487
29,1,385.12337774409724,385.12337774409724
29,2,385.12337774409724,385.12337774409724
29,3,385.12337774409724,385.12337774409724
29,4,366.73946027607184,366.73946027607184
29,5,361.5394904147701,361.5394904147701
29,6,356.35363580061363,356.35363580061363
29,7,335.21393869705463,335.21393869705463
29,8,335.21393869705463,335.21393869705463
29,9,335.21393869705463,335.21393869705463
29,10,335.21393869705463,335.21393869705463
29,11,329.31823027761055,329.31823027761055
29,12,329.31823027761055,329.31823027761055
29,13,329.31823027761055,329.31823027761055
29,14,329.31823027761055,329.31823027761055
29,15,329.31823027761055,329.31823027761055
29,16,329.31823027761055,329.31823027761055
29,17,329.31823027761055,329.31823027761055
29,18,329.31823027761055,329.31823027761055
29,19,329.31823027761055,329.31823027761055
29,20,329.31823027761055,329.31823027761055
29,21,329.31823027761055,329.31823027761055
29,22,329.31823027761055,329.31823027761055
29,23,329.31823027761055,329.31823027761055
29,24,329.31823027761055,329.31823027761055
29,25,329.31823027761055,329.31823027761055
29,26,329.31823027761055,329.31823027761055
29,27,329.31823027761055,329.31823027761055
29,28,329.31823027761055,329.31823027761055
29,29,329.31823027761055,329.31823027761055
29,30,329.31823027761055,329.31823027761055
29,31,329.31823027761055,329.31823027761055
29,32,329.31823027761055,329.31823027761055
29,33,329.31823027761055,329.31823027761055
29,34,329.31823027761055,329.31823027761055
29,35,329.31823027761055,329.31823027761055
29,36,329.31823027761055,329.31823027761055
29,37,329.31823027761055,329.31823027761055
29,38,329.31823027761055,329.31823027761055
29,39,329.31823027761055,329.31823027761055
29,40,329.31823027761055,329.31823027761055
29,41,329.31823027761055,329.31823027761055
29,42,329.31823027761055,329.31823027761055
29,43,329.31823027761055,329.31823027761055
29,44,329.31823027761055,329.31823027761055
29,45,329.31823027761055,329.31823027761055
29,46,329.31823027761055,329.31823027761055
29,47,329.31823027761055,329.31823027761055
29,48,329.31823027761055,329.31823027761055
29,49,329.31823027761055,329.31823027761055
29,50,329.31823027761055,329.31823027761055
29,51,329.31823027761055,329.31823027761055
29,52,329.31823027761055,329.31823027761055
29,53,329.31823027761055,329.31823027761055
29,54,329.31823027761055,329.31823027761055
29,55,329.31823027761055,329.31823027761055
29,56,329.31823027761055,329.31823027761055
29,57,329.31823027761055,329.31823027761055
29,58,329.31823027761055,329.31823027761055
29,59,329.31823027761055,329.31823027761055
29,60,329.31823027761055,329.31823027761055
29,61,329.31823027761055,329.31823027761055
29,62,329.31823027761055,329.31823027761055
29,63,329.31823027761055,329.31823027761055
29,64,329.31823027761055,329.31823027761055
29,65,329.31823027761055,329.31823027761055
29,66,329.31823027761055,329.31823027761055
29,67,329.31823027761055,329.31823027761055
29,68,329.31823027761055,329.31823027761055
29,69,329.31823027761055,329.31823027761055
29,70,329.31823027761055,329.31823027761055
29,71,329.31823027761055,329.31823027761055
29,72,329.31823027761055,329.31823027761055
29,73,329.31823027761055,329.31823027761055
29,74,329.31823027761055,329.31823027761055
29,75,329.31823027761055,329.31823027761055
29,76,329.31823027761055,329.31823027761055
29,77,329.31823027761055,329.31823027761055
29,78,329.31823027761055,329.31823027761055
29,79,329.31823027761055,329.31823027761055
29,80,329.31823027761055,329.31823027761055
29,81,329.31823027761055,329.31823027761055
29,82,329.31823027761055,329.31823027761055
29,83,329.31823027761055,329.31823027761055
29,84,329.31823027761055,329.31823027761055
29,85,329.31823027761055,329.31823027761055
29,86,329.31823027761055,329.31823027761055
29,87,329.31823027761055,329.31823027761055
29,88,329.31823027761055,329.31823027761055
29,89,329.31823027761055,329.31823027761055
29,90,329.31823027761055,329.31823027761055
29,91,329.31823027761055,329.31823027761055
29,92,329.31823027761055,329.31823027761055
29,93,329.31823027761055,329.31823027761055
29,94,329.31823027761055,329.31823027761055
29,95,329.31823027761055,329.31823027761055
29,96,329.31823027761055,329.31823027761055
29,97,329.31823027761055,329.31823027761055
29,98,329.31823027761055,329.31823027761055
29,99,329.31823027761055,329.31823027761055
29,100,329.31823027761055,329.31823027761055
29,101,329.31823027761055,329.31823027761055
29,102,329.31823027761055,329.31823027761055
29,103,329.31823027761055,329.31823027761055
29,104,329.31823027761055,329.31823027761055
29,105,329.31823027761055,329.31823027761055
29,106,329.31823027761055,329.31823027761055
29,107,329.31823027761055,329.31823027761055
29,108,329.31823027761055,329.31823027761055
29,109,329.31823027761055,329.31823027761055
29,110,329.31823027761055,329.31823027761055
29,111,329.31823027761055,329.31823027761055
29,112,329.31823027761055,329.31823027761055
29,113,329.31823027761055,329.31823027761055
29,114,329.31823027761055,329.31823027761055
29,115,329.31823027761055,329.31823027761055
29,116,329.31823027761055,329.31823027761055
29,117,329.31823027761055,329.31823027761055
29,118,329.31823027761055,329.31823027761055
29,119,329.31823027761055,329.31823027761055
29,120,329.31823027761055,329.31823027761055
29,121,329.31823027761055,329.31823027761055
29,122,329.31823027761055,329.31823027761055
29,123,329.31823027761055,329.31823027761055
29,124,329.31823027761055,329.31823027761055
29,125,329.31823027761055,329.31823027761055
29,126,329.31823027761055,329.31823027761055
29,127,329.31823027761055,329.31823027761055
29,128,329.31823027761055,329.31823027761055
29,129,329.31823027761055,329.31823027761055
29,130,329.31823027761055,329.31823027761055
29,131,329.31823027761055,329.31823027761055
29,132,329.31823027761055,329.31823027761055
29,133,329.31823027761055,329.31823027761055
29,134,329.31823027761055,329.31823027761055
29,135,329.31823027761055,329.31823027761055
29,136,329.31823027761055,329.31823027761055
29,137,329.31823027761055,329.31823027761055
29,138,329.31823027761055,329.31823027761055
29,139,329.31823027761055,329.31823027761055
29,140,329.31823027761055,329.31823027761055
29,141,329.31823027761055,329.31823027761055
29,142,329.31823027761055,329.31823027761055
29,143,329.31823027761055,329.31823027761055
29,144,329.31823027761055,329.31823027761055
29,145,329.31823027761055,329.31823027761055
29,146,329.31823027761055,329.31823027761055
29,147,329.31823027761055,329.31823027761055
29,148,329.31823027761055,329.31823027761055
29,149,329.31823027761055,329.31823027761055
29,150,329.31823027761055,329.31823027761055
29,151,329.31823027761055,329.31823027761055
29,152,329.31823027761055,329.31823027761055
29,153,329.31823027761055,329.31823027761055
29,154,329.31823027761055,329.31823027761055
29,155,329.31823027761055,329.31823027761055
29,156,329.31823027761055,329.31823027761055
29,157,329.31823027761055,329.31823027761055
29,158,329.31823027761055,329.31823027761055
29,159,329.31823027761055,329.31823027761055
29,160,329.31823027761055,329.31823027761055
29,161,329.31823027761055,329.31823027761055
29,162,329.31823027761055,329.31823027761055
29,163,329.31823027761055,329.31823027761055
29,164,329.31823027761055,329.31823027761055
29,165,329.31823027761055,329.31823027761055
29,166,329.31823027761055,329.31823027761055
29,167,329.31823027761055,329.31823027761055
29,168,329.31823027761055,329.31823027761055
29,169,329.31823027761055,329.31823027761055
29,170,329.31823027761055,329.31823027761055
29,171,329.31823027761055,329.31823027761055
29,172,329.31823027761055,329.31823027761055
29,173,329.31823027761055,329.31823027761055
29,174,329.31823027761055,329.31823027761055
29,175,329.31823027761055,329.31823027761055
29,176,329.31823027761055,329.31823027761055
29,177,329.31823027761055,329.31823027761055
29,178,329.31823027761055,329.31823027761055
29,179,329.31823027761055,329.31823027761055
29,180,329.31823027761055,329.31823027761055
29,181,329.31823027761055,329.31823027761055
29,182,329.31823027761055,329.31823027761055
29,183,329.31823027761055,329.31823027761055
29,184,329.31823027761055,329.31823027761055
29,185,329.31823027761055,329.31823027761055
29,186,329.31823027761055,329.31823027761055
29,187,329.31823027761055,329.31823027761055
29,188,329.31823027761055,329.31823027761055
29,189,329.31823027761055,329.31823027761055
29,190,329.31823027761055,329.31823027761055
29,191,329.31823027761055,329.31823027761055
29,192,329.31823027761055,329.31823027761055
29,193,329.31823027761055,329.31823027761055
29,194,329.31823027761055,329.31823027761055
29,195,329.31823027761055,329.31823027761055
29,196,329.31823027761055,329.31823027761055
29,197,329.31823027761055,329.31823027761055
29,198,329.31823027761055,329.31823027761055
29,199,329.31823027761055,329.31823027761055
29,200,329.31823027761055,329.31823027761055
29,201,329.31823027761055,329.31823027761055
29,202,329.31823027761055,329.31823027761055
29,203,329.31823027761055,329.31823027761055
29,204,329.31823027761055,329.31823027761055
29,205,329.31823027761055,329.31823027761055
29,206,329.31823027761055,329.31823027761055
29,207,329.31823027761055,329.31823027761055
29,208,329.31823027761055,329.31823027761055
29,209,329.31823027761055,329.31823027761055
29,210,329.31823027761055,329.31823027761055
29,211,329.31823027761055,329.31823027761055
29,212,329.31823027761055,329.31823027761055
29,213,329.31823027761055,329.31823027761055
29,214,329.31823027761055,329.31823027761055
29,215,329.31823027761055,329.31823027761055
29,216,329.31823027761055,329.31823027761055
29,217,329.31823027761055,329.31823027761055
29,218,329.31823027761055,329.31823027761055
29,219,329.31823027761055,329.31823027761055
29,220,329.31823027761055,329.31823027761055
29,221,329.31823027761055,329.31823027761055
29,222,329.31823027761055,329.31823027761055
29,223,329.31823027761055,329.31823027761055
29,224,329.31823027761055,329.31823027761055
29,225,329.31823027761055,329.31823027761055
29,226,329.31823027761055,329.31823027761055
29,227,329.31823027761055,329.31823027761055
29,228,329.31823027761055,329.31823027761055
29,229,329.31823027761055,329.31823027761055
29,230,329.31823027761055,329.31823027761055
29,231,329.31823027761055,329.31823027761055
29,232,329.31823027761055,329.31823027761055
29,233,329.31823027761055,329.31823027761055
29,234,329.31823027761055,329.31823027761055
29,235,329.31823027761055,329.31823027761055
29,236,329.31823027761055,329.31823027761055
29,237,329.31823027761055,329.31823027761055
29,238,329.31823027761055,329.31823027761055
29,239,329.31823027761055,329.31823027761055
29,240,329.31823027761055,329.31823027761055
29,241,329.31823027761055,329.31823027761055
29,242,329.31823027761055,329.31823027761055
29,243,329.31823027761055,329.31823027761055
29,244,329.31823027761055,329.31823027761055
29,245,329.31823027761055,329.31823027761055
29,246,329.31823027761055,329.31823027761055
29,247,329.31823027761055,329.31823027761055
29,248,329.31823027761055,329.31823027761055
29,249,329.31823027761055,329.31823027761055
29,250,329.31823027761055,329.31823027761055
29,251,329.31823027761055,329.31823027761055
29,252,329.31823027761055,329.31823027761055
29,253,329.31823027761055,329.31823027761055
29,254,329.31823027761055,329.31823027761055
29,255,329.31823027761055,329.31823027761055
29,256,329.31823027761055,329.31823027761055
29,257,329.31823027761055,329.31823027761055
29,258,329.31823027761055,329.31823027761055
29,259,329.31823027761055,329.31823027761055
29,260,329.31823027761055,329.31823027761055
29,261,329.31823027761055,329.31823027761055
29,262,329.31823027761055,329.31823027761055
29,263,329.31823027761055,329.31823027761055
29,264,329.31823027761055,329.31823027761055
29,265,329.31823027761055,329.31823027761055
29,266,329.31823027761055,329.31823027761055
29,267,329.31823027761055,329.31823027761055
29,268,329.31823027761055,329.31823027761055
29,269,329.31823027761055,329.31823027761055
29,270,329.31823027761055,329.31823027761055
29,271,329.31823027761055,329.31823027761055
29,272,329.31823027761055,329.31823027761055
29,273,329.31823027761055,329.31823027761055
29,274,329.31823027761055,329.31823027761055
29,275,329.31823027761055,329.31823027761055
29,276,329.31823027761055,329.31823027761055
29,277,329.31823027761055,329.31823027761055
29,278,329.31823027761055,329.31823027761055
29,279,329.31823027761055,329.31823027761055
29,280,329.31823027761055,329.31823027761055
29,281,329.31823027761055,329.31823027761055
29,282,329.31823027761055,329.31823027761055
29,283,329.31823027761055,329.31823027761055
29,284,329.31823027761055,329.31823027761055
29,285,329.31823027761055,329.31823027761055
29,286,329.31823027761055,329.31823027761055
29,287,329.31823027761055,329.31823027761055
29,288,329.31823027761055,329.31823027761055
29,289,329.31823027761055,329.31823027761055
29,290,329.31823027761055,329.31823027761055
29,291,329.31823027761055,329.31823027761055
29,292,329.31823027761055,329.31823027761055
29,293,329.31823027761055,329.31823027761055
29,294,329.31823027761055,329.31823027761055
29,295,329.31823027761055,329.31823027761055
29,296,329.31823027761055,329.31823027761055
29,297,329.31823027761055,329.31823027761055
29,298,329.31823027761055,329.31823027761055
29,299,329.31823027761055,329.31823027761055
29,300,329.31823027761055,329.31823027761055
29,301,329.31823027761055,329.31823027761055
29,302,329.31823027761055,329.31823027761055
29,303,329.31823027761055,329.31823027761055
29,304,329.31823027761055,329.31823027761055
29,305,329.31823027761055,329.31823027761055
29,306,329.31823027761055,329.31823027761055
29,307,329.31823027761055,329.31823027761055
29,308,329.31823027761055,329.31823027761055
29,309,329.31823027761055,329.31823027761055
29,310,329.31823027761055,329.31823027761055
29,311,329.31823027761055,329.31823027761055
29,312,329.31823027761055,329.31823027761055
29,313,329.31823027761055,329.31823027761055
29,314,329.31823027761055,329.31823027761055
29,315,329.31823027761055,329.31823027761055
29,316,329.31823027761055,329.31823027761055
29,317,329.31823027761055,329.31823027761055
29,318,329.31823027761055,329.31823027761055
29,319,329.31823027761055,329.31823027761055
29,320,329.31823027761055,329.31823027761055
29,321,329.31823027761055,329.31823027761055
29,322,329.31823027761055,329.31823027761055
29,323,329.31823027761055,329.31823027761055
29,324,329.31823027761055,329.31823027761055
29,325,329.31823027761055,329.31823027761055
29,326,329.31823027761055,329.31823027761055
29,327,329.31823027761055,329.31823027761055
29,328,329.31823027761055,329.31823027761055
29,329,329.31823027761055,329.31823027761055
29,330,329.31823027761055,329.31823027761055
29,331,329.31823027761055,329.31823027761055
29,332,329.31823027761055,329.31823027761055
29,333,329.31823027761055,329.31823027761055
29,334,329.31823027761055,329.31823027761055
29,335,329.31823027761055,329.31823027761055
29,336,329.31823027761055,329.31823027761055
29,337,329.31823027761055,329.31823027761055
29,338,329.31823027761055,329.31823027761055
29,339,329.31823027761055,329.31823027761055
29,340,329.31823027761055,329.31823027761055
29,341,329.31823027761055,329.31823027761055
29,342,329.31823027761055,329.31823027761055
29,343,329.31823027761055,329.31823027761055
29,344,329.31823027761055,329.31823027761055
29,345,329.31823027761055,329.31823027761055
29,346,329.31823027761055,329.31823027761055
29,347,329.31823027761055,329.31823027761055
29,348,329.31823027761055,329.31823027761055
29,349,329.31823027761055,329.31823027761055
29,350,329.31823027761055,329.31823027761055
29,351,329.31823027761055,329.31823027761055
29,352,329.31823027761055,329.31823027761055
29,353,329.31823027761055,329.31823027761055
29,354,329.31823027761055,329.31823027761055
29,355,329.31823027761055,329.31823027761055
29,356,329.31823027761055,329.31823027761055
29,357,329.31823027761055,329.31823027761055
29,358,329.31823027761055,329.31823027761055
29,359,329.31823027761055,329.31823027761055
29,360,329.31823027761055,329.31823027761055
29,361,329.31823027761055,329.31823027761055
29,362,329.31823027761055,329.31823027761055
29,363,329.31823027761055,329.31823027761055
29,364,329.31823027761055,329.31823027761055
29,365,329.31823027761055,329.31823027761055
29,366,329.31823027761055,329.31823027761055
29,367,329.31823027761055,329.31823027761055
29,368,329.31823027761055,329.31823027761055
29,369,329.31823027761055,329.31823027761055
29,370,329.31823027761055,329.31823027761055
29,371,329.31823027761055,329.31823027761055
29,372,329.31823027761055,329.31823027761055
29,373,329.31823027761055,329.31823027761055
29,374,329.31823027761055,329.31823027761055
29,375,329.31823027761055,329.31823027761055
29,376,329.31823027761055,329.31823027761055
29,377,329.31823027761055,329.31823027761055
29,378,329.31823027761055,329.31823027761055
29,379,329.31823027761055,329.31823027761055
29,380,329.31823027761055,329.31823027761055
29,381,329.31823027761055,329.31823027761055
29,382,329.31823027761055,329.31823027761055
29,383,329.31823027761055,329.31823027761055
29,384,329.31823027761055,329.31823027761055
29,385,329.31823027761055,329.31823027761055
29,386,329.31823027761055,329.31823027761055
29,387,329.31823027761055,329.31823027761055
29,388,329.31823027761055,329.31823027761055
29,389,329.31823027761055,329.31823027761055
29,390,329.31823027761055,329.31823027761055
29,391,329.31823027761055,329.31823027761055
29,392,329.31823027761055,329.31823027761055
29,393,329.31823027761055,329.31823027761055
29,394,329.31823027761055,329.31823027761055
29,395,329.31823027761055,329.31823027761055
29,396,329.31823027761055,329.31823027761055
29,397,329.31823027761055,329.31823027761055
29,398,329.31823027761055,329.31823027761055
29,399,329.31823027761055,329.31823027761055
29,400,329.31823027761055,329.31823027761055
29,401,329.31823027761055,329.31823027761055
29,402,329.31823027761055,329.31823027761055
29,403,329.31823027761055,329.31823027761055
29,404,329.31823027761055,329.31823027761055
29,405,329.31823027761055,329.31823027761055
29,406,329.31823027761055,329.31823027761055
29,407,329.31823027761055,329.31823027761055
29,408,329.31823027761055,329.31823027761055
29,409,329.31823027761055,329.31823027761055
29,410,329.31823027761055,329.31823027761055
29,411,329.31823027761055,329.31823027761055
29,412,329.31823027761055,329.31823027761055
29,413,329.31823027761055,329.31823027761055
29,414,329.31823027761055,329.31823027761055
29,415,329.31823027761055,329.31823027761055
29,416,329.31823027761055,329.31823027761055
29,417,329.31823027761055,329.31823027761055
29,418,329.31823027761055,329.31823027761055
29,419,329.31823027761055,329.31823027761055
29,420,329.31823027761055,329.31823027761055
29,421,329.31823027761055,329.31823027761055
29,422,329.31823027761055,329.31823027761055
29,423,329.31823027761055,329.31823027761055
29,424,329.31823027761055,329.31823027761055
29,425,329.31823027761055,329.31823027761055
29,426,329.31823027761055,329.31823027761055
29,427,329.31823027761055,329.31823027761055
29,428,329.31823027761055,329.31823027761055
29,429,329.31823027761055,329.31823027761055
29,430,329.31823027761055,329.31823027761055
29,431,329.31823027761055,329.31823027761055
29,432,329.31823027761055,329.31823027761055
29,433,329.31823027761055,329.31823027761055
29,434,329.31823027761055,329.31823027761055
29,435,329.31823027761055,329.31823027761055
29,436,329.31823027761055,329.31823027761055
29,437,329.31823027761055,329.31823027761055
29,438,329.31823027761055,329.31823027761055
29,439,329.31823027761055,329.31823027761055
29,440,329.31823027761055,329.31823027761055
29,441,329.31823027761055,329.31823027761055
29,442,329.31823027761055,329.31823027761055
29,443,329.31823027761055,329.31823027761055
29,444,329.31823027761055,329.31823027761055
29,445,329.31823027761055,329.31823027761055
29,446,329.31823027761055,329.31823027761055
29,447,329.31823027761055,329.31823027761055
29,448,329.31823027761055,329.31823027761055
29,449,329.31823027761055,329.31823027761055
29,450,329.31823027761055,329.31823027761055
29,451,329.31823027761055,329.31823027761055
29,452,329.31823027761055,329.31823027761055
29,453,329.31823027761055,329.31823027761055
29,454,329.31823027761055,329.31823027761055
29,455,329.31823027761055,329.31823027761055
29,456,329.31823027761055,329.31823027761055
29,457,329.31823027761055,329.31823027761055
29,458,329.31823027761055,329.31823027761055
29,459,329.31823027761055,329.31823027761055
29,460,329.31823027761055,329.31823027761055
29,461,329.31823027761055,329.31823027761055
29,462,329.31823027761055,329.31823027761055
29,463,329.31823027761055,329.31823027761055
29,464,329.31823027761055,329.31823027761055
29,465,329.31823027761055,329.31823027761055
29,466,329.31823027761055,329.31823027761055
29,467,329.31823027761055,329.31823027761055
29,468,329.31823027761055,329.31823027761055
29,469,329.31823027761055,329.31823027761055
29,470,329.31823027761055,329.31823027761055
29,471,329.31823027761055,329.31823027761055
29,472,329.31823027761055,329.31823027761055
29,473,329.31823027761055,329.31823027761055
29,474,329.31823027761055,329.31823027761055
29,475,329.31823027761055,329.31823027761055
29,476,329.31823027761055,329.31823027761055
29,477,329.31823027761055,329.31823027761055
29,478,329.31823027761055,329.31823027761055
29,479,329.31823027761055,329.31823027761055
29,480,329.31823027761055,329.31823027761055
29,481,329.31823027761055,329.31823027761055
29,482,329.31823027761055,329.31823027761055
29,483,329.31823027761055,329.31823027761055
29,484,329.31823027761055,329.31823027761055
29,485,329.31823027761055,329.31823027761055
29,486,329.31823027761055,329.31823027761055
29,487,329.31823027761055,329.31823027761055
29,488,329.31823027761055,329.31823027761055
29,489,329.31823027761055,329.31823027761055
29,490,329.31823027761055,329.31823027761055
29,491,329.31823027761055,329.31823027761055
29,492,329.31823027761055,329.31823027761055
29,493,329.31823027761055,329.31823027761055
29,494,329.31823027761055,329.31823027761055
29,495,329.31823027761055,329.31823027761055
29,496,329.31823027761055,329.31823027761055
29,497,329.31823027761055,329.31823027761055
29,498,329.31823027761055,329.31823027761055
29,499,329.31823027761055,329.31823027761055
29,500,329.31823027761055,329.31823027761055
30,0,424.08561564197925,424.08561564197925
30,1,422.823600762236,422.823600762236
30,2,386.4591283369422,386.4591283369422
30,3,377.549640596976,377.549640596976
30,4,377.549640596976,377.549640596976
30,5,377.549640596976,377.549640596976
30,6,361.8209800464742,361.8209800464742
30,7,352.0669900512732,352.0669900512732
30,8,329.31823027761055,329.31823027761055
30,9,329.31823027761055,329.31823027761055
30,10,329.31823027761055,329.31823027761055
30,11,329.31823027761055,329.31823027761055
30,12,329.31823027761055,329.31823027761055
30,13,329.31823027761055,329.31823027761055
30,14,329.31823027761055,329.31823027761055
30,15,329.31823027761055,329.31823027761055
30,16,329.31823027761055,329.31823027761055
30,17,329.31823027761055,329.31823027761055
30,18,329.31823027761055,329.31823027761055
30,19,329.31823027761055,329.31823027761055
30,20,329.31823027761055,329.31823027761055
30,21,329.31823027761055,329.31823027761055
30,22,329.31823027761055,329.31823027761055
30,23,329.31823027761055,329.31823027761055
30,24,329.31823027761055,329.31823027761055
30,25,329.31823027761055,329.31823027761055
30,26,329.31823027761055,329.31823027761055
30,27,329.31823027761055,329.31823027761055
30,28,329.31823027761055,329.31823027761055
30,29,329.31823027761055,329.31823027761055
30,30,329.31823027761055,329.31823027761055
30,31,329.31823027761055,329.31823027761055
30,32,329.31823027761055,329.31823027761055
30,33,329.31823027761055,329.31823027761055
30,34,329.31823027761055,329.31823027761055
30,35,329.31823027761055,329.31823027761055
30,36,329.31823027761055,329.31823027761055
30,37,329.31823027761055,329.31823027761055
30,38,329.31823027761055,329.31823027761055
30,39,329.31823027761055,329.31823027761055
30,40,329.31823027761055,329.31823027761055
30,41,329.31823027761055,329.31823027761055
30,42,329.31823027761055,329.31823027761055
30,43,329.31823027761055,329.31823027761055
30,44,329.31823027761055,329.31823027761055
30,45,329.31823027761055,329.31823027761055
30,46,329.31823027761055,329.31823027761055
30,47,329.31823027761055,329.31823027761055
30,48,329.31823027761055,329.31823027761055
30,49,329.31823027761055,329.31823027761055
30,50,329.31823027761055,329.31823027761055
30,51,329.31823027761055,329.31823027761055
30,52,329.31823027761055,329.31823027761055
30,53,329.31823027761055,329.31823027761055
30,54,329.31823027761055,329.31823027761055
30,55,329.31823027761055,329.31823027761055
30,56,329.31823027761055,329.31823027761055
30,57,329.31823027761055,329.31823027761055
30,58,329.31823027761055,329.31823027761055
30,59,329.31823027761055,329.31823027761055
30,60,329.31823027761055,329.31823027761055
30,61,329.31823027761055,329.31823027761055
30,62,329.31823027761055,329.31823027761055
30,63,329.31823027761055,329.31823027761055
30,64,329.31823027761055,329.31823027761055
30,65,329.31823027761055,329.31823027761055
30,66,329.31823027761055,329.31823027761055
30,67,329.31823027761055,329.31823027761055
30,68,329.31823027761055,329.31823027761055
30,69,329.31823027761055,329.31823027761055
30,70,329.31823027761055,329.31823027761055
30,71,329.31823027761055,329.31823027761055
30,72,329.31823027761055,329.31823027761055
30,73,329.31823027761055,329.31823027761055
30,74,329.31823027761055,329.31823027761055
30,75,329.31823027761055,329.31823027761055
30,76,329.31823027761055,329.31823027761055
30,77,329.31823027761055,329.31823027761055
30,78,329.31823027761055,329.31823027761055
30,79,329.31823027761055,329.31823027761055
30,80,329.31823027761055,329.31823027761055
30,81,329.31823027761055,329.31823027761055
30,82,329.31823027761055,329.31823027761055
30,83,329.31823027761055,329.31823027761055
30,84,329.31823027761055,329.31823027761055
30,85,329.31823027761055,329.31823027761055
30,86,329.31823027761055,329.31823027761055
30,87,329.31823027761055,329.31823027761055
30,88,329.31823027761055,329.31823027761055
30,89,329.31823027761055,329.31823027761055
30,90,329.31823027761055,329.31823027761055
30,91,329.31823027761055,329.31823027761055
30,92,329.31823027761055,329.31823027761055
30,93,329.31823027761055,329.31823027761055
30,94,329.31823027761055,329.31823027761055
30,95,329.31823027761055,329.31823027761055
30,96,329.31823027761055,329.31823027761055
30,97,329.31823027761055,329.31823027761055
30,98,329.31823027761055,329.31823027761055
30,99,329.31823027761055,329.31823027761055
30,100,329.31823027761055,329.31823027761055
30,101,329.31823027761055,329.31823027761055
30,102,329.31823027761055,329.31823027761055
30,103,329.31823027761055,329.31823027761055
30,104,329.31823027761055,329.31823027761055
30,105,329.31823027761055,329.31823027761055
30,106,329.31823027761055,329.31823027761055
30,107,329.31823027761055,329.31823027761055
30,108,329.31823027761055,329.31823027761055
30,109,329.31823027761055,329.31823027761055
30,110,329.31823027761055,329.31823027761055
30,111,329.31823027761055,329.31823027761055
30,112,329.31823027761055,329.31823027761055
30,113,329.31823027761055,329.31823027761055
30,114,329.31823027761055,329.31823027761055
30,115,329.31823027761055,329.31823027761055
30,116,329.31823027761055,329.31823027761055
30,117,329.31823027761055,329.31823027761055
30,118,329.31823027761055,329.31823027761055
30,119,329.31823027761055,329.31823027761055
30,120,329.31823027761055,329.31823027761055
30,121,329.31823027761055,329.31823027761055
30,122,329.31823027761055,329.31823027761055
30,123,329.31823027761055,329.31823027761055
30,124,329.31823027761055,329.31823027761055
30,125,329.31823027761055,329.31823027761055
30,126,329.31823027761055,329.31823027761055
30,127,329.31823027761055,329.31823027761055
30,128,329.31823027761055,329.31823027761055
30,129,329.31823027761055,329.31823027761055
30,130,329.31823027761055,329.31823027761055
30,131,329.31823027761055,329.31823027761055
30,132,329.31823027761055,329.31823027761055
30,133,329.31823027761055,329.31823027761055
30,134,329.31823027761055,329.31823027761055
30,135,329.31823027761055,329.31823027761055
30,136,329.31823027761055,329.31823027761055
30,137,329.31823027761055,329.31823027761055
30,138,329.31823027761055,329.31823027761055
30,139,329.31823027761055,329.31823027761055
30,140,329.31823027761055,329.31823027761055
30,141,329.31823027761055,329.31823027761055
30,142,329.31823027761055,329.31823027761055
30,143,329.31823027761055,329.31823027761055
30,144,329.31823027761055,329.31823027761055
30,145,329.31823027761055,329.31823027761055
30,146,329.31823027761055,329.31823027761055
30,147,329.31823027761055,329.31823027761055
30,148,329.31823027761055,329.31823027761055
30,149,329.31823027761055,329.31823027761055
30,150,329.31823027761055,329.31823027761055
30,151,329.31823027761055,329.31823027761055
30,152,329.31823027761055,329.31823027761055
30,153,329.31823027761055,329.31823027761055
30,154,329.31823027761055,329.31823027761055
30,155,329.31823027761055,329.31823027761055
30,156,329.31823027761055,329.31823027761055
30,157,329.31823027761055,329.31823027761055
30,158,329.31823027761055,329.31823027761055
30,159,329.31823027761055,329.31823027761055
30,160,329.31823027761055,329.31823027761055
30,161,329.31823027761055,329.31823027761055
30,162,329.31823027761055,329.31823027761055
30,163,329.31823027761055,329.31823027761055
30,164,329.31823027761055,329.31823027761055
30,165,329.31823027761055,329.31823027761055
30,166,329.31823027761055,329.31823027761055
30,167,329.31823027761055,329.31823027761055
30,168,329.31823027761055,329.31823027761055
30,169,329.31823027761055,329.31823027761055
30,170,329.31823027761055,329.31823027761055
30,171,329.31823027761055,329.31823027761055
30,172,329.31823027761055,329.31823027761055
30,173,329.31823027761055,329.31823027761055
30,174,329.31823027761055,329.31823027761055
30,175,329.31823027761055,329.31823027761055
30,176,329.31823027761055,329.31823027761055
30,177,329.31823027761055,329.31823027761055
30,178,329.31823027761055,329.31823027761055
30,179,329.31823027761055,329.31823027761055
30,180,329.31823027761055,329.31823027761055
30,181,329.31823027761055,329.31823027761055
30,182,329.31823027761055,329.31823027761055
30,183,329.31823027761055,329.31823027761055
30,184,329.31823027761055,329.31823027761055
30,185,329.31823027761055,329.31823027761055
30,186,329.31823027761055,329.31823027761055
30,187,329.31823027761055,329.31823027761055
30,188,329.31823027761055,329.31823027761055
30,189,329.31823027761055,329.31823027761055
30,190,329.31823027761055,329.31823027761055
30,191,329.31823027761055,329.31823027761055
30,192,329.31823027761055,329.31823027761055
30,193,329.31823027761055,329.31823027761055
30,194,329.31823027761055,329.31823027761055
30,195,329.31823027761055,329.31823027761055
30,196,329.31823027761055,329.31823027761055
30,197,329.31823027761055,329.31823027761055
30,198,329.31823027761055,329.31823027761055
30,199,329.31823027761055,329.31823027761055
30,200,329.31823027761055,329.31823027761055
30,201,329.31823027761055,329.31823027761055
30,202,329.31823027761055,329.31823027761055
30,203,329.31823027761055,329.31823027761055
30,204,329.31823027761055,329.31823027761055
30,205,329.31823027761055,329.31823027761055
30,206,329.31823027761055,329.31823027761055
30,207,329.31823027761055,329.31823027761055
30,208,329.31823027761055,329.31823027761055
30,209,329.31823027761055,329.31823027761055
30,210,329.31823027761055,329.31823027761055
30,211,329.31823027761055,329.31823027761055
30,212,329.31823027761055,329.31823027761055
30,213,329.31823027761055,329.31823027761055
30,214,329.31823027761055,329.31823027761055
30,215,329.31823027761055,329.31823027761055
30,216,329.31823027761055,329.31823027761055
30,217,329.31823027761055,329.31823027761055
30,218,329.31823027761055,329.31823027761055
30,219,329.31823027761055,329.31823027761055
30,220,329.31823027761055,329.31823027761055
30,221,329.31823027761055,329.31823027761055
30,222,329.31823027761055,329.31823027761055
30,223,329.31823027761055,329.31823027761055
30,224,329.31823027761055,329.31823027761055
30,225,329.31823027761055,329.31823027761055
30,226,329.31823027761055,329.31823027761055
30,227,329.31823027761055,329.31823027761055
30,228,329.31823027761055,329.31823027761055
30,229,329.31823027761055,329.31823027761055
30,230,329.31823027761055,329.31823027761055
30,231,329.31823027761055,329.31823027761055
30,232,329.31823027761055,329.31823027761055
30,233,329.31823027761055,329.31823027761055
30,234,329.31823027761055,329.31823027761055
30,235,329.31823027761055,329.31823027761055
30,236,329.31823027761055,329.31823027761055
30,237,329.31823027761055,329.31823027761055
30,238,329.31823027761055,329.31823027761055
30,239,329.31823027761055,329.31823027761055
30,240,329.31823027761055,329.31823027761055
30,241,329.31823027761055,329.31823027761055
30,242,329.31823027761055,329.31823027761055
30,243,329.31823027761055,329.31823027761055
30,244,329.31823027761055,329.31823027761055
30,245,329.31823027761055,329.31823027761055
30,246,329.31823027761055,329.31823027761055
30,247,329.31823027761055,329.31823027761055
30,248,329.31823027761055,329.31823027761055
30,249,329.31823027761055,329.31823027761055
30,250,329.31823027761055,329.31823027761055
30,251,329.31823027761055,329.31823027761055
30,252,329.31823027761055,329.31823027761055
30,253,329.31823027761055,329.31823027761055
30,254,329.31823027761055,329.31823027761055
30,255,329.31823027761055,329.31823027761055
30,256,329.31823027761055,329.31823027761055
30,257,329.31823027761055,329.31823027761055
30,258,329.31823027761055,329.31823027761055
30,259,329.31823027761055,329.31823027761055
30,260,329.31823027761055,329.31823027761055
30,261,329.31823027761055,329.31823027761055
30,262,329.31823027761055,329.31823027761055
30,263,329.31823027761055,329.31823027761055
30,264,329.31823027761055,329.31823027761055
30,265,329.31823027761055,329.31823027761055
30,266,329.31823027761055,329.31823027761055
30,267,329.31823027761055,329.31823027761055
30,268,329.31823027761055,329.31823027761055
30,269,329.31823027761055,329.31823027761055
30,270,329.31823027761055,329.31823027761055
30,271,329.31823027761055,329.31823027761055
30,272,329.31823027761055,329.31823027761055
30,273,329.31823027761055,329.31823027761055
30,274,329.31823027761055,329.31823027761055
30,275,329.31823027761055,329.31823027761055
30,276,329.31823027761055,329.31823027761055
30,277,329.31823027761055,329.31823027761055
30,278,329.31823027761055,329.31823027761055
30,279,329.31823027761055,329.31823027761055
30,280,329.31823027761055,329.31823027761055
30,281,329.31823027761055,329.31823027761055
30,282,329.31823027761055,329.31823027761055
30,283,329.31823027761055,329.31823027761055
30,284,329.31823027761055,329.31823027761055
30,285,329.31823027761055,329.31823027761055
30,286,329.31823027761055,329.31823027761055
30,287,329.31823027761055,329.31823027761055
30,288,329.31823027761055,329.31823027761055
30,289,329.31823027761055,329.31823027761055
30,290,329.31823027761055,329.31823027761055
30,291,329.31823027761055,329.31823027761055
30,292,329.31823027761055,329.31823027761055
30,293,329.31823027761055,329.31823027761055
30,294,329.31823027761055,329.31823027761055
30,295,329.31823027761055,329.31823027761055
30,296,329.31823027761055,329.31823027761055
30,297,329.31823027761055,329.31823027761055
30,298,329.31823027761055,329.31823027761055
30,299,329.31823027761055,329.31823027761055
30,300,329.31823027761055,329.31823027761055
30,301,329.31823027761055,329.31823027761055
30,302,329.31823027761055,329.31823027761055
30,303,329.31823027761055,329.31823027761055
30,304,329.31823027761055,329.31823027761055
30,305,329.31823027761055,329.31823027761055
30,306,329.31823027761055,329.31823027761055
30,307,329.31823027761055,329.31823027761055
30,308,329.31823027761055,329.31823027761055
30,309,329.31823027761055,329.31823027761055
30,310,329.31823027761055,329.31823027761055
30,311,329.31823027761055,329.31823027761055
30,312,329.31823027761055,329.31823027761055
30,313,329.31823027761055,329.31823027761055
30,314,329.31823027761055,329.31823027761055
30,315,329.31823027761055,329.31823027761055
30,316,329.31823027761055,329.31823027761055
30,317,329.31823027761055,329.31823027761055
30,318,329.31823027761055,329.31823027761055
30,319,329.31823027761055,329.31823027761055
30,320,329.31823027761055,329.31823027761055
30,321,329.31823027761055,329.31823027761055
30,322,329.31823027761055,329.31823027761055
30,323,329.31823027761055,329.31823027761055
30,324,329.31823027761055,329.31823027761055
30,325,329.31823027761055,329.31823027761055
30,326,329.31823027761055,329.31823027761055
30,327,329.31823027761055,329.31823027761055
30,328,329.31823027761055,329.31823027761055
30,329,329.31823027761055,329.31823027761055
30,330,329.31823027761055,329.31823027761055
30,331,329.31823027761055,329.31823027761055
30,332,329.31823027761055,329.31823027761055
30,333,329.31823027761055,329.31823027761055
30,334,329.31823027761055,329.31823027761055
30,335,329.31823027761055,329.31823027761055
30,336,329.31823027761055,329.31823027761055
30,337,329.31823027761055,329.31823027761055
30,338,329.31823027761055,329.31823027761055
30,339,329.31823027761055,329.31823027761055
30,340,329.31823027761055,329.31823027761055
30,341,329.31823027761055,329.31823027761055
30,342,329.31823027761055,329.31823027761055
30,343,329.31823027761055,329.31823027761055
30,344,329.31823027761055,329.31823027761055
30,345,329.31823027761055,329.31823027761055
30,346,329.31823027761055,329.31823027761055
30,347,329.31823027761055,329.31823027761055
30,348,329.31823027761055,329.31823027761055
30,349,329.31823027761055,329.31823027761055
30,350,329.31823027761055,329.31823027761055
30,351,329.31823027761055,329.31823027761055
30,352,329.31823027761055,329.31823027761055
30,353,329.31823027761055,329.31823027761055
30,354,329.31823027761055,329.31823027761055
30,355,329.31823027761055,329.31823027761055
30,356,329.31823027761055,329.31823027761055
30,357,329.31823027761055,329.31823027761055
30,358,329.31823027761055,329.31823027761055
30,359,329.31823027761055,329.31823027761055
30,360,329.31823027761055,329.31823027761055
30,361,329.31823027761055,329.31823027761055
30,362,329.31823027761055,329.31823027761055
30,363,329.31823027761055,329.31823027761055
30,364,329.31823027761055,329.31823027761055
30,365,329.31823027761055,329.31823027761055
30,366,329.31823027761055,329.31823027761055
30,367,329.31823027761055,329.31823027761055
30,368,329.31823027761055,329.31823027761055
30,369,329.31823027761055,329.31823027761055
30,370,329.31823027761055,329.31823027761055
30,371,329.31823027761055,329.31823027761055
30,372,329.31823027761055,329.31823027761055
30,373,329.31823027761055,329.31823027761055
30,374,329.31823027761055,329.31823027761055
30,375,329.31823027761055,329.31823027761055
30,376,329.31823027761055,329.31823027761055
30,377,329.31823027761055,329.31823027761055
30,378,329.31823027761055,329.31823027761055
30,379,329.31823027761055,329.31823027761055
30,380,329.31823027761055,329.31823027761055
30,381,329.31823027761055,329.31823027761055
30,382,329.31823027761055,329.31823027761055
30,383,329.31823027761055,329.31823027761055
30,384,329.31823027761055,329.31823027761055
30,385,329.31823027761055,329.31823027761055
30,386,329.31823027761055,329.31823027761055
30,387,329.31823027761055,329.31823027761055
30,388,329.31823027761055,329.31823027761055
30,389,329.31823027761055,329.31823027761055
30,390,329.31823027761055,329.31823027761055
30,391,329.31823027761055,329.31823027761055
30,392,329.31823027761055,329.31823027761055
30,393,329.31823027761055,329.31823027761055
30,394,329.31823027761055,329.31823027761055
30,395,329.31823027761055,329.31823027761055
30,396,329.31823027761055,329.31823027761055
30,397,329.31823027761055,329.31823027761055
30,398,329.31823027761055,329.31823027761055
30,399,329.31823027761055,329.31823027761055
30,400,329.31823027761055,329.31823027761055
30,401,329.31823027761055,329.31823027761055
30,402,329.31823027761055,329.31823027761055
30,403,329.31823027761055,329.31823027761055
30,404,329.31823027761055,329.31823027761055
30,405,329.31823027761055,329.31823027761055
30,406,329.31823027761055,329.31823027761055
30,407,329.31823027761055,329.31823027761055
30,408,329.31823027761055,329.31823027761055
30,409,329.31823027761055,329.31823027761055
30,410,329.31823027761055,329.31823027761055
30,411,329.31823027761055,329.31823027761055
30,412,329.31823027761055,329.31823027761055
30,413,329.31823027761055,329.31823027761055
30,414,329.31823027761055,329.31823027761055
30,415,329.31823027761055,329.31823027761055
30,416,329.31823027761055,329.31823027761055
30,417,329.31823027761055,329.31823027761055
30,418,329.31823027761055,329.31823027761055
30,419,329.31823027761055,329.31823027761055
30,420,329.31823027761055,329.31823027761055
30,421,329.31823027761055,329.31823027761055
30,422,329.31823027761055,329.31823027761055
30,423,329.31823027761055,329.31823027761055
30,424,329.31823027761055,329.31823027761055
30,425,329.31823027761055,329.31823027761055
30,426,329.31823027761055,329.31823027761055
30,427,329.31823027761055,329.31823027761055
30,428,329.31823027761055,329.31823027761055
30,429,329.31823027761055,329.31823027761055
30,430,329.31823027761055,329.31823027761055
30,431,329.31823027761055,329.31823027761055
30,432,329.31823027761055,329.31823027761055
30,433,329.31823027761055,329.31823027761055
30,434,329.31823027761055,329.31823027761055
30,435,329.31823027761055,329.31823027761055
30,436,329.31823027761055,329.31823027761055
30,437,329.31823027761055,329.31823027761055
30,438,329.31823027761055,329.31823027761055
30,439,329.31823027761055,329.31823027761055
30,440,329.31823027761055,329.31823027761055
30,441,329.31823027761055,329.31823027761055
30,442,329.31823027761055,329.31823027761055
30,443,329.31823027761055,329.31823027761055
30,444,329.31823027761055,329.31823027761055
30,445,329.31823027761055,329.31823027761055
30,446,329.31823027761055,329.31823027761055
30,447,329.31823027761055,329.31823027761055
30,448,329.31823027761055,329.31823027761055
30,449,329.31823027761055,329.31823027761055
30,450,329.31823027761055,329.31823027761055
30,451,329.31823027761055,329.31823027761055
30,452,329.31823027761055,329.31823027761055
30,453,329.31823027761055,329.31823027761055
30,454,329.31823027761055,329.31823027761055
30,455,329.31823027761055,329.31823027761055
30,456,329.31823027761055,329.31823027761055
30,457,329.31823027761055,329.31823027761055
30,458,329.31823027761055,329.31823027761055
30,459,329.31823027761055,329.31823027761055
30,460,329.31823027761055,329.31823027761055
30,461,329.31823027761055,329.31823027761055
30,462,329.31823027761055,329.31823027761055
30,463,329.31823027761055,329.31823027761055
30,464,329.31823027761055,329.31823027761055
30,465,329.31823027761055,329.31823027761055
30,466,329.31823027761055,329.31823027761055
30,467,329.31823027761055,329.31823027761055
30,468,329.31823027761055,329.31823027761055
30,469,329.31823027761055,329.31823027761055
30,470,329.31823027761055,329.31823027761055
30,471,329.31823027761055,329.31823027761055
30,472,329.31823027761055,329.31823027761055
30,473,329.31823027761055,329.31823027761055
30,474,329.31823027761055,329.31823027761055
30,475,329.31823027761055,329.31823027761055
30,476,329.31823027761055,329.31823027761055
30,477,329.31823027761055,329.31823027761055
30,478,329.31823027761055,329.31823027761055
30,479,329.31823027761055,329.31823027761055
30,480,329.31823027761055,329.31823027761055
30,481,329.31823027761055,329.31823027761055
30,482,329.31823027761055,329.31823027761055
30,483,329.31823027761055,329.31823027761055
30,484,329.31823027761055,329.31823027761055
30,485,329.31823027761055,329.31823027761055
30,486,329.31823027761055,329.31823027761055
30,487,329.31823027761055,329.31823027761055
30,488,329.31823027761055,329.31823027761055
30,489,329.31823027761055,329.31823027761055
30,490,329.31823027761055,329.31823027761055
30,491,329.31823027761055,329.31823027761055
30,492,329.31823027761055,329.31823027761055
30,493,329.31823027761055,329.31823027761055
30,494,329.31823027761055,329.31823027761055
30,495,329.31823027761055,329.31823027761055
30,496,329.31823027761055,329.31823027761055
30,497,329.31823027761055,329.31823027761055
30,498,329.31823027761055,329.31823027761055
30,499,329.31823027761055,329.31823027761055
30,500,329.31823027761055,329.31823027761055
31,0,418.134648708594,418.134648708594
31,1,418.134648708594,418.134648708594
31,2,357.2669599125749,357.2669599125749
31,3,357.2669599125749,357.2669599125749
31,4,357.2669599125749,357.2669599125749
31,5,340.3797208992853,340.3797208992853
31,6,340.3797208992853,340.3797208992853
31,7,340.3797208992853,340.3797208992853
31,8,340.3797208992853,340.3797208992853
31,9,340.3797208992853,340.3797208992853
31,10,329.31823027761055,329.31823027761055
31,11,329.31823027761055,329.31823027761055
31,12,329.31823027761055,329.31823027761055
31,13,329.31823027761055,329.31823027761055
31,14,329.31823027761055,329.31823027761055
31,15,329.31823027761055,329.31823027761055
31,16,329.31823027761055,329.31823027761055
31,17,329.31823027761055,329.31823027761055
31,18,329.31823027761055,329.31823027761055
31,19,329.31823027761055,329.31823027761055
31,20,329.31823027761055,329.31823027761055
31,21,329.31823027761055,329.31823027761055
31,22,329.31823027761055,329.31823027761055
31,23,329.31823027761055,329.31823027761055
31,24,329.31823027761055,329.31823027761055
31,25,329.31823027761055,329.31823027761055
31,26,329.31823027761055,329.31823027761055
31,27,329.31823027761055,329.31823027761055
31,28,329.31823027761055,329.31823027761055
31,29,329.31823027761055,329.31823027761055
31,30,329.31823027761055,329.31823027761055
31,31,329.31823027761055,329.31823027761055
31,32,329.31823027761055,329.31823027761055
31,33,329.31823027761055,329.31823027761055
31,34,329.31823027761055,329.31823027761055
31,35,329.31823027761055,329.31823027761055
31,36,329.31823027761055,329.31823027761055
31,37,329.31823027761055,329.31823027761055
31,38,329.31823027761055,329.31823027761055
31,39,329.31823027761055,329.31823027761055
31,40,329.31823027761055,329.31823027761055
31,41,329.31823027761055,329.31823027761055
31,42,329.31823027761055,329.31823027761055
31,43,329.31823027761055,329.31823027761055
31,44,329.31823027761055,329.31823027761055
31,45,329.31823027761055,329.31823027761055
31,46,329.31823027761055,329.31823027761055
31,47,329.31823027761055,329.31823027761055
31,48,329.31823027761055,329.31823027761055
31,49,329.31823027761055,329.31823027761055
31,50,329.31823027761055,329.31823027761055
31,51,329.31823027761055,329.31823027761055
31,52,329.31823027761055,329.31823027761055
31,53,329.31823027761055,329.31823027761055
31,54,329.31823027761055,329.31823027761055
31,55,329.31823027761055,329.31823027761055
31,56,329.31823027761055,329.31823027761055
31,57,329.31823027761055,329.31823027761055
31,58,329.31823027761055,329.31823027761055
31,59,329.31823027761055,329.31823027761055
31,60,329.31823027761055,329.31823027761055
31,61,329.31823027761055,329.31823027761055
31,62,329.31823027761055,329.31823027761055
31,63,329.31823027761055,329.31823027761055
31,64,329.31823027761055,329.31823027761055
31,65,329.31823027761055,329.31823027761055
31,66,329.31823027761055,329.31823027761055
31,67,329.31823027761055,329.31823027761055
31,68,329.31823027761055,329.31823027761055
31,69,329.31823027761055,329.31823027761055
31,70,329.31823027761055,329.31823027761055
31,71,329.31823027761055,329.31823027761055
31,72,329.31823027761055,329.31823027761055
31,73,329.31823027761055,329.31823027761055
31,74,329.31823027761055,329.31823027761055
31,75,329.31823027761055,329.31823027761055
31,76,329.31823027761055,329.31823027761055
31,77,329.31823027761055,329.31823027761055
31,78,329.31823027761055,329.31823027761055
31,79,329.31823027761055,329.31823027761055
31,80,329.31823027761055,329.31823027761055
31,81,329.31823027761055,329.31823027761055
31,82,329.31823027761055,329.31823027761055
31,83,329.31823027761055,329.31823027761055
31,84,329.31823027761055,329.31823027761055
31,85,329.31823027761055,329.31823027761055
31,86,329.31823027761055,329.31823027761055
31,87,329.31823027761055,329.31823027761055
31,88,329.31823027761055,329.31823027761055
31,89,329.31823027761055,329.31823027761055
31,90,329.31823027761055,329.31823027761055
31,91,329.31823027761055,329.31823027761055
31,92,329.31823027761055,329.31823027761055
31,93,329.31823027761055,329.31823027761055
31,94,329.31823027761055,329.31823027761055
31,95,329.31823027761055,329.31823027761055
31,96,329.31823027761055,329.31823027761055
31,97,329.31823027761055,329.31823027761055
31,98,329.31823027761055,329.31823027761055
31,99,329.31823027761055,329.31823027761055
31,100,329.31823027761055,329.31823027761055
31,101,329.31823027761055,329.31823027761055
31,102,329.31823027761055,329.31823027761055
31,103,329.31823027761055,329.31823027761055
31,104,329.31823027761055,329.31823027761055
31,105,329.31823027761055,329.31823027761055
31,106,329.31823027761055,329.31823027761055
31,107,329.31823027761055,329.31823027761055
31,108,329.31823027761055,329.31823027761055
31,109,329.31823027761055,329.31823027761055
31,110,329.31823027761055,329.31823027761055
31,111,329.31823027761055,329.31823027761055
31,112,329.31823027761055,329.31823027761055
31,113,329.31823027761055,329.31823027761055
31,114,329.31823027761055,329.31823027761055
31,115,329.31823027761055,329.31823027761055
31,116,329.31823027761055,329.31823027761055
31,117,329.31823027761055,329.31823027761055
31,118,329.31823027761055,329.31823027761055
31,119,329.31823027761055,329.31823027761055
31,120,329.31823027761055,329.31823027761055
31,121,329.31823027761055,329.31823027761055
31,122,329.31823027761055,329.31823027761055
31,123,329.31823027761055,329.31823027761055
31,124,329.31823027761055,329.31823027761055
31,125,329.31823027761055,329.31823027761055
31,126,329.31823027761055,329.31823027761055
31,127,329.31823027761055,329.31823027761055
31,128,329.31823027761055,329.31823027761055
31,129,329.31823027761055,329.31823027761055
31,130,329.31823027761055,329.31823027761055
31,131,329.31823027761055,329.31823027761055
31,132,329.31823027761055,329.31823027761055
31,133,329.31823027761055,329.31823027761055
31,134,329.31823027761055,329.31823027761055
31,135,329.31823027761055,329.31823027761055
31,136,329.31823027761055,329.31823027761055
31,137,329.31823027761055,329.31823027761055
31,138,329.31823027761055,329.31823027761055
31,139,329.31823027761055,329.31823027761055
31,140,329.31823027761055,329.31823027761055
31,141,329.31823027761055,329.31823027761055
31,142,329.31823027761055,329.31823027761055
31,143,329.31823027761055,329.31823027761055
31,144,329.31823027761055,329.31823027761055
31,145,329.31823027761055,329.31823027761055
31,146,329.31823027761055,329.31823027761055
31,147,329.31823027761055,329.31823027761055
31,148,329.31823027761055,329.31823027761055
31,149,329.31823027761055,329.31823027761055
31,150,329.31823027761055,329.31823027761055
31,151,329.31823027761055,329.31823027761055
31,152,329.31823027761055,329.31823027761055
31,153,329.31823027761055,329.31823027761055
31,154,329.31823027761055,329.31823027761055
31,155,329.31823027761055,329.31823027761055
31,156,329.31823027761055,329.31823027761055
31,157,329.31823027761055,329.31823027761055
31,158,329.31823027761055,329.31823027761055
31,159,329.31823027761055,329.31823027761055
31,160,329.31823027761055,329.31823027761055
31,161,329.31823027761055,329.31823027761055
31,162,329.31823027761055,329.31823027761055
31,163,329.31823027761055,329.31823027761055
31,164,329.31823027761055,329.31823027761055
31,165,329.31823027761055,329.31823027761055
31,166,329.31823027761055,329.31823027761055
31,167,329.31823027761055,329.31823027761055
31,168,329.31823027761055,329.31823027761055
31,169,329.31823027761055,329.31823027761055
31,170,329.31823027761055,329.31823027761055
31,171,329.31823027761055,329.31823027761055
31,172,329.31823027761055,329.31823027761055
31,173,329.31823027761055,329.31823027761055
31,174,329.31823027761055,329.31823027761055
31,175,329.31823027761055,329.31823027761055
31,176,329.31823027761055,329.31823027761055
31,177,329.31823027761055,329.31823027761055
31,178,329.31823027761055,329.31823027761055
31,179,329.31823027761055,329.31823027761055
31,180,329.31823027761055,329.31823027761055
31,181,329.31823027761055,329.31823027761055
31,182,329.31823027761055,329.31823027761055
31,183,329.31823027761055,329.31823027761055
31,184,329.31823027761055,329.31823027761055
31,185,329.31823027761055,329.31823027761055
31,186,329.31823027761055,329.31823027761055
31,187,329.31823027761055,329.31823027761055
31,188,329.31823027761055,329.31823027761055
31,189,329.31823027761055,329.31823027761055
31,190,329.31823027761055,329.31823027761055
31,191,329.31823027761055,329.31823027761055
31,192,329.31823027761055,329.31823027761055
31,193,329.31823027761055,329.31823027761055
31,194,329.31823027761055,329.31823027761055
31,195,329.31823027761055,329.31823027761055
31,196,329.31823027761055,329.31823027761055
31,197,329.31823027761055,329.31823027761055
31,198,329.31823027761055,329.31823027761055
31,199,329.31823027761055,329.31823027761055
31,200,329.31823027761055,329.31823027761055
31,201,329.31823027761055,329.31823027761055
31,202,329.31823027761055,329.31823027761055
31,203,329.31823027761055,329.31823027761055
31,204,329.31823027761055,329.31823027761055
31,205,329.31823027761055,329.31823027761055
31,206,329.31823027761055,329.31823027761055
31,207,329.31823027761055,329.31823027761055
31,208,329.31823027761055,329.31823027761055
31,209,329.31823027761055,329.31823027761055
31,210,329.31823027761055,329.31823027761055
31,211,329.31823027761055,329.31823027761055
31,212,329.31823027761055,329.31823027761055
31,213,329.31823027761055,329.31823027761055
31,214,329.31823027761055,329.31823027761055
31,215,329.31823027761055,329.31823027761055
31,216,329.31823027761055,329.31823027761055
31,217,329.31823027761055,329.31823027761055
31,218,329.31823027761055,329.31823027761055
31,219,329.31823027761055,329.31823027761055
31,220,329.31823027761055,329.31823027761055
31,221,329.31823027761055,329.31823027761055
31,222,329.31823027761055,329.31823027761055
31,223,329.31823027761055,329.31823027761055
31,224,329.31823027761055,329.31823027761055
31,225,329.31823027761055,329.31823027761055
31,226,329.31823027761055,329.31823027761055
31,227,329.31823027761055,329.31823027761055
31,228,329.31823027761055,329.31823027761055
31,229,329.31823027761055,329.31823027761055
31,230,329.31823027761055,329.31823027761055
31,231,329.31823027761055,329.31823027761055
31,232,329.31823027761055,329.31823027761055
31,233,329.31823027761055,329.31823027761055
31,234,329.31823027761055,329.31823027761055
31,235,329.31823027761055,329.31823027761055
31,236,329.31823027761055,329.31823027761055
31,237,329.31823027761055,329.31823027761055
31,238,329.31823027761055,329.31823027761055
31,239,329.31823027761055,329.31823027761055
31,240,329.31823027761055,329.31823027761055
31,241,329.31823027761055,329.31823027761055
31,242,329.31823027761055,329.31823027761055
31,243,329.31823027761055,329.31823027761055
31,244,329.31823027761055,329.31823027761055
31,245,329.31823027761055,329.31823027761055
31,246,329.31823027761055,329.31823027761055
31,247,329.31823027761055,329.31823027761055
31,248,329.31823027761055,329.31823027761055
31,249,329.31823027761055,329.31823027761055
31,250,329.31823027761055,329.31823027761055
31,251,329.31823027761055,329.31823027761055
31,252,329.31823027761055,329.31823027761055
31,253,329.31823027761055,329.31823027761055
31,254,329.31823027761055,329.31823027761055
31,255,329.31823027761055,329.31823027761055
31,256,329.31823027761055,329.31823027761055
31,257,329.31823027761055,329.31823027761055
31,258,329.31823027761055,329.31823027761055
31,259,329.31823027761055,329.31823027761055
31,260,329.31823027761055,329.31823027761055
31,261,329.31823027761055,329.31823027761055
31,262,329.31823027761055,329.31823027761055
31,263,329.31823027761055,329.31823027761055
31,264,329.31823027761055,329.31823027761055
31,265,329.31823027761055,329.31823027761055
31,266,329.31823027761055,329.31823027761055
31,267,329.31823027761055,329.31823027761055
31,268,329.31823027761055,329.31823027761055
31,269,329.31823027761055,329.31823027761055
31,270,329.31823027761055,329.31823027761055
31,271,329.31823027761055,329.31823027761055
31,272,329.31823027761055,329.31823027761055
31,273,329.31823027761055,329.31823027761055
31,274,329.31823027761055,329.31823027761055
31,275,329.31823027761055,329.31823027761055
31,276,329.31823027761055,329.31823027761055
31,277,329.31823027761055,329.31823027761055
31,278,329.31823027761055,329.31823027761055
31,279,329.31823027761055,329.31823027761055
31,280,329.31823027761055,329.31823027761055
31,281,329.31823027761055,329.31823027761055
31,282,329.31823027761055,329.31823027761055
31,283,329.31823027761055,329.31823027761055
31,284,329.31823027761055,329.31823027761055
31,285,329.31823027761055,329.31823027761055
31,286,329.31823027761055,329.31823027761055
31,287,329.31823027761055,329.31823027761055
31,288,329.31823027761055,329.31823027761055
31,289,329.31823027761055,329.31823027761055
31,290,329.31823027761055,329.31823027761055
31,291,329.31823027761055,329.31823027761055
31,292,329.31823027761055,329.31823027761055
31,293,329.31823027761055,329.31823027761055
31,294,329.31823027761055,329.31823027761055
31,295,329.31823027761055,329.31823027761055
31,296,329.31823027761055,329.31823027761055
31,297,329.31823027761055,329.31823027761055
31,298,329.31823027761055,329.31823027761055
31,299,329.31823027761055,329.31823027761055
31,300,329.31823027761055,329.31823027761055
31,301,329.31823027761055,329.31823027761055
31,302,329.31823027761055,329.31823027761055
31,303,329.31823027761055,329.31823027761055
31,304,329.31823027761055,329.31823027761055
31,305,329.31823027761055,329.31823027761055
31,306,329.31823027761055,329.31823027761055
31,307,329.31823027761055,329.31823027761055
31,308,329.31823027761055,329.31823027761055
31,309,329.31823027761055,329.31823027761055
31,310,329.31823027761055,329.31823027761055
31,311,329.31823027761055,329.31823027761055
31,312,329.31823027761055,329.31823027761055
31,313,329.31823027761055,329.31823027761055
31,314,329.31823027761055,329.31823027761055
31,315,329.31823027761055,329.31823027761055
31,316,329.31823027761055,329.31823027761055
31,317,329.31823027761055,329.31823027761055
31,318,329.31823027761055,329.31823027761055
31,319,329.31823027761055,329.31823027761055
31,320,329.31823027761055,329.31823027761055
31,321,329.31823027761055,329.31823027761055
31,322,329.31823027761055,329.31823027761055
31,323,329.31823027761055,329.31823027761055
31,324,329.31823027761055,329.31823027761055
31,325,329.31823027761055,329.31823027761055
31,326,329.31823027761055,329.31823027761055
31,327,329.31823027761055,329.31823027761055
31,328,329.31823027761055,329.31823027761055
31,329,329.31823027761055,329.31823027761055
31,330,329.31823027761055,329.31823027761055
31,331,329.31823027761055,329.31823027761055
31,332,329.31823027761055,329.31823027761055
31,333,329.31823027761055,329.31823027761055
31,334,329.31823027761055,329.31823027761055
31,335,329.31823027761055,329.31823027761055
31,336,329.31823027761055,329.31823027761055
31,337,329.31823027761055,329.31823027761055
31,338,329.31823027761055,329.31823027761055
31,339,329.31823027761055,329.31823027761055
31,340,329.31823027761055,329.31823027761055
31,341,329.31823027761055,329.31823027761055
31,342,329.31823027761055,329.31823027761055
31,343,329.31823027761055,329.31823027761055
31,344,329.31823027761055,329.31823027761055
31,345,329.31823027761055,329.31823027761055
31,346,329.31823027761055,329.31823027761055
31,347,329.31823027761055,329.31823027761055
31,348,329.31823027761055,329.31823027761055
31,349,329.31823027761055,329.31823027761055
31,350,329.31823027761055,329.31823027761055
31,351,329.31823027761055,329.31823027761055
31,352,329.31823027761055,329.31823027761055
31,353,329.31823027761055,329.31823027761055
31,354,329.31823027761055,329.31823027761055
31,355,329.31823027761055,329.31823027761055
31,356,329.31823027761055,329.31823027761055
31,357,329.31823027761055,329.31823027761055
31,358,329.31823027761055,329.31823027761055
31,359,329.31823027761055,329.31823027761055
31,360,329.31823027761055,329.31823027761055
31,361,329.31823027761055,329.31823027761055
31,362,329.31823027761055,329.31823027761055
31,363,329.31823027761055,329.31823027761055
31,364,329.31823027761055,329.31823027761055
31,365,329.31823027761055,329.31823027761055
31,366,329.31823027761055,329.31823027761055
31,367,329.31823027761055,329.31823027761055
31,368,329.31823027761055,329.31823027761055
31,369,329.31823027761055,329.31823027761055
31,370,329.31823027761055,329.31823027761055
31,371,329.31823027761055,329.31823027761055
31,372,329.31823027761055,329.31823027761055
31,373,329.31823027761055,329.31823027761055
31,374,329.31823027761055,329.31823027761055
31,375,329.31823027761055,329.31823027761055
31,376,329.31823027761055,329.31823027761055
31,377,329.31823027761055,329.31823027761055
31,378,329.31823027761055,329.31823027761055
31,379,329.31823027761055,329.31823027761055
31,380,329.31823027761055,329.31823027761055
31,381,329.31823027761055,329.31823027761055
31,382,329.31823027761055,329.31823027761055
31,383,329.31823027761055,329.31823027761055
31,384,329.31823027761055,329.31823027761055
31,385,329.31823027761055,329.31823027761055
31,386,329.31823027761055,329.31823027761055
31,387,329.31823027761055,329.31823027761055
31,388,329.31823027761055,329.31823027761055
31,389,329.31823027761055,329.31823027761055
31,390,329.31823027761055,329.31823027761055
31,391,329.31823027761055,329.31823027761055
31,392,329.31823027761055,329.31823027761055
31,393,329.31823027761055,329.31823027761055
31,394,329.31823027761055,329.31823027761055
31,395,329.31823027761055,329.31823027761055
31,396,329.31823027761055,329.31823027761055
31,397,329.31823027761055,329.31823027761055
31,398,329.31823027761055,329.31823027761055
31,399,329.31823027761055,329.31823027761055
31,400,329.31823027761055,329.31823027761055
31,401,329.31823027761055,329.31823027761055
31,402,329.31823027761055,329.31823027761055
31,403,329.31823027761055,329.31823027761055
31,404,329.31823027761055,329.31823027761055
31,405,329.31823027761055,329.31823027761055
31,406,329.31823027761055,329.31823027761055
31,407,329.31823027761055,329.31823027761055
31,408,329.31823027761055,329.31823027761055
31,409,329.31823027761055,329.31823027761055
31,410,329.31823027761055,329.31823027761055
31,411,329.31823027761055,329.31823027761055
31,412,329.31823027761055,329.31823027761055
31,413,329.31823027761055,329.31823027761055
31,414,329.31823027761055,329.31823027761055
31,415,329.31823027761055,329.31823027761055
31,416,329.31823027761055,329.31823027761055
31,417,329.31823027761055,329.31823027761055
31,418,329.31823027761055,329.31823027761055
31,419,329.31823027761055,329.31823027761055
31,420,329.31823027761055,329.31823027761055
31,421,329.31823027761055,329.31823027761055
31,422,329.31823027761055,329.31823027761055
31,423,329.31823027761055,329.31823027761055
31,424,329.31823027761055,329.31823027761055
31,425,329.31823027761055,329.31823027761055
31,426,329.31823027761055,329.31823027761055
31,427,329.31823027761055,329.31823027761055
31,428,329.31823027761055,329.31823027761055
31,429,329.31823027761055,329.31823027761055
31,430,329.31823027761055,329.31823027761055
31,431,329.31823027761055,329.31823027761055
31,432,329.31823027761055,329.31823027761055
31,433,329.31823027761055,329.31823027761055
31,434,329.31823027761055,329.31823027761055
31,435,329.31823027761055,329.31823027761055
31,436,329.31823027761055,329.31823027761055
31,437,329.31823027761055,329.31823027761055
31,438,329.31823027761055,329.31823027761055
31,439,329.31823027761055,329.31823027761055
31,440,329.31823027761055,329.31823027761055
31,441,329.31823027761055,329.31823027761055
31,442,329.31823027761055,329.31823027761055
31,443,329.31823027761055,329.31823027761055
31,444,329.31823027761055,329.31823027761055
31,445,329.31823027761055,329.31823027761055
31,446,329.31823027761055,329.31823027761055
31,447,329.31823027761055,329.31823027761055
31,448,329.31823027761055,329.31823027761055
31,449,329.31823027761055,329.31823027761055
31,450,329.31823027761055,329.31823027761055
31,451,329.31823027761055,329.31823027761055
31,452,329.31823027761055,329.31823027761055
31,453,329.31823027761055,329.31823027761055
31,454,329.31823027761055,329.31823027761055
31,455,329.31823027761055,329.31823027761055
31,456,329.31823027761055,329.31823027761055
31,457,329.31823027761055,329.31823027761055
31,458,329.31823027761055,329.31823027761055
31,459,329.31823027761055,329.31823027761055
31,460,329.31823027761055,329.31823027761055
31,461,329.31823027761055,329.31823027761055
31,462,329.31823027761055,329.31823027761055
31,463,329.31823027761055,329.31823027761055
31,464,329.31823027761055,329.31823027761055
31,465,329.31823027761055,329.31823027761055
31,466,329.31823027761055,329.31823027761055
31,467,329.31823027761055,329.31823027761055
31,468,329.31823027761055,329.31823027761055
31,469,329.31823027761055,329.31823027761055
31,470,329.31823027761055,329.31823027761055
31,471,329.31823027761055,329.31823027761055
31,472,329.31823027761055,329.31823027761055
31,473,329.31823027761055,329.31823027761055
31,474,329.31823027761055,329.31823027761055
31,475,329.31823027761055,329.31823027761055
31,476,329.31823027761055,329.31823027761055
31,477,329.31823027761055,329.31823027761055
31,478,329.31823027761055,329.31823027761055
31,479,329.31823027761055,329.31823027761055
31,480,329.31823027761055,329.31823027761055
31,481,329.31823027761055,329.31823027761055
31,482,329.31823027761055,329.31823027761055
31,483,329.31823027761055,329.31823027761055
31,484,329.31823027761055,329.31823027761055
31,485,329.31823027761055,329.31823027761055
31,486,329.31823027761055,329.31823027761055
31,487,329.31823027761055,329.31823027761055
31,488,329.31823027761055,329.31823027761055
31,489,329.31823027761055,329.31823027761055
31,490,329.31823027761055,329.31823027761055
31,491,329.31823027761055,329.31823027761055
31,492,329.31823027761055,329.31823027761055
31,493,329.31823027761055,329.31823027761055
31,494,329.31823027761055,329.31823027761055
31,495,329.31823027761055,329.31823027761055
31,496,329.31823027761055,329.31823027761055
31,497,329.31823027761055,329.31823027761055
31,498,329.31823027761055,329.31823027761055
31,499,329.31823027761055,329.31823027761055
31,500,329.31823027761055,329.31823027761055
32,0,409.90294845098106,409.90294845098106
32,1,390.0362102192425,390.0362102192425
32,2,385.6284034940331,385.6284034940331
32,3,346.2494968587685,346.2494968587685
32,4,340.3797208992853,340.3797208992853
32,5,340.3797208992853,340.3797208992853
32,6,340.3797208992853,340.3797208992853
32,7,340.3797208992853,340.3797208992853
32,8,329.31823027761055,329.31823027761055
32,9,329.31823027761055,329.31823027761055
32,10,329.31823027761055,329.31823027761055
32,11,329.31823027761055,329.31823027761055
32,12,329.31823027761055,329.31823027761055
32,13,329.31823027761055,329.31823027761055
32,14,329.31823027761055,329.31823027761055
32,15,329.31823027761055,329.31823027761055
32,16,329.31823027761055,329.31823027761055
32,17,329.31823027761055,329.31823027761055
32,18,329.31823027761055,329.31823027761055
32,19,329.31823027761055,329.31823027761055
32,20,329.31823027761055,329.31823027761055
32,21,329.31823027761055,329.31823027761055
32,22,329.31823027761055,329.31823027761055
32,23,329.31823027761055,329.31823027761055
32,24,329.31823027761055,329.31823027761055
32,25,329.31823027761055,329.31823027761055
32,26,329.31823027761055,329.31823027761055
32,27,329.31823027761055,329.31823027761055
32,28,329.31823027761055,329.31823027761055
32,29,329.31823027761055,329.31823027761055
32,30,329.31823027761055,329.31823027761055
32,31,329.31823027761055,329.31823027761055
32,32,329.31823027761055,329.31823027761055
32,33,329.31823027761055,329.31823027761055
32,34,329.31823027761055,329.31823027761055
32,35,329.31823027761055,329.31823027761055
32,36,329.31823027761055,329.31823027761055
32,37,329.31823027761055,329.31823027761055
32,38,329.31823027761055,329.31823027761055
32,39,329.31823027761055,329.31823027761055
32,40,329.31823027761055,329.31823027761055
32,41,329.31823027761055,329.31823027761055
32,42,329.31823027761055,329.31823027761055
32,43,329.31823027761055,329.31823027761055
32,44,329.31823027761055,329.31823027761055
32,45,329.31823027761055,329.31823027761055
32,46,329.31823027761055,329.31823027761055
32,47,329.31823027761055,329.31823027761055
32,48,329.31823027761055,329.31823027761055
32,49,329.31823027761055,329.31823027761055
32,50,329.31823027761055,329.31823027761055
32,51,329.31823027761055,329.31823027761055
32,52,329.31823027761055,329.31823027761055
32,53,329.31823027761055,329.31823027761055
32,54,329.31823027761055,329.31823027761055
32,55,329.31823027761055,329.31823027761055
32,56,329.31823027761055,329.31823027761055
32,57,329.31823027761055,329.31823027761055
32,58,329.31823027761055,329.31823027761055
32,59,329.31823027761055,329.31823027761055
32,60,329.31823027761055,329.31823027761055
32,61,329.31823027761055,329.31823027761055
32,62,329.31823027761055,329.31823027761055
32,63,329.31823027761055,329.31823027761055
32,64,329.31823027761055,329.31823027761055
32,65,329.31823027761055,329.31823027761055
32,66,329.31823027761055,329.31823027761055
32,67,329.31823027761055,329.31823027761055
32,68,329.31823027761055,329.31823027761055
32,69,329.31823027761055,329.31823027761055
32,70,329.31823027761055,329.31823027761055
32,71,329.31823027761055,329.31823027761055
32,72,329.31823027761055,329.31823027761055
32,73,329.31823027761055,329.31823027761055
32,74,329.31823027761055,329.31823027761055
32,75,329.31823027761055,329.31823027761055
32,76,329.31823027761055,329.31823027761055
32,77,329.31823027761055,329.31823027761055
32,78,329.31823027761055,329.31823027761055
32,79,329.31823027761055,329.31823027761055
32,80,329.31823027761055,329.31823027761055
32,81,329.31823027761055,329.31823027761055
32,82,329.31823027761055,329.31823027761055
32,83,329.31823027761055,329.31823027761055
32,84,329.31823027761055,329.31823027761055
32,85,329.31823027761055,329.31823027761055
32,86,329.31823027761055,329.31823027761055
32,87,329.31823027761055,329.31823027761055
32,88,329.31823027761055,329.31823027761055
32,89,329.31823027761055,329.31823027761055
32,90,329.31823027761055,329.31823027761055
32,91,329.31823027761055,329.31823027761055
32,92,329.31823027761055,329.31823027761055
32,93,329.31823027761055,329.31823027761055
32,94,329.31823027761055,329.31823027761055
32,95,329.31823027761055,329.31823027761055
32,96,329.31823027761055,329.31823027761055
32,97,329.31823027761055,329.31823027761055
32,98,329.31823027761055,329.31823027761055
32,99,329.31823027761055,329.31823027761055
32,100,329.31823027761055,329.31823027761055
32,101,329.31823027761055,329.31823027761055
32,102,329.31823027761055,329.31823027761055
32,103,329.31823027761055,329.31823027761055
32,104,329.31823027761055,329.31823027761055
32,105,329.31823027761055,329.31823027761055
32,106,329.31823027761055,329.31823027761055
32,107,329.31823027761055,329.31823027761055
32,108,329.31823027761055,329.31823027761055
32,109,329.31823027761055,329.31823027761055
32,110,329.31823027761055,329.31823027761055
32,111,329.31823027761055,329.31823027761055
32,112,329.31823027761055,329.31823027761055
32,113,329.31823027761055,329.31823027761055
32,114,329.31823027761055,329.31823027761055
32,115,329.31823027761055,329.31823027761055
32,116,329.31823027761055,329.31823027761055
32,117,329.31823027761055,329.31823027761055
32,118,329.31823027761055,329.31823027761055
32,119,329.31823027761055,329.31823027761055
32,120,329.31823027761055,329.31823027761055
32,121,329.31823027761055,329.31823027761055
32,122,329.31823027761055,329.31823027761055
32,123,329.31823027761055,329.31823027761055
32,124,329.31823027761055,329.31823027761055
32,125,329.31823027761055,329.31823027761055
32,126,329.31823027761055,329.31823027761055
32,127,329.31823027761055,329.31823027761055
32,128,329.31823027761055,329.31823027761055
32,129,329.31823027761055,329.31823027761055
32,130,329.31823027761055,329.31823027761055
32,131,329.31823027761055,329.31823027761055
32,132,329.31823027761055,329.31823027761055
32,133,329.31823027761055,329.31823027761055
32,134,329.31823027761055,329.31823027761055
32,135,329.31823027761055,329.31823027761055
32,136,329.31823027761055,329.31823027761055
32,137,329.31823027761055,329.31823027761055
32,138,329.31823027761055,329.31823027761055
32,139,329.31823027761055,329.31823027761055
32,140,329.31823027761055,329.31823027761055
32,141,329.31823027761055,329.31823027761055
32,142,329.31823027761055,329.31823027761055
32,143,329.31823027761055,329.31823027761055
32,144,329.31823027761055,329.31823027761055
32,145,329.31823027761055,329.31823027761055
32,146,329.31823027761055,329.31823027761055
32,147,329.31823027761055,329.31823027761055
32,148,329.31823027761055,329.31823027761055
32,149,329.31823027761055,329.31823027761055
32,150,329.31823027761055,329.31823027761055
32,151,329.31823027761055,329.31823027761055
32,152,329.31823027761055,329.31823027761055
32,153,329.31823027761055,329.31823027761055
32,154,329.31823027761055,329.31823027761055
32,155,329.31823027761055,329.31823027761055
32,156,329.31823027761055,329.31823027761055
32,157,329.31823027761055,329.31823027761055
32,158,329.31823027761055,329.31823027761055
32,159,329.31823027761055,329.31823027761055
32,160,329.31823027761055,329.31823027761055
32,161,329.31823027761055,329.31823027761055
32,162,329.31823027761055,329.31823027761055
32,163,329.31823027761055,329.31823027761055
32,164,329.31823027761055,329.31823027761055
32,165,329.31823027761055,329.31823027761055
32,166,329.31823027761055,329.31823027761055
32,167,329.31823027761055,329.31823027761055
32,168,329.31823027761055,329.31823027761055
32,169,329.31823027761055,329.31823027761055
32,170,329.31823027761055,329.31823027761055
32,171,329.31823027761055,329.31823027761055
32,172,329.31823027761055,329.31823027761055
32,173,329.31823027761055,329.31823027761055
32,174,329.31823027761055,329.31823027761055
32,175,329.31823027761055,329.31823027761055
32,176,329.31823027761055,329.31823027761055
32,177,329.31823027761055,329.31823027761055
32,178,329.31823027761055,329.31823027761055
32,179,329.31823027761055,329.31823027761055
32,180,329.31823027761055,329.31823027761055
32,181,329.31823027761055,329.31823027761055
32,182,329.31823027761055,329.31823027761055
32,183,329.31823027761055,329.31823027761055
32,184,329.31823027761055,329.31823027761055
32,185,329.31823027761055,329.31823027761055
32,186,329.31823027761055,329.31823027761055
32,187,329.31823027761055,329.31823027761055
32,188,329.31823027761055,329.31823027761055
32,189,329.31823027761055,329.31823027761055
32,190,329.31823027761055,329.31823027761055
32,191,329.31823027761055,329.31823027761055
32,192,329.31823027761055,329.31823027761055
32,193,329.31823027761055,329.31823027761055
32,194,329.31823027761055,329.31823027761055
32,195,329.31823027761055,329.31823027761055
32,196,329.31823027761055,329.31823027761055
32,197,329.31823027761055,329.31823027761055
32,198,329.31823027761055,329.31823027761055
32,199,329.31823027761055,329.31823027761055
32,200,329.31823027761055,329.31823027761055
32,201,329.31823027761055,329.31823027761055
32,202,329.31823027761055,329.31823027761055
32,203,329.31823027761055,329.31823027761055
32,204,329.31823027761055,329.31823027761055
32,205,329.31823027761055,329.31823027761055
32,206,329.31823027761055,329.31823027761055
32,207,329.31823027761055,329.31823027761055
32,208,329.31823027761055,329.31823027761055
32,209,329.31823027761055,329.31823027761055
32,210,329.31823027761055,329.31823027761055
32,211,329.31823027761055,329.31823027761055
32,212,329.31823027761055,329.31823027761055
32,213,329.31823027761055,329.31823027761055
32,214,329.31823027761055,329.31823027761055
32,215,329.31823027761055,329.31823027761055
32,216,329.31823027761055,329.31823027761055
32,217,329.31823027761055,329.31823027761055
32,218,329.31823027761055,329.31823027761055
32,219,329.31823027761055,329.31823027761055
32,220,329.31823027761055,329.31823027761055
32,221,329.31823027761055,329.31823027761055
32,222,329.31823027761055,329.31823027761055
32,223,329.31823027761055,329.31823027761055
32,224,329.31823027761055,329.31823027761055
32,225,329.31823027761055,329.31823027761055
32,226,329.31823027761055,329.31823027761055
32,227,329.31823027761055,329.31823027761055
32,228,329.31823027761055,329.31823027761055
32,229,329.31823027761055,329.31823027761055
32,230,329.31823027761055,329.31823027761055
32,231,329.31823027761055,329.31823027761055
32,232,329.31823027761055,329.31823027761055
32,233,329.31823027761055,329.31823027761055
32,234,329.31823027761055,329.31823027761055
32,235,329.31823027761055,329.31823027761055
32,236,329.31823027761055,329.31823027761055
32,237,329.31823027761055,329.31823027761055
32,238,329.31823027761055,329.31823027761055
32,239,329.31823027761055,329.31823027761055
32,240,329.31823027761055,329.31823027761055
32,241,329.31823027761055,329.31823027761055
32,242,329.31823027761055,329.31823027761055
32,243,329.31823027761055,329.31823027761055
32,244,329.31823027761055,329.31823027761055
32,245,329.31823027761055,329.31823027761055
32,246,329.31823027761055,329.31823027761055
32,247,329.31823027761055,329.31823027761055
32,248,329.31823027761055,329.31823027761055
32,249,329.31823027761055,329.31823027761055
32,250,329.31823027761055,329.31823027761055
32,251,329.31823027761055,329.31823027761055
32,252,329.31823027761055,329.31823027761055
32,253,329.31823027761055,329.31823027761055
32,254,329.31823027761055,329.31823027761055
32,255,329.31823027761055,329.31823027761055
32,256,329.31823027761055,329.31823027761055
32,257,329.31823027761055,329.31823027761055
32,258,329.31823027761055,329.31823027761055
32,259,329.31823027761055,329.31823027761055
32,260,329.31823027761055,329.31823027761055
32,261,329.31823027761055,329.31823027761055
32,262,329.31823027761055,329.31823027761055
32,263,329.31823027761055,329.31823027761055
32,264,329.31823027761055,329.31823027761055
32,265,329.31823027761055,329.31823027761055
32,266,329.31823027761055,329.31823027761055
32,267,329.31823027761055,329.31823027761055
32,268,329.31823027761055,329.31823027761055
32,269,329.31823027761055,329.31823027761055
32,270,329.31823027761055,329.31823027761055
32,271,329.31823027761055,329.31823027761055
32,272,329.31823027761055,329.31823027761055
32,273,329.31823027761055,329.31823027761055
32,274,329.31823027761055,329.31823027761055
32,275,329.31823027761055,329.31823027761055
32,276,329.31823027761055,329.31823027761055
32,277,329.31823027761055,329.31823027761055
32,278,329.31823027761055,329.31823027761055
32,279,329.31823027761055,329.31823027761055
32,280,329.31823027761055,329.31823027761055
32,281,329.31823027761055,329.31823027761055
32,282,329.31823027761055,329.31823027761055
32,283,329.31823027761055,329.31823027761055
32,284,329.31823027761055,329.31823027761055
32,285,329.31823027761055,329.31823027761055
32,286,329.31823027761055,329.31823027761055
32,287,329.31823027761055,329.31823027761055
32,288,329.31823027761055,329.31823027761055
32,289,329.31823027761055,329.31823027761055
32,290,329.31823027761055,329.31823027761055
32,291,329.31823027761055,329.31823027761055
32,292,329.31823027761055,329.31823027761055
32,293,329.31823027761055,329.31823027761055
32,294,329.31823027761055,329.31823027761055
32,295,329.31823027761055,329.31823027761055
32,296,329.31823027761055,329.31823027761055
32,297,329.31823027761055,329.31823027761055
32,298,329.31823027761055,329.31823027761055
32,299,329.31823027761055,329.31823027761055
32,300,329.31823027761055,329.31823027761055
32,301,329.31823027761055,329.31823027761055
32,302,329.31823027761055,329.31823027761055
32,303,329.31823027761055,329.31823027761055
32,304,329.31823027761055,329.31823027761055
32,305,329.31823027761055,329.31823027761055
32,306,329.31823027761055,329.31823027761055
32,307,329.31823027761055,329.31823027761055
32,308,329.31823027761055,329.31823027761055
32,309,329.31823027761055,329.31823027761055
32,310,329.31823027761055,329.31823027761055
32,311,329.31823027761055,329.31823027761055
32,312,329.31823027761055,329.31823027761055
32,313,329.31823027761055,329.31823027761055
32,314,329.31823027761055,329.31823027761055
32,315,329.31823027761055,329.31823027761055
32,316,329.31823027761055,329.31823027761055
32,317,329.31823027761055,329.31823027761055
32,318,329.31823027761055,329.31823027761055
32,319,329.31823027761055,329.31823027761055
32,320,329.31823027761055,329.31823027761055
32,321,329.31823027761055,329.31823027761055
32,322,329.31823027761055,329.31823027761055
32,323,329.31823027761055,329.31823027761055
32,324,329.31823027761055,329.31823027761055
32,325,329.31823027761055,329.31823027761055
32,326,329.31823027761055,329.31823027761055
32,327,329.31823027761055,329.31823027761055
32,328,329.31823027761055,329.31823027761055
32,329,329.31823027761055,329.31823027761055
32,330,329.31823027761055,329.31823027761055
32,331,329.31823027761055,329.31823027761055
32,332,329.31823027761055,329.31823027761055
32,333,329.31823027761055,329.31823027761055
32,334,329.31823027761055,329.31823027761055
32,335,329.31823027761055,329.31823027761055
32,336,329.31823027761055,329.31823027761055
32,337,329.31823027761055,329.31823027761055
32,338,329.31823027761055,329.31823027761055
32,339,329.31823027761055,329.31823027761055
32,340,329.31823027761055,329.31823027761055
32,341,329.31823027761055,329.31823027761055
32,342,329.31823027761055,329.31823027761055
32,343,329.31823027761055,329.31823027761055
32,344,329.31823027761055,329.31823027761055
32,345,329.31823027761055,329.31823027761055
32,346,329.31823027761055,329.31823027761055
32,347,329.31823027761055,329.31823027761055
32,348,329.31823027761055,329.31823027761055
32,349,329.31823027761055,329.31823027761055
32,350,329.31823027761055,329.31823027761055
32,351,329.31823027761055,329.31823027761055
32,352,329.31823027761055,329.31823027761055
32,353,329.31823027761055,329.31823027761055
32,354,329.31823027761055,329.31823027761055
32,355,329.31823027761055,329.31823027761055
32,356,329.31823027761055,329.31823027761055
32,357,329.31823027761055,329.31823027761055
32,358,329.31823027761055,329.31823027761055
32,359,329.31823027761055,329.31823027761055
32,360,329.31823027761055,329.31823027761055
32,361,329.31823027761055,329.31823027761055
32,362,329.31823027761055,329.31823027761055
32,363,329.31823027761055,329.31823027761055
32,364,329.31823027761055,329.31823027761055
32,365,329.31823027761055,329.31823027761055
32,366,329.31823027761055,329.31823027761055
32,367,329.31823027761055,329.31823027761055
32,368,329.31823027761055,329.31823027761055
32,369,329.31823027761055,329.31823027761055
32,370,329.31823027761055,329.31823027761055
32,371,329.31823027761055,329.31823027761055
32,372,329.31823027761055,329.31823027761055
32,373,329.31823027761055,329.31823027761055
32,374,329.31823027761055,329.31823027761055
32,375,329.31823027761055,329.31823027761055
32,376,329.31823027761055,329.31823027761055
32,377,329.31823027761055,329.31823027761055
32,378,329.31823027761055,329.31823027761055
32,379,329.31823027761055,329.31823027761055
32,380,329.31823027761055,329.31823027761055
32,381,329.31823027761055,329.31823027761055
32,382,329.31823027761055,329.31823027761055
32,383,329.31823027761055,329.31823027761055
32,384,329.31823027761055,329.31823027761055
32,385,329.31823027761055,329.31823027761055
32,386,329.31823027761055,329.31823027761055
32,387,329.31823027761055,329.31823027761055
32,388,329.31823027761055,329.31823027761055
32,389,329.31823027761055,329.31823027761055
32,390,329.31823027761055,329.31823027761055
32,391,329.31823027761055,329.31823027761055
32,392,329.31823027761055,329.31823027761055
32,393,329.31823027761055,329.31823027761055
32,394,329.31823027761055,329.31823027761055
32,395,329.31823027761055,329.31823027761055
32,396,329.31823027761055,329.31823027761055
32,397,329.31823027761055,329.31823027761055
32,398,329.31823027761055,329.31823027761055
32,399,329.31823027761055,329.31823027761055
32,400,329.31823027761055,329.31823027761055
32,401,329.31823027761055,329.31823027761055
32,402,329.31823027761055,329.31823027761055
32,403,329.31823027761055,329.31823027761055
32,404,329.31823027761055,329.31823027761055
32,405,329.31823027761055,329.31823027761055
32,406,329.31823027761055,329.31823027761055
32,407,329.31823027761055,329.31823027761055
32,408,329.31823027761055,329.31823027761055
32,409,329.31823027761055,329.31823027761055
32,410,329.31823027761055,329.31823027761055
32,411,329.31823027761055,329.31823027761055
32,412,329.31823027761055,329.31823027761055
32,413,329.31823027761055,329.31823027761055
32,414,329.31823027761055,329.31823027761055
32,415,329.31823027761055,329.31823027761055
32,416,329.31823027761055,329.31823027761055
32,417,329.31823027761055,329.31823027761055
32,418,329.31823027761055,329.31823027761055
32,419,329.31823027761055,329.31823027761055
32,420,329.31823027761055,329.31823027761055
32,421,329.31823027761055,329.31823027761055
32,422,329.31823027761055,329.31823027761055
32,423,329.31823027761055,329.31823027761055
32,424,329.31823027761055,329.31823027761055
32,425,329.31823027761055,329.31823027761055
32,426,329.31823027761055,329.31823027761055
32,427,329.31823027761055,329.31823027761055
32,428,329.31823027761055,329.31823027761055
32,429,329.31823027761055,329.31823027761055
32,430,329.31823027761055,329.31823027761055
32,431,329.31823027761055,329.31823027761055
32,432,329.31823027761055,329.31823027761055
32,433,329.31823027761055,329.31823027761055
32,434,329.31823027761055,329.31823027761055
32,435,329.31823027761055,329.31823027761055
32,436,329.31823027761055,329.31823027761055
32,437,329.31823027761055,329.31823027761055
32,438,329.31823027761055,329.31823027761055
32,439,329.31823027761055,329.31823027761055
32,440,329.31823027761055,329.31823027761055
32,441,329.31823027761055,329.31823027761055
32,442,329.31823027761055,329.31823027761055
32,443,329.31823027761055,329.31823027761055
32,444,329.31823027761055,329.31823027761055
32,445,329.31823027761055,329.31823027761055
32,446,329.31823027761055,329.31823027761055
32,447,329.31823027761055,329.31823027761055
32,448,329.31823027761055,329.31823027761055
32,449,329.31823027761055,329.31823027761055
32,450,329.31823027761055,329.31823027761055
32,451,329.31823027761055,329.31823027761055
32,452,329.31823027761055,329.31823027761055
32,453,329.31823027761055,329.31823027761055
32,454,329.31823027761055,329.31823027761055
32,455,329.31823027761055,329.31823027761055
32,456,329.31823027761055,329.31823027761055
32,457,329.31823027761055,329.31823027761055
32,458,329.31823027761055,329.31823027761055
32,459,329.31823027761055,329.31823027761055
32,460,329.31823027761055,329.31823027761055
32,461,329.31823027761055,329.31823027761055
32,462,329.31823027761055,329.31823027761055
32,463,329.31823027761055,329.31823027761055
32,464,329.31823027761055,329.31823027761055
32,465,329.31823027761055,329.31823027761055
32,466,329.31823027761055,329.31823027761055
32,467,329.31823027761055,329.31823027761055
32,468,329.31823027761055,329.31823027761055
32,469,329.31823027761055,329.31823027761055
32,470,329.31823027761055,329.31823027761055
32,471,329.31823027761055,329.31823027761055
32,472,329.31823027761055,329.31823027761055
32,473,329.31823027761055,329.31823027761055
32,474,329.31823027761055,329.31823027761055
32,475,329.31823027761055,329.31823027761055
32,476,329.31823027761055,329.31823027761055
32,477,329.31823027761055,329.31823027761055
32,478,329.31823027761055,329.31823027761055
32,479,329.31823027761055,329.31823027761055
32,480,329.31823027761055,329.31823027761055
32,481,329.31823027761055,329.31823027761055
32,482,329.31823027761055,329.31823027761055
32,483,329.31823027761055,329.31823027761055
32,484,329.31823027761055,329.31823027761055
32,485,329.31823027761055,329.31823027761055
32,486,329.31823027761055,329.31823027761055
32,487,329.31823027761055,329.31823027761055
32,488,329.31823027761055,329.31823027761055
32,489,329.31823027761055,329.31823027761055
32,490,329.31823027761055,329.31823027761055
32,491,329.31823027761055,329.31823027761055
32,492,329.31823027761055,329.31823027761055
32,493,329.31823027761055,329.31823027761055
32,494,329.31823027761055,329.31823027761055
32,495,329.31823027761055,329.31823027761055
32,496,329.31823027761055,329.31823027761055
32,497,329.31823027761055,329.31823027761055
32,498,329.31823027761055,329.31823027761055
32,499,329.31823027761055,329.31823027761055
32,500,329.31823027761055,329.31823027761055
33,0,422.2744313605502,422.2744313605502
33,1,408.5720212161271,408.5720212161271
33,2,408.5720212161271,408.5720212161271
33,3,368.8965131156835,368.8965131156835
33,4,368.8965131156835,368.8965131156835
33,5,335.21393869705463,335.21393869705463
33,6,335.21393869705463,335.21393869705463
33,7,329.31823027761055,329.31823027761055
33,8,329.31823027761055,329.31823027761055
33,9,329.31823027761055,329.31823027761055
33,10,329.31823027761055,329.31823027761055
33,11,329.31823027761055,329.31823027761055
33,12,329.31823027761055,329.31823027761055
33,13,329.31823027761055,329.31823027761055
33,14,329.31823027761055,329.31823027761055
33,15,329.31823027761055,329.31823027761055
33,16,329.31823027761055,329.31823027761055
33,17,329.31823027761055,329.31823027761055
33,18,329.31823027761055,329.31823027761055
33,19,329.31823027761055,329.31823027761055
33,20,329.31823027761055,329.31823027761055
33,21,329.31823027761055,329.31823027761055
33,22,329.31823027761055,329.31823027761055
33,23,329.31823027761055,329.31823027761055
33,24,329.31823027761055,329.31823027761055
33,25,329.31823027761055,329.31823027761055
33,26,329.31823027761055,329.31823027761055
33,27,329.31823027761055,329.31823027761055
33,28,329.31823027761055,329.31823027761055
33,29,329.31823027761055,329.31823027761055
33,30,329.31823027761055,329.31823027761055
33,31,329.31823027761055,329.31823027761055
33,32,329.31823027761055,329.31823027761055
33,33,329.31823027761055,329.31823027761055
33,34,329.31823027761055,329.31823027761055
33,35,329.31823027761055,329.31823027761055
33,36,329.31823027761055,329.31823027761055
33,37,329.31823027761055,329.31823027761055
33,38,329.31823027761055,329.31823027761055
33,39,329.31823027761055,329.31823027761055
33,40,329.31823027761055,329.31823027761055
33,41,329.31823027761055,329.31823027761055
33,42,329.31823027761055,329.31823027761055
33,43,329.31823027761055,329.31823027761055
33,44,329.31823027761055,329.31823027761055
33,45,329.31823027761055,329.31823027761055
33,46,329.31823027761055,329.31823027761055
33,47,329.31823027761055,329.31823027761055
33,48,329.31823027761055,329.31823027761055
33,49,329.31823027761055,329.31823027761055
33,50,329.31823027761055,329.31823027761055
33,51,329.31823027761055,329.31823027761055
33,52,329.31823027761055,329.31823027761055
33,53,329.31823027761055,329.31823027761055
33,54,329.31823027761055,329.31823027761055
33,55,329.31823027761055,329.31823027761055
33,56,329.31823027761055,329.31823027761055
33,57,329.31823027761055,329.31823027761055
33,58,329.31823027761055,329.31823027761055
33,59,329.31823027761055,329.31823027761055
33,60,329.31823027761055,329.31823027761055
33,61,329.31823027761055,329.31823027761055
33,62,329.31823027761055,329.31823027761055
33,63,329.31823027761055,329.31823027761055
33,64,329.31823027761055,329.31823027761055
33,65,329.31823027761055,329.31823027761055
33,66,329.31823027761055,329.31823027761055
33,67,329.31823027761055,329.31823027761055
33,68,329.31823027761055,329.31823027761055
33,69,329.31823027761055,329.31823027761055
33,70,329.31823027761055,329.31823027761055
33,71,329.31823027761055,329.31823027761055
33,72,329.31823027761055,329.31823027761055
33,73,329.31823027761055,329.31823027761055
33,74,329.31823027761055,329.31823027761055
33,75,329.31823027761055,329.31823027761055
33,76,329.31823027761055,329.31823027761055
33,77,329.31823027761055,329.31823027761055
33,78,329.31823027761055,329.31823027761055
33,79,329.31823027761055,329.31823027761055
33,80,329.31823027761055,329.31823027761055
33,81,329.31823027761055,329.31823027761055
33,82,329.31823027761055,329.31823027761055
33,83,329.31823027761055,329.31823027761055
33,84,329.31823027761055,329.31823027761055
33,85,329.31823027761055,329.31823027761055
33,86,329.31823027761055,329.31823027761055
33,87,329.31823027761055,329.31823027761055
33,88,329.31823027761055,329.31823027761055
33,89,329.31823027761055,329.31823027761055
33,90,329.31823027761055,329.31823027761055
33,91,329.31823027761055,329.31823027761055
33,92,329.31823027761055,329.31823027761055
33,93,329.31823027761055,329.31823027761055
33,94,329.31823027761055,329.31823027761055
33,95,329.31823027761055,329.31823027761055
33,96,329.31823027761055,329.31823027761055
33,97,329.31823027761055,329.31823027761055
33,98,329.31823027761055,329.31823027761055
33,99,329.31823027761055,329.31823027761055
33,100,329.31823027761055,329.31823027761055
33,101,329.31823027761055,329.31823027761055
33,102,329.31823027761055,329.31823027761055
33,103,329.31823027761055,329.31823027761055
33,104,329.31823027761055,329.31823027761055
33,105,329.31823027761055,329.31823027761055
33,106,329.31823027761055,329.31823027761055
33,107,329.31823027761055,329.31823027761055
33,108,329.31823027761055,329.31823027761055
33,109,329.31823027761055,329.31823027761055
33,110,329.31823027761055,329.31823027761055
33,111,329.31823027761055,329.31823027761055
33,112,329.31823027761055,329.31823027761055
33,113,329.31823027761055,329.31823027761055
33,114,329.31823027761055,329.31823027761055
33,115,329.31823027761055,329.31823027761055
33,116,329.31823027761055,329.31823027761055
33,117,329.31823027761055,329.31823027761055
33,118,329.31823027761055,329.31823027761055
33,119,329.31823027761055,329.31823027761055
33,120,329.31823027761055,329.31823027761055
33,121,329.31823027761055,329.31823027761055
33,122,329.31823027761055,329.31823027761055
33,123,329.31823027761055,329.31823027761055
33,124,329.31823027761055,329.31823027761055
33,125,329.31823027761055,329.31823027761055
33,126,329.31823027761055,329.31823027761055
33,127,329.31823027761055,329.31823027761055
33,128,329.31823027761055,329.31823027761055
33,129,329.31823027761055,329.31823027761055
33,130,329.31823027761055,329.31823027761055
33,131,329.31823027761055,329.31823027761055
33,132,329.31823027761055,329.31823027761055
33,133,329.31823027761055,329.31823027761055
33,134,329.31823027761055,329.31823027761055
33,135,329.31823027761055,329.31823027761055
33,136,329.31823027761055,329.31823027761055
33,137,329.31823027761055,329.31823027761055
33,138,329.31823027761055,329.31823027761055
33,139,329.31823027761055,329.31823027761055
33,140,329.31823027761055,329.31823027761055
33,141,329.31823027761055,329.31823027761055
33,142,329.31823027761055,329.31823027761055
33,143,329.31823027761055,329.31823027761055
33,144,329.31823027761055,329.31823027761055
33,145,329.31823027761055,329.31823027761055
33,146,329.31823027761055,329.31823027761055
33,147,329.31823027761055,329.31823027761055
33,148,329.31823027761055,329.31823027761055
33,149,329.31823027761055,329.31823027761055
33,150,329.31823027761055,329.31823027761055
33,151,329.31823027761055,329.31823027761055
33,152,329.31823027761055,329.31823027761055
33,153,329.31823027761055,329.31823027761055
33,154,329.31823027761055,329.31823027761055
33,155,329.31823027761055,329.31823027761055
33,156,329.31823027761055,329.31823027761055
33,157,329.31823027761055,329.31823027761055
33,158,329.31823027761055,329.31823027761055
33,159,329.31823027761055,329.31823027761055
33,160,329.31823027761055,329.31823027761055
33,161,329.31823027761055,329.31823027761055
33,162,329.31823027761055,329.31823027761055
33,163,329.31823027761055,329.31823027761055
33,164,329.31823027761055,329.31823027761055
33,165,329.31823027761055,329.31823027761055
33,166,329.31823027761055,329.31823027761055
33,167,329.31823027761055,329.31823027761055
33,168,329.31823027761055,329.31823027761055
33,169,329.31823027761055,329.31823027761055
33,170,329.31823027761055,329.31823027761055
33,171,329.31823027761055,329.31823027761055
33,172,329.31823027761055,329.31823027761055
33,173,329.31823027761055,329.31823027761055
33,174,329.31823027761055,329.31823027761055
33,175,329.31823027761055,329.31823027761055
33,176,329.31823027761055,329.31823027761055
33,177,329.31823027761055,329.31823027761055
33,178,329.31823027761055,329.31823027761055
33,179,329.31823027761055,329.31823027761055
33,180,329.31823027761055,329.31823027761055
33,181,329.31823027761055,329.31823027761055
33,182,329.31823027761055,329.31823027761055
33,183,329.31823027761055,329.31823027761055
33,184,329.31823027761055,329.31823027761055
33,185,329.31823027761055,329.31823027761055
33,186,329.31823027761055,329.31823027761055
33,187,329.31823027761055,329.31823027761055
33,188,329.31823027761055,329.31823027761055
33,189,329.31823027761055,329.31823027761055
33,190,329.31823027761055,329.31823027761055
33,191,329.31823027761055,329.31823027761055
33,192,329.31823027761055,329.31823027761055
33,193,329.31823027761055,329.31823027761055
33,194,329.31823027761055,329.31823027761055
33,195,329.31823027761055,329.31823027761055
33,196,329.31823027761055,329.31823027761055
33,197,329.31823027761055,329.31823027761055
33,198,329.31823027761055,329.31823027761055
33,199,329.31823027761055,329.31823027761055
33,200,329.31823027761055,329.31823027761055
33,201,329.31823027761055,329.31823027761055
33,202,329.31823027761055,329.31823027761055
33,203,329.31823027761055,329.31823027761055
33,204,329.31823027761055,329.31823027761055
33,205,329.31823027761055,329.31823027761055
33,206,329.31823027761055,329.31823027761055
33,207,329.31823027761055,329.31823027761055
33,208,329.31823027761055,329.31823027761055
33,209,329.31823027761055,329.31823027761055
33,210,329.31823027761055,329.31823027761055
33,211,329.31823027761055,329.31823027761055
33,212,329.31823027761055,329.31823027761055
33,213,329.31823027761055,329.31823027761055
33,214,329.31823027761055,329.31823027761055
33,215,329.31823027761055,329.31823027761055
33,216,329.31823027761055,329.31823027761055
33,217,329.31823027761055,329.31823027761055
33,218,329.31823027761055,329.31823027761055
33,219,329.31823027761055,329.31823027761055
33,220,329.31823027761055,329.31823027761055
33,221,329.31823027761055,329.31823027761055
33,222,329.31823027761055,329.31823027761055
33,223,329.31823027761055,329.31823027761055
33,224,329.31823027761055,329.31823027761055
33,225,329.31823027761055,329.31823027761055
33,226,329.31823027761055,329.31823027761055
33,227,329.31823027761055,329.31823027761055
33,228,329.31823027761055,329.31823027761055
33,229,329.31823027761055,329.31823027761055
33,230,329.31823027761055,329.31823027761055
33,231,329.31823027761055,329.31823027761055
33,232,329.31823027761055,329.31823027761055
33,233,329.31823027761055,329.31823027761055
33,234,329.31823027761055,329.31823027761055
33,235,329.31823027761055,329.31823027761055
33,236,329.31823027761055,329.31823027761055
33,237,329.31823027761055,329.31823027761055
33,238,329.31823027761055,329.31823027761055
33,239,329.31823027761055,329.31823027761055
33,240,329.31823027761055,329.31823027761055
33,241,329.31823027761055,329.31823027761055
33,242,329.31823027761055,329.31823027761055
33,243,329.31823027761055,329.31823027761055
33,244,329.31823027761055,329.31823027761055
33,245,329.31823027761055,329.31823027761055
33,246,329.31823027761055,329.31823027761055
33,247,329.31823027761055,329.31823027761055
33,248,329.31823027761055,329.31823027761055
33,249,329.31823027761055,329.31823027761055
33,250,329.31823027761055,329.31823027761055
33,251,329.31823027761055,329.31823027761055
33,252,329.31823027761055,329.31823027761055
33,253,329.31823027761055,329.31823027761055
33,254,329.31823027761055,329.31823027761055
33,255,329.31823027761055,329.31823027761055
33,256,329.31823027761055,329.31823027761055
33,257,329.31823027761055,329.31823027761055
33,258,329.31823027761055,329.31823027761055
33,259,329.31823027761055,329.31823027761055
33,260,329.31823027761055,329.31823027761055
33,261,329.31823027761055,329.31823027761055
33,262,329.31823027761055,329.31823027761055
33,263,329.31823027761055,329.31823027761055
33,264,329.31823027761055,329.31823027761055
33,265,329.31823027761055,329.31823027761055
33,266,329.31823027761055,329.31823027761055
33,267,329.31823027761055,329.31823027761055
33,268,329.31823027761055,329.31823027761055
33,269,329.31823027761055,329.31823027761055
33,270,329.31823027761055,329.31823027761055
33,271,329.31823027761055,329.31823027761055
33,272,329.31823027761055,329.31823027761055
33,273,329.31823027761055,329.31823027761055
33,274,329.31823027761055,329.31823027761055
33,275,329.31823027761055,329.31823027761055
33,276,329.31823027761055,329.31823027761055
33,277,329.31823027761055,329.31823027761055
33,278,329.31823027761055,329.31823027761055
33,279,329.31823027761055,329.31823027761055
33,280,329.31823027761055,329.31823027761055
33,281,329.31823027761055,329.31823027761055
33,282,329.31823027761055,329.31823027761055
33,283,329.31823027761055,329.31823027761055
33,284,329.31823027761055,329.31823027761055
33,285,329.31823027761055,329.31823027761055
33,286,329.31823027761055,329.31823027761055
33,287,329.31823027761055,329.31823027761055
33,288,329.31823027761055,329.31823027761055
33,289,329.31823027761055,329.31823027761055
33,290,329.31823027761055,329.31823027761055
33,291,329.31823027761055,329.31823027761055
33,292,329.31823027761055,329.31823027761055
33,293,329.31823027761055,329.31823027761055
33,294,329.31823027761055,329.31823027761055
33,295,329.31823027761055,329.31823027761055
33,296,329.31823027761055,329.31823027761055
33,297,329.31823027761055,329.31823027761055
33,298,329.31823027761055,329.31823027761055
33,299,329.31823027761055,329.31823027761055
33,300,329.31823027761055,329.31823027761055
33,301,329.31823027761055,329.31823027761055
33,302,329.31823027761055,329.31823027761055
33,303,329.31823027761055,329.31823027761055
33,304,329.31823027761055,329.31823027761055
33,305,329.31823027761055,329.31823027761055
33,306,329.31823027761055,329.31823027761055
33,307,329.31823027761055,329.31823027761055
33,308,329.31823027761055,329.31823027761055
33,309,329.31823027761055,329.31823027761055
33,310,329.31823027761055,329.31823027761055
33,311,329.31823027761055,329.31823027761055
33,312,329.31823027761055,329.31823027761055
33,313,329.31823027761055,329.31823027761055
33,314,329.31823027761055,329.31823027761055
33,315,329.31823027761055,329.31823027761055
33,316,329.31823027761055,329.31823027761055
33,317,329.31823027761055,329.31823027761055
33,318,329.31823027761055,329.31823027761055
33,319,329.31823027761055,329.31823027761055
33,320,329.31823027761055,329.31823027761055
33,321,329.31823027761055,329.31823027761055
33,322,329.31823027761055,329.31823027761055
33,323,329.31823027761055,329.31823027761055
33,324,329.31823027761055,329.31823027761055
33,325,329.31823027761055,329.31823027761055
33,326,329.31823027761055,329.31823027761055
33,327,329.31823027761055,329.31823027761055
33,328,329.31823027761055,329.31823027761055
33,329,329.31823027761055,329.31823027761055
33,330,329.31823027761055,329.31823027761055
33,331,329.31823027761055,329.31823027761055
33,332,329.31823027761055,329.31823027761055
33,333,329.31823027761055,329.31823027761055
33,334,329.31823027761055,329.31823027761055
33,335,329.31823027761055,329.31823027761055
33,336,329.31823027761055,329.31823027761055
33,337,329.31823027761055,329.31823027761055
33,338,329.31823027761055,329.31823027761055
33,339,329.31823027761055,329.31823027761055
33,340,329.31823027761055,329.31823027761055
33,341,329.31823027761055,329.31823027761055
33,342,329.31823027761055,329.31823027761055
33,343,329.31823027761055,329.31823027761055
33,344,329.31823027761055,329.31823027761055
33,345,329.31823027761055,329.31823027761055
33,346,329.31823027761055,329.31823027761055
33,347,329.31823027761055,329.31823027761055
33,348,329.31823027761055,329.31823027761055
33,349,329.31823027761055,329.31823027761055
33,350,329.31823027761055,329.31823027761055
33,351,329.31823027761055,329.31823027761055
33,352,329.31823027761055,329.31823027761055
33,353,329.31823027761055,329.31823027761055
33,354,329.31823027761055,329.31823027761055
33,355,329.31823027761055,329.31823027761055
33,356,329.31823027761055,329.31823027761055
33,357,329.31823027761055,329.31823027761055
33,358,329.31823027761055,329.31823027761055
33,359,329.31823027761055,329.31823027761055
33,360,329.31823027761055,329.31823027761055
33,361,329.31823027761055,329.31823027761055
33,362,329.31823027761055,329.31823027761055
33,363,329.31823027761055,329.31823027761055
33,364,329.31823027761055,329.31823027761055
33,365,329.31823027761055,329.31823027761055
33,366,329.31823027761055,329.31823027761055
33,367,329.31823027761055,329.31823027761055
33,368,329.31823027761055,329.31823027761055
33,369,329.31823027761055,329.31823027761055
33,370,329.31823027761055,329.31823027761055
33,371,329.31823027761055,329.31823027761055
33,372,329.31823027761055,329.31823027761055
33,373,329.31823027761055,329.31823027761055
33,374,329.31823027761055,329.31823027761055
33,375,329.31823027761055,329.31823027761055
33,376,329.31823027761055,329.31823027761055
33,377,329.31823027761055,329.31823027761055
33,378,329.31823027761055,329.31823027761055
33,379,329.31823027761055,329.31823027761055
33,380,329.31823027761055,329.31823027761055
33,381,329.31823027761055,329.31823027761055
33,382,329.31823027761055,329.31823027761055
33,383,329.31823027761055,329.31823027761055
33,384,329.31823027761055,329.31823027761055
33,385,329.31823027761055,329.31823027761055
33,386,329.31823027761055,329.31823027761055
33,387,329.31823027761055,329.31823027761055
33,388,329.31823027761055,329.31823027761055
33,389,329.31823027761055,329.31823027761055
33,390,329.31823027761055,329.31823027761055
33,391,329.31823027761055,329.31823027761055
33,392,329.31823027761055,329.31823027761055
33,393,329.31823027761055,329.31823027761055
33,394,329.31823027761055,329.31823027761055
33,395,329.31823027761055,329.31823027761055
33,396,329.31823027761055,329.31823027761055
33,397,329.31823027761055,329.31823027761055
33,398,329.31823027761055,329.31823027761055
33,399,329.31823027761055,329.31823027761055
33,400,329.31823027761055,329.31823027761055
33,401,329.31823027761055,329.31823027761055
33,402,329.31823027761055,329.31823027761055
33,403,329.31823027761055,329.31823027761055
33,404,329.31823027761055,329.31823027761055
33,405,329.31823027761055,329.31823027761055
33,406,329.31823027761055,329.31823027761055
33,407,329.31823027761055,329.31823027761055
33,408,329.31823027761055,329.31823027761055
33,409,329.31823027761055,329.31823027761055
33,410,329.31823027761055,329.31823027761055
33,411,329.31823027761055,329.31823027761055
33,412,329.31823027761055,329.31823027761055
33,413,329.31823027761055,329.31823027761055
33,414,329.31823027761055,329.31823027761055
33,415,329.31823027761055,329.31823027761055
33,416,329.31823027761055,329.31823027761055
33,417,329.31823027761055,329.31823027761055
33,418,329.31823027761055,329.31823027761055
33,419,329.31823027761055,329.31823027761055
33,420,329.31823027761055,329.31823027761055
33,421,329.31823027761055,329.31823027761055
33,422,329.31823027761055,329.31823027761055
33,423,329.31823027761055,329.31823027761055
33,424,329.31823027761055,329.31823027761055
33,425,329.31823027761055,329.31823027761055
33,426,329.31823027761055,329.31823027761055
33,427,329.31823027761055,329.31823027761055
33,428,329.31823027761055,329.31823027761055
33,429,329.31823027761055,329.31823027761055
33,430,329.31823027761055,329.31823027761055
33,431,329.31823027761055,329.31823027761055
33,432,329.31823027761055,329.31823027761055
33,433,329.31823027761055,329.31823027761055
33,434,329.31823027761055,329.31823027761055
33,435,329.31823027761055,329.31823027761055
33,436,329.31823027761055,329.31823027761055
33,437,329.31823027761055,329.31823027761055
33,438,329.31823027761055,329.31823027761055
33,439,329.31823027761055,329.31823027761055
33,440,329.31823027761055,329.31823027761055
33,441,329.31823027761055,329.31823027761055
33,442,329.31823027761055,329.31823027761055
33,443,329.31823027761055,329.31823027761055
33,444,329.31823027761055,329.31823027761055
33,445,329.31823027761055,329.31823027761055
33,446,329.31823027761055,329.31823027761055
33,447,329.31823027761055,329.31823027761055
33,448,329.31823027761055,329.31823027761055
33,449,329.31823027761055,329.31823027761055
33,450,329.31823027761055,329.31823027761055
33,451,329.31823027761055,329.31823027761055
33,452,329.31823027761055,329.31823027761055
33,453,329.31823027761055,329.31823027761055
33,454,329.31823027761055,329.31823027761055
33,455,329.31823027761055,329.31823027761055
33,456,329.31823027761055,329.31823027761055
33,457,329.31823027761055,329.31823027761055
33,458,329.31823027761055,329.31823027761055
33,459,329.31823027761055,329.31823027761055
33,460,329.31823027761055,329.31823027761055
33,461,329.31823027761055,329.31823027761055
33,462,329.31823027761055,329.31823027761055
33,463,329.31823027761055,329.31823027761055
33,464,329.31823027761055,329.31823027761055
33,465,329.31823027761055,329.31823027761055
33,466,329.31823027761055,329.31823027761055
33,467,329.31823027761055,329.31823027761055
33,468,329.31823027761055,329.31823027761055
33,469,329.31823027761055,329.31823027761055
33,470,329.31823027761055,329.31823027761055
33,471,329.31823027761055,329.31823027761055
33,472,329.31823027761055,329.31823027761055
33,473,329.31823027761055,329.31823027761055
33,474,329.31823027761055,329.31823027761055
33,475,329.31823027761055,329.31823027761055
33,476,329.31823027761055,329.31823027761055
33,477,329.31823027761055,329.31823027761055
33,478,329.31823027761055,329.31823027761055
33,479,329.31823027761055,329.31823027761055
33,480,329.31823027761055,329.31823027761055
33,481,329.31823027761055,329.31823027761055
33,482,329.31823027761055,329.31823027761055
33,483,329.31823027761055,329.31823027761055
33,484,329.31823027761055,329.31823027761055
33,485,329.31823027761055,329.31823027761055
33,486,329.31823027761055,329.31823027761055
33,487,329.31823027761055,329.31823027761055
33,488,329.31823027761055,329.31823027761055
33,489,329.31823027761055,329.31823027761055
33,490,329.31823027761055,329.31823027761055
33,491,329.31823027761055,329.31823027761055
33,492,329.31823027761055,329.31823027761055
33,493,329.31823027761055,329.31823027761055
33,494,329.31823027761055,329.31823027761055
33,495,329.31823027761055,329.31823027761055
33,496,329.31823027761055,329.31823027761055
33,497,329.31823027761055,329.31823027761055
33,498,329.31823027761055,329.31823027761055
33,499,329.31823027761055,329.31823027761055
33,500,329.31823027761055,329.31823027761055
34,0,427.9651268010877,427.9651268010877
34,1,388.8406168834791,388.8406168834791
34,2,375.6659090201861,375.6659090201861
34,3,375.6659090201861,375.6659090201861
34,4,346.2754293187293,346.2754293187293
34,5,346.2754293187293,346.2754293187293
34,6,346.2754293187293,346.2754293187293
34,7,346.2754293187293,346.2754293187293
34,8,346.2754293187293,346.2754293187293
34,9,335.21393869705463,335.21393869705463
34,10,335.21393869705463,335.21393869705463
34,11,335.21393869705463,335.21393869705463
34,12,335.21393869705463,335.21393869705463
34,13,335.21393869705463,335.21393869705463
34,14,329.31823027761055,329.31823027761055
34,15,329.31823027761055,329.31823027761055
34,16,329.31823027761055,329.31823027761055
34,17,329.31823027761055,329.31823027761055
34,18,329.31823027761055,329.31823027761055
34,19,329.31823027761055,329.31823027761055
34,20,329.31823027761055,329.31823027761055
34,21,329.31823027761055,329.31823027761055
34,22,329.31823027761055,329.31823027761055
34,23,329.31823027761055,329.31823027761055
34,24,329.31823027761055,329.31823027761055
34,25,329.31823027761055,329.31823027761055
34,26,329.31823027761055,329.31823027761055
34,27,329.31823027761055,329.31823027761055
34,28,329.31823027761055,329.31823027761055
34,29,329.31823027761055,329.31823027761055
34,30,329.31823027761055,329.31823027761055
34,31,329.31823027761055,329.31823027761055
34,32,329.31823027761055,329.31823027761055
34,33,329.31823027761055,329.31823027761055
34,34,329.31823027761055,329.31823027761055
34,35,329.31823027761055,329.31823027761055
34,36,329.31823027761055,329.31823027761055
34,37,329.31823027761055,329.31823027761055
34,38,329.31823027761055,329.31823027761055
34,39,329.31823027761055,329.31823027761055
34,40,329.31823027761055,329.31823027761055
34,41,329.31823027761055,329.31823027761055
34,42,329.31823027761055,329.31823027761055
34,43,329.31823027761055,329.31823027761055
34,44,329.31823027761055,329.31823027761055
34,45,329.31823027761055,329.31823027761055
34,46,329.31823027761055,329.31823027761055
34,47,329.31823027761055,329.31823027761055
34,48,329.31823027761055,329.31823027761055
34,49,329.31823027761055,329.31823027761055
34,50,329.31823027761055,329.31823027761055
34,51,329.31823027761055,329.31823027761055
34,52,329.31823027761055,329.31823027761055
34,53,329.31823027761055,329.31823027761055
34,54,329.31823027761055,329.31823027761055
34,55,329.31823027761055,329.31823027761055
34,56,329.31823027761055,329.31823027761055
34,57,329.31823027761055,329.31823027761055
34,58,329.31823027761055,329.31823027761055
34,59,329.31823027761055,329.31823027761055
34,60,329.31823027761055,329.31823027761055
34,61,329.31823027761055,329.31823027761055
34,62,329.31823027761055,329.31823027761055
34,63,329.31823027761055,329.31823027761055
34,64,329.31823027761055,329.31823027761055
34,65,329.31823027761055,329.31823027761055
34,66,329.31823027761055,329.31823027761055
34,67,329.31823027761055,329.31823027761055
34,68,329.31823027761055,329.31823027761055
34,69,329.31823027761055,329.31823027761055
34,70,329.31823027761055,329.31823027761055
34,71,329.31823027761055,329.31823027761055
34,72,329.31823027761055,329.31823027761055
34,73,329.31823027761055,329.31823027761055
34,74,329.31823027761055,329.31823027761055
34,75,329.31823027761055,329.31823027761055
34,76,329.31823027761055,329.31823027761055
34,77,329.31823027761055,329.31823027761055
34,78,329.31823027761055,329.31823027761055
34,79,329.31823027761055,329.31823027761055
34,80,329.31823027761055,329.31823027761055
34,81,329.31823027761055,329.31823027761055
34,82,329.31823027761055,329.31823027761055
34,83,329.31823027761055,329.31823027761055
34,84,329.31823027761055,329.31823027761055
34,85,329.31823027761055,329.31823027761055
34,86,329.31823027761055,329.31823027761055
34,87,329.31823027761055,329.31823027761055
34,88,329.31823027761055,329.31823027761055
34,89,329.31823027761055,329.31823027761055
34,90,329.31823027761055,329.31823027761055
34,91,329.31823027761055,329.31823027761055
34,92,329.31823027761055,329.31823027761055
34,93,329.31823027761055,329.31823027761055
34,94,329.31823027761055,329.31823027761055
34,95,329.31823027761055,329.31823027761055
34,96,329.31823027761055,329.31823027761055
34,97,329.31823027761055,329.31823027761055
34,98,329.31823027761055,329.31823027761055
34,99,329.31823027761055,329.31823027761055
34,100,329.31823027761055,329.31823027761055
34,101,329.31823027761055,329.31823027761055
34,102,329.31823027761055,329.31823027761055
34,103,329.31823027761055,329.31823027761055
34,104,329.31823027761055,329.31823027761055
34,105,329.31823027761055,329.31823027761055
34,106,329.31823027761055,329.31823027761055
34,107,329.31823027761055,329.31823027761055
34,108,329.31823027761055,329.31823027761055
34,109,329.31823027761055,329.31823027761055
34,110,329.31823027761055,329.31823027761055
34,111,329.31823027761055,329.31823027761055
34,112,329.31823027761055,329.31823027761055
34,113,329.31823027761055,329.31823027761055
34,114,329.31823027761055,329.31823027761055
34,115,329.31823027761055,329.31823027761055
34,116,329.31823027761055,329.31823027761055
34,117,329.31823027761055,329.31823027761055
34,118,329.31823027761055,329.31823027761055
34,119,329.31823027761055,329.31823027761055
34,120,329.31823027761055,329.31823027761055
34,121,329.31823027761055,329.31823027761055
34,122,329.31823027761055,329.31823027761055
34,123,329.31823027761055,329.31823027761055
34,124,329.31823027761055,329.31823027761055
34,125,329.31823027761055,329.31823027761055
34,126,329.31823027761055,329.31823027761055
34,127,329.31823027761055,329.31823027761055
34,128,329.31823027761055,329.31823027761055
34,129,329.31823027761055,329.31823027761055
34,130,329.31823027761055,329.31823027761055
34,131,329.31823027761055,329.31823027761055
34,132,329.31823027761055,329.31823027761055
34,133,329.31823027761055,329.31823027761055
34,134,329.31823027761055,329.31823027761055
34,135,329.31823027761055,329.31823027761055
34,136,329.31823027761055,329.31823027761055
34,137,329.31823027761055,329.31823027761055
34,138,329.31823027761055,329.31823027761055
34,139,329.31823027761055,329.31823027761055
34,140,329.31823027761055,329.31823027761055
34,141,329.31823027761055,329.31823027761055
34,142,329.31823027761055,329.31823027761055
34,143,329.31823027761055,329.31823027761055
34,144,329.31823027761055,329.31823027761055
34,145,329.31823027761055,329.31823027761055
34,146,329.31823027761055,329.31823027761055
34,147,329.31823027761055,329.31823027761055
34,148,329.31823027761055,329.31823027761055
34,149,329.31823027761055,329.31823027761055
34,150,329.31823027761055,329.31823027761055
34,151,329.31823027761055,329.31823027761055
34,152,329.31823027761055,329.31823027761055
34,153,329.31823027761055,329.31823027761055
34,154,329.31823027761055,329.31823027761055
34,155,329.31823027761055,329.31823027761055
34,156,329.31823027761055,329.31823027761055
34,157,329.31823027761055,329.31823027761055
34,158,329.31823027761055,329.31823027761055
34,159,329.31823027761055,329.31823027761055
34,160,329.31823027761055,329.31823027761055
34,161,329.31823027761055,329.31823027761055
34,162,329.31823027761055,329.31823027761055
34,163,329.31823027761055,329.31823027761055
34,164,329.31823027761055,329.31823027761055
34,165,329.31823027761055,329.31823027761055
34,166,329.31823027761055,329.31823027761055
34,167,329.31823027761055,329.31823027761055
34,168,329.31823027761055,329.31823027761055
34,169,329.31823027761055,329.31823027761055
34,170,329.31823027761055,329.31823027761055
34,171,329.31823027761055,329.31823027761055
34,172,329.31823027761055,329.31823027761055
34,173,329.31823027761055,329.31823027761055
34,174,329.31823027761055,329.31823027761055
34,175,329.31823027761055,329.31823027761055
34,176,329.31823027761055,329.31823027761055
34,177,329.31823027761055,329.31823027761055
34,178,329.31823027761055,329.31823027761055
34,179,329.31823027761055,329.31823027761055
34,180,329.31823027761055,329.31823027761055
34,181,329.31823027761055,329.31823027761055
34,182,329.31823027761055,329.31823027761055
34,183,329.31823027761055,329.31823027761055
34,184,329.31823027761055,329.31823027761055
34,185,329.31823027761055,329.31823027761055
34,186,329.31823027761055,329.31823027761055
34,187,329.31823027761055,329.31823027761055
34,188,329.31823027761055,329.31823027761055
34,189,329.31823027761055,329.31823027761055
34,190,329.31823027761055,329.31823027761055
34,191,329.31823027761055,329.31823027761055
34,192,329.31823027761055,329.31823027761055
34,193,329.31823027761055,329.31823027761055
34,194,329.31823027761055,329.31823027761055
34,195,329.31823027761055,329.31823027761055
34,196,329.31823027761055,329.31823027761055
34,197,329.31823027761055,329.31823027761055
34,198,329.31823027761055,329.31823027761055
34,199,329.31823027761055,329.31823027761055
34,200,329.31823027761055,329.31823027761055
34,201,329.31823027761055,329.31823027761055
34,202,329.31823027761055,329.31823027761055
34,203,329.31823027761055,329.31823027761055
34,204,329.31823027761055,329.31823027761055
34,205,329.31823027761055,329.31823027761055
34,206,329.31823027761055,329.31823027761055
34,207,329.31823027761055,329.31823027761055
34,208,329.31823027761055,329.31823027761055
34,209,329.31823027761055,329.31823027761055
34,210,329.31823027761055,329.31823027761055
34,211,329.31823027761055,329.31823027761055
34,212,329.31823027761055,329.31823027761055
34,213,329.31823027761055,329.31823027761055
34,214,329.31823027761055,329.31823027761055
34,215,329.31823027761055,329.31823027761055
34,216,329.31823027761055,329.31823027761055
34,217,329.31823027761055,329.31823027761055
34,218,329.31823027761055,329.31823027761055
34,219,329.31823027761055,329.31823027761055
34,220,329.31823027761055,329.31823027761055
34,221,329.31823027761055,329.31823027761055
34,222,329.31823027761055,329.31823027761055
34,223,329.31823027761055,329.31823027761055
34,224,329.31823027761055,329.31823027761055
34,225,329.31823027761055,329.31823027761055
34,226,329.31823027761055,329.31823027761055
34,227,329.31823027761055,329.31823027761055
34,228,329.31823027761055,329.31823027761055
34,229,329.31823027761055,329.31823027761055
34,230,329.31823027761055,329.31823027761055
34,231,329.31823027761055,329.31823027761055
34,232,329.31823027761055,329.31823027761055
34,233,329.31823027761055,329.31823027761055
34,234,329.31823027761055,329.31823027761055
34,235,329.31823027761055,329.31823027761055
34,236,329.31823027761055,329.31823027761055
34,237,329.31823027761055,329.31823027761055
34,238,329.31823027761055,329.31823027761055
34,239,329.31823027761055,329.31823027761055
34,240,329.31823027761055,329.31823027761055
34,241,329.31823027761055,329.31823027761055
34,242,329.31823027761055,329.31823027761055
34,243,329.31823027761055,329.31823027761055
34,244,329.31823027761055,329.31823027761055
34,245,329.31823027761055,329.31823027761055
34,246,329.31823027761055,329.31823027761055
34,247,329.31823027761055,329.31823027761055
34,248,329.31823027761055,329.31823027761055
34,249,329.31823027761055,329.31823027761055
34,250,329.31823027761055,329.31823027761055
34,251,329.31823027761055,329.31823027761055
34,252,329.31823027761055,329.31823027761055
34,253,329.31823027761055,329.31823027761055
34,254,329.31823027761055,329.31823027761055
34,255,329.31823027761055,329.31823027761055
34,256,329.31823027761055,329.31823027761055
34,257,329.31823027761055,329.31823027761055
34,258,329.31823027761055,329.31823027761055
34,259,329.31823027761055,329.31823027761055
34,260,329.31823027761055,329.31823027761055
34,261,329.31823027761055,329.31823027761055
34,262,329.31823027761055,329.31823027761055
34,263,329.31823027761055,329.31823027761055
34,264,329.31823027761055,329.31823027761055
34,265,329.31823027761055,329.31823027761055
34,266,329.31823027761055,329.31823027761055
34,267,329.31823027761055,329.31823027761055
34,268,329.31823027761055,329.31823027761055
34,269,329.31823027761055,329.31823027761055
34,270,329.31823027761055,329.31823027761055
34,271,329.31823027761055,329.31823027761055
34,272,329.31823027761055,329.31823027761055
34,273,329.31823027761055,329.31823027761055
34,274,329.31823027761055,329.31823027761055
34,275,329.31823027761055,329.31823027761055
34,276,329.31823027761055,329.31823027761055
34,277,329.31823027761055,329.31823027761055
34,278,329.31823027761055,329.31823027761055
34,279,329.31823027761055,329.31823027761055
34,280,329.31823027761055,329.31823027761055
34,281,329.31823027761055,329.31823027761055
34,282,329.31823027761055,329.31823027761055
34,283,329.31823027761055,329.31823027761055
34,284,329.31823027761055,329.31823027761055
34,285,329.31823027761055,329.31823027761055
34,286,329.31823027761055,329.31823027761055
34,287,329.31823027761055,329.31823027761055
34,288,329.31823027761055,329.31823027761055
34,289,329.31823027761055,329.31823027761055
34,290,329.31823027761055,329.31823027761055
34,291,329.31823027761055,329.31823027761055
34,292,329.31823027761055,329.31823027761055
34,293,329.31823027761055,329.31823027761055
34,294,329.31823027761055,329.31823027761055
34,295,329.31823027761055,329.31823027761055
34,296,329.31823027761055,329.31823027761055
34,297,329.31823027761055,329.31823027761055
34,298,329.31823027761055,329.31823027761055
34,299,329.31823027761055,329.31823027761055
34,300,329.31823027761055,329.31823027761055
34,301,329.31823027761055,329.31823027761055
34,302,329.31823027761055,329.31823027761055
34,303,329.31823027761055,329.31823027761055
34,304,329.31823027761055,329.31823027761055
34,305,329.31823027761055,329.31823027761055
34,306,329.31823027761055,329.31823027761055
34,307,329.31823027761055,329.31823027761055
34,308,329.31823027761055,329.31823027761055
34,309,329.31823027761055,329.31823027761055
34,310,329.31823027761055,329.31823027761055
34,311,329.31823027761055,329.31823027761055
34,312,329.31823027761055,329.31823027761055
34,313,329.31823027761055,329.31823027761055
34,314,329.31823027761055,329.31823027761055
34,315,329.31823027761055,329.31823027761055
34,316,329.31823027761055,329.31823027761055
34,317,329.31823027761055,329.31823027761055
34,318,329.31823027761055,329.31823027761055
34,319,329.31823027761055,329.31823027761055
34,320,329.31823027761055,329.31823027761055
34,321,329.31823027761055,329.31823027761055
34,322,329.31823027761055,329.31823027761055
34,323,329.31823027761055,329.31823027761055
34,324,329.31823027761055,329.31823027761055
34,325,329.31823027761055,329.31823027761055
34,326,329.31823027761055,329.31823027761055
34,327,329.31823027761055,329.31823027761055
34,328,329.31823027761055,329.31823027761055
34,329,329.31823027761055,329.31823027761055
34,330,329.31823027761055,329.31823027761055
34,331,329.31823027761055,329.31823027761055
34,332,329.31823027761055,329.31823027761055
34,333,329.31823027761055,329.31823027761055
34,334,329.31823027761055,329.31823027761055
34,335,329.31823027761055,329.31823027761055
34,336,329.31823027761055,329.31823027761055
34,337,329.31823027761055,329.31823027761055
34,338,329.31823027761055,329.31823027761055
34,339,329.31823027761055,329.31823027761055
34,340,329.31823027761055,329.31823027761055
34,341,329.31823027761055,329.31823027761055
34,342,329.31823027761055,329.31823027761055
34,343,329.31823027761055,329.31823027761055
34,344,329.31823027761055,329.31823027761055
34,345,329.31823027761055,329.31823027761055
34,346,329.31823027761055,329.31823027761055
34,347,329.31823027761055,329.31823027761055
34,348,329.31823027761055,329.31823027761055
34,349,329.31823027761055,329.31823027761055
34,350,329.31823027761055,329.31823027761055
34,351,329.31823027761055,329.31823027761055
34,352,329.31823027761055,329.31823027761055
34,353,329.31823027761055,329.31823027761055
34,354,329.31823027761055,329.31823027761055
34,355,329.31823027761055,329.31823027761055
34,356,329.31823027761055,329.31823027761055
34,357,329.31823027761055,329.31823027761055
34,358,329.31823027761055,329.31823027761055
34,359,329.31823027761055,329.31823027761055
34,360,329.31823027761055,329.31823027761055
34,361,329.31823027761055,329.31823027761055
34,362,329.31823027761055,329.31823027761055
34,363,329.31823027761055,329.31823027761055
34,364,329.31823027761055,329.31823027761055
34,365,329.31823027761055,329.31823027761055
34,366,329.31823027761055,329.31823027761055
34,367,329.31823027761055,329.31823027761055
34,368,329.31823027761055,329.31823027761055
34,369,329.31823027761055,329.31823027761055
34,370,329.31823027761055,329.31823027761055
34,371,329.31823027761055,329.31823027761055
34,372,329.31823027761055,329.31823027761055
34,373,329.31823027761055,329.31823027761055
34,374,329.31823027761055,329.31823027761055
34,375,329.31823027761055,329.31823027761055
34,376,329.31823027761055,329.31823027761055
34,377,329.31823027761055,329.31823027761055
34,378,329.31823027761055,329.31823027761055
34,379,329.31823027761055,329.31823027761055
34,380,329.31823027761055,329.31823027761055
34,381,329.31823027761055,329.31823027761055
34,382,329.31823027761055,329.31823027761055
34,383,329.31823027761055,329.31823027761055
34,384,329.31823027761055,329.31823027761055
34,385,329.31823027761055,329.31823027761055
34,386,329.31823027761055,329.31823027761055
34,387,329.31823027761055,329.31823027761055
34,388,329.31823027761055,329.31823027761055
34,389,329.31823027761055,329.31823027761055
34,390,329.31823027761055,329.31823027761055
34,391,329.31823027761055,329.31823027761055
34,392,329.31823027761055,329.31823027761055
34,393,329.31823027761055,329.31823027761055
34,394,329.31823027761055,329.31823027761055
34,395,329.31823027761055,329.31823027761055
34,396,329.31823027761055,329.31823027761055
34,397,329.31823027761055,329.31823027761055
34,398,329.31823027761055,329.31823027761055
34,399,329.31823027761055,329.31823027761055
34,400,329.31823027761055,329.31823027761055
34,401,329.31823027761055,329.31823027761055
34,402,329.31823027761055,329.31823027761055
34,403,329.31823027761055,329.31823027761055
34,404,329.31823027761055,329.31823027761055
34,405,329.31823027761055,329.31823027761055
34,406,329.31823027761055,329.31823027761055
34,407,329.31823027761055,329.31823027761055
34,408,329.31823027761055,329.31823027761055
34,409,329.31823027761055,329.31823027761055
34,410,329.31823027761055,329.31823027761055
34,411,329.31823027761055,329.31823027761055
34,412,329.31823027761055,329.31823027761055
34,413,329.31823027761055,329.31823027761055
34,414,329.31823027761055,329.31823027761055
34,415,329.31823027761055,329.31823027761055
34,416,329.31823027761055,329.31823027761055
34,417,329.31823027761055,329.31823027761055
34,418,329.31823027761055,329.31823027761055
34,419,329.31823027761055,329.31823027761055
34,420,329.31823027761055,329.31823027761055
34,421,329.31823027761055,329.31823027761055
34,422,329.31823027761055,329.31823027761055
34,423,329.31823027761055,329.31823027761055
34,424,329.31823027761055,329.31823027761055
34,425,329.31823027761055,329.31823027761055
34,426,329.31823027761055,329.31823027761055
34,427,329.31823027761055,329.31823027761055
34,428,329.31823027761055,329.31823027761055
34,429,329.31823027761055,329.31823027761055
34,430,329.31823027761055,329.31823027761055
34,431,329.31823027761055,329.31823027761055
34,432,329.31823027761055,329.31823027761055
34,433,329.31823027761055,329.31823027761055
34,434,329.31823027761055,329.31823027761055
34,435,329.31823027761055,329.31823027761055
34,436,329.31823027761055,329.31823027761055
34,437,329.31823027761055,329.31823027761055
34,438,329.31823027761055,329.31823027761055
34,439,329.31823027761055,329.31823027761055
34,440,329.31823027761055,329.31823027761055
34,441,329.31823027761055,329.31823027761055
34,442,329.31823027761055,329.31823027761055
34,443,329.31823027761055,329.31823027761055
34,444,329.31823027761055,329.31823027761055
34,445,329.31823027761055,329.31823027761055
34,446,329.31823027761055,329.31823027761055
34,447,329.31823027761055,329.31823027761055
34,448,329.31823027761055,329.31823027761055
34,449,329.31823027761055,329.31823027761055
34,450,329.31823027761055,329.31823027761055
34,451,329.31823027761055,329.31823027761055
34,452,329.31823027761055,329.31823027761055
34,453,329.31823027761055,329.31823027761055
34,454,329.31823027761055,329.31823027761055
34,455,329.31823027761055,329.31823027761055
34,456,329.31823027761055,329.31823027761055
34,457,329.31823027761055,329.31823027761055
34,458,329.31823027761055,329.31823027761055
34,459,329.31823027761055,329.31823027761055
34,460,329.31823027761055,329.31823027761055
34,461,329.31823027761055,329.31823027761055
34,462,329.31823027761055,329.31823027761055
34,463,329.31823027761055,329.31823027761055
34,464,329.31823027761055,329.31823027761055
34,465,329.31823027761055,329.31823027761055
34,466,329.31823027761055,329.31823027761055
34,467,329.31823027761055,329.31823027761055
34,468,329.31823027761055,329.31823027761055
34,469,329.31823027761055,329.31823027761055
34,470,329.31823027761055,329.31823027761055
34,471,329.31823027761055,329.31823027761055
34,472,329.31823027761055,329.31823027761055
34,473,329.31823027761055,329.31823027761055
34,474,329.31823027761055,329.31823027761055
34,475,329.31823027761055,329.31823027761055
34,476,329.31823027761055,329.31823027761055
34,477,329.31823027761055,329.31823027761055
34,478,329.31823027761055,329.31823027761055
34,479,329.31823027761055,329.31823027761055
34,480,329.31823027761055,329.31823027761055
34,481,329.31823027761055,329.31823027761055
34,482,329.31823027761055,329.31823027761055
34,483,329.31823027761055,329.31823027761055
34,484,329.31823027761055,329.31823027761055
34,485,329.31823027761055,329.31823027761055
34,486,329.31823027761055,329.31823027761055
34,487,329.31823027761055,329.31823027761055
34,488,329.31823027761055,329.31823027761055
34,489,329.31823027761055,329.31823027761055
34,490,329.31823027761055,329.31823027761055
34,491,329.31823027761055,329.31823027761055
34,492,329.31823027761055,329.31823027761055
34,493,329.31823027761055,329.31823027761055
34,494,329.31823027761055,329.31823027761055
34,495,329.31823027761055,329.31823027761055
34,496,329.31823027761055,329.31823027761055
34,497,329.31823027761055,329.31823027761055
34,498,329.31823027761055,329.31823027761055
34,499,329.31823027761055,329.31823027761055
34,500,329.31823027761055,329.31823027761055
35,0,421.8441665872585,421.8441665872585
35,1,407.0856550308314,407.0856550308314
35,2,392.8454378488486,392.8454378488486
35,3,386.17121817543347,386.17121817543347
35,4,384.3405893075753,384.3405893075753
35,5,376.23411835747555,376.23411835747555
35,6,346.2494968587685,346.2494968587685
35,7,346.2494968587685,346.2494968587685
35,8,346.2494968587685,346.2494968587685
35,9,346.2494968587685,346.2494968587685
35,10,329.31823027761055,329.31823027761055
35,11,329.31823027761055,329.31823027761055
35,12,329.31823027761055,329.31823027761055
35,13,329.31823027761055,329.31823027761055
35,14,329.31823027761055,329.31823027761055
35,15,329.31823027761055,329.31823027761055
35,16,329.31823027761055,329.31823027761055
35,17,329.31823027761055,329.31823027761055
35,18,329.31823027761055,329.31823027761055
35,19,329.31823027761055,329.31823027761055
35,20,329.31823027761055,329.31823027761055
35,21,329.31823027761055,329.31823027761055
35,22,329.31823027761055,329.31823027761055
35,23,329.31823027761055,329.31823027761055
35,24,329.31823027761055,329.31823027761055
35,25,329.31823027761055,329.31823027761055
35,26,329.31823027761055,329.31823027761055
35,27,329.31823027761055,329.31823027761055
35,28,329.31823027761055,329.31823027761055
35,29,329.31823027761055,329.31823027761055
35,30,329.31823027761055,329.31823027761055
35,31,329.31823027761055,329.31823027761055
35,32,329.31823027761055,329.31823027761055
35,33,329.31823027761055,329.31823027761055
35,34,329.31823027761055,329.31823027761055
35,35,329.31823027761055,329.31823027761055
35,36,329.31823027761055,329.31823027761055
35,37,329.31823027761055,329.31823027761055
35,38,329.31823027761055,329.31823027761055
35,39,329.31823027761055,329.31823027761055
35,40,329.31823027761055,329.31823027761055
35,41,329.31823027761055,329.31823027761055
35,42,329.31823027761055,329.31823027761055
35,43,329.31823027761055,329.31823027761055
35,44,329.31823027761055,329.31823027761055
35,45,329.31823027761055,329.31823027761055
35,46,329.31823027761055,329.31823027761055
35,47,329.31823027761055,329.31823027761055
35,48,329.31823027761055,329.31823027761055
35,49,329.31823027761055,329.31823027761055
35,50,329.31823027761055,329.31823027761055
35,51,329.31823027761055,329.31823027761055
35,52,329.31823027761055,329.31823027761055
35,53,329.31823027761055,329.31823027761055
35,54,329.31823027761055,329.31823027761055
35,55,329.31823027761055,329.31823027761055
35,56,329.31823027761055,329.31823027761055
35,57,329.31823027761055,329.31823027761055
35,58,329.31823027761055,329.31823027761055
35,59,329.31823027761055,329.31823027761055
35,60,329.31823027761055,329.31823027761055
35,61,329.31823027761055,329.31823027761055
35,62,329.31823027761055,329.31823027761055
35,63,329.31823027761055,329.31823027761055
35,64,329.31823027761055,329.31823027761055
35,65,329.31823027761055,329.31823027761055
35,66,329.31823027761055,329.31823027761055
35,67,329.31823027761055,329.31823027761055
35,68,329.31823027761055,329.31823027761055
35,69,329.31823027761055,329.31823027761055
35,70,329.31823027761055,329.31823027761055
35,71,329.31823027761055,329.31823027761055
35,72,329.31823027761055,329.31823027761055
35,73,329.31823027761055,329.31823027761055
35,74,329.31823027761055,329.31823027761055
35,75,329.31823027761055,329.31823027761055
35,76,329.31823027761055,329.31823027761055
35,77,329.31823027761055,329.31823027761055
35,78,329.31823027761055,329.31823027761055
35,79,329.31823027761055,329.31823027761055
35,80,329.31823027761055,329.31823027761055
35,81,329.31823027761055,329.31823027761055
35,82,329.31823027761055,329.31823027761055
35,83,329.31823027761055,329.31823027761055
35,84,329.31823027761055,329.31823027761055
35,85,329.31823027761055,329.31823027761055
35,86,329.31823027761055,329.31823027761055
35,87,329.31823027761055,329.31823027761055
35,88,329.31823027761055,329.31823027761055
35,89,329.31823027761055,329.31823027761055
35,90,329.31823027761055,329.31823027761055
35,91,329.31823027761055,329.31823027761055
35,92,329.31823027761055,329.31823027761055
35,93,329.31823027761055,329.31823027761055
35,94,329.31823027761055,329.31823027761055
35,95,329.31823027761055,329.31823027761055
35,96,329.31823027761055,329.31823027761055
35,97,329.31823027761055,329.31823027761055
35,98,329.31823027761055,329.31823027761055
35,99,329.31823027761055,329.31823027761055
35,100,329.31823027761055,329.31823027761055
35,101,329.31823027761055,329.31823027761055
35,102,329.31823027761055,329.31823027761055
35,103,329.31823027761055,329.31823027761055
35,104,329.31823027761055,329.31823027761055
35,105,329.31823027761055,329.31823027761055
35,106,329.31823027761055,329.31823027761055
35,107,329.31823027761055,329.31823027761055
35,108,329.31823027761055,329.31823027761055
35,109,329.31823027761055,329.31823027761055
35,110,329.31823027761055,329.31823027761055
35,111,329.31823027761055,329.31823027761055
35,112,329.31823027761055,329.31823027761055
35,113,329.31823027761055,329.31823027761055
35,114,329.31823027761055,329.31823027761055
35,115,329.31823027761055,329.31823027761055
35,116,329.31823027761055,329.31823027761055
35,117,329.31823027761055,329.31823027761055
35,118,329.31823027761055,329.31823027761055
35,119,329.31823027761055,329.31823027761055
35,120,329.31823027761055,329.31823027761055
35,121,329.31823027761055,329.31823027761055
35,122,329.31823027761055,329.31823027761055
35,123,329.31823027761055,329.31823027761055
35,124,329.31823027761055,329.31823027761055
35,125,329.31823027761055,329.31823027761055
35,126,329.31823027761055,329.31823027761055
35,127,329.31823027761055,329.31823027761055
35,128,329.31823027761055,329.31823027761055
35,129,329.31823027761055,329.31823027761055
35,130,329.31823027761055,329.31823027761055
35,131,329.31823027761055,329.31823027761055
35,132,329.31823027761055,329.31823027761055
35,133,329.31823027761055,329.31823027761055
35,134,329.31823027761055,329.31823027761055
35,135,329.31823027761055,329.31823027761055
35,136,329.31823027761055,329.31823027761055
35,137,329.31823027761055,329.31823027761055
35,138,329.31823027761055,329.31823027761055
35,139,329.31823027761055,329.31823027761055
35,140,329.31823027761055,329.31823027761055
35,141,329.31823027761055,329.31823027761055
35,142,329.31823027761055,329.31823027761055
35,143,329.31823027761055,329.31823027761055
35,144,329.31823027761055,329.31823027761055
35,145,329.31823027761055,329.31823027761055
35,146,329.31823027761055,329.31823027761055
35,147,329.31823027761055,329.31823027761055
35,148,329.31823027761055,329.31823027761055
35,149,329.31823027761055,329.31823027761055
35,150,329.31823027761055,329.31823027761055
35,151,329.31823027761055,329.31823027761055
35,152,329.31823027761055,329.31823027761055
35,153,329.31823027761055,329.31823027761055
35,154,329.31823027761055,329.31823027761055
35,155,329.31823027761055,329.31823027761055
35,156,329.31823027761055,329.31823027761055
35,157,329.31823027761055,329.31823027761055
35,158,329.31823027761055,329.31823027761055
35,159,329.31823027761055,329.31823027761055
35,160,329.31823027761055,329.31823027761055
35,161,329.31823027761055,329.31823027761055
35,162,329.31823027761055,329.31823027761055
35,163,329.31823027761055,329.31823027761055
35,164,329.31823027761055,329.31823027761055
35,165,329.31823027761055,329.31823027761055
35,166,329.31823027761055,329.31823027761055
35,167,329.31823027761055,329.31823027761055
35,168,329.31823027761055,329.31823027761055
35,169,329.31823027761055,329.31823027761055
35,170,329.31823027761055,329.31823027761055
35,171,329.31823027761055,329.31823027761055
35,172,329.31823027761055,329.31823027761055
35,173,329.31823027761055,329.31823027761055
35,174,329.31823027761055,329.31823027761055
35,175,329.31823027761055,329.31823027761055
35,176,329.31823027761055,329.31823027761055
35,177,329.31823027761055,329.31823027761055
35,178,329.31823027761055,329.31823027761055
35,179,329.31823027761055,329.31823027761055
35,180,329.31823027761055,329.31823027761055
35,181,329.31823027761055,329.31823027761055
35,182,329.31823027761055,329.31823027761055
35,183,329.31823027761055,329.31823027761055
35,184,329.31823027761055,329.31823027761055
35,185,329.31823027761055,329.31823027761055
35,186,329.31823027761055,329.31823027761055
35,187,329.31823027761055,329.31823027761055
35,188,329.31823027761055,329.31823027761055
35,189,329.31823027761055,329.31823027761055
35,190,329.31823027761055,329.31823027761055
35,191,329.31823027761055,329.31823027761055
35,192,329.31823027761055,329.31823027761055
35,193,329.31823027761055,329.31823027761055
35,194,329.31823027761055,329.31823027761055
35,195,329.31823027761055,329.31823027761055
35,196,329.31823027761055,329.31823027761055
35,197,329.31823027761055,329.31823027761055
35,198,329.31823027761055,329.31823027761055
35,199,329.31823027761055,329.31823027761055
35,200,329.31823027761055,329.31823027761055
35,201,329.31823027761055,329.31823027761055
35,202,329.31823027761055,329.31823027761055
35,203,329.31823027761055,329.31823027761055
35,204,329.31823027761055,329.31823027761055
35,205,329.31823027761055,329.31823027761055
35,206,329.31823027761055,329.31823027761055
35,207,329.31823027761055,329.31823027761055
35,208,329.31823027761055,329.31823027761055
35,209,329.31823027761055,329.31823027761055
35,210,329.31823027761055,329.31823027761055
35,211,329.31823027761055,329.31823027761055
35,212,329.31823027761055,329.31823027761055
35,213,329.31823027761055,329.31823027761055
35,214,329.31823027761055,329.31823027761055
35,215,329.31823027761055,329.31823027761055
35,216,329.31823027761055,329.31823027761055
35,217,329.31823027761055,329.31823027761055
35,218,329.31823027761055,329.31823027761055
35,219,329.31823027761055,329.31823027761055
35,220,329.31823027761055,329.31823027761055
35,221,329.31823027761055,329.31823027761055
35,222,329.31823027761055,329.31823027761055
35,223,329.31823027761055,329.31823027761055
35,224,329.31823027761055,329.31823027761055
35,225,329.31823027761055,329.31823027761055
35,226,329.31823027761055,329.31823027761055
35,227,329.31823027761055,329.31823027761055
35,228,329.31823027761055,329.31823027761055
35,229,329.31823027761055,329.31823027761055
35,230,329.31823027761055,329.31823027761055
35,231,329.31823027761055,329.31823027761055
35,232,329.31823027761055,329.31823027761055
35,233,329.31823027761055,329.31823027761055
35,234,329.31823027761055,329.31823027761055
35,235,329.31823027761055,329.31823027761055
35,236,329.31823027761055,329.31823027761055
35,237,329.31823027761055,329.31823027761055
35,238,329.31823027761055,329.31823027761055
35,239,329.31823027761055,329.31823027761055
35,240,329.31823027761055,329.31823027761055
35,241,329.31823027761055,329.31823027761055
35,242,329.31823027761055,329.31823027761055
35,243,329.31823027761055,329.31823027761055
35,244,329.31823027761055,329.31823027761055
35,245,329.31823027761055,329.31823027761055
35,246,329.31823027761055,329.31823027761055
35,247,329.31823027761055,329.31823027761055
35,248,329.31823027761055,329.31823027761055
35,249,329.31823027761055,329.31823027761055
35,250,329.31823027761055,329.31823027761055
35,251,329.31823027761055,329.31823027761055
35,252,329.31823027761055,329.31823027761055
35,253,329.31823027761055,329.31823027761055
35,254,329.31823027761055,329.31823027761055
35,255,329.31823027761055,329.31823027761055
35,256,329.31823027761055,329.31823027761055
35,257,329.31823027761055,329.31823027761055
35,258,329.31823027761055,329.31823027761055
35,259,329.31823027761055,329.31823027761055
35,260,329.31823027761055,329.31823027761055
35,261,329.31823027761055,329.31823027761055
35,262,329.31823027761055,329.31823027761055
35,263,329.31823027761055,329.31823027761055
35,264,329.31823027761055,329.31823027761055
35,265,329.31823027761055,329.31823027761055
35,266,329.31823027761055,329.31823027761055
35,267,329.31823027761055,329.31823027761055
35,268,329.31823027761055,329.31823027761055
35,269,329.31823027761055,329.31823027761055
35,270,329.31823027761055,329.31823027761055
35,271,329.31823027761055,329.31823027761055
35,272,329.31823027761055,329.31823027761055
35,273,329.31823027761055,329.31823027761055
35,274,329.31823027761055,329.31823027761055
35,275,329.31823027761055,329.31823027761055
35,276,329.31823027761055,329.31823027761055
35,277,329.31823027761055,329.31823027761055
35,278,329.31823027761055,329.31823027761055
35,279,329.31823027761055,329.31823027761055
35,280,329.31823027761055,329.31823027761055
35,281,329.31823027761055,329.31823027761055
35,282,329.31823027761055,329.31823027761055
35,283,329.31823027761055,329.31823027761055
35,284,329.31823027761055,329.31823027761055
35,285,329.31823027761055,329.31823027761055
35,286,329.31823027761055,329.31823027761055
35,287,329.31823027761055,329.31823027761055
35,288,329.31823027761055,329.31823027761055
35,289,329.31823027761055,329.31823027761055
35,290,329.31823027761055,329.31823027761055
35,291,329.31823027761055,329.31823027761055
35,292,329.31823027761055,329.31823027761055
35,293,329.31823027761055,329.31823027761055
35,294,329.31823027761055,329.31823027761055
35,295,329.31823027761055,329.31823027761055
35,296,329.31823027761055,329.31823027761055
35,297,329.31823027761055,329.31823027761055
35,298,329.31823027761055,329.31823027761055
35,299,329.31823027761055,329.31823027761055
35,300,329.31823027761055,329.31823027761055
35,301,329.31823027761055,329.31823027761055
35,302,329.31823027761055,329.31823027761055
35,303,329.31823027761055,329.31823027761055
35,304,329.31823027761055,329.31823027761055
35,305,329.31823027761055,329.31823027761055
35,306,329.31823027761055,329.31823027761055
35,307,329.31823027761055,329.31823027761055
35,308,329.31823027761055,329.31823027761055
35,309,329.31823027761055,329.31823027761055
35,310,329.31823027761055,329.31823027761055
35,311,329.31823027761055,329.31823027761055
35,312,329.31823027761055,329.31823027761055
35,313,329.31823027761055,329.31823027761055
35,314,329.31823027761055,329.31823027761055
35,315,329.31823027761055,329.31823027761055
35,316,329.31823027761055,329.31823027761055
35,317,329.31823027761055,329.31823027761055
35,318,329.31823027761055,329.31823027761055
35,319,329.31823027761055,329.31823027761055
35,320,329.31823027761055,329.31823027761055
35,321,329.31823027761055,329.31823027761055
35,322,329.31823027761055,329.31823027761055
35,323,329.31823027761055,329.31823027761055
35,324,329.31823027761055,329.31823027761055
35,325,329.31823027761055,329.31823027761055
35,326,329.31823027761055,329.31823027761055
35,327,329.31823027761055,329.31823027761055
35,328,329.31823027761055,329.31823027761055
35,329,329.31823027761055,329.31823027761055
35,330,329.31823027761055,329.31823027761055
35,331,329.31823027761055,329.31823027761055
35,332,329.31823027761055,329.31823027761055
35,333,329.31823027761055,329.31823027761055
35,334,329.31823027761055,329.31823027761055
35,335,329.31823027761055,329.31823027761055
35,336,329.31823027761055,329.31823027761055
35,337,329.31823027761055,329.31823027761055
35,338,329.31823027761055,329.31823027761055
35,339,329.31823027761055,329.31823027761055
35,340,329.31823027761055,329.31823027761055
35,341,329.31823027761055,329.31823027761055
35,342,329.31823027761055,329.31823027761055
35,343,329.31823027761055,329.31823027761055
35,344,329.31823027761055,329.31823027761055
35,345,329.31823027761055,329.31823027761055
35,346,329.31823027761055,329.31823027761055
35,347,329.31823027761055,329.31823027761055
35,348,329.31823027761055,329.31823027761055
35,349,329.31823027761055,329.31823027761055
35,350,329.31823027761055,329.31823027761055
35,351,329.31823027761055,329.31823027761055
35,352,329.31823027761055,329.31823027761055
35,353,329.31823027761055,329.31823027761055
35,354,329.31823027761055,329.31823027761055
35,355,329.31823027761055,329.31823027761055
35,356,329.31823027761055,329.31823027761055
35,357,329.31823027761055,329.31823027761055
35,358,329.31823027761055,329.31823027761055
35,359,329.31823027761055,329.31823027761055
35,360,329.31823027761055,329.31823027761055
35,361,329.31823027761055,329.31823027761055
35,362,329.31823027761055,329.31823027761055
35,363,329.31823027761055,329.31823027761055
35,364,329.31823027761055,329.31823027761055
35,365,329.31823027761055,329.31823027761055
35,366,329.31823027761055,329.31823027761055
35,367,329.31823027761055,329.31823027761055
35,368,329.31823027761055,329.31823027761055
35,369,329.31823027761055,329.31823027761055
35,370,329.31823027761055,329.31823027761055
35,371,329.31823027761055,329.31823027761055
35,372,329.31823027761055,329.31823027761055
35,373,329.31823027761055,329.31823027761055
35,374,329.31823027761055,329.31823027761055
35,375,329.31823027761055,329.31823027761055
35,376,329.31823027761055,329.31823027761055
35,377,329.31823027761055,329.31823027761055
35,378,329.31823027761055,329.31823027761055
35,379,329.31823027761055,329.31823027761055
35,380,329.31823027761055,329.31823027761055
35,381,329.31823027761055,329.31823027761055
35,382,329.31823027761055,329.31823027761055
35,383,329.31823027761055,329.31823027761055
35,384,329.31823027761055,329.31823027761055
35,385,329.31823027761055,329.31823027761055
35,386,329.31823027761055,329.31823027761055
35,387,329.31823027761055,329.31823027761055
35,388,329.31823027761055,329.31823027761055
35,389,329.31823027761055,329.31823027761055
35,390,329.31823027761055,329.31823027761055
35,391,329.31823027761055,329.31823027761055
35,392,329.31823027761055,329.31823027761055
35,393,329.31823027761055,329.31823027761055
35,394,329.31823027761055,329.31823027761055
35,395,329.31823027761055,329.31823027761055
35,396,329.31823027761055,329.31823027761055
35,397,329.31823027761055,329.31823027761055
35,398,329.31823027761055,329.31823027761055
35,399,329.31823027761055,329.31823027761055
35,400,329.31823027761055,329.31823027761055
35,401,329.31823027761055,329.31823027761055
35,402,329.31823027761055,329.31823027761055
35,403,329.31823027761055,329.31823027761055
35,404,329.31823027761055,329.31823027761055
35,405,329.31823027761055,329.31823027761055
35,406,329.31823027761055,329.31823027761055
35,407,329.31823027761055,329.31823027761055
35,408,329.31823027761055,329.31823027761055
35,409,329.31823027761055,329.31823027761055
35,410,329.31823027761055,329.31823027761055
35,411,329.31823027761055,329.31823027761055
35,412,329.31823027761055,329.31823027761055
35,413,329.31823027761055,329.31823027761055
35,414,329.31823027761055,329.31823027761055
35,415,329.31823027761055,329.31823027761055
35,416,329.31823027761055,329.31823027761055
35,417,329.31823027761055,329.31823027761055
35,418,329.31823027761055,329.31823027761055
35,419,329.31823027761055,329.31823027761055
35,420,329.31823027761055,329.31823027761055
35,421,329.31823027761055,329.31823027761055
35,422,329.31823027761055,329.31823027761055
35,423,329.31823027761055,329.31823027761055
35,424,329.31823027761055,329.31823027761055
35,425,329.31823027761055,329.31823027761055
35,426,329.31823027761055,329.31823027761055
35,427,329.31823027761055,329.31823027761055
35,428,329.31823027761055,329.31823027761055
35,429,329.31823027761055,329.31823027761055
35,430,329.31823027761055,329.31823027761055
35,431,329.31823027761055,329.31823027761055
35,432,329.31823027761055,329.31823027761055
35,433,329.31823027761055,329.31823027761055
35,434,329.31823027761055,329.31823027761055
35,435,329.31823027761055,329.31823027761055
35,436,329.31823027761055,329.31823027761055
35,437,329.31823027761055,329.31823027761055
35,438,329.31823027761055,329.31823027761055
35,439,329.31823027761055,329.31823027761055
35,440,329.31823027761055,329.31823027761055
35,441,329.31823027761055,329.31823027761055
35,442,329.31823027761055,329.31823027761055
35,443,329.31823027761055,329.31823027761055
35,444,329.31823027761055,329.31823027761055
35,445,329.31823027761055,329.31823027761055
35,446,329.31823027761055,329.31823027761055
35,447,329.31823027761055,329.31823027761055
35,448,329.31823027761055,329.31823027761055
35,449,329.31823027761055,329.31823027761055
35,450,329.31823027761055,329.31823027761055
35,451,329.31823027761055,329.31823027761055
35,452,329.31823027761055,329.31823027761055
35,453,329.31823027761055,329.31823027761055
35,454,329.31823027761055,329.31823027761055
35,455,329.31823027761055,329.31823027761055
35,456,329.31823027761055,329.31823027761055
35,457,329.31823027761055,329.31823027761055
35,458,329.31823027761055,329.31823027761055
35,459,329.31823027761055,329.31823027761055
35,460,329.31823027761055,329.31823027761055
35,461,329.31823027761055,329.31823027761055
35,462,329.31823027761055,329.31823027761055
35,463,329.31823027761055,329.31823027761055
35,464,329.31823027761055,329.31823027761055
35,465,329.31823027761055,329.31823027761055
35,466,329.31823027761055,329.31823027761055
35,467,329.31823027761055,329.31823027761055
35,468,329.31823027761055,329.31823027761055
35,469,329.31823027761055,329.31823027761055
35,470,329.31823027761055,329.31823027761055
35,471,329.31823027761055,329.31823027761055
35,472,329.31823027761055,329.31823027761055
35,473,329.31823027761055,329.31823027761055
35,474,329.31823027761055,329.31823027761055
35,475,329.31823027761055,329.31823027761055
35,476,329.31823027761055,329.31823027761055
35,477,329.31823027761055,329.31823027761055
35,478,329.31823027761055,329.31823027761055
35,479,329.31823027761055,329.31823027761055
35,480,329.31823027761055,329.31823027761055
35,481,329.31823027761055,329.31823027761055
35,482,329.31823027761055,329.31823027761055
35,483,329.31823027761055,329.31823027761055
35,484,329.31823027761055,329.31823027761055
35,485,329.31823027761055,329.31823027761055
35,486,329.31823027761055,329.31823027761055
35,487,329.31823027761055,329.31823027761055
35,488,329.31823027761055,329.31823027761055
35,489,329.31823027761055,329.31823027761055
35,490,329.31823027761055,329.31823027761055
35,491,329.31823027761055,329.31823027761055
35,492,329.31823027761055,329.31823027761055
35,493,329.31823027761055,329.31823027761055
35,494,329.31823027761055,329.31823027761055
35,495,329.31823027761055,329.31823027761055
35,496,329.31823027761055,329.31823027761055
35,497,329.31823027761055,329.31823027761055
35,498,329.31823027761055,329.31823027761055
35,499,329.31823027761055,329.31823027761055
35,500,329.31823027761055,329.31823027761055
36,0,413.575884782135,413.575884782135
36,1,393.6440346053075,393.6440346053075
36,2,393.31184240915803,393.31184240915803
36,3,393.31184240915803,393.31184240915803
36,4,329.31823027761055,329.31823027761055
36,5,329.31823027761055,329.31823027761055
36,6,329.31823027761055,329.31823027761055
36,7,329.31823027761055,329.31823027761055
36,8,329.31823027761055,329.31823027761055
36,9,329.31823027761055,329.31823027761055
36,10,329.31823027761055,329.31823027761055
36,11,329.31823027761055,329.31823027761055
36,12,329.31823027761055,329.31823027761055
36,13,329.31823027761055,329.31823027761055
36,14,329.31823027761055,329.31823027761055
36,15,329.31823027761055,329.31823027761055
36,16,329.31823027761055,329.31823027761055
36,17,329.31823027761055,329.31823027761055
36,18,329.31823027761055,329.31823027761055
36,19,329.31823027761055,329.31823027761055
36,20,329.31823027761055,329.31823027761055
36,21,329.31823027761055,329.31823027761055
36,22,329.31823027761055,329.31823027761055
36,23,329.31823027761055,329.31823027761055
36,24,329.31823027761055,329.31823027761055
36,25,329.31823027761055,329.31823027761055
36,26,329.31823027761055,329.31823027761055
36,27,329.31823027761055,329.31823027761055
36,28,329.31823027761055,329.31823027761055
36,29,329.31823027761055,329.31823027761055
36,30,329.31823027761055,329.31823027761055
36,31,329.31823027761055,329.31823027761055
36,32,329.31823027761055,329.31823027761055
36,33,329.31823027761055,329.31823027761055
36,34,329.31823027761055,329.31823027761055
36,35,329.31823027761055,329.31823027761055
36,36,329.31823027761055,329.31823027761055
36,37,329.31823027761055,329.31823027761055
36,38,329.31823027761055,329.31823027761055
36,39,329.31823027761055,329.31823027761055
36,40,329.31823027761055,329.31823027761055
36,41,329.31823027761055,329.31823027761055
36,42,329.31823027761055,329.31823027761055
36,43,329.31823027761055,329.31823027761055
36,44,329.31823027761055,329.31823027761055
36,45,329.31823027761055,329.31823027761055
36,46,329.31823027761055,329.31823027761055
36,47,329.31823027761055,329.31823027761055
36,48,329.31823027761055,329.31823027761055
36,49,329.31823027761055,329.31823027761055
36,50,329.31823027761055,329.31823027761055
36,51,329.31823027761055,329.31823027761055
36,52,329.31823027761055,329.31823027761055
36,53,329.31823027761055,329.31823027761055
36,54,329.31823027761055,329.31823027761055
36,55,329.31823027761055,329.31823027761055
36,56,329.31823027761055,329.31823027761055
36,57,329.31823027761055,329.31823027761055
36,58,329.31823027761055,329.31823027761055
36,59,329.31823027761055,329.31823027761055
36,60,329.31823027761055,329.31823027761055
36,61,329.31823027761055,329.31823027761055
36,62,329.31823027761055,329.31823027761055
36,63,329.31823027761055,329.31823027761055
36,64,329.31823027761055,329.31823027761055
36,65,329.31823027761055,329.31823027761055
36,66,329.31823027761055,329.31823027761055
36,67,329.31823027761055,329.31823027761055
36,68,329.31823027761055,329.31823027761055
36,69,329.31823027761055,329.31823027761055
36,70,329.31823027761055,329.31823027761055
36,71,329.31823027761055,329.31823027761055
36,72,329.31823027761055,329.31823027761055
36,73,329.31823027761055,329.31823027761055
36,74,329.31823027761055,329.31823027761055
36,75,329.31823027761055,329.31823027761055
36,76,329.31823027761055,329.31823027761055
36,77,329.31823027761055,329.31823027761055
36,78,329.31823027761055,329.31823027761055
36,79,329.31823027761055,329.31823027761055
36,80,329.31823027761055,329.31823027761055
36,81,329.31823027761055,329.31823027761055
36,82,329.31823027761055,329.31823027761055
36,83,329.31823027761055,329.31823027761055
36,84,329.31823027761055,329.31823027761055
36,85,329.31823027761055,329.31823027761055
36,86,329.31823027761055,329.31823027761055
36,87,329.31823027761055,329.31823027761055
36,88,329.31823027761055,329.31823027761055
36,89,329.31823027761055,329.31823027761055
36,90,329.31823027761055,329.31823027761055
36,91,329.31823027761055,329.31823027761055
36,92,329.31823027761055,329.31823027761055
36,93,329.31823027761055,329.31823027761055
36,94,329.31823027761055,329.31823027761055
36,95,329.31823027761055,329.31823027761055
36,96,329.31823027761055,329.31823027761055
36,97,329.31823027761055,329.31823027761055
36,98,329.31823027761055,329.31823027761055
36,99,329.31823027761055,329.31823027761055
36,100,329.31823027761055,329.31823027761055
36,101,329.31823027761055,329.31823027761055
36,102,329.31823027761055,329.31823027761055
36,103,329.31823027761055,329.31823027761055
36,104,329.31823027761055,329.31823027761055
36,105,329.31823027761055,329.31823027761055
36,106,329.31823027761055,329.31823027761055
36,107,329.31823027761055,329.31823027761055
36,108,329.31823027761055,329.31823027761055
36,109,329.31823027761055,329.31823027761055
36,110,329.31823027761055,329.31823027761055
36,111,329.31823027761055,329.31823027761055
36,112,329.31823027761055,329.31823027761055
36,113,329.31823027761055,329.31823027761055
36,114,329.31823027761055,329.31823027761055
36,115,329.31823027761055,329.31823027761055
36,116,329.31823027761055,329.31823027761055
36,117,329.31823027761055,329.31823027761055
36,118,329.31823027761055,329.31823027761055
36,119,329.31823027761055,329.31823027761055
36,120,329.31823027761055,329.31823027761055
36,121,329.31823027761055,329.31823027761055
36,122,329.31823027761055,329.31823027761055
36,123,329.31823027761055,329.31823027761055
36,124,329.31823027761055,329.31823027761055
36,125,329.31823027761055,329.31823027761055
36,126,329.31823027761055,329.31823027761055
36,127,329.31823027761055,329.31823027761055
36,128,329.31823027761055,329.31823027761055
36,129,329.31823027761055,329.31823027761055
36,130,329.31823027761055,329.31823027761055
36,131,329.31823027761055,329.31823027761055
36,132,329.31823027761055,329.31823027761055
36,133,329.31823027761055,329.31823027761055
36,134,329.31823027761055,329.31823027761055
36,135,329.31823027761055,329.31823027761055
36,136,329.31823027761055,329.31823027761055
36,137,329.31823027761055,329.31823027761055
36,138,329.31823027761055,329.31823027761055
36,139,329.31823027761055,329.31823027761055
36,140,329.31823027761055,329.31823027761055
36,141,329.31823027761055,329.31823027761055
36,142,329.31823027761055,329.31823027761055
36,143,329.31823027761055,329.31823027761055
36,144,329.31823027761055,329.31823027761055
36,145,329.31823027761055,329.31823027761055
36,146,329.31823027761055,329.31823027761055
36,147,329.31823027761055,329.31823027761055
36,148,329.31823027761055,329.31823027761055
36,149,329.31823027761055,329.31823027761055
36,150,329.31823027761055,329.31823027761055
36,151,329.31823027761055,329.31823027761055
36,152,329.31823027761055,329.31823027761055
36,153,329.31823027761055,329.31823027761055
36,154,329.31823027761055,329.31823027761055
36,155,329.31823027761055,329.31823027761055
36,156,329.31823027761055,329.31823027761055
36,157,329.31823027761055,329.31823027761055
36,158,329.31823027761055,329.31823027761055
36,159,329.31823027761055,329.31823027761055
36,160,329.31823027761055,329.31823027761055
36,161,329.31823027761055,329.31823027761055
36,162,329.31823027761055,329.31823027761055
36,163,329.31823027761055,329.31823027761055
36,164,329.31823027761055,329.31823027761055
36,165,329.31823027761055,329.31823027761055
36,166,329.31823027761055,329.31823027761055
36,167,329.31823027761055,329.31823027761055
36,168,329.31823027761055,329.31823027761055
36,169,329.31823027761055,329.31823027761055
36,170,329.31823027761055,329.31823027761055
36,171,329.31823027761055,329.31823027761055
36,172,329.31823027761055,329.31823027761055
36,173,329.31823027761055,329.31823027761055
36,174,329.31823027761055,329.31823027761055
36,175,329.31823027761055,329.31823027761055
36,176,329.31823027761055,329.31823027761055
36,177,329.31823027761055,329.31823027761055
36,178,329.31823027761055,329.31823027761055
36,179,329.31823027761055,329.31823027761055
36,180,329.31823027761055,329.31823027761055
36,181,329.31823027761055,329.31823027761055
36,182,329.31823027761055,329.31823027761055
36,183,329.31823027761055,329.31823027761055
36,184,329.31823027761055,329.31823027761055
36,185,329.31823027761055,329.31823027761055
36,186,329.31823027761055,329.31823027761055
36,187,329.31823027761055,329.31823027761055
36,188,329.31823027761055,329.31823027761055
36,189,329.31823027761055,329.31823027761055
36,190,329.31823027761055,329.31823027761055
36,191,329.31823027761055,329.31823027761055
36,192,329.31823027761055,329.31823027761055
36,193,329.31823027761055,329.31823027761055
36,194,329.31823027761055,329.31823027761055
36,195,329.31823027761055,329.31823027761055
36,196,329.31823027761055,329.31823027761055
36,197,329.31823027761055,329.31823027761055
36,198,329.31823027761055,329.31823027761055
36,199,329.31823027761055,329.31823027761055
36,200,329.31823027761055,329.31823027761055
36,201,329.31823027761055,329.31823027761055
36,202,329.31823027761055,329.31823027761055
36,203,329.31823027761055,329.31823027761055
36,204,329.31823027761055,329.31823027761055
36,205,329.31823027761055,329.31823027761055
36,206,329.31823027761055,329.31823027761055
36,207,329.31823027761055,329.31823027761055
36,208,329.31823027761055,329.31823027761055
36,209,329.31823027761055,329.31823027761055
36,210,329.31823027761055,329.31823027761055
36,211,329.31823027761055,329.31823027761055
36,212,329.31823027761055,329.31823027761055
36,213,329.31823027761055,329.31823027761055
36,214,329.31823027761055,329.31823027761055
36,215,329.31823027761055,329.31823027761055
36,216,329.31823027761055,329.31823027761055
36,217,329.31823027761055,329.31823027761055
36,218,329.31823027761055,329.31823027761055
36,219,329.31823027761055,329.31823027761055
36,220,329.31823027761055,329.31823027761055
36,221,329.31823027761055,329.31823027761055
36,222,329.31823027761055,329.31823027761055
36,223,329.31823027761055,329.31823027761055
36,224,329.31823027761055,329.31823027761055
36,225,329.31823027761055,329.31823027761055
36,226,329.31823027761055,329.31823027761055
36,227,329.31823027761055,329.31823027761055
36,228,329.31823027761055,329.31823027761055
36,229,329.31823027761055,329.31823027761055
36,230,329.31823027761055,329.31823027761055
36,231,329.31823027761055,329.31823027761055
36,232,329.31823027761055,329.31823027761055
36,233,329.31823027761055,329.31823027761055
36,234,329.31823027761055,329.31823027761055
36,235,329.31823027761055,329.31823027761055
36,236,329.31823027761055,329.31823027761055
36,237,329.31823027761055,329.31823027761055
36,238,329.31823027761055,329.31823027761055
36,239,329.31823027761055,329.31823027761055
36,240,329.31823027761055,329.31823027761055
36,241,329.31823027761055,329.31823027761055
36,242,329.31823027761055,329.31823027761055
36,243,329.31823027761055,329.31823027761055
36,244,329.31823027761055,329.31823027761055
36,245,329.31823027761055,329.31823027761055
36,246,329.31823027761055,329.31823027761055
36,247,329.31823027761055,329.31823027761055
36,248,329.31823027761055,329.31823027761055
36,249,329.31823027761055,329.31823027761055
36,250,329.31823027761055,329.31823027761055
36,251,329.31823027761055,329.31823027761055
36,252,329.31823027761055,329.31823027761055
36,253,329.31823027761055,329.31823027761055
36,254,329.31823027761055,329.31823027761055
36,255,329.31823027761055,329.31823027761055
36,256,329.31823027761055,329.31823027761055
36,257,329.31823027761055,329.31823027761055
36,258,329.31823027761055,329.31823027761055
36,259,329.31823027761055,329.31823027761055
36,260,329.31823027761055,329.31823027761055
36,261,329.31823027761055,329.31823027761055
36,262,329.31823027761055,329.31823027761055
36,263,329.31823027761055,329.31823027761055
36,264,329.31823027761055,329.31823027761055
36,265,329.31823027761055,329.31823027761055
36,266,329.31823027761055,329.31823027761055
36,267,329.31823027761055,329.31823027761055
36,268,329.31823027761055,329.31823027761055
36,269,329.31823027761055,329.31823027761055
36,270,329.31823027761055,329.31823027761055
36,271,329.31823027761055,329.31823027761055
36,272,329.31823027761055,329.31823027761055
36,273,329.31823027761055,329.31823027761055
36,274,329.31823027761055,329.31823027761055
36,275,329.31823027761055,329.31823027761055
36,276,329.31823027761055,329.31823027761055
36,277,329.31823027761055,329.31823027761055
36,278,329.31823027761055,329.31823027761055
36,279,329.31823027761055,329.31823027761055
36,280,329.31823027761055,329.31823027761055
36,281,329.31823027761055,329.31823027761055
36,282,329.31823027761055,329.31823027761055
36,283,329.31823027761055,329.31823027761055
36,284,329.31823027761055,329.31823027761055
36,285,329.31823027761055,329.31823027761055
36,286,329.31823027761055,329.31823027761055
36,287,329.31823027761055,329.31823027761055
36,288,329.31823027761055,329.31823027761055
36,289,329.31823027761055,329.31823027761055
36,290,329.31823027761055,329.31823027761055
36,291,329.31823027761055,329.31823027761055
36,292,329.31823027761055,329.31823027761055
36,293,329.31823027761055,329.31823027761055
36,294,329.31823027761055,329.31823027761055
36,295,329.31823027761055,329.31823027761055
36,296,329.31823027761055,329.31823027761055
36,297,329.31823027761055,329.31823027761055
36,298,329.31823027761055,329.31823027761055
36,299,329.31823027761055,329.31823027761055
36,300,329.31823027761055,329.31823027761055
36,301,329.31823027761055,329.31823027761055
36,302,329.31823027761055,329.31823027761055
36,303,329.31823027761055,329.31823027761055
36,304,329.31823027761055,329.31823027761055
36,305,329.31823027761055,329.31823027761055
36,306,329.31823027761055,329.31823027761055
36,307,329.31823027761055,329.31823027761055
36,308,329.31823027761055,329.31823027761055
36,309,329.31823027761055,329.31823027761055
36,310,329.31823027761055,329.31823027761055
36,311,329.31823027761055,329.31823027761055
36,312,329.31823027761055,329.31823027761055
36,313,329.31823027761055,329.31823027761055
36,314,329.31823027761055,329.31823027761055
36,315,329.31823027761055,329.31823027761055
36,316,329.31823027761055,329.31823027761055
36,317,329.31823027761055,329.31823027761055
36,318,329.31823027761055,329.31823027761055
36,319,329.31823027761055,329.31823027761055
36,320,329.31823027761055,329.31823027761055
36,321,329.31823027761055,329.31823027761055
36,322,329.31823027761055,329.31823027761055
36,323,329.31823027761055,329.31823027761055
36,324,329.31823027761055,329.31823027761055
36,325,329.31823027761055,329.31823027761055
36,326,329.31823027761055,329.31823027761055
36,327,329.31823027761055,329.31823027761055
36,328,329.31823027761055,329.31823027761055
36,329,329.31823027761055,329.31823027761055
36,330,329.31823027761055,329.31823027761055
36,331,329.31823027761055,329.31823027761055
36,332,329.31823027761055,329.31823027761055
36,333,329.31823027761055,329.31823027761055
36,334,329.31823027761055,329.31823027761055
36,335,329.31823027761055,329.31823027761055
36,336,329.31823027761055,329.31823027761055
36,337,329.31823027761055,329.31823027761055
36,338,329.31823027761055,329.31823027761055
36,339,329.31823027761055,329.31823027761055
36,340,329.31823027761055,329.31823027761055
36,341,329.31823027761055,329.31823027761055
36,342,329.31823027761055,329.31823027761055
36,343,329.31823027761055,329.31823027761055
36,344,329.31823027761055,329.31823027761055
36,345,329.31823027761055,329.31823027761055
36,346,329.31823027761055,329.31823027761055
36,347,329.31823027761055,329.31823027761055
36,348,329.31823027761055,329.31823027761055
36,349,329.31823027761055,329.31823027761055
36,350,329.31823027761055,329.31823027761055
36,351,329.31823027761055,329.31823027761055
36,352,329.31823027761055,329.31823027761055
36,353,329.31823027761055,329.31823027761055
36,354,329.31823027761055,329.31823027761055
36,355,329.31823027761055,329.31823027761055
36,356,329.31823027761055,329.31823027761055
36,357,329.31823027761055,329.31823027761055
36,358,329.31823027761055,329.31823027761055
36,359,329.31823027761055,329.31823027761055
36,360,329.31823027761055,329.31823027761055
36,361,329.31823027761055,329.31823027761055
36,362,329.31823027761055,329.31823027761055
36,363,329.31823027761055,329.31823027761055
36,364,329.31823027761055,329.31823027761055
36,365,329.31823027761055,329.31823027761055
36,366,329.31823027761055,329.31823027761055
36,367,329.31823027761055,329.31823027761055
36,368,329.31823027761055,329.31823027761055
36,369,329.31823027761055,329.31823027761055
36,370,329.31823027761055,329.31823027761055
36,371,329.31823027761055,329.31823027761055
36,372,329.31823027761055,329.31823027761055
36,373,329.31823027761055,329.31823027761055
36,374,329.31823027761055,329.31823027761055
36,375,329.31823027761055,329.31823027761055
36,376,329.31823027761055,329.31823027761055
36,377,329.31823027761055,329.31823027761055
36,378,329.31823027761055,329.31823027761055
36,379,329.31823027761055,329.31823027761055
36,380,329.31823027761055,329.31823027761055
36,381,329.31823027761055,329.31823027761055
36,382,329.31823027761055,329.31823027761055
36,383,329.31823027761055,329.31823027761055
36,384,329.31823027761055,329.31823027761055
36,385,329.31823027761055,329.31823027761055
36,386,329.31823027761055,329.31823027761055
36,387,329.31823027761055,329.31823027761055
36,388,329.31823027761055,329.31823027761055
36,389,329.31823027761055,329.31823027761055
36,390,329.31823027761055,329.31823027761055
36,391,329.31823027761055,329.31823027761055
36,392,329.31823027761055,329.31823027761055
36,393,329.31823027761055,329.31823027761055
36,394,329.31823027761055,329.31823027761055
36,395,329.31823027761055,329.31823027761055
36,396,329.31823027761055,329.31823027761055
36,397,329.31823027761055,329.31823027761055
36,398,329.31823027761055,329.31823027761055
36,399,329.31823027761055,329.31823027761055
36,400,329.31823027761055,329.31823027761055
36,401,329.31823027761055,329.31823027761055
36,402,329.31823027761055,329.31823027761055
36,403,329.31823027761055,329.31823027761055
36,404,329.31823027761055,329.31823027761055
36,405,329.31823027761055,329.31823027761055
36,406,329.31823027761055,329.31823027761055
36,407,329.31823027761055,329.31823027761055
36,408,329.31823027761055,329.31823027761055
36,409,329.31823027761055,329.31823027761055
36,410,329.31823027761055,329.31823027761055
36,411,329.31823027761055,329.31823027761055
36,412,329.31823027761055,329.31823027761055
36,413,329.31823027761055,329.31823027761055
36,414,329.31823027761055,329.31823027761055
36,415,329.31823027761055,329.31823027761055
36,416,329.31823027761055,329.31823027761055
36,417,329.31823027761055,329.31823027761055
36,418,329.31823027761055,329.31823027761055
36,419,329.31823027761055,329.31823027761055
36,420,329.31823027761055,329.31823027761055
36,421,329.31823027761055,329.31823027761055
36,422,329.31823027761055,329.31823027761055
36,423,329.31823027761055,329.31823027761055
36,424,329.31823027761055,329.31823027761055
36,425,329.31823027761055,329.31823027761055
36,426,329.31823027761055,329.31823027761055
36,427,329.31823027761055,329.31823027761055
36,428,329.31823027761055,329.31823027761055
36,429,329.31823027761055,329.31823027761055
36,430,329.31823027761055,329.31823027761055
36,431,329.31823027761055,329.31823027761055
36,432,329.31823027761055,329.31823027761055
36,433,329.31823027761055,329.31823027761055
36,434,329.31823027761055,329.31823027761055
36,435,329.31823027761055,329.31823027761055
36,436,329.31823027761055,329.31823027761055
36,437,329.31823027761055,329.31823027761055
36,438,329.31823027761055,329.31823027761055
36,439,329.31823027761055,329.31823027761055
36,440,329.31823027761055,329.31823027761055
36,441,329.31823027761055,329.31823027761055
36,442,329.31823027761055,329.31823027761055
36,443,329.31823027761055,329.31823027761055
36,444,329.31823027761055,329.31823027761055
36,445,329.31823027761055,329.31823027761055
36,446,329.31823027761055,329.31823027761055
36,447,329.31823027761055,329.31823027761055
36,448,329.31823027761055,329.31823027761055
36,449,329.31823027761055,329.31823027761055
36,450,329.31823027761055,329.31823027761055
36,451,329.31823027761055,329.31823027761055
36,452,329.31823027761055,329.31823027761055
36,453,329.31823027761055,329.31823027761055
36,454,329.31823027761055,329.31823027761055
36,455,329.31823027761055,329.31823027761055
36,456,329.31823027761055,329.31823027761055
36,457,329.31823027761055,329.31823027761055
36,458,329.31823027761055,329.31823027761055
36,459,329.31823027761055,329.31823027761055
36,460,329.31823027761055,329.31823027761055
36,461,329.31823027761055,329.31823027761055
36,462,329.31823027761055,329.31823027761055
36,463,329.31823027761055,329.31823027761055
36,464,329.31823027761055,329.31823027761055
36,465,329.31823027761055,329.31823027761055
36,466,329.31823027761055,329.31823027761055
36,467,329.31823027761055,329.31823027761055
36,468,329.31823027761055,329.31823027761055
36,469,329.31823027761055,329.31823027761055
36,470,329.31823027761055,329.31823027761055
36,471,329.31823027761055,329.31823027761055
36,472,329.31823027761055,329.31823027761055
36,473,329.31823027761055,329.31823027761055
36,474,329.31823027761055,329.31823027761055
36,475,329.31823027761055,329.31823027761055
36,476,329.31823027761055,329.31823027761055
36,477,329.31823027761055,329.31823027761055
36,478,329.31823027761055,329.31823027761055
36,479,329.31823027761055,329.31823027761055
36,480,329.31823027761055,329.31823027761055
36,481,329.31823027761055,329.31823027761055
36,482,329.31823027761055,329.31823027761055
36,483,329.31823027761055,329.31823027761055
36,484,329.31823027761055,329.31823027761055
36,485,329.31823027761055,329.31823027761055
36,486,329.31823027761055,329.31823027761055
36,487,329.31823027761055,329.31823027761055
36,488,329.31823027761055,329.31823027761055
36,489,329.31823027761055,329.31823027761055
36,490,329.31823027761055,329.31823027761055
36,491,329.31823027761055,329.31823027761055
36,492,329.31823027761055,329.31823027761055
36,493,329.31823027761055,329.31823027761055
36,494,329.31823027761055,329.31823027761055
36,495,329.31823027761055,329.31823027761055
36,496,329.31823027761055,329.31823027761055
36,497,329.31823027761055,329.31823027761055
36,498,329.31823027761055,329.31823027761055
36,499,329.31823027761055,329.31823027761055
36,500,329.31823027761055,329.31823027761055
37,0,446.54237812837425,446.54237812837425
37,1,429.6075175707916,429.6075175707916
37,2,379.96251665660316,379.96251665660316
37,3,367.4722834520255,367.4722834520255
37,4,367.4722834520255,367.4722834520255
37,5,361.8209800464742,361.8209800464742
37,6,329.31823027761055,329.31823027761055
37,7,329.31823027761055,329.31823027761055
37,8,329.31823027761055,329.31823027761055
37,9,329.31823027761055,329.31823027761055
37,10,329.31823027761055,329.31823027761055
37,11,329.31823027761055,329.31823027761055
37,12,329.31823027761055,329.31823027761055
37,13,329.31823027761055,329.31823027761055
37,14,329.31823027761055,329.31823027761055
37,15,329.31823027761055,329.31823027761055
37,16,329.31823027761055,329.31823027761055
37,17,329.31823027761055,329.31823027761055
37,18,329.31823027761055,329.31823027761055
37,19,329.31823027761055,329.31823027761055
37,20,329.31823027761055,329.31823027761055
37,21,329.31823027761055,329.31823027761055
37,22,329.31823027761055,329.31823027761055
37,23,329.31823027761055,329.31823027761055
37,24,329.31823027761055,329.31823027761055
37,25,329.31823027761055,329.31823027761055
37,26,329.31823027761055,329.31823027761055
37,27,329.31823027761055,329.31823027761055
37,28,329.31823027761055,329.31823027761055
37,29,329.31823027761055,329.31823027761055
37,30,329.31823027761055,329.31823027761055
37,31,329.31823027761055,329.31823027761055
37,32,329.31823027761055,329.31823027761055
37,33,329.31823027761055,329.31823027761055
37,34,329.31823027761055,329.31823027761055
37,35,329.31823027761055,329.31823027761055
37,36,329.31823027761055,329.31823027761055
37,37,329.31823027761055,329.31823027761055
37,38,329.31823027761055,329.31823027761055
37,39,329.31823027761055,329.31823027761055
37,40,329.31823027761055,329.31823027761055
37,41,329.31823027761055,329.31823027761055
37,42,329.31823027761055,329.31823027761055
37,43,329.31823027761055,329.31823027761055
37,44,329.31823027761055,329.31823027761055
37,45,329.31823027761055,329.31823027761055
37,46,329.31823027761055,329.31823027761055
37,47,329.31823027761055,329.31823027761055
37,48,329.31823027761055,329.31823027761055
37,49,329.31823027761055,329.31823027761055
37,50,329.31823027761055,329.31823027761055
37,51,329.31823027761055,329.31823027761055
37,52,329.31823027761055,329.31823027761055
37,53,329.31823027761055,329.31823027761055
37,54,329.31823027761055,329.31823027761055
37,55,329.31823027761055,329.31823027761055
37,56,329.31823027761055,329.31823027761055
37,57,329.31823027761055,329.31823027761055
37,58,329.31823027761055,329.31823027761055
37,59,329.31823027761055,329.31823027761055
37,60,329.31823027761055,329.31823027761055
37,61,329.31823027761055,329.31823027761055
37,62,329.31823027761055,329.31823027761055
37,63,329.31823027761055,329.31823027761055
37,64,329.31823027761055,329.31823027761055
37,65,329.31823027761055,329.31823027761055
37,66,329.31823027761055,329.31823027761055
37,67,329.31823027761055,329.31823027761055
37,68,329.31823027761055,329.31823027761055
37,69,329.31823027761055,329.31823027761055
37,70,329.31823027761055,329.31823027761055
37,71,329.31823027761055,329.31823027761055
37,72,329.31823027761055,329.31823027761055
37,73,329.31823027761055,329.31823027761055
37,74,329.31823027761055,329.31823027761055
37,75,329.31823027761055,329.31823027761055
37,76,329.31823027761055,329.31823027761055
37,77,329.31823027761055,329.31823027761055
37,78,329.31823027761055,329.31823027761055
37,79,329.31823027761055,329.31823027761055
37,80,329.31823027761055,329.31823027761055
37,81,329.31823027761055,329.31823027761055
37,82,329.31823027761055,329.31823027761055
37,83,329.31823027761055,329.31823027761055
37,84,329.31823027761055,329.31823027761055
37,85,329.31823027761055,329.31823027761055
37,86,329.31823027761055,329.31823027761055
37,87,329.31823027761055,329.31823027761055
37,88,329.31823027761055,329.31823027761055
37,89,329.31823027761055,329.31823027761055
37,90,329.31823027761055,329.31823027761055
37,91,329.31823027761055,329.31823027761055
37,92,329.31823027761055,329.31823027761055
37,93,329.31823027761055,329.31823027761055
37,94,329.31823027761055,329.31823027761055
37,95,329.31823027761055,329.31823027761055
37,96,329.31823027761055,329.31823027761055
37,97,329.31823027761055,329.31823027761055
37,98,329.31823027761055,329.31823027761055
37,99,329.31823027761055,329.31823027761055
37,100,329.31823027761055,329.31823027761055
37,101,329.31823027761055,329.31823027761055
37,102,329.31823027761055,329.31823027761055
37,103,329.31823027761055,329.31823027761055
37,104,329.31823027761055,329.31823027761055
37,105,329.31823027761055,329.31823027761055
37,106,329.31823027761055,329.31823027761055
37,107,329.31823027761055,329.31823027761055
37,108,329.31823027761055,329.31823027761055
37,109,329.31823027761055,329.31823027761055
37,110,329.31823027761055,329.31823027761055
37,111,329.31823027761055,329.31823027761055
37,112,329.31823027761055,329.31823027761055
37,113,329.31823027761055,329.31823027761055
37,114,329.31823027761055,329.31823027761055
37,115,329.31823027761055,329.31823027761055
37,116,329.31823027761055,329.31823027761055
37,117,329.31823027761055,329.31823027761055
37,118,329.31823027761055,329.31823027761055
37,119,329.31823027761055,329.31823027761055
37,120,329.31823027761055,329.31823027761055
37,121,329.31823027761055,329.31823027761055
37,122,329.31823027761055,329.31823027761055
37,123,329.31823027761055,329.31823027761055
37,124,329.31823027761055,329.31823027761055
37,125,329.31823027761055,329.31823027761055
37,126,329.31823027761055,329.31823027761055
37,127,329.31823027761055,329.31823027761055
37,128,329.31823027761055,329.31823027761055
37,129,329.31823027761055,329.31823027761055
37,130,329.31823027761055,329.31823027761055
37,131,329.31823027761055,329.31823027761055
37,132,329.31823027761055,329.31823027761055
37,133,329.31823027761055,329.31823027761055
37,134,329.31823027761055,329.31823027761055
37,135,329.31823027761055,329.31823027761055
37,136,329.31823027761055,329.31823027761055
37,137,329.31823027761055,329.31823027761055
37,138,329.31823027761055,329.31823027761055
37,139,329.31823027761055,329.31823027761055
37,140,329.31823027761055,329.31823027761055
37,141,329.31823027761055,329.31823027761055
37,142,329.31823027761055,329.31823027761055
37,143,329.31823027761055,329.31823027761055
37,144,329.31823027761055,329.31823027761055
37,145,329.31823027761055,329.31823027761055
37,146,329.31823027761055,329.31823027761055
37,147,329.31823027761055,329.31823027761055
37,148,329.31823027761055,329.31823027761055
37,149,329.31823027761055,329.31823027761055
37,150,329.31823027761055,329.31823027761055
37,151,329.31823027761055,329.31823027761055
37,152,329.31823027761055,329.31823027761055
37,153,329.31823027761055,329.31823027761055
37,154,329.31823027761055,329.31823027761055
37,155,329.31823027761055,329.31823027761055
37,156,329.31823027761055,329.31823027761055
37,157,329.31823027761055,329.31823027761055
37,158,329.31823027761055,329.31823027761055
37,159,329.31823027761055,329.31823027761055
37,160,329.31823027761055,329.31823027761055
37,161,329.31823027761055,329.31823027761055
37,162,329.31823027761055,329.31823027761055
37,163,329.31823027761055,329.31823027761055
37,164,329.31823027761055,329.31823027761055
37,165,329.31823027761055,329.31823027761055
37,166,329.31823027761055,329.31823027761055
37,167,329.31823027761055,329.31823027761055
37,168,329.31823027761055,329.31823027761055
37,169,329.31823027761055,329.31823027761055
37,170,329.31823027761055,329.31823027761055
37,171,329.31823027761055,329.31823027761055
37,172,329.31823027761055,329.31823027761055
37,173,329.31823027761055,329.31823027761055
37,174,329.31823027761055,329.31823027761055
37,175,329.31823027761055,329.31823027761055
37,176,329.31823027761055,329.31823027761055
37,177,329.31823027761055,329.31823027761055
37,178,329.31823027761055,329.31823027761055
37,179,329.31823027761055,329.31823027761055
37,180,329.31823027761055,329.31823027761055
37,181,329.31823027761055,329.31823027761055
37,182,329.31823027761055,329.31823027761055
37,183,329.31823027761055,329.31823027761055
37,184,329.31823027761055,329.31823027761055
37,185,329.31823027761055,329.31823027761055
37,186,329.31823027761055,329.31823027761055
37,187,329.31823027761055,329.31823027761055
37,188,329.31823027761055,329.31823027761055
37,189,329.31823027761055,329.31823027761055
37,190,329.31823027761055,329.31823027761055
37,191,329.31823027761055,329.31823027761055
37,192,329.31823027761055,329.31823027761055
37,193,329.31823027761055,329.31823027761055
37,194,329.31823027761055,329.31823027761055
37,195,329.31823027761055,329.31823027761055
37,196,329.31823027761055,329.31823027761055
37,197,329.31823027761055,329.31823027761055
37,198,329.31823027761055,329.31823027761055
37,199,329.31823027761055,329.31823027761055
37,200,329.31823027761055,329.31823027761055
37,201,329.31823027761055,329.31823027761055
37,202,329.31823027761055,329.31823027761055
37,203,329.31823027761055,329.31823027761055
37,204,329.31823027761055,329.31823027761055
37,205,329.31823027761055,329.31823027761055
37,206,329.31823027761055,329.31823027761055
37,207,329.31823027761055,329.31823027761055
37,208,329.31823027761055,329.31823027761055
37,209,329.31823027761055,329.31823027761055
37,210,329.31823027761055,329.31823027761055
37,211,329.31823027761055,329.31823027761055
37,212,329.31823027761055,329.31823027761055
37,213,329.31823027761055,329.31823027761055
37,214,329.31823027761055,329.31823027761055
37,215,329.31823027761055,329.31823027761055
37,216,329.31823027761055,329.31823027761055
37,217,329.31823027761055,329.31823027761055
37,218,329.31823027761055,329.31823027761055
37,219,329.31823027761055,329.31823027761055
37,220,329.31823027761055,329.31823027761055
37,221,329.31823027761055,329.31823027761055
37,222,329.31823027761055,329.31823027761055
37,223,329.31823027761055,329.31823027761055
37,224,329.31823027761055,329.31823027761055
37,225,329.31823027761055,329.31823027761055
37,226,329.31823027761055,329.31823027761055
37,227,329.31823027761055,329.31823027761055
37,228,329.31823027761055,329.31823027761055
37,229,329.31823027761055,329.31823027761055
37,230,329.31823027761055,329.31823027761055
37,231,329.31823027761055,329.31823027761055
37,232,329.31823027761055,329.31823027761055
37,233,329.31823027761055,329.31823027761055
37,234,329.31823027761055,329.31823027761055
37,235,329.31823027761055,329.31823027761055
37,236,329.31823027761055,329.31823027761055
37,237,329.31823027761055,329.31823027761055
37,238,329.31823027761055,329.31823027761055
37,239,329.31823027761055,329.31823027761055
37,240,329.31823027761055,329.31823027761055
37,241,329.31823027761055,329.31823027761055
37,242,329.31823027761055,329.31823027761055
37,243,329.31823027761055,329.31823027761055
37,244,329.31823027761055,329.31823027761055
37,245,329.31823027761055,329.31823027761055
37,246,329.31823027761055,329.31823027761055
37,247,329.31823027761055,329.31823027761055
37,248,329.31823027761055,329.31823027761055
37,249,329.31823027761055,329.31823027761055
37,250,329.31823027761055,329.31823027761055
37,251,329.31823027761055,329.31823027761055
37,252,329.31823027761055,329.31823027761055
37,253,329.31823027761055,329.31823027761055
37,254,329.31823027761055,329.31823027761055
37,255,329.31823027761055,329.31823027761055
37,256,329.31823027761055,329.31823027761055
37,257,329.31823027761055,329.31823027761055
37,258,329.31823027761055,329.31823027761055
37,259,329.31823027761055,329.31823027761055
37,260,329.31823027761055,329.31823027761055
37,261,329.31823027761055,329.31823027761055
37,262,329.31823027761055,329.31823027761055
37,263,329.31823027761055,329.31823027761055
37,264,329.31823027761055,329.31823027761055
37,265,329.31823027761055,329.31823027761055
37,266,329.31823027761055,329.31823027761055
37,267,329.31823027761055,329.31823027761055
37,268,329.31823027761055,329.31823027761055
37,269,329.31823027761055,329.31823027761055
37,270,329.31823027761055,329.31823027761055
37,271,329.31823027761055,329.31823027761055
37,272,329.31823027761055,329.31823027761055
37,273,329.31823027761055,329.31823027761055
37,274,329.31823027761055,329.31823027761055
37,275,329.31823027761055,329.31823027761055
37,276,329.31823027761055,329.31823027761055
37,277,329.31823027761055,329.31823027761055
37,278,329.31823027761055,329.31823027761055
37,279,329.31823027761055,329.31823027761055
37,280,329.31823027761055,329.31823027761055
37,281,329.31823027761055,329.31823027761055
37,282,329.31823027761055,329.31823027761055
37,283,329.31823027761055,329.31823027761055
37,284,329.31823027761055,329.31823027761055
37,285,329.31823027761055,329.31823027761055
37,286,329.31823027761055,329.31823027761055
37,287,329.31823027761055,329.31823027761055
37,288,329.31823027761055,329.31823027761055
37,289,329.31823027761055,329.31823027761055
37,290,329.31823027761055,329.31823027761055
37,291,329.31823027761055,329.31823027761055
37,292,329.31823027761055,329.31823027761055
37,293,329.31823027761055,329.31823027761055
37,294,329.31823027761055,329.31823027761055
37,295,329.31823027761055,329.31823027761055
37,296,329.31823027761055,329.31823027761055
37,297,329.31823027761055,329.31823027761055
37,298,329.31823027761055,329.31823027761055
37,299,329.31823027761055,329.31823027761055
37,300,329.31823027761055,329.31823027761055
37,301,329.31823027761055,329.31823027761055
37,302,329.31823027761055,329.31823027761055
37,303,329.31823027761055,329.31823027761055
37,304,329.31823027761055,329.31823027761055
37,305,329.31823027761055,329.31823027761055
37,306,329.31823027761055,329.31823027761055
37,307,329.31823027761055,329.31823027761055
37,308,329.31823027761055,329.31823027761055
37,309,329.31823027761055,329.31823027761055
37,310,329.31823027761055,329.31823027761055
37,311,329.31823027761055,329.31823027761055
37,312,329.31823027761055,329.31823027761055
37,313,329.31823027761055,329.31823027761055
37,314,329.31823027761055,329.31823027761055
37,315,329.31823027761055,329.31823027761055
37,316,329.31823027761055,329.31823027761055
37,317,329.31823027761055,329.31823027761055
37,318,329.31823027761055,329.31823027761055
37,319,329.31823027761055,329.31823027761055
37,320,329.31823027761055,329.31823027761055
37,321,329.31823027761055,329.31823027761055
37,322,329.31823027761055,329.31823027761055
37,323,329.31823027761055,329.31823027761055
37,324,329.31823027761055,329.31823027761055
37,325,329.31823027761055,329.31823027761055
37,326,329.31823027761055,329.31823027761055
37,327,329.31823027761055,329.31823027761055
37,328,329.31823027761055,329.31823027761055
37,329,329.31823027761055,329.31823027761055
37,330,329.31823027761055,329.31823027761055
37,331,329.31823027761055,329.31823027761055
37,332,329.31823027761055,329.31823027761055
37,333,329.31823027761055,329.31823027761055
37,334,329.31823027761055,329.31823027761055
37,335,329.31823027761055,329.31823027761055
37,336,329.31823027761055,329.31823027761055
37,337,329.31823027761055,329.31823027761055
37,338,329.31823027761055,329.31823027761055
37,339,329.31823027761055,329.31823027761055
37,340,329.31823027761055,329.31823027761055
37,341,329.31823027761055,329.31823027761055
37,342,329.31823027761055,329.31823027761055
37,343,329.31823027761055,329.31823027761055
37,344,329.31823027761055,329.31823027761055
37,345,329.31823027761055,329.31823027761055
37,346,329.31823027761055,329.31823027761055
37,347,329.31823027761055,329.31823027761055
37,348,329.31823027761055,329.31823027761055
37,349,329.31823027761055,329.31823027761055
37,350,329.31823027761055,329.31823027761055
37,351,329.31823027761055,329.31823027761055
37,352,329.31823027761055,329.31823027761055
37,353,329.31823027761055,329.31823027761055
37,354,329.31823027761055,329.31823027761055
37,355,329.31823027761055,329.31823027761055
37,356,329.31823027761055,329.31823027761055
37,357,329.31823027761055,329.31823027761055
37,358,329.31823027761055,329.31823027761055
37,359,329.31823027761055,329.31823027761055
37,360,329.31823027761055,329.31823027761055
37,361,329.31823027761055,329.31823027761055
37,362,329.31823027761055,329.31823027761055
37,363,329.31823027761055,329.31823027761055
37,364,329.31823027761055,329.31823027761055
37,365,329.31823027761055,329.31823027761055
37,366,329.31823027761055,329.31823027761055
37,367,329.31823027761055,329.31823027761055
37,368,329.31823027761055,329.31823027761055
37,369,329.31823027761055,329.31823027761055
37,370,329.31823027761055,329.31823027761055
37,371,329.31823027761055,329.31823027761055
37,372,329.31823027761055,329.31823027761055
37,373,329.31823027761055,329.31823027761055
37,374,329.31823027761055,329.31823027761055
37,375,329.31823027761055,329.31823027761055
37,376,329.31823027761055,329.31823027761055
37,377,329.31823027761055,329.31823027761055
37,378,329.31823027761055,329.31823027761055
37,379,329.31823027761055,329.31823027761055
37,380,329.31823027761055,329.31823027761055
37,381,329.31823027761055,329.31823027761055
37,382,329.31823027761055,329.31823027761055
37,383,329.31823027761055,329.31823027761055
37,384,329.31823027761055,329.31823027761055
37,385,329.31823027761055,329.31823027761055
37,386,329.31823027761055,329.31823027761055
37,387,329.31823027761055,329.31823027761055
37,388,329.31823027761055,329.31823027761055
37,389,329.31823027761055,329.31823027761055
37,390,329.31823027761055,329.31823027761055
37,391,329.31823027761055,329.31823027761055
37,392,329.31823027761055,329.31823027761055
37,393,329.31823027761055,329.31823027761055
37,394,329.31823027761055,329.31823027761055
37,395,329.31823027761055,329.31823027761055
37,396,329.31823027761055,329.31823027761055
37,397,329.31823027761055,329.31823027761055
37,398,329.31823027761055,329.31823027761055
37,399,329.31823027761055,329.31823027761055
37,400,329.31823027761055,329.31823027761055
37,401,329.31823027761055,329.31823027761055
37,402,329.31823027761055,329.31823027761055
37,403,329.31823027761055,329.31823027761055
37,404,329.31823027761055,329.31823027761055
37,405,329.31823027761055,329.31823027761055
37,406,329.31823027761055,329.31823027761055
37,407,329.31823027761055,329.31823027761055
37,408,329.31823027761055,329.31823027761055
37,409,329.31823027761055,329.31823027761055
37,410,329.31823027761055,329.31823027761055
37,411,329.31823027761055,329.31823027761055
37,412,329.31823027761055,329.31823027761055
37,413,329.31823027761055,329.31823027761055
37,414,329.31823027761055,329.31823027761055
37,415,329.31823027761055,329.31823027761055
37,416,329.31823027761055,329.31823027761055
37,417,329.31823027761055,329.31823027761055
37,418,329.31823027761055,329.31823027761055
37,419,329.31823027761055,329.31823027761055
37,420,329.31823027761055,329.31823027761055
37,421,329.31823027761055,329.31823027761055
37,422,329.31823027761055,329.31823027761055
37,423,329.31823027761055,329.31823027761055
37,424,329.31823027761055,329.31823027761055
37,425,329.31823027761055,329.31823027761055
37,426,329.31823027761055,329.31823027761055
37,427,329.31823027761055,329.31823027761055
37,428,329.31823027761055,329.31823027761055
37,429,329.31823027761055,329.31823027761055
37,430,329.31823027761055,329.31823027761055
37,431,329.31823027761055,329.31823027761055
37,432,329.31823027761055,329.31823027761055
37,433,329.31823027761055,329.31823027761055
37,434,329.31823027761055,329.31823027761055
37,435,329.31823027761055,329.31823027761055
37,436,329.31823027761055,329.31823027761055
37,437,329.31823027761055,329.31823027761055
37,438,329.31823027761055,329.31823027761055
37,439,329.31823027761055,329.31823027761055
37,440,329.31823027761055,329.31823027761055
37,441,329.31823027761055,329.31823027761055
37,442,329.31823027761055,329.31823027761055
37,443,329.31823027761055,329.31823027761055
37,444,329.31823027761055,329.31823027761055
37,445,329.31823027761055,329.31823027761055
37,446,329.31823027761055,329.31823027761055
37,447,329.31823027761055,329.31823027761055
37,448,329.31823027761055,329.31823027761055
37,449,329.31823027761055,329.31823027761055
37,450,329.31823027761055,329.31823027761055
37,451,329.31823027761055,329.31823027761055
37,452,329.31823027761055,329.31823027761055
37,453,329.31823027761055,329.31823027761055
37,454,329.31823027761055,329.31823027761055
37,455,329.31823027761055,329.31823027761055
37,456,329.31823027761055,329.31823027761055
37,457,329.31823027761055,329.31823027761055
37,458,329.31823027761055,329.31823027761055
37,459,329.31823027761055,329.31823027761055
37,460,329.31823027761055,329.31823027761055
37,461,329.31823027761055,329.31823027761055
37,462,329.31823027761055,329.31823027761055
37,463,329.31823027761055,329.31823027761055
37,464,329.31823027761055,329.31823027761055
37,465,329.31823027761055,329.31823027761055
37,466,329.31823027761055,329.31823027761055
37,467,329.31823027761055,329.31823027761055
37,468,329.31823027761055,329.31823027761055
37,469,329.31823027761055,329.31823027761055
37,470,329.31823027761055,329.31823027761055
37,471,329.31823027761055,329.31823027761055
37,472,329.31823027761055,329.31823027761055
37,473,329.31823027761055,329.31823027761055
37,474,329.31823027761055,329.31823027761055
37,475,329.31823027761055,329.31823027761055
37,476,329.31823027761055,329.31823027761055
37,477,329.31823027761055,329.31823027761055
37,478,329.31823027761055,329.31823027761055
37,479,329.31823027761055,329.31823027761055
37,480,329.31823027761055,329.31823027761055
37,481,329.31823027761055,329.31823027761055
37,482,329.31823027761055,329.31823027761055
37,483,329.31823027761055,329.31823027761055
37,484,329.31823027761055,329.31823027761055
37,485,329.31823027761055,329.31823027761055
37,486,329.31823027761055,329.31823027761055
37,487,329.31823027761055,329.31823027761055
37,488,329.31823027761055,329.31823027761055
37,489,329.31823027761055,329.31823027761055
37,490,329.31823027761055,329.31823027761055
37,491,329.31823027761055,329.31823027761055
37,492,329.31823027761055,329.31823027761055
37,493,329.31823027761055,329.31823027761055
37,494,329.31823027761055,329.31823027761055
37,495,329.31823027761055,329.31823027761055
37,496,329.31823027761055,329.31823027761055
37,497,329.31823027761055,329.31823027761055
37,498,329.31823027761055,329.31823027761055
37,499,329.31823027761055,329.31823027761055
37,500,329.31823027761055,329.31823027761055
38,0,422.533461065246,422.533461065246
38,1,422.533461065246,422.533461065246
38,2,411.300125114008,411.300125114008
38,3,363.0008046962394,363.0008046962394
38,4,363.0008046962394,363.0008046962394
38,5,363.0008046962394,363.0008046962394
38,6,363.0008046962394,363.0008046962394
38,7,340.3797208992853,340.3797208992853
38,8,340.3797208992853,340.3797208992853
38,9,329.31823027761055,329.31823027761055
38,10,329.31823027761055,329.31823027761055
38,11,329.31823027761055,329.31823027761055
38,12,329.31823027761055,329.31823027761055
38,13,329.31823027761055,329.31823027761055
38,14,329.31823027761055,329.31823027761055
38,15,329.31823027761055,329.31823027761055
38,16,329.31823027761055,329.31823027761055
38,17,329.31823027761055,329.31823027761055
38,18,329.31823027761055,329.31823027761055
38,19,329.31823027761055,329.31823027761055
38,20,329.31823027761055,329.31823027761055
38,21,329.31823027761055,329.31823027761055
38,22,329.31823027761055,329.31823027761055
38,23,329.31823027761055,329.31823027761055
38,24,329.31823027761055,329.31823027761055
38,25,329.31823027761055,329.31823027761055
38,26,329.31823027761055,329.31823027761055
38,27,329.31823027761055,329.31823027761055
38,28,329.31823027761055,329.31823027761055
38,29,329.31823027761055,329.31823027761055
38,30,329.31823027761055,329.31823027761055
38,31,329.31823027761055,329.31823027761055
38,32,329.31823027761055,329.31823027761055
38,33,329.31823027761055,329.31823027761055
38,34,329.31823027761055,329.31823027761055
38,35,329.31823027761055,329.31823027761055
38,36,329.31823027761055,329.31823027761055
38,37,329.31823027761055,329.31823027761055
38,38,329.31823027761055,329.31823027761055
38,39,329.31823027761055,329.31823027761055
38,40,329.31823027761055,329.31823027761055
38,41,329.31823027761055,329.31823027761055
38,42,329.31823027761055,329.31823027761055
38,43,329.31823027761055,329.31823027761055
38,44,329.31823027761055,329.31823027761055
38,45,329.31823027761055,329.31823027761055
38,46,329.31823027761055,329.31823027761055
38,47,329.31823027761055,329.31823027761055
38,48,329.31823027761055,329.31823027761055
38,49,329.31823027761055,329.31823027761055
38,50,329.31823027761055,329.31823027761055
38,51,329.31823027761055,329.31823027761055
38,52,329.31823027761055,329.31823027761055
38,53,329.31823027761055,329.31823027761055
38,54,329.31823027761055,329.31823027761055
38,55,329.31823027761055,329.31823027761055
38,56,329.31823027761055,329.31823027761055
38,57,329.31823027761055,329.31823027761055
38,58,329.31823027761055,329.31823027761055
38,59,329.31823027761055,329.31823027761055
38,60,329.31823027761055,329.31823027761055
38,61,329.31823027761055,329.31823027761055
38,62,329.31823027761055,329.31823027761055
38,63,329.31823027761055,329.31823027761055
38,64,329.31823027761055,329.31823027761055
38,65,329.31823027761055,329.31823027761055
38,66,329.31823027761055,329.31823027761055
38,67,329.31823027761055,329.31823027761055
38,68,329.31823027761055,329.31823027761055
38,69,329.31823027761055,329.31823027761055
38,70,329.31823027761055,329.31823027761055
38,71,329.31823027761055,329.31823027761055
38,72,329.31823027761055,329.31823027761055
38,73,329.31823027761055,329.31823027761055
38,74,329.31823027761055,329.31823027761055
38,75,329.31823027761055,329.31823027761055
38,76,329.31823027761055,329.31823027761055
38,77,329.31823027761055,329.31823027761055
38,78,329.31823027761055,329.31823027761055
38,79,329.31823027761055,329.31823027761055
38,80,329.31823027761055,329.31823027761055
38,81,329.31823027761055,329.31823027761055
38,82,329.31823027761055,329.31823027761055
38,83,329.31823027761055,329.31823027761055
38,84,329.31823027761055,329.31823027761055
38,85,329.31823027761055,329.31823027761055
38,86,329.31823027761055,329.31823027761055
38,87,329.31823027761055,329.31823027761055
38,88,329.31823027761055,329.31823027761055
38,89,329.31823027761055,329.31823027761055
38,90,329.31823027761055,329.31823027761055
38,91,329.31823027761055,329.31823027761055
38,92,329.31823027761055,329.31823027761055
38,93,329.31823027761055,329.31823027761055
38,94,329.31823027761055,329.31823027761055
38,95,329.31823027761055,329.31823027761055
38,96,329.31823027761055,329.31823027761055
38,97,329.31823027761055,329.31823027761055
38,98,329.31823027761055,329.31823027761055
38,99,329.31823027761055,329.31823027761055
38,100,329.31823027761055,329.31823027761055
38,101,329.31823027761055,329.31823027761055
38,102,329.31823027761055,329.31823027761055
38,103,329.31823027761055,329.31823027761055
38,104,329.31823027761055,329.31823027761055
38,105,329.31823027761055,329.31823027761055
38,106,329.31823027761055,329.31823027761055
38,107,329.31823027761055,329.31823027761055
38,108,329.31823027761055,329.31823027761055
38,109,329.31823027761055,329.31823027761055
38,110,329.31823027761055,329.31823027761055
38,111,329.31823027761055,329.31823027761055
38,112,329.31823027761055,329.31823027761055
38,113,329.31823027761055,329.31823027761055
38,114,329.31823027761055,329.31823027761055
38,115,329.31823027761055,329.31823027761055
38,116,329.31823027761055,329.31823027761055
38,117,329.31823027761055,329.31823027761055
38,118,329.31823027761055,329.31823027761055
38,119,329.31823027761055,329.31823027761055
38,120,329.31823027761055,329.31823027761055
38,121,329.31823027761055,329.31823027761055
38,122,329.31823027761055,329.31823027761055
38,123,329.31823027761055,329.31823027761055
38,124,329.31823027761055,329.31823027761055
38,125,329.31823027761055,329.31823027761055
38,126,329.31823027761055,329.31823027761055
38,127,329.31823027761055,329.31823027761055
38,128,329.31823027761055,329.31823027761055
38,129,329.31823027761055,329.31823027761055
38,130,329.31823027761055,329.31823027761055
38,131,329.31823027761055,329.31823027761055
38,132,329.31823027761055,329.31823027761055
38,133,329.31823027761055,329.31823027761055
38,134,329.31823027761055,329.31823027761055
38,135,329.31823027761055,329.31823027761055
38,136,329.31823027761055,329.31823027761055
38,137,329.31823027761055,329.31823027761055
38,138,329.31823027761055,329.31823027761055
38,139,329.31823027761055,329.31823027761055
38,140,329.31823027761055,329.31823027761055
38,141,329.31823027761055,329.31823027761055
38,142,329.31823027761055,329.31823027761055
38,143,329.31823027761055,329.31823027761055
38,144,329.31823027761055,329.31823027761055
38,145,329.31823027761055,329.31823027761055
38,146,329.31823027761055,329.31823027761055
38,147,329.31823027761055,329.31823027761055
38,148,329.31823027761055,329.31823027761055
38,149,329.31823027761055,329.31823027761055
38,150,329.31823027761055,329.31823027761055
38,151,329.31823027761055,329.31823027761055
38,152,329.31823027761055,329.31823027761055
38,153,329.31823027761055,329.31823027761055
38,154,329.31823027761055,329.31823027761055
38,155,329.31823027761055,329.31823027761055
38,156,329.31823027761055,329.31823027761055
38,157,329.31823027761055,329.31823027761055
38,158,329.31823027761055,329.31823027761055
38,159,329.31823027761055,329.31823027761055
38,160,329.31823027761055,329.31823027761055
38,161,329.31823027761055,329.31823027761055
38,162,329.31823027761055,329.31823027761055
38,163,329.31823027761055,329.31823027761055
38,164,329.31823027761055,329.31823027761055
38,165,329.31823027761055,329.31823027761055
38,166,329.31823027761055,329.31823027761055
38,167,329.31823027761055,329.31823027761055
38,168,329.31823027761055,329.31823027761055
38,169,329.31823027761055,329.31823027761055
38,170,329.31823027761055,329.31823027761055
38,171,329.31823027761055,329.31823027761055
38,172,329.31823027761055,329.31823027761055
38,173,329.31823027761055,329.31823027761055
38,174,329.31823027761055,329.31823027761055
38,175,329.31823027761055,329.31823027761055
38,176,329.31823027761055,329.31823027761055
38,177,329.31823027761055,329.31823027761055
38,178,329.31823027761055,329.31823027761055
38,179,329.31823027761055,329.31823027761055
38,180,329.31823027761055,329.31823027761055
38,181,329.31823027761055,329.31823027761055
38,182,329.31823027761055,329.31823027761055
38,183,329.31823027761055,329.31823027761055
38,184,329.31823027761055,329.31823027761055
38,185,329.31823027761055,329.31823027761055
38,186,329.31823027761055,329.31823027761055
38,187,329.31823027761055,329.31823027761055
38,188,329.31823027761055,329.31823027761055
38,189,329.31823027761055,329.31823027761055
38,190,329.31823027761055,329.31823027761055
38,191,329.31823027761055,329.31823027761055
38,192,329.31823027761055,329.31823027761055
38,193,329.31823027761055,329.31823027761055
38,194,329.31823027761055,329.31823027761055
38,195,329.31823027761055,329.31823027761055
38,196,329.31823027761055,329.31823027761055
38,197,329.31823027761055,329.31823027761055
38,198,329.31823027761055,329.31823027761055
38,199,329.31823027761055,329.31823027761055
38,200,329.31823027761055,329.31823027761055
38,201,329.31823027761055,329.31823027761055
38,202,329.31823027761055,329.31823027761055
38,203,329.31823027761055,329.31823027761055
38,204,329.31823027761055,329.31823027761055
38,205,329.31823027761055,329.31823027761055
38,206,329.31823027761055,329.31823027761055
38,207,329.31823027761055,329.31823027761055
38,208,329.31823027761055,329.31823027761055
38,209,329.31823027761055,329.31823027761055
38,210,329.31823027761055,329.31823027761055
38,211,329.31823027761055,329.31823027761055
38,212,329.31823027761055,329.31823027761055
38,213,329.31823027761055,329.31823027761055
38,214,329.31823027761055,329.31823027761055
38,215,329.31823027761055,329.31823027761055
38,216,329.31823027761055,329.31823027761055
38,217,329.31823027761055,329.31823027761055
38,218,329.31823027761055,329.31823027761055
38,219,329.31823027761055,329.31823027761055
38,220,329.31823027761055,329.31823027761055
38,221,329.31823027761055,329.31823027761055
38,222,329.31823027761055,329.31823027761055
38,223,329.31823027761055,329.31823027761055
38,224,329.31823027761055,329.31823027761055
38,225,329.31823027761055,329.31823027761055
38,226,329.31823027761055,329.31823027761055
38,227,329.31823027761055,329.31823027761055
38,228,329.31823027761055,329.31823027761055
38,229,329.31823027761055,329.31823027761055
38,230,329.31823027761055,329.31823027761055
38,231,329.31823027761055,329.31823027761055
38,232,329.31823027761055,329.31823027761055
38,233,329.31823027761055,329.31823027761055
38,234,329.31823027761055,329.31823027761055
38,235,329.31823027761055,329.31823027761055
38,236,329.31823027761055,329.31823027761055
38,237,329.31823027761055,329.31823027761055
38,238,329.31823027761055,329.31823027761055
38,239,329.31823027761055,329.31823027761055
38,240,329.31823027761055,329.31823027761055
38,241,329.31823027761055,329.31823027761055
38,242,329.31823027761055,329.31823027761055
38,243,329.31823027761055,329.31823027761055
38,244,329.31823027761055,329.31823027761055
38,245,329.31823027761055,329.31823027761055
38,246,329.31823027761055,329.31823027761055
38,247,329.31823027761055,329.31823027761055
38,248,329.31823027761055,329.31823027761055
38,249,329.31823027761055,329.31823027761055
38,250,329.31823027761055,329.31823027761055
38,251,329.31823027761055,329.31823027761055
38,252,329.31823027761055,329.31823027761055
38,253,329.31823027761055,329.31823027761055
38,254,329.31823027761055,329.31823027761055
38,255,329.31823027761055,329.31823027761055
38,256,329.31823027761055,329.31823027761055
38,257,329.31823027761055,329.31823027761055
38,258,329.31823027761055,329.31823027761055
38,259,329.31823027761055,329.31823027761055
38,260,329.31823027761055,329.31823027761055
38,261,329.31823027761055,329.31823027761055
38,262,329.31823027761055,329.31823027761055
38,263,329.31823027761055,329.31823027761055
38,264,329.31823027761055,329.31823027761055
38,265,329.31823027761055,329.31823027761055
38,266,329.31823027761055,329.31823027761055
38,267,329.31823027761055,329.31823027761055
38,268,329.31823027761055,329.31823027761055
38,269,329.31823027761055,329.31823027761055
38,270,329.31823027761055,329.31823027761055
38,271,329.31823027761055,329.31823027761055
38,272,329.31823027761055,329.31823027761055
38,273,329.31823027761055,329.31823027761055
38,274,329.31823027761055,329.31823027761055
38,275,329.31823027761055,329.31823027761055
38,276,329.31823027761055,329.31823027761055
38,277,329.31823027761055,329.31823027761055
38,278,329.31823027761055,329.31823027761055
38,279,329.31823027761055,329.31823027761055
38,280,329.31823027761055,329.31823027761055
38,281,329.31823027761055,329.31823027761055
38,282,329.31823027761055,329.31823027761055
38,283,329.31823027761055,329.31823027761055
38,284,329.31823027761055,329.31823027761055
38,285,329.31823027761055,329.31823027761055
38,286,329.31823027761055,329.31823027761055
38,287,329.31823027761055,329.31823027761055
38,288,329.31823027761055,329.31823027761055
38,289,329.31823027761055,329.31823027761055
38,290,329.31823027761055,329.31823027761055
38,291,329.31823027761055,329.31823027761055
38,292,329.31823027761055,329.31823027761055
38,293,329.31823027761055,329.31823027761055
38,294,329.31823027761055,329.31823027761055
38,295,329.31823027761055,329.31823027761055
38,296,329.31823027761055,329.31823027761055
38,297,329.31823027761055,329.31823027761055
38,298,329.31823027761055,329.31823027761055
38,299,329.31823027761055,329.31823027761055
38,300,329.31823027761055,329.31823027761055
38,301,329.31823027761055,329.31823027761055
38,302,329.31823027761055,329.31823027761055
38,303,329.31823027761055,329.31823027761055
38,304,329.31823027761055,329.31823027761055
38,305,329.31823027761055,329.31823027761055
38,306,329.31823027761055,329.31823027761055
38,307,329.31823027761055,329.31823027761055
38,308,329.31823027761055,329.31823027761055
38,309,329.31823027761055,329.31823027761055
38,310,329.31823027761055,329.31823027761055
38,311,329.31823027761055,329.31823027761055
38,312,329.31823027761055,329.31823027761055
38,313,329.31823027761055,329.31823027761055
38,314,329.31823027761055,329.31823027761055
38,315,329.31823027761055,329.31823027761055
38,316,329.31823027761055,329.31823027761055
38,317,329.31823027761055,329.31823027761055
38,318,329.31823027761055,329.31823027761055
38,319,329.31823027761055,329.31823027761055
38,320,329.31823027761055,329.31823027761055
38,321,329.31823027761055,329.31823027761055
38,322,329.31823027761055,329.31823027761055
38,323,329.31823027761055,329.31823027761055
38,324,329.31823027761055,329.31823027761055
38,325,329.31823027761055,329.31823027761055
38,326,329.31823027761055,329.31823027761055
38,327,329.31823027761055,329.31823027761055
38,328,329.31823027761055,329.31823027761055
38,329,329.31823027761055,329.31823027761055
38,330,329.31823027761055,329.31823027761055
38,331,329.31823027761055,329.31823027761055
38,332,329.31823027761055,329.31823027761055
38,333,329.31823027761055,329.31823027761055
38,334,329.31823027761055,329.31823027761055
38,335,329.31823027761055,329.31823027761055
38,336,329.31823027761055,329.31823027761055
38,337,329.31823027761055,329.31823027761055
38,338,329.31823027761055,329.31823027761055
38,339,329.31823027761055,329.31823027761055
38,340,329.31823027761055,329.31823027761055
38,341,329.31823027761055,329.31823027761055
38,342,329.31823027761055,329.31823027761055
38,343,329.31823027761055,329.31823027761055
38,344,329.31823027761055,329.31823027761055
38,345,329.31823027761055,329.31823027761055
38,346,329.31823027761055,329.31823027761055
38,347,329.31823027761055,329.31823027761055
38,348,329.31823027761055,329.31823027761055
38,349,329.31823027761055,329.31823027761055
38,350,329.31823027761055,329.31823027761055
38,351,329.31823027761055,329.31823027761055
38,352,329.31823027761055,329.31823027761055
38,353,329.31823027761055,329.31823027761055
38,354,329.31823027761055,329.31823027761055
38,355,329.31823027761055,329.31823027761055
38,356,329.31823027761055,329.31823027761055
38,357,329.31823027761055,329.31823027761055
38,358,329.31823027761055,329.31823027761055
38,359,329.31823027761055,329.31823027761055
38,360,329.31823027761055,329.31823027761055
38,361,329.31823027761055,329.31823027761055
38,362,329.31823027761055,329.31823027761055
38,363,329.31823027761055,329.31823027761055
38,364,329.31823027761055,329.31823027761055
38,365,329.31823027761055,329.31823027761055
38,366,329.31823027761055,329.31823027761055
38,367,329.31823027761055,329.31823027761055
38,368,329.31823027761055,329.31823027761055
38,369,329.31823027761055,329.31823027761055
38,370,329.31823027761055,329.31823027761055
38,371,329.31823027761055,329.31823027761055
38,372,329.31823027761055,329.31823027761055
38,373,329.31823027761055,329.31823027761055
38,374,329.31823027761055,329.31823027761055
38,375,329.31823027761055,329.31823027761055
38,376,329.31823027761055,329.31823027761055
38,377,329.31823027761055,329.31823027761055
38,378,329.31823027761055,329.31823027761055
38,379,329.31823027761055,329.31823027761055
38,380,329.31823027761055,329.31823027761055
38,381,329.31823027761055,329.31823027761055
38,382,329.31823027761055,329.31823027761055
38,383,329.31823027761055,329.31823027761055
38,384,329.31823027761055,329.31823027761055
38,385,329.31823027761055,329.31823027761055
38,386,329.31823027761055,329.31823027761055
38,387,329.31823027761055,329.31823027761055
38,388,329.31823027761055,329.31823027761055
38,389,329.31823027761055,329.31823027761055
38,390,329.31823027761055,329.31823027761055
38,391,329.31823027761055,329.31823027761055
38,392,329.31823027761055,329.31823027761055
38,393,329.31823027761055,329.31823027761055
38,394,329.31823027761055,329.31823027761055
38,395,329.31823027761055,329.31823027761055
38,396,329.31823027761055,329.31823027761055
38,397,329.31823027761055,329.31823027761055
38,398,329.31823027761055,329.31823027761055
38,399,329.31823027761055,329.31823027761055
38,400,329.31823027761055,329.31823027761055
38,401,329.31823027761055,329.31823027761055
38,402,329.31823027761055,329.31823027761055
38,403,329.31823027761055,329.31823027761055
38,404,329.31823027761055,329.31823027761055
38,405,329.31823027761055,329.31823027761055
38,406,329.31823027761055,329.31823027761055
38,407,329.31823027761055,329.31823027761055
38,408,329.31823027761055,329.31823027761055
38,409,329.31823027761055,329.31823027761055
38,410,329.31823027761055,329.31823027761055
38,411,329.31823027761055,329.31823027761055
38,412,329.31823027761055,329.31823027761055
38,413,329.31823027761055,329.31823027761055
38,414,329.31823027761055,329.31823027761055
38,415,329.31823027761055,329.31823027761055
38,416,329.31823027761055,329.31823027761055
38,417,329.31823027761055,329.31823027761055
38,418,329.31823027761055,329.31823027761055
38,419,329.31823027761055,329.31823027761055
38,420,329.31823027761055,329.31823027761055
38,421,329.31823027761055,329.31823027761055
38,422,329.31823027761055,329.31823027761055
38,423,329.31823027761055,329.31823027761055
38,424,329.31823027761055,329.31823027761055
38,425,329.31823027761055,329.31823027761055
38,426,329.31823027761055,329.31823027761055
38,427,329.31823027761055,329.31823027761055
38,428,329.31823027761055,329.31823027761055
38,429,329.31823027761055,329.31823027761055
38,430,329.31823027761055,329.31823027761055
38,431,329.31823027761055,329.31823027761055
38,432,329.31823027761055,329.31823027761055
38,433,329.31823027761055,329.31823027761055
38,434,329.31823027761055,329.31823027761055
38,435,329.31823027761055,329.31823027761055
38,436,329.31823027761055,329.31823027761055
38,437,329.31823027761055,329.31823027761055
38,438,329.31823027761055,329.31823027761055
38,439,329.31823027761055,329.31823027761055
38,440,329.31823027761055,329.31823027761055
38,441,329.31823027761055,329.31823027761055
38,442,329.31823027761055,329.31823027761055
38,443,329.31823027761055,329.31823027761055
38,444,329.31823027761055,329.31823027761055
38,445,329.31823027761055,329.31823027761055
38,446,329.31823027761055,329.31823027761055
38,447,329.31823027761055,329.31823027761055
38,448,329.31823027761055,329.31823027761055
38,449,329.31823027761055,329.31823027761055
38,450,329.31823027761055,329.31823027761055
38,451,329.31823027761055,329.31823027761055
38,452,329.31823027761055,329.31823027761055
38,453,329.31823027761055,329.31823027761055
38,454,329.31823027761055,329.31823027761055
38,455,329.31823027761055,329.31823027761055
38,456,329.31823027761055,329.31823027761055
38,457,329.31823027761055,329.31823027761055
38,458,329.31823027761055,329.31823027761055
38,459,329.31823027761055,329.31823027761055
38,460,329.31823027761055,329.31823027761055
38,461,329.31823027761055,329.31823027761055
38,462,329.31823027761055,329.31823027761055
38,463,329.31823027761055,329.31823027761055
38,464,329.31823027761055,329.31823027761055
38,465,329.31823027761055,329.31823027761055
38,466,329.31823027761055,329.31823027761055
38,467,329.31823027761055,329.31823027761055
38,468,329.31823027761055,329.31823027761055
38,469,329.31823027761055,329.31823027761055
38,470,329.31823027761055,329.31823027761055
38,471,329.31823027761055,329.31823027761055
38,472,329.31823027761055,329.31823027761055
38,473,329.31823027761055,329.31823027761055
38,474,329.31823027761055,329.31823027761055
38,475,329.31823027761055,329.31823027761055
38,476,329.31823027761055,329.31823027761055
38,477,329.31823027761055,329.31823027761055
38,478,329.31823027761055,329.31823027761055
38,479,329.31823027761055,329.31823027761055
38,480,329.31823027761055,329.31823027761055
38,481,329.31823027761055,329.31823027761055
38,482,329.31823027761055,329.31823027761055
38,483,329.31823027761055,329.31823027761055
38,484,329.31823027761055,329.31823027761055
38,485,329.31823027761055,329.31823027761055
38,486,329.31823027761055,329.31823027761055
38,487,329.31823027761055,329.31823027761055
38,488,329.31823027761055,329.31823027761055
38,489,329.31823027761055,329.31823027761055
38,490,329.31823027761055,329.31823027761055
38,491,329.31823027761055,329.31823027761055
38,492,329.31823027761055,329.31823027761055
38,493,329.31823027761055,329.31823027761055
38,494,329.31823027761055,329.31823027761055
38,495,329.31823027761055,329.31823027761055
38,496,329.31823027761055,329.31823027761055
38,497,329.31823027761055,329.31823027761055
38,498,329.31823027761055,329.31823027761055
38,499,329.31823027761055,329.31823027761055
38,500,329.31823027761055,329.31823027761055
39,0,418.55738208950487,418.55738208950487
39,1,385.12337774409724,385.12337774409724
39,2,385.12337774409724,385.12337774409724
39,3,380.07852874792195,380.07852874792195
39,4,375.59424949979285,375.59424949979285
39,5,375.59424949979285,375.59424949979285
39,6,360.84375185662776,360.84375185662776
39,7,355.64378199532604,355.64378199532604
39,8,340.3797208992853,340.3797208992853
39,9,340.3797208992853,340.3797208992853
39,10,340.3797208992853,340.3797208992853
39,11,340.3797208992853,340.3797208992853
39,12,329.31823027761055,329.31823027761055
39,13,329.31823027761055,329.31823027761055
39,14,329.31823027761055,329.31823027761055
39,15,329.31823027761055,329.31823027761055
39,16,329.31823027761055,329.31823027761055
39,17,329.31823027761055,329.31823027761055
39,18,329.31823027761055,329.31823027761055
39,19,329.31823027761055,329.31823027761055
39,20,329.31823027761055,329.31823027761055
39,21,329.31823027761055,329.31823027761055
39,22,329.31823027761055,329.31823027761055
39,23,329.31823027761055,329.31823027761055
39,24,329.31823027761055,329.31823027761055
39,25,329.31823027761055,329.31823027761055
39,26,329.31823027761055,329.31823027761055
39,27,329.31823027761055,329.31823027761055
39,28,329.31823027761055,329.31823027761055
39,29,329.31823027761055,329.31823027761055
39,30,329.31823027761055,329.31823027761055
39,31,329.31823027761055,329.31823027761055
39,32,329.31823027761055,329.31823027761055
39,33,329.31823027761055,329.31823027761055
39,34,329.31823027761055,329.31823027761055
39,35,329.31823027761055,329.31823027761055
39,36,329.31823027761055,329.31823027761055
39,37,329.31823027761055,329.31823027761055
39,38,329.31823027761055,329.31823027761055
39,39,329.31823027761055,329.31823027761055
39,40,329.31823027761055,329.31823027761055
39,41,329.31823027761055,329.31823027761055
39,42,329.31823027761055,329.31823027761055
39,43,329.31823027761055,329.31823027761055
39,44,329.31823027761055,329.31823027761055
39,45,329.31823027761055,329.31823027761055
39,46,329.31823027761055,329.31823027761055
39,47,329.31823027761055,329.31823027761055
39,48,329.31823027761055,329.31823027761055
39,49,329.31823027761055,329.31823027761055
39,50,329.31823027761055,329.31823027761055
39,51,329.31823027761055,329.31823027761055
39,52,329.31823027761055,329.31823027761055
39,53,329.31823027761055,329.31823027761055
39,54,329.31823027761055,329.31823027761055
39,55,329.31823027761055,329.31823027761055
39,56,329.31823027761055,329.31823027761055
39,57,329.31823027761055,329.31823027761055
39,58,329.31823027761055,329.31823027761055
39,59,329.31823027761055,329.31823027761055
39,60,329.31823027761055,329.31823027761055
39,61,329.31823027761055,329.31823027761055
39,62,329.31823027761055,329.31823027761055
39,63,329.31823027761055,329.31823027761055
39,64,329.31823027761055,329.31823027761055
39,65,329.31823027761055,329.31823027761055
39,66,329.31823027761055,329.31823027761055
39,67,329.31823027761055,329.31823027761055
39,68,329.31823027761055,329.31823027761055
39,69,329.31823027761055,329.31823027761055
39,70,329.31823027761055,329.31823027761055
39,71,329.31823027761055,329.31823027761055
39,72,329.31823027761055,329.31823027761055
39,73,329.31823027761055,329.31823027761055
39,74,329.31823027761055,329.31823027761055
39,75,329.31823027761055,329.31823027761055
39,76,329.31823027761055,329.31823027761055
39,77,329.31823027761055,329.31823027761055
39,78,329.31823027761055,329.31823027761055
39,79,329.31823027761055,329.31823027761055
39,80,329.31823027761055,329.31823027761055
39,81,329.31823027761055,329.31823027761055
39,82,329.31823027761055,329.31823027761055
39,83,329.31823027761055,329.31823027761055
39,84,329.31823027761055,329.31823027761055
39,85,329.31823027761055,329.31823027761055
39,86,329.31823027761055,329.31823027761055
39,87,329.31823027761055,329.31823027761055
39,88,329.31823027761055,329.31823027761055
39,89,329.31823027761055,329.31823027761055
39,90,329.31823027761055,329.31823027761055
39,91,329.31823027761055,329.31823027761055
39,92,329.31823027761055,329.31823027761055
39,93,329.31823027761055,329.31823027761055
39,94,329.31823027761055,329.31823027761055
39,95,329.31823027761055,329.31823027761055
39,96,329.31823027761055,329.31823027761055
39,97,329.31823027761055,329.31823027761055
39,98,329.31823027761055,329.31823027761055
39,99,329.31823027761055,329.31823027761055
39,100,329.31823027761055,329.31823027761055
39,101,329.31823027761055,329.31823027761055
39,102,329.31823027761055,329.31823027761055
39,103,329.31823027761055,329.31823027761055
39,104,329.31823027761055,329.31823027761055
39,105,329.31823027761055,329.31823027761055
39,106,329.31823027761055,329.31823027761055
39,107,329.31823027761055,329.31823027761055
39,108,329.31823027761055,329.31823027761055
39,109,329.31823027761055,329.31823027761055
39,110,329.31823027761055,329.31823027761055
39,111,329.31823027761055,329.31823027761055
39,112,329.31823027761055,329.31823027761055
39,113,329.31823027761055,329.31823027761055
39,114,329.31823027761055,329.31823027761055
39,115,329.31823027761055,329.31823027761055
39,116,329.31823027761055,329.31823027761055
39,117,329.31823027761055,329.31823027761055
39,118,329.31823027761055,329.31823027761055
39,119,329.31823027761055,329.31823027761055
39,120,329.31823027761055,329.31823027761055
39,121,329.31823027761055,329.31823027761055
39,122,329.31823027761055,329.31823027761055
39,123,329.31823027761055,329.31823027761055
39,124,329.31823027761055,329.31823027761055
39,125,329.31823027761055,329.31823027761055
39,126,329.31823027761055,329.31823027761055
39,127,329.31823027761055,329.31823027761055
39,128,329.31823027761055,329.31823027761055
39,129,329.31823027761055,329.31823027761055
39,130,329.31823027761055,329.31823027761055
39,131,329.31823027761055,329.31823027761055
39,132,329.31823027761055,329.31823027761055
39,133,329.31823027761055,329.31823027761055
39,134,329.31823027761055,329.31823027761055
39,135,329.31823027761055,329.31823027761055
39,136,329.31823027761055,329.31823027761055
39,137,329.31823027761055,329.31823027761055
39,138,329.31823027761055,329.31823027761055
39,139,329.31823027761055,329.31823027761055
39,140,329.31823027761055,329.31823027761055
39,141,329.31823027761055,329.31823027761055
39,142,329.31823027761055,329.31823027761055
39,143,329.31823027761055,329.31823027761055
39,144,329.31823027761055,329.31823027761055
39,145,329.31823027761055,329.31823027761055
39,146,329.31823027761055,329.31823027761055
39,147,329.31823027761055,329.31823027761055
39,148,329.31823027761055,329.31823027761055
39,149,329.31823027761055,329.31823027761055
39,150,329.31823027761055,329.31823027761055
39,151,329.31823027761055,329.31823027761055
39,152,329.31823027761055,329.31823027761055
39,153,329.31823027761055,329.31823027761055
39,154,329.31823027761055,329.31823027761055
39,155,329.31823027761055,329.31823027761055
39,156,329.31823027761055,329.31823027761055
39,157,329.31823027761055,329.31823027761055
39,158,329.31823027761055,329.31823027761055
39,159,329.31823027761055,329.31823027761055
39,160,329.31823027761055,329.31823027761055
39,161,329.31823027761055,329.31823027761055
39,162,329.31823027761055,329.31823027761055
39,163,329.31823027761055,329.31823027761055
39,164,329.31823027761055,329.31823027761055
39,165,329.31823027761055,329.31823027761055
39,166,329.31823027761055,329.31823027761055
39,167,329.31823027761055,329.31823027761055
39,168,329.31823027761055,329.31823027761055
39,169,329.31823027761055,329.31823027761055
39,170,329.31823027761055,329.31823027761055
39,171,329.31823027761055,329.31823027761055
39,172,329.31823027761055,329.31823027761055
39,173,329.31823027761055,329.31823027761055
39,174,329.31823027761055,329.31823027761055
39,175,329.31823027761055,329.31823027761055
39,176,329.31823027761055,329.31823027761055
39,177,329.31823027761055,329.31823027761055
39,178,329.31823027761055,329.31823027761055
39,179,329.31823027761055,329.31823027761055
39,180,329.31823027761055,329.31823027761055
39,181,329.31823027761055,329.31823027761055
39,182,329.31823027761055,329.31823027761055
39,183,329.31823027761055,329.31823027761055
39,184,329.31823027761055,329.31823027761055
39,185,329.31823027761055,329.31823027761055
39,186,329.31823027761055,329.31823027761055
39,187,329.31823027761055,329.31823027761055
39,188,329.31823027761055,329.31823027761055
39,189,329.31823027761055,329.31823027761055
39,190,329.31823027761055,329.31823027761055
39,191,329.31823027761055,329.31823027761055
39,192,329.31823027761055,329.31823027761055
39,193,329.31823027761055,329.31823027761055
39,194,329.31823027761055,329.31823027761055
39,195,329.31823027761055,329.31823027761055
39,196,329.31823027761055,329.31823027761055
39,197,329.31823027761055,329.31823027761055
39,198,329.31823027761055,329.31823027761055
39,199,329.31823027761055,329.31823027761055
39,200,329.31823027761055,329.31823027761055
39,201,329.31823027761055,329.31823027761055
39,202,329.31823027761055,329.31823027761055
39,203,329.31823027761055,329.31823027761055
39,204,329.31823027761055,329.31823027761055
39,205,329.31823027761055,329.31823027761055
39,206,329.31823027761055,329.31823027761055
39,207,329.31823027761055,329.31823027761055
39,208,329.31823027761055,329.31823027761055
39,209,329.31823027761055,329.31823027761055
39,210,329.31823027761055,329.31823027761055
39,211,329.31823027761055,329.31823027761055
39,212,329.31823027761055,329.31823027761055
39,213,329.31823027761055,329.31823027761055
39,214,329.31823027761055,329.31823027761055
39,215,329.31823027761055,329.31823027761055
39,216,329.31823027761055,329.31823027761055
39,217,329.31823027761055,329.31823027761055
39,218,329.31823027761055,329.31823027761055
39,219,329.31823027761055,329.31823027761055
39,220,329.31823027761055,329.31823027761055
39,221,329.31823027761055,329.31823027761055
39,222,329.31823027761055,329.31823027761055
39,223,329.31823027761055,329.31823027761055
39,224,329.31823027761055,329.31823027761055
39,225,329.31823027761055,329.31823027761055
39,226,329.31823027761055,329.31823027761055
39,227,329.31823027761055,329.31823027761055
39,228,329.31823027761055,329.31823027761055
39,229,329.31823027761055,329.31823027761055
39,230,329.31823027761055,329.31823027761055
39,231,329.31823027761055,329.31823027761055
39,232,329.31823027761055,329.31823027761055
39,233,329.31823027761055,329.31823027761055
39,234,329.31823027761055,329.31823027761055
39,235,329.31823027761055,329.31823027761055
39,236,329.31823027761055,329.31823027761055
39,237,329.31823027761055,329.31823027761055
39,238,329.31823027761055,329.31823027761055
39,239,329.31823027761055,329.31823027761055
39,240,329.31823027761055,329.31823027761055
39,241,329.31823027761055,329.31823027761055
39,242,329.31823027761055,329.31823027761055
39,243,329.31823027761055,329.31823027761055
39,244,329.31823027761055,329.31823027761055
39,245,329.31823027761055,329.31823027761055
39,246,329.31823027761055,329.31823027761055
39,247,329.31823027761055,329.31823027761055
39,248,329.31823027761055,329.31823027761055
39,249,329.31823027761055,329.31823027761055
39,250,329.31823027761055,329.31823027761055
39,251,329.31823027761055,329.31823027761055
39,252,329.31823027761055,329.31823027761055
39,253,329.31823027761055,329.31823027761055
39,254,329.31823027761055,329.31823027761055
39,255,329.31823027761055,329.31823027761055
39,256,329.31823027761055,329.31823027761055
39,257,329.31823027761055,329.31823027761055
39,258,329.31823027761055,329.31823027761055
39,259,329.31823027761055,329.31823027761055
39,260,329.31823027761055,329.31823027761055
39,261,329.31823027761055,329.31823027761055
39,262,329.31823027761055,329.31823027761055
39,263,329.31823027761055,329.31823027761055
39,264,329.31823027761055,329.31823027761055
39,265,329.31823027761055,329.31823027761055
39,266,329.31823027761055,329.31823027761055
39,267,329.31823027761055,329.31823027761055
39,268,329.31823027761055,329.31823027761055
39,269,329.31823027761055,329.31823027761055
39,270,329.31823027761055,329.31823027761055
39,271,329.31823027761055,329.31823027761055
39,272,329.31823027761055,329.31823027761055
39,273,329.31823027761055,329.31823027761055
39,274,329.31823027761055,329.31823027761055
39,275,329.31823027761055,329.31823027761055
39,276,329.31823027761055,329.31823027761055
39,277,329.31823027761055,329.31823027761055
39,278,329.31823027761055,329.31823027761055
39,279,329.31823027761055,329.31823027761055
39,280,329.31823027761055,329.31823027761055
39,281,329.31823027761055,329.31823027761055
39,282,329.31823027761055,329.31823027761055
39,283,329.31823027761055,329.31823027761055
39,284,329.31823027761055,329.31823027761055
39,285,329.31823027761055,329.31823027761055
39,286,329.31823027761055,329.31823027761055
39,287,329.31823027761055,329.31823027761055
39,288,329.31823027761055,329.31823027761055
39,289,329.31823027761055,329.31823027761055
39,290,329.31823027761055,329.31823027761055
39,291,329.31823027761055,329.31823027761055
39,292,329.31823027761055,329.31823027761055
39,293,329.31823027761055,329.31823027761055
39,294,329.31823027761055,329.31823027761055
39,295,329.31823027761055,329.31823027761055
39,296,329.31823027761055,329.31823027761055
39,297,329.31823027761055,329.31823027761055
39,298,329.31823027761055,329.31823027761055
39,299,329.31823027761055,329.31823027761055
39,300,329.31823027761055,329.31823027761055
39,301,329.31823027761055,329.31823027761055
39,302,329.31823027761055,329.31823027761055
39,303,329.31823027761055,329.31823027761055
39,304,329.31823027761055,329.31823027761055
39,305,329.31823027761055,329.31823027761055
39,306,329.31823027761055,329.31823027761055
39,307,329.31823027761055,329.31823027761055
39,308,329.31823027761055,329.31823027761055
39,309,329.31823027761055,329.31823027761055
39,310,329.31823027761055,329.31823027761055
39,311,329.31823027761055,329.31823027761055
39,312,329.31823027761055,329.31823027761055
39,313,329.31823027761055,329.31823027761055
39,314,329.31823027761055,329.31823027761055
39,315,329.31823027761055,329.31823027761055
39,316,329.31823027761055,329.31823027761055
39,317,329.31823027761055,329.31823027761055
39,318,329.31823027761055,329.31823027761055
39,319,329.31823027761055,329.31823027761055
39,320,329.31823027761055,329.31823027761055
39,321,329.31823027761055,329.31823027761055
39,322,329.31823027761055,329.31823027761055
39,323,329.31823027761055,329.31823027761055
39,324,329.31823027761055,329.31823027761055
39,325,329.31823027761055,329.31823027761055
39,326,329.31823027761055,329.31823027761055
39,327,329.31823027761055,329.31823027761055
39,328,329.31823027761055,329.31823027761055
39,329,329.31823027761055,329.31823027761055
39,330,329.31823027761055,329.31823027761055
39,331,329.31823027761055,329.31823027761055
39,332,329.31823027761055,329.31823027761055
39,333,329.31823027761055,329.31823027761055
39,334,329.31823027761055,329.31823027761055
39,335,329.31823027761055,329.31823027761055
39,336,329.31823027761055,329.31823027761055
39,337,329.31823027761055,329.31823027761055
39,338,329.31823027761055,329.31823027761055
39,339,329.31823027761055,329.31823027761055
39,340,329.31823027761055,329.31823027761055
39,341,329.31823027761055,329.31823027761055
39,342,329.31823027761055,329.31823027761055
39,343,329.31823027761055,329.31823027761055
39,344,329.31823027761055,329.31823027761055
39,345,329.31823027761055,329.31823027761055
39,346,329.31823027761055,329.31823027761055
39,347,329.31823027761055,329.31823027761055
39,348,329.31823027761055,329.31823027761055
39,349,329.31823027761055,329.31823027761055
39,350,329.31823027761055,329.31823027761055
39,351,329.31823027761055,329.31823027761055
39,352,329.31823027761055,329.31823027761055
39,353,329.31823027761055,329.31823027761055
39,354,329.31823027761055,329.31823027761055
39,355,329.31823027761055,329.31823027761055
39,356,329.31823027761055,329.31823027761055
39,357,329.31823027761055,329.31823027761055
39,358,329.31823027761055,329.31823027761055
39,359,329.31823027761055,329.31823027761055
39,360,329.31823027761055,329.31823027761055
39,361,329.31823027761055,329.31823027761055
39,362,329.31823027761055,329.31823027761055
39,363,329.31823027761055,329.31823027761055
39,364,329.31823027761055,329.31823027761055
39,365,329.31823027761055,329.31823027761055
39,366,329.31823027761055,329.31823027761055
39,367,329.31823027761055,329.31823027761055
39,368,329.31823027761055,329.31823027761055
39,369,329.31823027761055,329.31823027761055
39,370,329.31823027761055,329.31823027761055
39,371,329.31823027761055,329.31823027761055
39,372,329.31823027761055,329.31823027761055
39,373,329.31823027761055,329.31823027761055
39,374,329.31823027761055,329.31823027761055
39,375,329.31823027761055,329.31823027761055
39,376,329.31823027761055,329.31823027761055
39,377,329.31823027761055,329.31823027761055
39,378,329.31823027761055,329.31823027761055
39,379,329.31823027761055,329.31823027761055
39,380,329.31823027761055,329.31823027761055
39,381,329.31823027761055,329.31823027761055
39,382,329.31823027761055,329.31823027761055
39,383,329.31823027761055,329.31823027761055
39,384,329.31823027761055,329.31823027761055
39,385,329.31823027761055,329.31823027761055
39,386,329.31823027761055,329.31823027761055
39,387,329.31823027761055,329.31823027761055
39,388,329.31823027761055,329.31823027761055
39,389,329.31823027761055,329.31823027761055
39,390,329.31823027761055,329.31823027761055
39,391,329.31823027761055,329.31823027761055
39,392,329.31823027761055,329.31823027761055
39,393,329.31823027761055,329.31823027761055
39,394,329.31823027761055,329.31823027761055
39,395,329.31823027761055,329.31823027761055
39,396,329.31823027761055,329.31823027761055
39,397,329.31823027761055,329.31823027761055
39,398,329.31823027761055,329.31823027761055
39,399,329.31823027761055,329.31823027761055
39,400,329.31823027761055,329.31823027761055
39,401,329.31823027761055,329.31823027761055
39,402,329.31823027761055,329.31823027761055
39,403,329.31823027761055,329.31823027761055
39,404,329.31823027761055,329.31823027761055
39,405,329.31823027761055,329.31823027761055
39,406,329.31823027761055,329.31823027761055
39,407,329.31823027761055,329.31823027761055
39,408,329.31823027761055,329.31823027761055
39,409,329.31823027761055,329.31823027761055
39,410,329.31823027761055,329.31823027761055
39,411,329.31823027761055,329.31823027761055
39,412,329.31823027761055,329.31823027761055
39,413,329.31823027761055,329.31823027761055
39,414,329.31823027761055,329.31823027761055
39,415,329.31823027761055,329.31823027761055
39,416,329.31823027761055,329.31823027761055
39,417,329.31823027761055,329.31823027761055
39,418,329.31823027761055,329.31823027761055
39,419,329.31823027761055,329.31823027761055
39,420,329.31823027761055,329.31823027761055
39,421,329.31823027761055,329.31823027761055
39,422,329.31823027761055,329.31823027761055
39,423,329.31823027761055,329.31823027761055
39,424,329.31823027761055,329.31823027761055
39,425,329.31823027761055,329.31823027761055
39,426,329.31823027761055,329.31823027761055
39,427,329.31823027761055,329.31823027761055
39,428,329.31823027761055,329.31823027761055
39,429,329.31823027761055,329.31823027761055
39,430,329.31823027761055,329.31823027761055
39,431,329.31823027761055,329.31823027761055
39,432,329.31823027761055,329.31823027761055
39,433,329.31823027761055,329.31823027761055
39,434,329.31823027761055,329.31823027761055
39,435,329.31823027761055,329.31823027761055
39,436,329.31823027761055,329.31823027761055
39,437,329.31823027761055,329.31823027761055
39,438,329.31823027761055,329.31823027761055
39,439,329.31823027761055,329.31823027761055
39,440,329.31823027761055,329.31823027761055
39,441,329.31823027761055,329.31823027761055
39,442,329.31823027761055,329.31823027761055
39,443,329.31823027761055,329.31823027761055
39,444,329.31823027761055,329.31823027761055
39,445,329.31823027761055,329.31823027761055
39,446,329.31823027761055,329.31823027761055
39,447,329.31823027761055,329.31823027761055
39,448,329.31823027761055,329.31823027761055
39,449,329.31823027761055,329.31823027761055
39,450,329.31823027761055,329.31823027761055
39,451,329.31823027761055,329.31823027761055
39,452,329.31823027761055,329.31823027761055
39,453,329.31823027761055,329.31823027761055
39,454,329.31823027761055,329.31823027761055
39,455,329.31823027761055,329.31823027761055
39,456,329.31823027761055,329.31823027761055
39,457,329.31823027761055,329.31823027761055
39,458,329.31823027761055,329.31823027761055
39,459,329.31823027761055,329.31823027761055
39,460,329.31823027761055,329.31823027761055
39,461,329.31823027761055,329.31823027761055
39,462,329.31823027761055,329.31823027761055
39,463,329.31823027761055,329.31823027761055
39,464,329.31823027761055,329.31823027761055
39,465,329.31823027761055,329.31823027761055
39,466,329.31823027761055,329.31823027761055
39,467,329.31823027761055,329.31823027761055
39,468,329.31823027761055,329.31823027761055
39,469,329.31823027761055,329.31823027761055
39,470,329.31823027761055,329.31823027761055
39,471,329.31823027761055,329.31823027761055
39,472,329.31823027761055,329.31823027761055
39,473,329.31823027761055,329.31823027761055
39,474,329.31823027761055,329.31823027761055
39,475,329.31823027761055,329.31823027761055
39,476,329.31823027761055,329.31823027761055
39,477,329.31823027761055,329.31823027761055
39,478,329.31823027761055,329.31823027761055
39,479,329.31823027761055,329.31823027761055
39,480,329.31823027761055,329.31823027761055
39,481,329.31823027761055,329.31823027761055
39,482,329.31823027761055,329.31823027761055
39,483,329.31823027761055,329.31823027761055
39,484,329.31823027761055,329.31823027761055
39,485,329.31823027761055,329.31823027761055
39,486,329.31823027761055,329.31823027761055
39,487,329.31823027761055,329.31823027761055
39,488,329.31823027761055,329.31823027761055
39,489,329.31823027761055,329.31823027761055
39,490,329.31823027761055,329.31823027761055
39,491,329.31823027761055,329.31823027761055
39,492,329.31823027761055,329.31823027761055
39,493,329.31823027761055,329.31823027761055
39,494,329.31823027761055,329.31823027761055
39,495,329.31823027761055,329.31823027761055
39,496,329.31823027761055,329.31823027761055
39,497,329.31823027761055,329.31823027761055
39,498,329.31823027761055,329.31823027761055
39,499,329.31823027761055,329.31823027761055
39,500,329.31823027761055,329.31823027761055
40,0,424.08561564197925,424.08561564197925
40,1,403.248942227116,403.248942227116
40,2,385.9475858087442,385.9475858087442
40,3,385.9475858087442,385.9475858087442
40,4,382.57634241057457,382.57634241057457
40,5,356.35363580061363,356.35363580061363
40,6,329.31823027761055,329.31823027761055
40,7,329.31823027761055,329.31823027761055
40,8,329.31823027761055,329.31823027761055
40,9,329.31823027761055,329.31823027761055
40,10,329.31823027761055,329.31823027761055
40,11,329.31823027761055,329.31823027761055
40,12,329.31823027761055,329.31823027761055
40,13,329.31823027761055,329.31823027761055
40,14,329.31823027761055,329.31823027761055
40,15,329.31823027761055,329.31823027761055
40,16,329.31823027761055,329.31823027761055
40,17,329.31823027761055,329.31823027761055
40,18,329.31823027761055,329.31823027761055
40,19,329.31823027761055,329.31823027761055
40,20,329.31823027761055,329.31823027761055
40,21,329.31823027761055,329.31823027761055
40,22,329.31823027761055,329.31823027761055
40,23,329.31823027761055,329.31823027761055
40,24,329.31823027761055,329.31823027761055
40,25,329.31823027761055,329.31823027761055
40,26,329.31823027761055,329.31823027761055
40,27,329.31823027761055,329.31823027761055
40,28,329.31823027761055,329.31823027761055
40,29,329.31823027761055,329.31823027761055
40,30,329.31823027761055,329.31823027761055
40,31,329.31823027761055,329.31823027761055
40,32,329.31823027761055,329.31823027761055
40,33,329.31823027761055,329.31823027761055
40,34,329.31823027761055,329.31823027761055
40,35,329.31823027761055,329.31823027761055
40,36,329.31823027761055,329.31823027761055
40,37,329.31823027761055,329.31823027761055
40,38,329.31823027761055,329.31823027761055
40,39,329.31823027761055,329.31823027761055
40,40,329.31823027761055,329.31823027761055
40,41,329.31823027761055,329.31823027761055
40,42,329.31823027761055,329.31823027761055
40,43,329.31823027761055,329.31823027761055
40,44,329.31823027761055,329.31823027761055
40,45,329.31823027761055,329.31823027761055
40,46,329.31823027761055,329.31823027761055
40,47,329.31823027761055,329.31823027761055
40,48,329.31823027761055,329.31823027761055
40,49,329.31823027761055,329.31823027761055
40,50,329.31823027761055,329.31823027761055
40,51,329.31823027761055,329.31823027761055
40,52,329.31823027761055,329.31823027761055
40,53,329.31823027761055,329.31823027761055
40,54,329.31823027761055,329.31823027761055
40,55,329.31823027761055,329.31823027761055
40,56,329.31823027761055,329.31823027761055
40,57,329.31823027761055,329.31823027761055
40,58,329.31823027761055,329.31823027761055
40,59,329.31823027761055,329.31823027761055
40,60,329.31823027761055,329.31823027761055
40,61,329.31823027761055,329.31823027761055
40,62,329.31823027761055,329.31823027761055
40,63,329.31823027761055,329.31823027761055
40,64,329.31823027761055,329.31823027761055
40,65,329.31823027761055,329.31823027761055
40,66,329.31823027761055,329.31823027761055
40,67,329.31823027761055,329.31823027761055
40,68,329.31823027761055,329.31823027761055
40,69,329.31823027761055,329.31823027761055
40,70,329.31823027761055,329.31823027761055
40,71,329.31823027761055,329.31823027761055
40,72,329.31823027761055,329.31823027761055
40,73,329.31823027761055,329.31823027761055
40,74,329.31823027761055,329.31823027761055
40,75,329.31823027761055,329.31823027761055
40,76,329.31823027761055,329.31823027761055
40,77,329.31823027761055,329.31823027761055
40,78,329.31823027761055,329.31823027761055
40,79,329.31823027761055,329.31823027761055
40,80,329.31823027761055,329.31823027761055
40,81,329.31823027761055,329.31823027761055
40,82,329.31823027761055,329.31823027761055
40,83,329.31823027761055,329.31823027761055
40,84,329.31823027761055,329.31823027761055
40,85,329.31823027761055,329.31823027761055
40,86,329.31823027761055,329.31823027761055
40,87,329.31823027761055,329.31823027761055
40,88,329.31823027761055,329.31823027761055
40,89,329.31823027761055,329.31823027761055
40,90,329.31823027761055,329.31823027761055
40,91,329.31823027761055,329.31823027761055
40,92,329.31823027761055,329.31823027761055
40,93,329.31823027761055,329.31823027761055
40,94,329.31823027761055,329.31823027761055
40,95,329.31823027761055,329.31823027761055
40,96,329.31823027761055,329.31823027761055
40,97,329.31823027761055,329.31823027761055
40,98,329.31823027761055,329.31823027761055
40,99,329.31823027761055,329.31823027761055
40,100,329.31823027761055,329.31823027761055
40,101,329.31823027761055,329.31823027761055
40,102,329.31823027761055,329.31823027761055
40,103,329.31823027761055,329.31823027761055
40,104,329.31823027761055,329.31823027761055
40,105,329.31823027761055,329.31823027761055
40,106,329.31823027761055,329.31823027761055
40,107,329.31823027761055,329.31823027761055
40,108,329.31823027761055,329.31823027761055
40,109,329.31823027761055,329.31823027761055
40,110,329.31823027761055,329.31823027761055
40,111,329.31823027761055,329.31823027761055
40,112,329.31823027761055,329.31823027761055
40,113,329.31823027761055,329.31823027761055
40,114,329.31823027761055,329.31823027761055
40,115,329.31823027761055,329.31823027761055
40,116,329.31823027761055,329.31823027761055
40,117,329.31823027761055,329.31823027761055
40,118,329.31823027761055,329.31823027761055
40,119,329.31823027761055,329.31823027761055
40,120,329.31823027761055,329.31823027761055
40,121,329.31823027761055,329.31823027761055
40,122,329.31823027761055,329.31823027761055
40,123,329.31823027761055,329.31823027761055
40,124,329.31823027761055,329.31823027761055
40,125,329.31823027761055,329.31823027761055
40,126,329.31823027761055,329.31823027761055
40,127,329.31823027761055,329.31823027761055
40,128,329.31823027761055,329.31823027761055
40,129,329.31823027761055,329.31823027761055
40,130,329.31823027761055,329.31823027761055
40,131,329.31823027761055,329.31823027761055
40,132,329.31823027761055,329.31823027761055
40,133,329.31823027761055,329.31823027761055
40,134,329.31823027761055,329.31823027761055
40,135,329.31823027761055,329.31823027761055
40,136,329.31823027761055,329.31823027761055
40,137,329.31823027761055,329.31823027761055
40,138,329.31823027761055,329.31823027761055
40,139,329.31823027761055,329.31823027761055
40,140,329.31823027761055,329.31823027761055
40,141,329.31823027761055,329.31823027761055
40,142,329.31823027761055,329.31823027761055
40,143,329.31823027761055,329.31823027761055
40,144,329.31823027761055,329.31823027761055
40,145,329.31823027761055,329.31823027761055
40,146,329.31823027761055,329.31823027761055
40,147,329.31823027761055,329.31823027761055
40,148,329.31823027761055,329.31823027761055
40,149,329.31823027761055,329.31823027761055
40,150,329.31823027761055,329.31823027761055
40,151,329.31823027761055,329.31823027761055
40,152,329.31823027761055,329.31823027761055
40,153,329.31823027761055,329.31823027761055
40,154,329.31823027761055,329.31823027761055
40,155,329.31823027761055,329.31823027761055
40,156,329.31823027761055,329.31823027761055
40,157,329.31823027761055,329.31823027761055
40,158,329.31823027761055,329.31823027761055
40,159,329.31823027761055,329.31823027761055
40,160,329.31823027761055,329.31823027761055
40,161,329.31823027761055,329.31823027761055
40,162,329.31823027761055,329.31823027761055
40,163,329.31823027761055,329.31823027761055
40,164,329.31823027761055,329.31823027761055
40,165,329.31823027761055,329.31823027761055
40,166,329.31823027761055,329.31823027761055
40,167,329.31823027761055,329.31823027761055
40,168,329.31823027761055,329.31823027761055
40,169,329.31823027761055,329.31823027761055
40,170,329.31823027761055,329.31823027761055
40,171,329.31823027761055,329.31823027761055
40,172,329.31823027761055,329.31823027761055
40,173,329.31823027761055,329.31823027761055
40,174,329.31823027761055,329.31823027761055
40,175,329.31823027761055,329.31823027761055
40,176,329.31823027761055,329.31823027761055
40,177,329.31823027761055,329.31823027761055
40,178,329.31823027761055,329.31823027761055
40,179,329.31823027761055,329.31823027761055
40,180,329.31823027761055,329.31823027761055
40,181,329.31823027761055,329.31823027761055
40,182,329.31823027761055,329.31823027761055
40,183,329.31823027761055,329.31823027761055
40,184,329.31823027761055,329.31823027761055
40,185,329.31823027761055,329.31823027761055
40,186,329.31823027761055,329.31823027761055
40,187,329.31823027761055,329.31823027761055
40,188,329.31823027761055,329.31823027761055
40,189,329.31823027761055,329.31823027761055
40,190,329.31823027761055,329.31823027761055
40,191,329.31823027761055,329.31823027761055
40,192,329.31823027761055,329.31823027761055
40,193,329.31823027761055,329.31823027761055
40,194,329.31823027761055,329.31823027761055
40,195,329.31823027761055,329.31823027761055
40,196,329.31823027761055,329.31823027761055
40,197,329.31823027761055,329.31823027761055
40,198,329.31823027761055,329.31823027761055
40,199,329.31823027761055,329.31823027761055
40,200,329.31823027761055,329.31823027761055
40,201,329.31823027761055,329.31823027761055
40,202,329.31823027761055,329.31823027761055
40,203,329.31823027761055,329.31823027761055
40,204,329.31823027761055,329.31823027761055
40,205,329.31823027761055,329.31823027761055
40,206,329.31823027761055,329.31823027761055
40,207,329.31823027761055,329.31823027761055
40,208,329.31823027761055,329.31823027761055
40,209,329.31823027761055,329.31823027761055
40,210,329.31823027761055,329.31823027761055
40,211,329.31823027761055,329.31823027761055
40,212,329.31823027761055,329.31823027761055
40,213,329.31823027761055,329.31823027761055
40,214,329.31823027761055,329.31823027761055
40,215,329.31823027761055,329.31823027761055
40,216,329.31823027761055,329.31823027761055
40,217,329.31823027761055,329.31823027761055
40,218,329.31823027761055,329.31823027761055
40,219,329.31823027761055,329.31823027761055
40,220,329.31823027761055,329.31823027761055
40,221,329.31823027761055,329.31823027761055
40,222,329.31823027761055,329.31823027761055
40,223,329.31823027761055,329.31823027761055
40,224,329.31823027761055,329.31823027761055
40,225,329.31823027761055,329.31823027761055
40,226,329.31823027761055,329.31823027761055
40,227,329.31823027761055,329.31823027761055
40,228,329.31823027761055,329.31823027761055
40,229,329.31823027761055,329.31823027761055
40,230,329.31823027761055,329.31823027761055
40,231,329.31823027761055,329.31823027761055
40,232,329.31823027761055,329.31823027761055
40,233,329.31823027761055,329.31823027761055
40,234,329.31823027761055,329.31823027761055
40,235,329.31823027761055,329.31823027761055
40,236,329.31823027761055,329.31823027761055
40,237,329.31823027761055,329.31823027761055
40,238,329.31823027761055,329.31823027761055
40,239,329.31823027761055,329.31823027761055
40,240,329.31823027761055,329.31823027761055
40,241,329.31823027761055,329.31823027761055
40,242,329.31823027761055,329.31823027761055
40,243,329.31823027761055,329.31823027761055
40,244,329.31823027761055,329.31823027761055
40,245,329.31823027761055,329.31823027761055
40,246,329.31823027761055,329.31823027761055
40,247,329.31823027761055,329.31823027761055
40,248,329.31823027761055,329.31823027761055
40,249,329.31823027761055,329.31823027761055
40,250,329.31823027761055,329.31823027761055
40,251,329.31823027761055,329.31823027761055
40,252,329.31823027761055,329.31823027761055
40,253,329.31823027761055,329.31823027761055
40,254,329.31823027761055,329.31823027761055
40,255,329.31823027761055,329.31823027761055
40,256,329.31823027761055,329.31823027761055
40,257,329.31823027761055,329.31823027761055
40,258,329.31823027761055,329.31823027761055
40,259,329.31823027761055,329.31823027761055
40,260,329.31823027761055,329.31823027761055
40,261,329.31823027761055,329.31823027761055
40,262,329.31823027761055,329.31823027761055
40,263,329.31823027761055,329.31823027761055
40,264,329.31823027761055,329.31823027761055
40,265,329.31823027761055,329.31823027761055
40,266,329.31823027761055,329.31823027761055
40,267,329.31823027761055,329.31823027761055
40,268,329.31823027761055,329.31823027761055
40,269,329.31823027761055,329.31823027761055
40,270,329.31823027761055,329.31823027761055
40,271,329.31823027761055,329.31823027761055
40,272,329.31823027761055,329.31823027761055
40,273,329.31823027761055,329.31823027761055
40,274,329.31823027761055,329.31823027761055
40,275,329.31823027761055,329.31823027761055
40,276,329.31823027761055,329.31823027761055
40,277,329.31823027761055,329.31823027761055
40,278,329.31823027761055,329.31823027761055
40,279,329.31823027761055,329.31823027761055
40,280,329.31823027761055,329.31823027761055
40,281,329.31823027761055,329.31823027761055
40,282,329.31823027761055,329.31823027761055
40,283,329.31823027761055,329.31823027761055
40,284,329.31823027761055,329.31823027761055
40,285,329.31823027761055,329.31823027761055
40,286,329.31823027761055,329.31823027761055
40,287,329.31823027761055,329.31823027761055
40,288,329.31823027761055,329.31823027761055
40,289,329.31823027761055,329.31823027761055
40,290,329.31823027761055,329.31823027761055
40,291,329.31823027761055,329.31823027761055
40,292,329.31823027761055,329.31823027761055
40,293,329.31823027761055,329.31823027761055
40,294,329.31823027761055,329.31823027761055
40,295,329.31823027761055,329.31823027761055
40,296,329.31823027761055,329.31823027761055
40,297,329.31823027761055,329.31823027761055
40,298,329.31823027761055,329.31823027761055
40,299,329.31823027761055,329.31823027761055
40,300,329.31823027761055,329.31823027761055
40,301,329.31823027761055,329.31823027761055
40,302,329.31823027761055,329.31823027761055
40,303,329.31823027761055,329.31823027761055
40,304,329.31823027761055,329.31823027761055
40,305,329.31823027761055,329.31823027761055
40,306,329.31823027761055,329.31823027761055
40,307,329.31823027761055,329.31823027761055
40,308,329.31823027761055,329.31823027761055
40,309,329.31823027761055,329.31823027761055
40,310,329.31823027761055,329.31823027761055
40,311,329.31823027761055,329.31823027761055
40,312,329.31823027761055,329.31823027761055
40,313,329.31823027761055,329.31823027761055
40,314,329.31823027761055,329.31823027761055
40,315,329.31823027761055,329.31823027761055
40,316,329.31823027761055,329.31823027761055
40,317,329.31823027761055,329.31823027761055
40,318,329.31823027761055,329.31823027761055
40,319,329.31823027761055,329.31823027761055
40,320,329.31823027761055,329.31823027761055
40,321,329.31823027761055,329.31823027761055
40,322,329.31823027761055,329.31823027761055
40,323,329.31823027761055,329.31823027761055
40,324,329.31823027761055,329.31823027761055
40,325,329.31823027761055,329.31823027761055
40,326,329.31823027761055,329.31823027761055
40,327,329.31823027761055,329.31823027761055
40,328,329.31823027761055,329.31823027761055
40,329,329.31823027761055,329.31823027761055
40,330,329.31823027761055,329.31823027761055
40,331,329.31823027761055,329.31823027761055
40,332,329.31823027761055,329.31823027761055
40,333,329.31823027761055,329.31823027761055
40,334,329.31823027761055,329.31823027761055
40,335,329.31823027761055,329.31823027761055
40,336,329.31823027761055,329.31823027761055
40,337,329.31823027761055,329.31823027761055
40,338,329.31823027761055,329.31823027761055
40,339,329.31823027761055,329.31823027761055
40,340,329.31823027761055,329.31823027761055
40,341,329.31823027761055,329.31823027761055
40,342,329.31823027761055,329.31823027761055
40,343,329.31823027761055,329.31823027761055
40,344,329.31823027761055,329.31823027761055
40,345,329.31823027761055,329.31823027761055
40,346,329.31823027761055,329.31823027761055
40,347,329.31823027761055,329.31823027761055
40,348,329.31823027761055,329.31823027761055
40,349,329.31823027761055,329.31823027761055
40,350,329.31823027761055,329.31823027761055
40,351,329.31823027761055,329.31823027761055
40,352,329.31823027761055,329.31823027761055
40,353,329.31823027761055,329.31823027761055
40,354,329.31823027761055,329.31823027761055
40,355,329.31823027761055,329.31823027761055
40,356,329.31823027761055,329.31823027761055
40,357,329.31823027761055,329.31823027761055
40,358,329.31823027761055,329.31823027761055
40,359,329.31823027761055,329.31823027761055
40,360,329.31823027761055,329.31823027761055
40,361,329.31823027761055,329.31823027761055
40,362,329.31823027761055,329.31823027761055
40,363,329.31823027761055,329.31823027761055
40,364,329.31823027761055,329.31823027761055
40,365,329.31823027761055,329.31823027761055
40,366,329.31823027761055,329.31823027761055
40,367,329.31823027761055,329.31823027761055
40,368,329.31823027761055,329.31823027761055
40,369,329.31823027761055,329.31823027761055
40,370,329.31823027761055,329.31823027761055
40,371,329.31823027761055,329.31823027761055
40,372,329.31823027761055,329.31823027761055
40,373,329.31823027761055,329.31823027761055
40,374,329.31823027761055,329.31823027761055
40,375,329.31823027761055,329.31823027761055
40,376,329.31823027761055,329.31823027761055
40,377,329.31823027761055,329.31823027761055
40,378,329.31823027761055,329.31823027761055
40,379,329.31823027761055,329.31823027761055
40,380,329.31823027761055,329.31823027761055
40,381,329.31823027761055,329.31823027761055
40,382,329.31823027761055,329.31823027761055
40,383,329.31823027761055,329.31823027761055
40,384,329.31823027761055,329.31823027761055
40,385,329.31823027761055,329.31823027761055
40,386,329.31823027761055,329.31823027761055
40,387,329.31823027761055,329.31823027761055
40,388,329.31823027761055,329.31823027761055
40,389,329.31823027761055,329.31823027761055
40,390,329.31823027761055,329.31823027761055
40,391,329.31823027761055,329.31823027761055
40,392,329.31823027761055,329.31823027761055
40,393,329.31823027761055,329.31823027761055
40,394,329.31823027761055,329.31823027761055
40,395,329.31823027761055,329.31823027761055
40,396,329.31823027761055,329.31823027761055
40,397,329.31823027761055,329.31823027761055
40,398,329.31823027761055,329.31823027761055
40,399,329.31823027761055,329.31823027761055
40,400,329.31823027761055,329.31823027761055
40,401,329.31823027761055,329.31823027761055
40,402,329.31823027761055,329.31823027761055
40,403,329.31823027761055,329.31823027761055
40,404,329.31823027761055,329.31823027761055
40,405,329.31823027761055,329.31823027761055
40,406,329.31823027761055,329.31823027761055
40,407,329.31823027761055,329.31823027761055
40,408,329.31823027761055,329.31823027761055
40,409,329.31823027761055,329.31823027761055
40,410,329.31823027761055,329.31823027761055
40,411,329.31823027761055,329.31823027761055
40,412,329.31823027761055,329.31823027761055
40,413,329.31823027761055,329.31823027761055
40,414,329.31823027761055,329.31823027761055
40,415,329.31823027761055,329.31823027761055
40,416,329.31823027761055,329.31823027761055
40,417,329.31823027761055,329.31823027761055
40,418,329.31823027761055,329.31823027761055
40,419,329.31823027761055,329.31823027761055
40,420,329.31823027761055,329.31823027761055
40,421,329.31823027761055,329.31823027761055
40,422,329.31823027761055,329.31823027761055
40,423,329.31823027761055,329.31823027761055
40,424,329.31823027761055,329.31823027761055
40,425,329.31823027761055,329.31823027761055
40,426,329.31823027761055,329.31823027761055
40,427,329.31823027761055,329.31823027761055
40,428,329.31823027761055,329.31823027761055
40,429,329.31823027761055,329.31823027761055
40,430,329.31823027761055,329.31823027761055
40,431,329.31823027761055,329.31823027761055
40,432,329.31823027761055,329.31823027761055
40,433,329.31823027761055,329.31823027761055
40,434,329.31823027761055,329.31823027761055
40,435,329.31823027761055,329.31823027761055
40,436,329.31823027761055,329.31823027761055
40,437,329.31823027761055,329.31823027761055
40,438,329.31823027761055,329.31823027761055
40,439,329.31823027761055,329.31823027761055
40,440,329.31823027761055,329.31823027761055
40,441,329.31823027761055,329.31823027761055
40,442,329.31823027761055,329.31823027761055
40,443,329.31823027761055,329.31823027761055
40,444,329.31823027761055,329.31823027761055
40,445,329.31823027761055,329.31823027761055
40,446,329.31823027761055,329.31823027761055
40,447,329.31823027761055,329.31823027761055
40,448,329.31823027761055,329.31823027761055
40,449,329.31823027761055,329.31823027761055
40,450,329.31823027761055,329.31823027761055
40,451,329.31823027761055,329.31823027761055
40,452,329.31823027761055,329.31823027761055
40,453,329.31823027761055,329.31823027761055
40,454,329.31823027761055,329.31823027761055
40,455,329.31823027761055,329.31823027761055
40,456,329.31823027761055,329.31823027761055
40,457,329.31823027761055,329.31823027761055
40,458,329.31823027761055,329.31823027761055
40,459,329.31823027761055,329.31823027761055
40,460,329.31823027761055,329.31823027761055
40,461,329.31823027761055,329.31823027761055
40,462,329.31823027761055,329.31823027761055
40,463,329.31823027761055,329.31823027761055
40,464,329.31823027761055,329.31823027761055
40,465,329.31823027761055,329.31823027761055
40,466,329.31823027761055,329.31823027761055
40,467,329.31823027761055,329.31823027761055
40,468,329.31823027761055,329.31823027761055
40,469,329.31823027761055,329.31823027761055
40,470,329.31823027761055,329.31823027761055
40,471,329.31823027761055,329.31823027761055
40,472,329.31823027761055,329.31823027761055
40,473,329.31823027761055,329.31823027761055
40,474,329.31823027761055,329.31823027761055
40,475,329.31823027761055,329.31823027761055
40,476,329.31823027761055,329.31823027761055
40,477,329.31823027761055,329.31823027761055
40,478,329.31823027761055,329.31823027761055
40,479,329.31823027761055,329.31823027761055
40,480,329.31823027761055,329.31823027761055
40,481,329.31823027761055,329.31823027761055
40,482,329.31823027761055,329.31823027761055
40,483,329.31823027761055,329.31823027761055
40,484,329.31823027761055,329.31823027761055
40,485,329.31823027761055,329.31823027761055
40,486,329.31823027761055,329.31823027761055
40,487,329.31823027761055,329.31823027761055
40,488,329.31823027761055,329.31823027761055
40,489,329.31823027761055,329.31823027761055
40,490,329.31823027761055,329.31823027761055
40,491,329.31823027761055,329.31823027761055
40,492,329.31823027761055,329.31823027761055
40,493,329.31823027761055,329.31823027761055
40,494,329.31823027761055,329.31823027761055
40,495,329.31823027761055,329.31823027761055
40,496,329.31823027761055,329.31823027761055
40,497,329.31823027761055,329.31823027761055
40,498,329.31823027761055,329.31823027761055
40,499,329.31823027761055,329.31823027761055
40,500,329.31823027761055,329.31823027761055
