ejecucion,generacion,mejor_valor_valido,mejor_fitness_generacion,individuos_validos
1,0,343,343,21
1,1,349,349,44
1,2,387,387,60
1,3,387,387,60
1,4,387,387,60
1,5,387,387,64
1,6,402,402,61
1,7,405,405,55
1,8,405,405,57
1,9,405,405,70
1,10,405,405,62
1,11,405,405,69
1,12,405,405,70
1,13,405,405,69
1,14,405,405,66
1,15,405,405,67
1,16,405,405,63
1,17,405,405,77
1,18,405,405,55
1,19,407,407,69
1,20,407,407,58
1,21,410,410,61
1,22,410,410,56
1,23,410,410,68
1,24,422,422,62
1,25,422,422,69
1,26,422,422,71
1,27,422,422,63
1,28,422,422,49
1,29,422,422,52
1,30,422,422,59
1,31,422,422,67
1,32,422,422,66
1,33,422,422,64
1,34,422,422,60
1,35,422,422,55
1,36,422,422,60
1,37,422,422,60
1,38,422,422,69
1,39,422,422,63
1,40,422,422,53
1,41,422,422,56
1,42,422,422,53
1,43,422,422,66
1,44,422,422,55
1,45,422,422,60
1,46,422,422,60
1,47,422,422,59
1,48,422,422,54
1,49,422,422,67
1,50,422,422,52
1,51,422,422,66
1,52,422,422,68
1,53,422,422,52
1,54,422,422,58
1,55,422,422,60
1,56,422,422,59
1,57,422,422,61
1,58,422,422,57
1,59,422,422,61
1,60,422,422,60
1,61,422,422,62
1,62,422,422,58
1,63,422,422,56
1,64,422,422,67
1,65,422,422,64
1,66,422,422,60
1,67,422,422,55
1,68,422,422,60
1,69,422,422,67
1,70,422,422,56
1,71,422,422,61
1,72,422,422,66
1,73,422,422,60
1,74,422,422,59
1,75,422,422,62
1,76,422,422,65
1,77,422,422,55
1,78,422,422,61
1,79,422,422,66
1,80,422,422,62
1,81,422,422,52
1,82,422,422,55
1,83,422,422,58
1,84,422,422,58
1,85,422,422,54
1,86,422,422,53
1,87,422,422,60
1,88,422,422,55
1,89,422,422,66
1,90,422,422,64
1,91,422,422,63
1,92,422,422,64
1,93,422,422,62
1,94,422,422,57
1,95,422,422,55
1,96,422,422,62
1,97,422,422,66
1,98,422,422,57
1,99,422,422,71
1,100,422,422,64
1,101,422,422,59
1,102,422,422,60
1,103,422,422,53
1,104,422,422,67
1,105,422,422,69
1,106,422,422,58
1,107,422,422,63
1,108,422,422,62
1,109,422,422,67
1,110,422,422,67
1,111,422,422,66
1,112,422,422,68
1,113,422,422,65
1,114,422,422,68
1,115,422,422,59
1,116,422,422,67
1,117,422,422,57
1,118,422,422,63
1,119,422,422,60
1,120,422,422,61
1,121,422,422,55
1,122,422,422,63
1,123,422,422,52
1,124,422,422,56
1,125,422,422,63
1,126,422,422,66
1,127,422,422,63
1,128,422,422,60
1,129,422,422,66
1,130,422,422,64
1,131,422,422,60
1,132,422,422,67
1,133,422,422,65
1,134,422,422,64
1,135,422,422,54
1,136,422,422,59
1,137,422,422,66
1,138,422,422,65
1,139,422,422,69
1,140,422,422,60
1,141,422,422,51
1,142,422,422,55
1,143,422,422,66
1,144,422,422,63
1,145,422,422,66
1,146,422,422,56
1,147,422,422,63
1,148,422,422,55
1,149,422,422,62
1,150,422,422,71
1,151,422,422,62
1,152,422,422,63
1,153,422,422,56
1,154,422,422,61
1,155,422,422,71
1,156,422,422,66
1,157,422,422,65
1,158,422,422,59
1,159,422,422,69
1,160,422,422,60
1,161,422,422,64
1,162,422,422,63
1,163,422,422,64
1,164,422,422,55
1,165,422,422,65
1,166,422,422,64
1,167,422,422,59
1,168,422,422,68
1,169,422,422,57
1,170,422,422,60
1,171,422,422,61
1,172,422,422,56
1,173,422,422,54
1,174,422,422,59
1,175,422,422,65
1,176,422,422,65
1,177,422,422,65
1,178,422,422,59
1,179,422,422,58
1,180,422,422,63
1,181,422,422,66
1,182,422,422,69
1,183,422,422,54
1,184,422,422,64
1,185,422,422,60
1,186,422,422,61
1,187,422,422,56
1,188,422,422,72
1,189,422,422,62
1,190,422,422,60
1,191,422,422,53
1,192,422,422,63
1,193,422,422,61
1,194,422,422,62
1,195,422,422,55
1,196,422,422,69
1,197,422,422,64
1,198,422,422,58
1,199,422,422,54
1,200,422,422,51
1,201,422,422,65
1,202,422,422,64
1,203,422,422,67
1,204,422,422,62
1,205,422,422,55
1,206,422,422,57
1,207,422,422,58
1,208,422,422,65
1,209,422,422,57
1,210,422,422,59
1,211,422,422,56
1,212,422,422,58
1,213,422,422,55
1,214,422,422,57
1,215,422,422,66
1,216,422,422,65
1,217,422,422,54
1,218,422,422,50
1,219,422,422,65
1,220,422,422,59
1,221,422,422,63
1,222,422,422,66
1,223,422,422,55
1,224,422,422,62
1,225,422,422,66
1,226,422,422,56
1,227,422,422,60
1,228,422,422,49
1,229,422,422,58
1,230,422,422,62
1,231,422,422,69
1,232,422,422,58
1,233,422,422,54
1,234,422,422,60
1,235,422,422,63
1,236,422,422,55
1,237,422,422,61
1,238,422,422,61
1,239,422,422,63
1,240,422,422,60
1,241,422,422,69
1,242,422,422,65
1,243,422,422,57
1,244,422,422,63
1,245,422,422,64
1,246,422,422,71
1,247,422,422,58
1,248,422,422,57
1,249,422,422,55
1,250,422,422,54
1,251,422,422,62
1,252,422,422,51
1,253,422,422,62
1,254,422,422,57
1,255,422,422,64
1,256,422,422,65
1,257,422,422,65
1,258,422,422,58
1,259,422,422,61
1,260,422,422,63
1,261,422,422,63
1,262,422,422,67
1,263,422,422,69
1,264,422,422,57
1,265,422,422,65
1,266,422,422,70
1,267,422,422,67
1,268,422,422,67
1,269,422,422,60
1,270,422,422,67
1,271,422,422,56
1,272,422,422,64
1,273,422,422,60
1,274,422,422,62
1,275,422,422,65
1,276,422,422,56
1,277,422,422,57
1,278,422,422,66
1,279,422,422,55
1,280,422,422,59
1,281,422,422,56
1,282,422,422,64
1,283,422,422,62
1,284,422,422,57
1,285,422,422,61
1,286,422,422,57
1,287,422,422,58
1,288,422,422,59
1,289,422,422,60
1,290,422,422,64
1,291,422,422,64
1,292,422,422,52
1,293,422,422,64
1,294,422,422,62
1,295,422,422,51
1,296,422,422,64
1,297,422,422,69
1,298,422,422,63
1,299,422,422,58
1,300,422,422,65
1,301,422,422,60
1,302,422,422,56
1,303,422,422,57
1,304,422,422,59
1,305,422,422,61
1,306,422,422,61
1,307,422,422,48
1,308,422,422,64
1,309,422,422,60
1,310,422,422,67
1,311,422,422,67
1,312,422,422,66
1,313,422,422,57
1,314,422,422,60
1,315,422,422,64
1,316,422,422,58
1,317,422,422,59
1,318,422,422,54
1,319,422,422,65
1,320,422,422,64
1,321,422,422,55
1,322,422,422,51
1,323,422,422,66
1,324,422,422,64
1,325,422,422,66
1,326,422,422,56
1,327,422,422,62
1,328,422,422,54
1,329,422,422,60
1,330,422,422,55
1,331,422,422,68
1,332,422,422,58
1,333,422,422,65
1,334,422,422,61
1,335,422,422,57
1,336,422,422,56
1,337,422,422,65
1,338,422,422,53
1,339,422,422,70
1,340,422,422,62
1,341,422,422,66
1,342,422,422,59
1,343,422,422,63
1,344,422,422,60
1,345,422,422,56
1,346,422,422,59
1,347,422,422,51
1,348,422,422,70
1,349,422,422,58
1,350,422,422,69
1,351,422,422,62
1,352,422,422,73
1,353,422,422,76
1,354,422,422,63
1,355,422,422,58
1,356,422,422,62
1,357,422,422,69
1,358,422,422,68
1,359,422,422,60
1,360,422,422,56
1,361,422,422,60
1,362,422,422,51
1,363,422,422,54
1,364,422,422,63
1,365,422,422,61
1,366,422,422,52
1,367,422,422,57
1,368,422,422,57
1,369,422,422,62
1,370,422,422,60
1,371,422,422,61
1,372,422,422,63
1,373,422,422,56
1,374,422,422,48
1,375,422,422,60
1,376,422,422,67
1,377,422,422,51
1,378,422,422,62
1,379,422,422,57
1,380,422,422,67
1,381,422,422,68
1,382,422,422,61
1,383,422,422,57
1,384,422,422,59
1,385,422,422,60
1,386,422,422,64
1,387,422,422,55
1,388,422,422,54
1,389,422,422,49
1,390,422,422,53
1,391,422,422,55
1,392,422,422,65
1,393,422,422,68
1,394,422,422,59
1,395,422,422,65
1,396,422,422,48
1,397,422,422,52
1,398,422,422,55
1,399,422,422,62
1,400,422,422,63
1,401,422,422,63
1,402,422,422,61
1,403,422,422,63
1,404,422,422,75
1,405,422,422,56
1,406,422,422,65
1,407,422,422,63
1,408,422,422,57
1,409,422,422,58
1,410,422,422,61
1,411,422,422,69
1,412,422,422,70
1,413,422,422,62
1,414,422,422,64
1,415,422,422,47
1,416,422,422,58
1,417,422,422,65
1,418,422,422,54
1,419,422,422,63
1,420,422,422,54
1,421,422,422,57
1,422,422,422,67
1,423,422,422,62
1,424,422,422,61
1,425,422,422,53
1,426,422,422,57
1,427,422,422,64
1,428,422,422,62
1,429,422,422,64
1,430,422,422,62
1,431,422,422,60
1,432,422,422,59
1,433,422,422,72
1,434,422,422,66
1,435,422,422,57
1,436,422,422,65
1,437,422,422,64
1,438,422,422,58
1,439,422,422,64
1,440,422,422,62
1,441,422,422,51
1,442,422,422,56
1,443,422,422,69
1,444,422,422,56
1,445,422,422,56
1,446,422,422,59
1,447,422,422,49
1,448,422,422,63
1,449,422,422,58
1,450,422,422,61
1,451,422,422,66
1,452,422,422,61
1,453,422,422,50
1,454,422,422,67
1,455,422,422,61
1,456,422,422,64
1,457,422,422,61
1,458,422,422,60
1,459,422,422,61
1,460,422,422,58
1,461,422,422,56
1,462,422,422,47
1,463,422,422,62
1,464,422,422,61
1,465,422,422,62
1,466,422,422,58
1,467,422,422,69
1,468,422,422,69
1,469,422,422,66
1,470,422,422,70
1,471,422,422,50
1,472,422,422,52
1,473,422,422,58
1,474,422,422,55
1,475,422,422,66
1,476,422,422,65
1,477,422,422,70
1,478,422,422,70
1,479,422,422,53
1,480,422,422,67
1,481,422,422,74
1,482,422,422,56
1,483,422,422,55
1,484,422,422,56
1,485,422,422,60
1,486,422,422,68
1,487,422,422,50
1,488,422,422,58
1,489,422,422,65
1,490,422,422,55
1,491,422,422,65
1,492,422,422,68
1,493,422,422,62
1,494,422,422,61
1,495,422,422,58
1,496,422,422,54
1,497,422,422,60
1,498,422,422,56
1,499,422,422,59
1,500,422,422,60
2,0,338,338,23
2,1,370,370,49
2,2,370,370,59
2,3,382,382,62
2,4,407,407,62
2,5,407,407,70
2,6,407,407,64
2,7,407,407,59
2,8,407,407,62
2,9,407,407,63
2,10,407,407,64
2,11,407,407,63
2,12,407,407,72
2,13,407,407,62
2,14,407,407,55
2,15,422,422,61
2,16,422,422,59
2,17,422,422,59
2,18,422,422,63
2,19,422,422,53
2,20,422,422,61
2,21,422,422,62
2,22,422,422,64
2,23,422,422,53
2,24,422,422,51
2,25,422,422,61
2,26,422,422,57
2,27,422,422,60
2,28,422,422,60
2,29,422,422,65
2,30,422,422,65
2,31,422,422,62
2,32,422,422,58
2,33,422,422,60
2,34,422,422,61
2,35,422,422,59
2,36,422,422,63
2,37,422,422,60
2,38,422,422,61
2,39,422,422,57
2,40,422,422,56
2,41,422,422,61
2,42,422,422,55
2,43,422,422,67
2,44,422,422,56
2,45,422,422,65
2,46,422,422,57
2,47,422,422,55
2,48,422,422,65
2,49,422,422,61
2,50,422,422,65
2,51,422,422,69
2,52,422,422,65
2,53,422,422,59
2,54,422,422,64
2,55,422,422,69
2,56,422,422,70
2,57,422,422,58
2,58,422,422,62
2,59,422,422,58
2,60,422,422,56
2,61,422,422,66
2,62,422,422,59
2,63,422,422,61
2,64,422,422,61
2,65,422,422,62
2,66,422,422,53
2,67,422,422,57
2,68,422,422,58
2,69,422,422,75
2,70,422,422,58
2,71,422,422,57
2,72,422,422,54
2,73,422,422,64
2,74,422,422,64
2,75,422,422,63
2,76,422,422,70
2,77,422,422,64
2,78,422,422,74
2,79,422,422,61
2,80,422,422,60
2,81,422,422,59
2,82,422,422,63
2,83,422,422,59
2,84,422,422,70
2,85,422,422,63
2,86,422,422,59
2,87,422,422,66
2,88,422,422,60
2,89,422,422,64
2,90,422,422,70
2,91,422,422,64
2,92,422,422,60
2,93,422,422,67
2,94,422,422,60
2,95,422,422,58
2,96,422,422,65
2,97,422,422,65
2,98,422,422,71
2,99,422,422,62
2,100,422,422,57
2,101,422,422,68
2,102,422,422,62
2,103,422,422,56
2,104,422,422,56
2,105,422,422,56
2,106,422,422,62
2,107,422,422,64
2,108,422,422,61
2,109,422,422,64
2,110,422,422,60
2,111,422,422,65
2,112,422,422,65
2,113,422,422,61
2,114,422,422,73
2,115,422,422,66
2,116,422,422,70
2,117,422,422,58
2,118,422,422,59
2,119,422,422,64
2,120,422,422,54
2,121,422,422,55
2,122,422,422,59
2,123,422,422,55
2,124,422,422,58
2,125,422,422,66
2,126,422,422,60
2,127,422,422,72
2,128,422,422,57
2,129,422,422,60
2,130,422,422,63
2,131,422,422,64
2,132,422,422,62
2,133,422,422,58
2,134,422,422,45
2,135,422,422,73
2,136,422,422,59
2,137,422,422,62
2,138,422,422,66
2,139,422,422,62
2,140,422,422,54
2,141,422,422,59
2,142,422,422,69
2,143,422,422,66
2,144,422,422,68
2,145,422,422,60
2,146,422,422,61
2,147,422,422,58
2,148,422,422,59
2,149,422,422,57
2,150,422,422,59
2,151,422,422,67
2,152,422,422,59
2,153,422,422,58
2,154,422,422,63
2,155,422,422,55
2,156,422,422,54
2,157,422,422,52
2,158,422,422,71
2,159,422,422,62
2,160,422,422,62
2,161,422,422,52
2,162,422,422,60
2,163,422,422,67
2,164,422,422,62
2,165,422,422,54
2,166,422,422,67
2,167,422,422,60
2,168,422,422,64
2,169,422,422,48
2,170,422,422,62
2,171,422,422,61
2,172,422,422,61
2,173,422,422,62
2,174,422,422,70
2,175,422,422,45
2,176,422,422,57
2,177,422,422,70
2,178,422,422,53
2,179,422,422,61
2,180,422,422,63
2,181,422,422,67
2,182,422,422,65
2,183,422,422,54
2,184,422,422,61
2,185,422,422,69
2,186,422,422,64
2,187,422,422,61
2,188,422,422,59
2,189,422,422,58
2,190,422,422,58
2,191,422,422,53
2,192,422,422,63
2,193,422,422,57
2,194,422,422,65
2,195,422,422,60
2,196,422,422,60
2,197,422,422,61
2,198,422,422,61
2,199,422,422,63
2,200,422,422,56
2,201,422,422,55
2,202,422,422,68
2,203,422,422,54
2,204,422,422,65
2,205,422,422,66
2,206,422,422,62
2,207,422,422,68
2,208,422,422,62
2,209,422,422,56
2,210,422,422,66
2,211,422,422,58
2,212,422,422,61
2,213,422,422,72
2,214,422,422,61
2,215,422,422,59
2,216,422,422,62
2,217,422,422,64
2,218,422,422,65
2,219,422,422,59
2,220,422,422,73
2,221,422,422,56
2,222,422,422,65
2,223,422,422,61
2,224,422,422,67
2,225,422,422,73
2,226,422,422,61
2,227,422,422,65
2,228,422,422,58
2,229,422,422,61
2,230,422,422,61
2,231,422,422,61
2,232,422,422,53
2,233,422,422,57
2,234,422,422,56
2,235,422,422,54
2,236,422,422,61
2,237,422,422,55
2,238,422,422,62
2,239,422,422,58
2,240,422,422,60
2,241,422,422,56
2,242,422,422,61
2,243,422,422,62
2,244,422,422,62
2,245,422,422,71
2,246,422,422,62
2,247,422,422,56
2,248,422,422,68
2,249,422,422,60
2,250,422,422,53
2,251,422,422,70
2,252,422,422,69
2,253,422,422,59
2,254,422,422,64
2,255,422,422,62
2,256,422,422,60
2,257,422,422,66
2,258,422,422,60
2,259,422,422,64
2,260,422,422,62
2,261,422,422,61
2,262,422,422,73
2,263,422,422,55
2,264,422,422,57
2,265,422,422,58
2,266,422,422,66
2,267,422,422,55
2,268,422,422,60
2,269,422,422,62
2,270,422,422,61
2,271,422,422,67
2,272,422,422,64
2,273,422,422,77
2,274,422,422,66
2,275,422,422,53
2,276,422,422,54
2,277,422,422,61
2,278,422,422,55
2,279,422,422,62
2,280,422,422,50
2,281,422,422,60
2,282,422,422,62
2,283,422,422,62
2,284,422,422,59
2,285,422,422,58
2,286,422,422,54
2,287,422,422,61
2,288,422,422,55
2,289,422,422,68
2,290,422,422,63
2,291,422,422,57
2,292,422,422,66
2,293,422,422,64
2,294,422,422,57
2,295,422,422,67
2,296,422,422,63
2,297,422,422,59
2,298,422,422,59
2,299,422,422,69
2,300,422,422,55
2,301,422,422,67
2,302,422,422,54
2,303,422,422,64
2,304,422,422,52
2,305,422,422,59
2,306,422,422,60
2,307,422,422,71
2,308,422,422,59
2,309,422,422,63
2,310,422,422,69
2,311,422,422,67
2,312,422,422,68
2,313,422,422,61
2,314,422,422,58
2,315,422,422,59
2,316,422,422,53
2,317,422,422,51
2,318,422,422,51
2,319,422,422,60
2,320,422,422,70
2,321,422,422,65
2,322,422,422,64
2,323,422,422,59
2,324,422,422,70
2,325,422,422,66
2,326,422,422,66
2,327,422,422,66
2,328,422,422,55
2,329,422,422,61
2,330,422,422,65
2,331,422,422,57
2,332,422,422,63
2,333,422,422,70
2,334,422,422,59
2,335,422,422,63
2,336,422,422,59
2,337,422,422,58
2,338,422,422,55
2,339,422,422,58
2,340,422,422,72
2,341,422,422,60
2,342,422,422,54
2,343,422,422,60
2,344,422,422,59
2,345,422,422,67
2,346,422,422,56
2,347,422,422,57
2,348,422,422,52
2,349,422,422,62
2,350,422,422,64
2,351,422,422,67
2,352,422,422,56
2,353,422,422,60
2,354,422,422,67
2,355,422,422,58
2,356,422,422,61
2,357,422,422,57
2,358,422,422,62
2,359,422,422,65
2,360,422,422,58
2,361,422,422,57
2,362,422,422,61
2,363,422,422,52
2,364,422,422,60
2,365,422,422,57
2,366,422,422,68
2,367,422,422,58
2,368,422,422,62
2,369,422,422,61
2,370,422,422,68
2,371,422,422,58
2,372,422,422,63
2,373,422,422,68
2,374,422,422,71
2,375,422,422,63
2,376,422,422,62
2,377,422,422,59
2,378,422,422,63
2,379,422,422,63
2,380,422,422,48
2,381,422,422,55
2,382,422,422,58
2,383,422,422,55
2,384,422,422,56
2,385,422,422,67
2,386,422,422,61
2,387,422,422,70
2,388,422,422,68
2,389,422,422,64
2,390,422,422,59
2,391,422,422,61
2,392,422,422,61
2,393,422,422,59
2,394,422,422,65
2,395,422,422,56
2,396,422,422,59
2,397,422,422,57
2,398,422,422,56
2,399,422,422,70
2,400,422,422,70
2,401,422,422,64
2,402,422,422,69
2,403,422,422,56
2,404,422,422,62
2,405,422,422,57
2,406,422,422,58
2,407,422,422,54
2,408,422,422,65
2,409,422,422,60
2,410,422,422,58
2,411,422,422,65
2,412,422,422,66
2,413,422,422,52
2,414,422,422,56
2,415,422,422,58
2,416,422,422,58
2,417,422,422,63
2,418,422,422,66
2,419,422,422,61
2,420,422,422,64
2,421,422,422,56
2,422,422,422,66
2,423,422,422,61
2,424,422,422,64
2,425,422,422,69
2,426,422,422,61
2,427,422,422,63
2,428,422,422,61
2,429,422,422,64
2,430,422,422,63
2,431,422,422,58
2,432,422,422,53
2,433,422,422,61
2,434,422,422,46
2,435,422,422,50
2,436,422,422,71
2,437,422,422,62
2,438,422,422,67
2,439,422,422,60
2,440,422,422,62
2,441,422,422,61
2,442,422,422,65
2,443,422,422,62
2,444,422,422,65
2,445,422,422,62
2,446,422,422,64
2,447,422,422,56
2,448,422,422,60
2,449,422,422,66
2,450,422,422,60
2,451,422,422,62
2,452,422,422,58
2,453,422,422,65
2,454,422,422,66
2,455,422,422,60
2,456,422,422,62
2,457,422,422,62
2,458,422,422,52
2,459,422,422,55
2,460,422,422,56
2,461,422,422,59
2,462,422,422,63
2,463,422,422,67
2,464,422,422,70
2,465,422,422,59
2,466,422,422,53
2,467,422,422,60
2,468,422,422,58
2,469,422,422,64
2,470,422,422,63
2,471,422,422,67
2,472,422,422,75
2,473,422,422,57
2,474,422,422,69
2,475,422,422,52
2,476,422,422,51
2,477,422,422,68
2,478,422,422,63
2,479,422,422,61
2,480,422,422,66
2,481,422,422,62
2,482,422,422,69
2,483,422,422,61
2,484,422,422,61
2,485,422,422,63
2,486,422,422,64
2,487,422,422,64
2,488,422,422,64
2,489,422,422,69
2,490,422,422,54
2,491,422,422,61
2,492,422,422,76
2,493,422,422,56
2,494,422,422,56
2,495,422,422,60
2,496,422,422,63
2,497,422,422,63
2,498,422,422,59
2,499,422,422,69
2,500,422,422,55
3,0,405,405,20
3,1,405,405,48
3,2,405,405,61
3,3,405,405,64
3,4,405,405,71
3,5,405,405,52
3,6,405,405,62
3,7,405,405,59
3,8,405,405,56
3,9,407,407,67
3,10,407,407,61
3,11,407,407,57
3,12,407,407,60
3,13,407,407,60
3,14,407,407,60
3,15,407,407,66
3,16,407,407,69
3,17,407,407,58
3,18,407,407,60
3,19,407,407,56
3,20,422,422,62
3,21,422,422,58
3,22,422,422,62
3,23,422,422,63
3,24,422,422,54
3,25,422,422,58
3,26,422,422,60
3,27,422,422,64
3,28,422,422,59
3,29,422,422,61
3,30,422,422,61
3,31,422,422,64
3,32,422,422,66
3,33,422,422,57
3,34,422,422,52
3,35,422,422,63
3,36,422,422,67
3,37,422,422,66
3,38,422,422,60
3,39,422,422,58
3,40,422,422,56
3,41,422,422,48
3,42,422,422,69
3,43,422,422,59
3,44,422,422,61
3,45,422,422,55
3,46,422,422,62
3,47,422,422,59
3,48,422,422,62
3,49,422,422,61
3,50,422,422,55
3,51,422,422,66
3,52,422,422,64
3,53,422,422,60
3,54,422,422,69
3,55,422,422,57
3,56,422,422,61
3,57,422,422,70
3,58,422,422,66
3,59,422,422,65
3,60,422,422,57
3,61,422,422,62
3,62,422,422,57
3,63,422,422,71
3,64,422,422,69
3,65,422,422,56
3,66,422,422,61
3,67,422,422,60
3,68,422,422,63
3,69,422,422,65
3,70,422,422,59
3,71,422,422,59
3,72,422,422,59
3,73,422,422,55
3,74,422,422,61
3,75,422,422,55
3,76,422,422,59
3,77,422,422,61
3,78,422,422,63
3,79,422,422,60
3,80,422,422,58
3,81,422,422,60
3,82,422,422,67
3,83,422,422,58
3,84,422,422,60
3,85,422,422,58
3,86,422,422,59
3,87,422,422,60
3,88,422,422,56
3,89,422,422,61
3,90,422,422,63
3,91,422,422,51
3,92,422,422,58
3,93,422,422,61
3,94,422,422,63
3,95,422,422,56
3,96,422,422,52
3,97,422,422,63
3,98,422,422,56
3,99,422,422,51
3,100,422,422,61
3,101,422,422,63
3,102,422,422,55
3,103,422,422,64
3,104,422,422,56
3,105,422,422,65
3,106,422,422,63
3,107,422,422,63
3,108,422,422,65
3,109,422,422,63
3,110,422,422,67
3,111,422,422,58
3,112,422,422,64
3,113,422,422,62
3,114,422,422,60
3,115,422,422,69
3,116,422,422,66
3,117,422,422,57
3,118,422,422,63
3,119,422,422,61
3,120,422,422,67
3,121,422,422,64
3,122,422,422,61
3,123,422,422,57
3,124,422,422,60
3,125,422,422,60
3,126,422,422,57
3,127,422,422,61
3,128,422,422,55
3,129,422,422,54
3,130,422,422,60
3,131,422,422,63
3,132,422,422,65
3,133,422,422,68
3,134,422,422,64
3,135,422,422,59
3,136,422,422,58
3,137,422,422,61
3,138,422,422,65
3,139,422,422,59
3,140,422,422,66
3,141,422,422,60
3,142,422,422,69
3,143,422,422,58
3,144,422,422,61
3,145,422,422,63
3,146,422,422,57
3,147,422,422,61
3,148,422,422,59
3,149,422,422,66
3,150,422,422,63
3,151,422,422,58
3,152,422,422,58
3,153,422,422,49
3,154,422,422,61
3,155,422,422,63
3,156,422,422,63
3,157,422,422,69
3,158,422,422,60
3,159,422,422,47
3,160,422,422,58
3,161,422,422,65
3,162,422,422,46
3,163,422,422,68
3,164,422,422,66
3,165,422,422,67
3,166,422,422,63
3,167,422,422,65
3,168,422,422,66
3,169,422,422,57
3,170,422,422,59
3,171,422,422,64
3,172,422,422,57
3,173,422,422,51
3,174,422,422,62
3,175,422,422,60
3,176,422,422,57
3,177,422,422,61
3,178,422,422,64
3,179,422,422,63
3,180,422,422,62
3,181,422,422,62
3,182,422,422,73
3,183,422,422,58
3,184,422,422,64
3,185,422,422,57
3,186,422,422,59
3,187,422,422,54
3,188,422,422,54
3,189,422,422,51
3,190,422,422,57
3,191,422,422,46
3,192,422,422,53
3,193,422,422,62
3,194,422,422,52
3,195,422,422,58
3,196,422,422,61
3,197,422,422,62
3,198,422,422,60
3,199,422,422,60
3,200,422,422,65
3,201,422,422,73
3,202,422,422,58
3,203,422,422,54
3,204,422,422,60
3,205,422,422,66
3,206,422,422,64
3,207,422,422,71
3,208,422,422,66
3,209,422,422,55
3,210,422,422,57
3,211,422,422,62
3,212,422,422,62
3,213,422,422,57
3,214,422,422,56
3,215,422,422,59
3,216,422,422,65
3,217,422,422,61
3,218,422,422,59
3,219,422,422,72
3,220,422,422,57
3,221,422,422,61
3,222,422,422,56
3,223,422,422,64
3,224,422,422,63
3,225,422,422,55
3,226,422,422,54
3,227,422,422,58
3,228,422,422,67
3,229,422,422,58
3,230,422,422,62
3,231,422,422,60
3,232,422,422,60
3,233,422,422,65
3,234,422,422,64
3,235,422,422,59
3,236,422,422,64
3,237,422,422,71
3,238,422,422,59
3,239,422,422,53
3,240,422,422,59
3,241,422,422,57
3,242,422,422,56
3,243,422,422,77
3,244,422,422,66
3,245,422,422,75
3,246,422,422,58
3,247,422,422,62
3,248,422,422,59
3,249,422,422,63
3,250,422,422,64
3,251,422,422,54
3,252,422,422,52
3,253,422,422,67
3,254,422,422,61
3,255,422,422,56
3,256,422,422,54
3,257,422,422,57
3,258,422,422,64
3,259,422,422,50
3,260,422,422,63
3,261,422,422,55
3,262,422,422,53
3,263,422,422,60
3,264,422,422,62
3,265,422,422,61
3,266,422,422,66
3,267,422,422,57
3,268,422,422,58
3,269,422,422,58
3,270,422,422,60
3,271,422,422,60
3,272,422,422,57
3,273,422,422,56
3,274,422,422,60
3,275,422,422,68
3,276,422,422,64
3,277,422,422,58
3,278,422,422,63
3,279,422,422,73
3,280,422,422,64
3,281,422,422,68
3,282,422,422,64
3,283,422,422,63
3,284,422,422,59
3,285,422,422,62
3,286,422,422,74
3,287,422,422,55
3,288,422,422,54
3,289,422,422,56
3,290,422,422,59
3,291,422,422,61
3,292,422,422,68
3,293,422,422,63
3,294,422,422,66
3,295,422,422,62
3,296,422,422,61
3,297,422,422,64
3,298,422,422,67
3,299,422,422,61
3,300,422,422,53
3,301,422,422,58
3,302,422,422,61
3,303,422,422,62
3,304,422,422,65
3,305,422,422,68
3,306,422,422,63
3,307,422,422,59
3,308,422,422,57
3,309,422,422,65
3,310,422,422,67
3,311,422,422,66
3,312,422,422,68
3,313,422,422,60
3,314,422,422,71
3,315,422,422,54
3,316,422,422,60
3,317,422,422,65
3,318,422,422,60
3,319,422,422,55
3,320,422,422,55
3,321,422,422,49
3,322,422,422,57
3,323,422,422,65
3,324,422,422,58
3,325,422,422,58
3,326,422,422,62
3,327,422,422,58
3,328,422,422,65
3,329,422,422,63
3,330,422,422,64
3,331,422,422,58
3,332,422,422,70
3,333,422,422,62
3,334,422,422,60
3,335,422,422,58
3,336,422,422,67
3,337,422,422,63
3,338,422,422,68
3,339,422,422,56
3,340,422,422,48
3,341,422,422,59
3,342,422,422,64
3,343,422,422,61
3,344,422,422,61
3,345,422,422,59
3,346,422,422,60
3,347,422,422,57
3,348,422,422,54
3,349,422,422,61
3,350,422,422,65
3,351,422,422,63
3,352,422,422,71
3,353,422,422,61
3,354,422,422,58
3,355,422,422,62
3,356,422,422,54
3,357,422,422,70
3,358,422,422,65
3,359,422,422,60
3,360,422,422,66
3,361,422,422,67
3,362,422,422,67
3,363,422,422,61
3,364,422,422,60
3,365,422,422,59
3,366,422,422,65
3,367,422,422,57
3,368,422,422,63
3,369,422,422,61
3,370,422,422,59
3,371,422,422,72
3,372,422,422,64
3,373,422,422,54
3,374,422,422,57
3,375,422,422,60
3,376,422,422,70
3,377,422,422,62
3,378,422,422,60
3,379,422,422,60
3,380,422,422,60
3,381,422,422,75
3,382,422,422,54
3,383,422,422,62
3,384,422,422,59
3,385,422,422,72
3,386,422,422,66
3,387,422,422,61
3,388,422,422,51
3,389,422,422,60
3,390,422,422,65
3,391,422,422,65
3,392,422,422,59
3,393,422,422,56
3,394,422,422,60
3,395,422,422,58
3,396,422,422,65
3,397,422,422,61
3,398,422,422,69
3,399,422,422,57
3,400,422,422,58
3,401,422,422,57
3,402,422,422,70
3,403,422,422,65
3,404,422,422,60
3,405,422,422,59
3,406,422,422,63
3,407,422,422,62
3,408,422,422,65
3,409,422,422,65
3,410,422,422,58
3,411,422,422,62
3,412,422,422,60
3,413,422,422,54
3,414,422,422,62
3,415,422,422,56
3,416,422,422,48
3,417,422,422,48
3,418,422,422,56
3,419,422,422,56
3,420,422,422,68
3,421,422,422,69
3,422,422,422,64
3,423,422,422,63
3,424,422,422,65
3,425,422,422,58
3,426,422,422,56
3,427,422,422,55
3,428,422,422,65
3,429,422,422,58
3,430,422,422,62
3,431,422,422,55
3,432,422,422,70
3,433,422,422,64
3,434,422,422,59
3,435,422,422,58
3,436,422,422,59
3,437,422,422,52
3,438,422,422,65
3,439,422,422,66
3,440,422,422,62
3,441,422,422,68
3,442,422,422,51
3,443,422,422,67
3,444,422,422,62
3,445,422,422,57
3,446,422,422,52
3,447,422,422,55
3,448,422,422,63
3,449,422,422,65
3,450,422,422,60
3,451,422,422,59
3,452,422,422,58
3,453,422,422,65
3,454,422,422,53
3,455,422,422,59
3,456,422,422,51
3,457,422,422,51
3,458,422,422,64
3,459,422,422,58
3,460,422,422,58
3,461,422,422,62
3,462,422,422,64
3,463,422,422,66
3,464,422,422,64
3,465,422,422,61
3,466,422,422,60
3,467,422,422,65
3,468,422,422,68
3,469,422,422,62
3,470,422,422,64
3,471,422,422,69
3,472,422,422,62
3,473,422,422,57
3,474,422,422,61
3,475,422,422,63
3,476,422,422,60
3,477,422,422,63
3,478,422,422,60
3,479,422,422,64
3,480,422,422,63
3,481,422,422,57
3,482,422,422,57
3,483,422,422,57
3,484,422,422,61
3,485,422,422,67
3,486,422,422,62
3,487,422,422,59
3,488,422,422,64
3,489,422,422,68
3,490,422,422,60
3,491,422,422,61
3,492,422,422,62
3,493,422,422,65
3,494,422,422,69
3,495,422,422,63
3,496,422,422,53
3,497,422,422,62
3,498,422,422,68
3,499,422,422,51
3,500,422,422,62
4,0,353,353,17
4,1,353,353,36
4,2,389,389,56
4,3,389,389,69
4,4,389,389,62
4,5,389,389,62
4,6,402,402,58
4,7,402,402,56
4,8,402,402,58
4,9,402,402,65
4,10,402,402,61
4,11,402,402,58
4,12,402,402,61
4,13,402,402,66
4,14,407,407,68
4,15,407,407,57
4,16,407,407,64
4,17,410,410,60
4,18,410,410,63
4,19,410,410,65
4,20,410,410,67
4,21,422,422,64
4,22,422,422,59
4,23,422,422,67
4,24,422,422,59
4,25,422,422,68
4,26,422,422,60
4,27,422,422,64
4,28,422,422,56
4,29,422,422,65
4,30,422,422,62
4,31,422,422,65
4,32,422,422,70
4,33,422,422,56
4,34,422,422,53
4,35,422,422,62
4,36,422,422,60
4,37,422,422,62
4,38,422,422,62
4,39,422,422,66
4,40,422,422,63
4,41,422,422,67
4,42,422,422,61
4,43,422,422,65
4,44,422,422,56
4,45,422,422,63
4,46,422,422,66
4,47,422,422,57
4,48,422,422,54
4,49,422,422,63
4,50,422,422,66
4,51,422,422,63
4,52,422,422,56
4,53,422,422,64
4,54,422,422,60
4,55,422,422,67
4,56,422,422,61
4,57,422,422,63
4,58,422,422,64
4,59,422,422,67
4,60,422,422,63
4,61,422,422,62
4,62,422,422,67
4,63,422,422,68
4,64,422,422,61
4,65,422,422,65
4,66,422,422,58
4,67,422,422,66
4,68,422,422,58
4,69,422,422,67
4,70,422,422,64
4,71,422,422,61
4,72,422,422,62
4,73,422,422,64
4,74,422,422,67
4,75,422,422,71
4,76,422,422,57
4,77,422,422,55
4,78,422,422,60
4,79,422,422,67
4,80,422,422,55
4,81,422,422,61
4,82,422,422,75
4,83,422,422,58
4,84,422,422,66
4,85,422,422,57
4,86,422,422,58
4,87,422,422,64
4,88,422,422,54
4,89,422,422,57
4,90,422,422,62
4,91,422,422,59
4,92,422,422,61
4,93,422,422,59
4,94,422,422,66
4,95,422,422,71
4,96,422,422,59
4,97,422,422,59
4,98,422,422,61
4,99,422,422,61
4,100,422,422,68
4,101,422,422,64
4,102,422,422,60
4,103,422,422,61
4,104,422,422,58
4,105,422,422,68
4,106,422,422,65
4,107,422,422,63
4,108,422,422,58
4,109,422,422,63
4,110,422,422,56
4,111,422,422,59
4,112,422,422,57
4,113,422,422,55
4,114,422,422,69
4,115,422,422,69
4,116,422,422,61
4,117,422,422,61
4,118,422,422,69
4,119,422,422,56
4,120,422,422,61
4,121,422,422,52
4,122,422,422,56
4,123,422,422,63
4,124,422,422,58
4,125,422,422,70
4,126,422,422,63
4,127,422,422,58
4,128,422,422,57
4,129,422,422,59
4,130,422,422,61
4,131,422,422,63
4,132,422,422,70
4,133,422,422,70
4,134,422,422,57
4,135,422,422,63
4,136,422,422,72
4,137,422,422,64
4,138,422,422,65
4,139,422,422,57
4,140,422,422,64
4,141,422,422,63
4,142,422,422,57
4,143,422,422,55
4,144,422,422,65
4,145,422,422,65
4,146,422,422,59
4,147,422,422,63
4,148,422,422,64
4,149,422,422,66
4,150,422,422,66
4,151,422,422,60
4,152,422,422,57
4,153,422,422,55
4,154,422,422,59
4,155,422,422,60
4,156,422,422,67
4,157,422,422,54
4,158,422,422,72
4,159,422,422,61
4,160,422,422,62
4,161,422,422,64
4,162,422,422,65
4,163,422,422,56
4,164,422,422,58
4,165,422,422,54
4,166,422,422,60
4,167,422,422,68
4,168,422,422,71
4,169,422,422,53
4,170,422,422,55
4,171,422,422,60
4,172,422,422,66
4,173,422,422,62
4,174,422,422,66
4,175,422,422,68
4,176,422,422,67
4,177,422,422,57
4,178,422,422,58
4,179,422,422,60
4,180,422,422,58
4,181,422,422,51
4,182,422,422,57
4,183,422,422,61
4,184,422,422,66
4,185,422,422,65
4,186,422,422,53
4,187,422,422,53
4,188,422,422,62
4,189,422,422,64
4,190,422,422,57
4,191,422,422,66
4,192,422,422,46
4,193,422,422,60
4,194,422,422,65
4,195,422,422,60
4,196,422,422,60
4,197,422,422,57
4,198,422,422,67
4,199,422,422,58
4,200,422,422,66
4,201,422,422,53
4,202,422,422,58
4,203,422,422,65
4,204,422,422,58
4,205,422,422,67
4,206,422,422,70
4,207,422,422,64
4,208,422,422,61
4,209,422,422,64
4,210,422,422,63
4,211,422,422,60
4,212,422,422,67
4,213,422,422,65
4,214,422,422,72
4,215,422,422,70
4,216,422,422,59
4,217,422,422,57
4,218,422,422,61
4,219,422,422,57
4,220,422,422,59
4,221,422,422,50
4,222,422,422,60
4,223,422,422,61
4,224,422,422,60
4,225,422,422,61
4,226,422,422,58
4,227,422,422,63
4,228,422,422,57
4,229,422,422,62
4,230,422,422,55
4,231,422,422,61
4,232,422,422,68
4,233,422,422,60
4,234,422,422,60
4,235,422,422,57
4,236,422,422,60
4,237,422,422,66
4,238,422,422,57
4,239,422,422,61
4,240,422,422,51
4,241,422,422,66
4,242,422,422,58
4,243,422,422,62
4,244,422,422,57
4,245,422,422,62
4,246,422,422,61
4,247,422,422,58
4,248,422,422,53
4,249,422,422,66
4,250,422,422,57
4,251,422,422,72
4,252,422,422,67
4,253,422,422,59
4,254,422,422,61
4,255,422,422,58
4,256,422,422,51
4,257,422,422,65
4,258,422,422,65
4,259,422,422,63
4,260,422,422,58
4,261,422,422,61
4,262,422,422,57
4,263,422,422,64
4,264,422,422,65
4,265,422,422,68
4,266,422,422,56
4,267,422,422,69
4,268,422,422,65
4,269,422,422,54
4,270,422,422,69
4,271,422,422,65
4,272,422,422,62
4,273,422,422,62
4,274,422,422,55
4,275,422,422,65
4,276,422,422,60
4,277,422,422,63
4,278,422,422,57
4,279,422,422,61
4,280,422,422,52
4,281,422,422,69
4,282,422,422,67
4,283,422,422,59
4,284,422,422,68
4,285,422,422,59
4,286,422,422,58
4,287,422,422,58
4,288,422,422,63
4,289,422,422,57
4,290,422,422,55
4,291,422,422,62
4,292,422,422,48
4,293,422,422,58
4,294,422,422,56
4,295,422,422,62
4,296,422,422,63
4,297,422,422,63
4,298,422,422,73
4,299,422,422,55
4,300,422,422,61
4,301,422,422,59
4,302,422,422,56
4,303,422,422,57
4,304,422,422,58
4,305,422,422,66
4,306,422,422,60
4,307,422,422,55
4,308,422,422,60
4,309,422,422,64
4,310,422,422,58
4,311,422,422,62
4,312,422,422,68
4,313,422,422,69
4,314,422,422,61
4,315,422,422,58
4,316,422,422,72
4,317,422,422,63
4,318,422,422,63
4,319,422,422,65
4,320,422,422,61
4,321,422,422,58
4,322,422,422,62
4,323,422,422,63
4,324,422,422,62
4,325,422,422,67
4,326,422,422,61
4,327,422,422,57
4,328,422,422,55
4,329,422,422,55
4,330,422,422,69
4,331,422,422,59
4,332,422,422,66
4,333,422,422,60
4,334,422,422,63
4,335,422,422,61
4,336,422,422,72
4,337,422,422,66
4,338,422,422,57
4,339,422,422,71
4,340,422,422,64
4,341,422,422,62
4,342,422,422,64
4,343,422,422,61
4,344,422,422,71
4,345,422,422,52
4,346,422,422,63
4,347,422,422,67
4,348,422,422,61
4,349,422,422,58
4,350,422,422,58
4,351,422,422,64
4,352,422,422,62
4,353,422,422,51
4,354,422,422,55
4,355,422,422,63
4,356,422,422,52
4,357,422,422,64
4,358,422,422,67
4,359,422,422,63
4,360,422,422,49
4,361,422,422,61
4,362,422,422,53
4,363,422,422,57
4,364,422,422,67
4,365,422,422,66
4,366,422,422,70
4,367,422,422,67
4,368,422,422,70
4,369,422,422,54
4,370,422,422,60
4,371,422,422,60
4,372,422,422,49
4,373,422,422,64
4,374,422,422,57
4,375,422,422,64
4,376,422,422,61
4,377,422,422,72
4,378,422,422,64
4,379,422,422,53
4,380,422,422,55
4,381,422,422,58
4,382,422,422,61
4,383,422,422,66
4,384,422,422,65
4,385,422,422,74
4,386,422,422,66
4,387,422,422,54
4,388,422,422,71
4,389,422,422,61
4,390,422,422,63
4,391,422,422,68
4,392,422,422,62
4,393,422,422,54
4,394,422,422,65
4,395,422,422,72
4,396,422,422,68
4,397,422,422,62
4,398,422,422,65
4,399,422,422,60
4,400,422,422,64
4,401,422,422,62
4,402,422,422,61
4,403,422,422,61
4,404,422,422,56
4,405,422,422,56
4,406,422,422,61
4,407,422,422,64
4,408,422,422,65
4,409,422,422,70
4,410,422,422,58
4,411,422,422,59
4,412,422,422,62
4,413,422,422,60
4,414,422,422,70
4,415,422,422,68
4,416,422,422,71
4,417,422,422,68
4,418,422,422,61
4,419,422,422,64
4,420,422,422,59
4,421,422,422,51
4,422,422,422,57
4,423,422,422,60
4,424,422,422,63
4,425,422,422,60
4,426,422,422,63
4,427,422,422,59
4,428,422,422,63
4,429,422,422,69
4,430,422,422,62
4,431,422,422,61
4,432,422,422,66
4,433,422,422,64
4,434,422,422,60
4,435,422,422,55
4,436,422,422,65
4,437,422,422,52
4,438,422,422,63
4,439,422,422,64
4,440,422,422,65
4,441,422,422,58
4,442,422,422,62
4,443,422,422,64
4,444,422,422,61
4,445,422,422,64
4,446,422,422,61
4,447,422,422,66
4,448,422,422,66
4,449,422,422,61
4,450,422,422,64
4,451,422,422,67
4,452,422,422,60
4,453,422,422,63
4,454,422,422,64
4,455,422,422,56
4,456,422,422,71
4,457,422,422,65
4,458,422,422,54
4,459,422,422,50
4,460,422,422,52
4,461,422,422,58
4,462,422,422,59
4,463,422,422,58
4,464,422,422,65
4,465,422,422,62
4,466,422,422,60
4,467,422,422,60
4,468,422,422,60
4,469,422,422,76
4,470,422,422,65
4,471,422,422,60
4,472,422,422,62
4,473,422,422,55
4,474,422,422,56
4,475,422,422,62
4,476,422,422,58
4,477,422,422,51
4,478,422,422,62
4,479,422,422,62
4,480,422,422,62
4,481,422,422,55
4,482,422,422,61
4,483,422,422,61
4,484,422,422,67
4,485,422,422,60
4,486,422,422,69
4,487,422,422,52
4,488,422,422,62
4,489,422,422,58
4,490,422,422,71
4,491,422,422,49
4,492,422,422,67
4,493,422,422,63
4,494,422,422,63
4,495,422,422,60
4,496,422,422,58
4,497,422,422,63
4,498,422,422,65
4,499,422,422,59
4,500,422,422,54
5,0,335,335,19
5,1,335,335,49
5,2,380,380,61
5,3,380,380,64
5,4,385,385,62
5,5,385,385,67
5,6,385,385,61
5,7,387,387,61
5,8,397,397,68
5,9,422,422,68
5,10,422,422,65
5,11,422,422,57
5,12,422,422,63
5,13,422,422,53
5,14,422,422,65
5,15,422,422,64
5,16,422,422,63
5,17,422,422,58
5,18,422,422,67
5,19,422,422,72
5,20,422,422,58
5,21,422,422,61
5,22,422,422,63
5,23,422,422,59
5,24,422,422,54
5,25,422,422,51
5,26,422,422,66
5,27,422,422,60
5,28,422,422,70
5,29,422,422,66
5,30,422,422,53
5,31,422,422,55
5,32,422,422,66
5,33,422,422,63
5,34,422,422,60
5,35,422,422,62
5,36,422,422,61
5,37,422,422,56
5,38,422,422,65
5,39,422,422,65
5,40,422,422,59
5,41,422,422,67
5,42,422,422,58
5,43,422,422,59
5,44,422,422,52
5,45,422,422,63
5,46,422,422,64
5,47,422,422,63
5,48,422,422,63
5,49,422,422,57
5,50,422,422,62
5,51,422,422,64
5,52,422,422,63
5,53,422,422,59
5,54,422,422,59
5,55,422,422,63
5,56,422,422,64
5,57,422,422,53
5,58,422,422,65
5,59,422,422,62
5,60,422,422,64
5,61,422,422,59
5,62,422,422,72
5,63,422,422,69
5,64,422,422,63
5,65,422,422,56
5,66,422,422,66
5,67,422,422,56
5,68,422,422,61
5,69,422,422,64
5,70,422,422,68
5,71,422,422,60
5,72,422,422,59
5,73,422,422,59
5,74,422,422,63
5,75,422,422,62
5,76,422,422,67
5,77,422,422,61
5,78,422,422,62
5,79,422,422,70
5,80,422,422,54
5,81,422,422,59
5,82,422,422,56
5,83,422,422,56
5,84,422,422,58
5,85,422,422,63
5,86,422,422,63
5,87,422,422,67
5,88,422,422,66
5,89,422,422,71
5,90,422,422,59
5,91,422,422,55
5,92,422,422,66
5,93,422,422,67
5,94,422,422,58
5,95,422,422,61
5,96,422,422,62
5,97,422,422,58
5,98,422,422,61
5,99,422,422,71
5,100,422,422,51
5,101,422,422,55
5,102,422,422,65
5,103,422,422,64
5,104,422,422,67
5,105,422,422,70
5,106,422,422,54
5,107,422,422,60
5,108,422,422,62
5,109,422,422,60
5,110,422,422,63
5,111,422,422,60
5,112,422,422,59
5,113,422,422,65
5,114,422,422,66
5,115,422,422,64
5,116,422,422,58
5,117,422,422,58
5,118,422,422,59
5,119,422,422,58
5,120,422,422,60
5,121,422,422,58
5,122,422,422,62
5,123,422,422,58
5,124,422,422,64
5,125,422,422,59
5,126,422,422,69
5,127,422,422,62
5,128,422,422,65
5,129,422,422,57
5,130,422,422,69
5,131,422,422,56
5,132,422,422,66
5,133,422,422,58
5,134,422,422,50
5,135,422,422,57
5,136,422,422,58
5,137,422,422,64
5,138,422,422,55
5,139,422,422,53
5,140,422,422,65
5,141,422,422,60
5,142,422,422,66
5,143,422,422,61
5,144,422,422,58
5,145,422,422,57
5,146,422,422,64
5,147,422,422,63
5,148,422,422,61
5,149,422,422,52
5,150,422,422,57
5,151,422,422,55
5,152,422,422,73
5,153,422,422,66
5,154,422,422,62
5,155,422,422,50
5,156,422,422,70
5,157,422,422,66
5,158,422,422,50
5,159,422,422,56
5,160,422,422,61
5,161,422,422,57
5,162,422,422,63
5,163,422,422,59
5,164,422,422,63
5,165,422,422,64
5,166,422,422,63
5,167,422,422,61
5,168,422,422,54
5,169,422,422,62
5,170,422,422,59
5,171,422,422,62
5,172,422,422,57
5,173,422,422,62
5,174,422,422,64
5,175,422,422,60
5,176,422,422,68
5,177,422,422,64
5,178,422,422,62
5,179,422,422,73
5,180,422,422,60
5,181,422,422,50
5,182,422,422,63
5,183,422,422,58
5,184,422,422,68
5,185,422,422,61
5,186,422,422,63
5,187,422,422,66
5,188,422,422,62
5,189,422,422,47
5,190,422,422,66
5,191,422,422,57
5,192,422,422,66
5,193,422,422,68
5,194,422,422,66
5,195,422,422,61
5,196,422,422,62
5,197,422,422,68
5,198,422,422,65
5,199,422,422,68
5,200,422,422,55
5,201,422,422,58
5,202,422,422,65
5,203,422,422,67
5,204,422,422,66
5,205,422,422,69
5,206,422,422,62
5,207,422,422,71
5,208,422,422,57
5,209,422,422,61
5,210,422,422,54
5,211,422,422,65
5,212,422,422,56
5,213,422,422,63
5,214,422,422,61
5,215,422,422,63
5,216,422,422,72
5,217,422,422,66
5,218,422,422,62
5,219,422,422,65
5,220,422,422,64
5,221,422,422,68
5,222,422,422,69
5,223,422,422,71
5,224,422,422,58
5,225,422,422,64
5,226,422,422,70
5,227,422,422,63
5,228,422,422,52
5,229,422,422,71
5,230,422,422,67
5,231,422,422,56
5,232,422,422,69
5,233,422,422,65
5,234,422,422,64
5,235,422,422,65
5,236,422,422,68
5,237,422,422,49
5,238,422,422,62
5,239,422,422,66
5,240,422,422,60
5,241,422,422,60
5,242,422,422,66
5,243,422,422,66
5,244,422,422,62
5,245,422,422,65
5,246,422,422,56
5,247,422,422,57
5,248,422,422,67
5,249,422,422,66
5,250,422,422,59
5,251,422,422,62
5,252,422,422,66
5,253,422,422,60
5,254,422,422,63
5,255,422,422,68
5,256,422,422,73
5,257,422,422,65
5,258,422,422,62
5,259,422,422,58
5,260,422,422,56
5,261,422,422,62
5,262,422,422,57
5,263,422,422,58
5,264,422,422,61
5,265,422,422,66
5,266,422,422,59
5,267,422,422,61
5,268,422,422,67
5,269,422,422,66
5,270,422,422,63
5,271,422,422,60
5,272,422,422,59
5,273,422,422,66
5,274,422,422,63
5,275,422,422,55
5,276,422,422,59
5,277,422,422,64
5,278,422,422,65
5,279,422,422,61
5,280,422,422,69
5,281,422,422,52
5,282,422,422,61
5,283,422,422,62
5,284,422,422,57
5,285,422,422,62
5,286,422,422,63
5,287,422,422,70
5,288,422,422,68
5,289,422,422,59
5,290,422,422,63
5,291,422,422,66
5,292,422,422,57
5,293,422,422,58
5,294,422,422,50
5,295,422,422,55
5,296,422,422,63
5,297,422,422,58
5,298,422,422,68
5,299,422,422,62
5,300,422,422,65
5,301,422,422,57
5,302,422,422,67
5,303,422,422,67
5,304,422,422,70
5,305,422,422,61
5,306,422,422,72
5,307,422,422,59
5,308,422,422,61
5,309,422,422,65
5,310,422,422,61
5,311,422,422,63
5,312,422,422,60
5,313,422,422,63
5,314,422,422,63
5,315,422,422,59
5,316,422,422,53
5,317,422,422,53
5,318,422,422,56
5,319,422,422,65
5,320,422,422,58
5,321,422,422,63
5,322,422,422,56
5,323,422,422,58
5,324,422,422,60
5,325,422,422,58
5,326,422,422,64
5,327,422,422,61
5,328,422,422,62
5,329,422,422,64
5,330,422,422,65
5,331,422,422,54
5,332,422,422,60
5,333,422,422,61
5,334,422,422,56
5,335,422,422,50
5,336,422,422,58
5,337,422,422,63
5,338,422,422,65
5,339,422,422,66
5,340,422,422,54
5,341,422,422,60
5,342,422,422,64
5,343,422,422,59
5,344,422,422,61
5,345,422,422,59
5,346,422,422,55
5,347,422,422,52
5,348,422,422,60
5,349,422,422,63
5,350,422,422,58
5,351,422,422,56
5,352,422,422,59
5,353,422,422,63
5,354,422,422,57
5,355,422,422,69
5,356,422,422,63
5,357,422,422,69
5,358,422,422,58
5,359,422,422,67
5,360,422,422,61
5,361,422,422,52
5,362,422,422,54
5,363,422,422,60
5,364,422,422,69
5,365,422,422,69
5,366,422,422,54
5,367,422,422,53
5,368,422,422,57
5,369,422,422,58
5,370,422,422,60
5,371,422,422,58
5,372,422,422,58
5,373,422,422,58
5,374,422,422,57
5,375,422,422,61
5,376,422,422,59
5,377,422,422,65
5,378,422,422,57
5,379,422,422,60
5,380,422,422,62
5,381,422,422,66
5,382,422,422,54
5,383,422,422,62
5,384,422,422,52
5,385,422,422,71
5,386,422,422,67
5,387,422,422,68
5,388,422,422,61
5,389,422,422,59
5,390,422,422,67
5,391,422,422,67
5,392,422,422,62
5,393,422,422,59
5,394,422,422,60
5,395,422,422,62
5,396,422,422,69
5,397,422,422,62
5,398,422,422,61
5,399,422,422,58
5,400,422,422,65
5,401,422,422,60
5,402,422,422,64
5,403,422,422,61
5,404,422,422,65
5,405,422,422,58
5,406,422,422,58
5,407,422,422,66
5,408,422,422,67
5,409,422,422,56
5,410,422,422,64
5,411,422,422,66
5,412,422,422,61
5,413,422,422,62
5,414,422,422,63
5,415,422,422,62
5,416,422,422,54
5,417,422,422,68
5,418,422,422,61
5,419,422,422,66
5,420,422,422,52
5,421,422,422,60
5,422,422,422,53
5,423,422,422,55
5,424,422,422,60
5,425,422,422,67
5,426,422,422,68
5,427,422,422,62
5,428,422,422,60
5,429,422,422,62
5,430,422,422,59
5,431,422,422,68
5,432,422,422,62
5,433,422,422,55
5,434,422,422,61
5,435,422,422,60
5,436,422,422,65
5,437,422,422,63
5,438,422,422,57
5,439,422,422,61
5,440,422,422,65
5,441,422,422,62
5,442,422,422,60
5,443,422,422,62
5,444,422,422,63
5,445,422,422,61
5,446,422,422,62
5,447,422,422,59
5,448,422,422,70
5,449,422,422,54
5,450,422,422,51
5,451,422,422,55
5,452,422,422,59
5,453,422,422,66
5,454,422,422,62
5,455,422,422,65
5,456,422,422,65
5,457,422,422,65
5,458,422,422,58
5,459,422,422,65
5,460,422,422,61
5,461,422,422,58
5,462,422,422,57
5,463,422,422,64
5,464,422,422,57
5,465,422,422,65
5,466,422,422,57
5,467,422,422,62
5,468,422,422,65
5,469,422,422,69
5,470,422,422,60
5,471,422,422,66
5,472,422,422,60
5,473,422,422,71
5,474,422,422,63
5,475,422,422,67
5,476,422,422,65
5,477,422,422,65
5,478,422,422,53
5,479,422,422,64
5,480,422,422,61
5,481,422,422,63
5,482,422,422,64
5,483,422,422,64
5,484,422,422,63
5,485,422,422,62
5,486,422,422,64
5,487,422,422,56
5,488,422,422,66
5,489,422,422,58
5,490,422,422,58
5,491,422,422,72
5,492,422,422,66
5,493,422,422,68
5,494,422,422,61
5,495,422,422,59
5,496,422,422,75
5,497,422,422,67
5,498,422,422,58
5,499,422,422,68
5,500,422,422,60
6,0,344,344,28
6,1,344,344,47
6,2,367,367,59
6,3,397,397,57
6,4,397,397,67
6,5,397,397,64
6,6,397,397,62
6,7,397,397,62
6,8,397,397,63
6,9,397,397,66
6,10,397,397,66
6,11,402,402,66
6,12,422,422,56
6,13,422,422,61
6,14,422,422,70
6,15,422,422,63
6,16,422,422,60
6,17,422,422,59
6,18,422,422,64
6,19,422,422,69
6,20,422,422,58
6,21,422,422,70
6,22,422,422,63
6,23,422,422,61
6,24,422,422,69
6,25,422,422,66
6,26,422,422,58
6,27,422,422,57
6,28,422,422,62
6,29,422,422,52
6,30,422,422,66
6,31,422,422,69
6,32,422,422,61
6,33,422,422,61
6,34,422,422,61
6,35,422,422,63
6,36,422,422,67
6,37,422,422,55
6,38,422,422,62
6,39,422,422,59
6,40,422,422,59
6,41,422,422,62
6,42,422,422,65
6,43,422,422,67
6,44,422,422,60
6,45,422,422,59
6,46,422,422,66
6,47,422,422,61
6,48,422,422,58
6,49,422,422,64
6,50,422,422,63
6,51,422,422,56
6,52,422,422,60
6,53,422,422,62
6,54,422,422,65
6,55,422,422,58
6,56,422,422,51
6,57,422,422,55
6,58,422,422,59
6,59,422,422,67
6,60,422,422,64
6,61,422,422,69
6,62,422,422,62
6,63,422,422,65
6,64,422,422,68
6,65,422,422,59
6,66,422,422,57
6,67,422,422,67
6,68,422,422,66
6,69,422,422,59
6,70,422,422,65
6,71,422,422,63
6,72,422,422,70
6,73,422,422,64
6,74,422,422,63
6,75,422,422,69
6,76,422,422,54
6,77,422,422,63
6,78,422,422,72
6,79,422,422,64
6,80,422,422,65
6,81,422,422,66
6,82,422,422,60
6,83,422,422,59
6,84,422,422,60
6,85,422,422,58
6,86,422,422,61
6,87,422,422,66
6,88,422,422,64
6,89,422,422,74
6,90,422,422,63
6,91,422,422,56
6,92,422,422,61
6,93,422,422,63
6,94,422,422,66
6,95,422,422,59
6,96,422,422,63
6,97,422,422,64
6,98,422,422,64
6,99,422,422,65
6,100,422,422,63
6,101,422,422,62
6,102,422,422,61
6,103,422,422,64
6,104,422,422,63
6,105,422,422,60
6,106,422,422,60
6,107,422,422,62
6,108,422,422,57
6,109,422,422,65
6,110,422,422,57
6,111,422,422,64
6,112,422,422,71
6,113,422,422,59
6,114,422,422,66
6,115,422,422,62
6,116,422,422,65
6,117,422,422,55
6,118,422,422,53
6,119,422,422,61
6,120,422,422,62
6,121,422,422,66
6,122,422,422,65
6,123,422,422,72
6,124,422,422,61
6,125,422,422,55
6,126,422,422,69
6,127,422,422,59
6,128,422,422,61
6,129,422,422,66
6,130,422,422,63
6,131,422,422,58
6,132,422,422,63
6,133,422,422,71
6,134,422,422,66
6,135,422,422,64
6,136,422,422,61
6,137,422,422,57
6,138,422,422,52
6,139,422,422,57
6,140,422,422,66
6,141,422,422,59
6,142,422,422,58
6,143,422,422,54
6,144,422,422,60
6,145,422,422,59
6,146,422,422,67
6,147,422,422,56
6,148,422,422,69
6,149,422,422,59
6,150,422,422,62
6,151,422,422,56
6,152,422,422,63
6,153,422,422,64
6,154,422,422,61
6,155,422,422,61
6,156,422,422,58
6,157,422,422,65
6,158,422,422,72
6,159,422,422,65
6,160,422,422,63
6,161,422,422,60
6,162,422,422,72
6,163,422,422,62
6,164,422,422,64
6,165,422,422,58
6,166,422,422,56
6,167,422,422,71
6,168,422,422,56
6,169,422,422,60
6,170,422,422,59
6,171,422,422,43
6,172,422,422,56
6,173,422,422,63
6,174,422,422,69
6,175,422,422,69
6,176,422,422,62
6,177,422,422,65
6,178,422,422,62
6,179,422,422,51
6,180,422,422,61
6,181,422,422,68
6,182,422,422,55
6,183,422,422,63
6,184,422,422,54
6,185,422,422,68
6,186,422,422,61
6,187,422,422,58
6,188,422,422,56
6,189,422,422,70
6,190,422,422,63
6,191,422,422,68
6,192,422,422,61
6,193,422,422,62
6,194,422,422,63
6,195,422,422,65
6,196,422,422,60
6,197,422,422,62
6,198,422,422,53
6,199,422,422,64
6,200,422,422,58
6,201,422,422,62
6,202,422,422,70
6,203,422,422,58
6,204,422,422,61
6,205,422,422,50
6,206,422,422,55
6,207,422,422,71
6,208,422,422,56
6,209,422,422,64
6,210,422,422,62
6,211,422,422,61
6,212,422,422,59
6,213,422,422,60
6,214,422,422,63
6,215,422,422,60
6,216,422,422,58
6,217,422,422,66
6,218,422,422,52
6,219,422,422,73
6,220,422,422,63
6,221,422,422,61
6,222,422,422,58
6,223,422,422,53
6,224,422,422,56
6,225,422,422,60
6,226,422,422,65
6,227,422,422,68
6,228,422,422,64
6,229,422,422,62
6,230,422,422,63
6,231,422,422,51
6,232,422,422,62
6,233,422,422,59
6,234,422,422,59
6,235,422,422,54
6,236,422,422,60
6,237,422,422,49
6,238,422,422,66
6,239,422,422,63
6,240,422,422,62
6,241,422,422,71
6,242,422,422,53
6,243,422,422,62
6,244,422,422,68
6,245,422,422,64
6,246,422,422,59
6,247,422,422,66
6,248,422,422,57
6,249,422,422,51
6,250,422,422,62
6,251,422,422,61
6,252,422,422,60
6,253,422,422,64
6,254,422,422,59
6,255,422,422,64
6,256,422,422,58
6,257,422,422,60
6,258,422,422,53
6,259,422,422,68
6,260,422,422,62
6,261,422,422,64
6,262,422,422,67
6,263,422,422,55
6,264,422,422,68
6,265,422,422,61
6,266,422,422,64
6,267,422,422,54
6,268,422,422,60
6,269,422,422,67
6,270,422,422,62
6,271,422,422,55
6,272,422,422,67
6,273,422,422,65
6,274,422,422,64
6,275,422,422,64
6,276,422,422,55
6,277,422,422,67
6,278,422,422,67
6,279,422,422,59
6,280,422,422,54
6,281,422,422,64
6,282,422,422,68
6,283,422,422,61
6,284,422,422,65
6,285,422,422,60
6,286,422,422,56
6,287,422,422,64
6,288,422,422,58
6,289,422,422,60
6,290,422,422,53
6,291,422,422,58
6,292,422,422,62
6,293,422,422,69
6,294,422,422,55
6,295,422,422,65
6,296,422,422,60
6,297,422,422,67
6,298,422,422,63
6,299,422,422,59
6,300,422,422,61
6,301,422,422,66
6,302,422,422,58
6,303,422,422,65
6,304,422,422,60
6,305,422,422,54
6,306,422,422,51
6,307,422,422,61
6,308,422,422,58
6,309,422,422,55
6,310,422,422,65
6,311,422,422,67
6,312,422,422,68
6,313,422,422,62
6,314,422,422,55
6,315,422,422,69
6,316,422,422,56
6,317,422,422,62
6,318,422,422,64
6,319,422,422,49
6,320,422,422,60
6,321,422,422,66
6,322,422,422,66
6,323,422,422,64
6,324,422,422,58
6,325,422,422,68
6,326,422,422,52
6,327,422,422,62
6,328,422,422,67
6,329,422,422,65
6,330,422,422,58
6,331,422,422,58
6,332,422,422,61
6,333,422,422,66
6,334,422,422,58
6,335,422,422,56
6,336,422,422,72
6,337,422,422,65
6,338,422,422,57
6,339,422,422,52
6,340,422,422,55
6,341,422,422,64
6,342,422,422,60
6,343,422,422,62
6,344,422,422,61
6,345,422,422,74
6,346,422,422,60
6,347,422,422,62
6,348,422,422,63
6,349,422,422,58
6,350,422,422,61
6,351,422,422,68
6,352,422,422,67
6,353,422,422,59
6,354,422,422,53
6,355,422,422,63
6,356,422,422,56
6,357,422,422,58
6,358,422,422,64
6,359,422,422,59
6,360,422,422,66
6,361,422,422,48
6,362,422,422,67
6,363,422,422,61
6,364,422,422,62
6,365,422,422,62
6,366,422,422,66
6,367,422,422,63
6,368,422,422,65
6,369,422,422,67
6,370,422,422,66
6,371,422,422,58
6,372,422,422,65
6,373,422,422,63
6,374,422,422,60
6,375,422,422,59
6,376,422,422,63
6,377,422,422,65
6,378,422,422,71
6,379,422,422,50
6,380,422,422,55
6,381,422,422,57
6,382,422,422,58
6,383,422,422,57
6,384,422,422,63
6,385,422,422,57
6,386,422,422,57
6,387,422,422,65
6,388,422,422,64
6,389,422,422,62
6,390,422,422,61
6,391,422,422,57
6,392,422,422,62
6,393,422,422,52
6,394,422,422,55
6,395,422,422,58
6,396,422,422,62
6,397,422,422,67
6,398,422,422,56
6,399,422,422,62
6,400,422,422,55
6,401,422,422,63
6,402,422,422,59
6,403,422,422,58
6,404,422,422,59
6,405,422,422,66
6,406,422,422,67
6,407,422,422,61
6,408,422,422,69
6,409,422,422,60
6,410,422,422,66
6,411,422,422,67
6,412,422,422,69
6,413,422,422,58
6,414,422,422,61
6,415,422,422,55
6,416,422,422,65
6,417,422,422,60
6,418,422,422,64
6,419,422,422,63
6,420,422,422,61
6,421,422,422,52
6,422,422,422,62
6,423,422,422,59
6,424,422,422,60
6,425,422,422,58
6,426,422,422,66
6,427,422,422,59
6,428,422,422,64
6,429,422,422,64
6,430,422,422,60
6,431,422,422,62
6,432,422,422,51
6,433,422,422,61
6,434,422,422,72
6,435,422,422,62
6,436,422,422,60
6,437,422,422,62
6,438,422,422,65
6,439,422,422,51
6,440,422,422,48
6,441,422,422,63
6,442,422,422,61
6,443,422,422,73
6,444,422,422,56
6,445,422,422,58
6,446,422,422,59
6,447,422,422,56
6,448,422,422,62
6,449,422,422,68
6,450,422,422,68
6,451,422,422,71
6,452,422,422,50
6,453,422,422,52
6,454,422,422,65
6,455,422,422,66
6,456,422,422,63
6,457,422,422,59
6,458,422,422,64
6,459,422,422,58
6,460,422,422,66
6,461,422,422,54
6,462,422,422,65
6,463,422,422,60
6,464,422,422,65
6,465,422,422,60
6,466,422,422,57
6,467,422,422,56
6,468,422,422,60
6,469,422,422,57
6,470,422,422,73
6,471,422,422,60
6,472,422,422,62
6,473,422,422,60
6,474,422,422,69
6,475,422,422,61
6,476,422,422,65
6,477,422,422,59
6,478,422,422,61
6,479,422,422,50
6,480,422,422,60
6,481,422,422,62
6,482,422,422,76
6,483,422,422,59
6,484,422,422,63
6,485,422,422,52
6,486,422,422,67
6,487,422,422,66
6,488,422,422,66
6,489,422,422,63
6,490,422,422,55
6,491,422,422,66
6,492,422,422,61
6,493,422,422,65
6,494,422,422,72
6,495,422,422,62
6,496,422,422,67
6,497,422,422,61
6,498,422,422,62
6,499,422,422,64
6,500,422,422,63
7,0,322,322,20
7,1,355,355,47
7,2,355,355,59
7,3,355,355,60
7,4,372,372,52
7,5,372,372,63
7,6,402,402,67
7,7,402,402,61
7,8,402,402,60
7,9,402,402,63
7,10,410,410,59
7,11,410,410,60
7,12,410,410,62
7,13,410,410,64
7,14,410,410,60
7,15,422,422,57
7,16,422,422,59
7,17,422,422,69
7,18,422,422,66
7,19,422,422,68
7,20,422,422,65
7,21,422,422,64
7,22,422,422,51
7,23,422,422,65
7,24,422,422,62
7,25,422,422,72
7,26,422,422,60
7,27,422,422,70
7,28,422,422,58
7,29,422,422,61
7,30,422,422,59
7,31,422,422,61
7,32,422,422,67
7,33,422,422,64
7,34,422,422,61
7,35,422,422,65
7,36,422,422,66
7,37,422,422,63
7,38,422,422,69
7,39,422,422,61
7,40,422,422,62
7,41,422,422,66
7,42,422,422,63
7,43,422,422,68
7,44,422,422,62
7,45,422,422,56
7,46,422,422,71
7,47,422,422,57
7,48,422,422,53
7,49,422,422,67
7,50,422,422,65
7,51,422,422,65
7,52,422,422,59
7,53,422,422,66
7,54,422,422,51
7,55,422,422,60
7,56,422,422,62
7,57,422,422,58
7,58,422,422,68
7,59,422,422,58
7,60,422,422,59
7,61,422,422,58
7,62,422,422,66
7,63,422,422,70
7,64,422,422,65
7,65,422,422,61
7,66,422,422,63
7,67,422,422,68
7,68,422,422,69
7,69,422,422,60
7,70,422,422,61
7,71,422,422,61
7,72,422,422,66
7,73,422,422,65
7,74,422,422,64
7,75,422,422,67
7,76,422,422,67
7,77,422,422,63
7,78,422,422,56
7,79,422,422,55
7,80,422,422,57
7,81,422,422,58
7,82,422,422,67
7,83,422,422,67
7,84,422,422,62
7,85,422,422,58
7,86,422,422,64
7,87,422,422,57
7,88,422,422,65
7,89,422,422,78
7,90,422,422,70
7,91,422,422,71
7,92,422,422,58
7,93,422,422,64
7,94,422,422,58
7,95,422,422,54
7,96,422,422,57
7,97,422,422,60
7,98,422,422,59
7,99,422,422,57
7,100,422,422,60
7,101,422,422,66
7,102,422,422,52
7,103,422,422,66
7,104,422,422,57
7,105,422,422,63
7,106,422,422,69
7,107,422,422,66
7,108,422,422,55
7,109,422,422,70
7,110,422,422,69
7,111,422,422,60
7,112,422,422,64
7,113,422,422,59
7,114,422,422,68
7,115,422,422,59
7,116,422,422,56
7,117,422,422,58
7,118,422,422,69
7,119,422,422,57
7,120,422,422,55
7,121,422,422,60
7,122,422,422,69
7,123,422,422,56
7,124,422,422,57
7,125,422,422,65
7,126,422,422,73
7,127,422,422,60
7,128,422,422,68
7,129,422,422,68
7,130,422,422,64
7,131,422,422,57
7,132,422,422,56
7,133,422,422,60
7,134,422,422,62
7,135,422,422,55
7,136,422,422,57
7,137,422,422,61
7,138,422,422,56
7,139,422,422,59
7,140,422,422,60
7,141,422,422,50
7,142,422,422,54
7,143,422,422,71
7,144,422,422,66
7,145,422,422,70
7,146,422,422,61
7,147,422,422,60
7,148,422,422,59
7,149,422,422,67
7,150,422,422,60
7,151,422,422,54
7,152,422,422,64
7,153,422,422,65
7,154,422,422,61
7,155,422,422,69
7,156,422,422,61
7,157,422,422,60
7,158,422,422,60
7,159,422,422,59
7,160,422,422,64
7,161,422,422,63
7,162,422,422,56
7,163,422,422,61
7,164,422,422,68
7,165,422,422,65
7,166,422,422,58
7,167,422,422,58
7,168,422,422,61
7,169,422,422,61
7,170,422,422,64
7,171,422,422,62
7,172,422,422,65
7,173,422,422,63
7,174,422,422,67
7,175,422,422,61
7,176,422,422,59
7,177,422,422,57
7,178,422,422,61
7,179,422,422,65
7,180,422,422,62
7,181,422,422,59
7,182,422,422,57
7,183,422,422,72
7,184,422,422,56
7,185,422,422,60
7,186,422,422,59
7,187,422,422,59
7,188,422,422,64
7,189,422,422,61
7,190,422,422,62
7,191,422,422,61
7,192,422,422,66
7,193,422,422,60
7,194,422,422,59
7,195,422,422,74
7,196,422,422,57
7,197,422,422,59
7,198,422,422,70
7,199,422,422,54
7,200,422,422,68
7,201,422,422,66
7,202,422,422,66
7,203,422,422,61
7,204,422,422,62
7,205,422,422,66
7,206,422,422,56
7,207,422,422,56
7,208,422,422,59
7,209,422,422,62
7,210,422,422,65
7,211,422,422,62
7,212,422,422,62
7,213,422,422,67
7,214,422,422,61
7,215,422,422,66
7,216,422,422,61
7,217,422,422,66
7,218,422,422,62
7,219,422,422,59
7,220,422,422,58
7,221,422,422,56
7,222,422,422,65
7,223,422,422,68
7,224,422,422,60
7,225,422,422,50
7,226,422,422,55
7,227,422,422,66
7,228,422,422,68
7,229,422,422,60
7,230,422,422,62
7,231,422,422,60
7,232,422,422,53
7,233,422,422,59
7,234,422,422,61
7,235,422,422,60
7,236,422,422,68
7,237,422,422,63
7,238,422,422,62
7,239,422,422,51
7,240,422,422,57
7,241,422,422,62
7,242,422,422,63
7,243,422,422,68
7,244,422,422,62
7,245,422,422,56
7,246,422,422,59
7,247,422,422,57
7,248,422,422,64
7,249,422,422,56
7,250,422,422,59
7,251,422,422,59
7,252,422,422,54
7,253,422,422,67
7,254,422,422,64
7,255,422,422,62
7,256,422,422,58
7,257,422,422,59
7,258,422,422,64
7,259,422,422,55
7,260,422,422,54
7,261,422,422,64
7,262,422,422,61
7,263,422,422,62
7,264,422,422,50
7,265,422,422,53
7,266,422,422,64
7,267,422,422,59
7,268,422,422,63
7,269,422,422,45
7,270,422,422,55
7,271,422,422,63
7,272,422,422,59
7,273,422,422,60
7,274,422,422,55
7,275,422,422,61
7,276,422,422,58
7,277,422,422,59
7,278,422,422,62
7,279,422,422,63
7,280,422,422,60
7,281,422,422,59
7,282,422,422,68
7,283,422,422,54
7,284,422,422,69
7,285,422,422,58
7,286,422,422,61
7,287,422,422,66
7,288,422,422,55
7,289,422,422,63
7,290,422,422,63
7,291,422,422,68
7,292,422,422,65
7,293,422,422,61
7,294,422,422,60
7,295,422,422,56
7,296,422,422,64
7,297,422,422,50
7,298,422,422,52
7,299,422,422,67
7,300,422,422,58
7,301,422,422,60
7,302,422,422,64
7,303,422,422,59
7,304,422,422,59
7,305,422,422,61
7,306,422,422,57
7,307,422,422,52
7,308,422,422,60
7,309,422,422,62
7,310,422,422,58
7,311,422,422,66
7,312,422,422,62
7,313,422,422,76
7,314,422,422,67
7,315,422,422,58
7,316,422,422,56
7,317,422,422,56
7,318,422,422,68
7,319,422,422,66
7,320,422,422,49
7,321,422,422,66
7,322,422,422,65
7,323,422,422,66
7,324,422,422,62
7,325,422,422,55
7,326,422,422,61
7,327,422,422,70
7,328,422,422,56
7,329,422,422,57
7,330,422,422,60
7,331,422,422,59
7,332,422,422,63
7,333,422,422,57
7,334,422,422,50
7,335,422,422,53
7,336,422,422,63
7,337,422,422,60
7,338,422,422,61
7,339,422,422,57
7,340,422,422,63
7,341,422,422,68
7,342,422,422,54
7,343,422,422,68
7,344,422,422,58
7,345,422,422,54
7,346,422,422,68
7,347,422,422,54
7,348,422,422,66
7,349,422,422,62
7,350,422,422,68
7,351,422,422,61
7,352,422,422,64
7,353,422,422,57
7,354,422,422,66
7,355,422,422,59
7,356,422,422,65
7,357,422,422,61
7,358,422,422,66
7,359,422,422,57
7,360,422,422,47
7,361,422,422,66
7,362,422,422,68
7,363,422,422,61
7,364,422,422,54
7,365,422,422,55
7,366,422,422,53
7,367,422,422,64
7,368,422,422,62
7,369,422,422,62
7,370,422,422,64
7,371,422,422,64
7,372,422,422,70
7,373,422,422,67
7,374,422,422,64
7,375,422,422,65
7,376,422,422,56
7,377,422,422,66
7,378,422,422,63
7,379,422,422,63
7,380,422,422,67
7,381,422,422,60
7,382,422,422,63
7,383,422,422,60
7,384,422,422,59
7,385,422,422,67
7,386,422,422,58
7,387,422,422,64
7,388,422,422,62
7,389,422,422,61
7,390,422,422,63
7,391,422,422,68
7,392,422,422,59
7,393,422,422,62
7,394,422,422,65
7,395,422,422,62
7,396,422,422,56
7,397,422,422,58
7,398,422,422,65
7,399,422,422,64
7,400,422,422,68
7,401,422,422,58
7,402,422,422,62
7,403,422,422,60
7,404,422,422,60
7,405,422,422,73
7,406,422,422,63
7,407,422,422,60
7,408,422,422,65
7,409,422,422,67
7,410,422,422,67
7,411,422,422,60
7,412,422,422,62
7,413,422,422,65
7,414,422,422,59
7,415,422,422,68
7,416,422,422,67
7,417,422,422,57
7,418,422,422,62
7,419,422,422,61
7,420,422,422,63
7,421,422,422,67
7,422,422,422,55
7,423,422,422,56
7,424,422,422,53
7,425,422,422,62
7,426,422,422,61
7,427,422,422,56
7,428,422,422,57
7,429,422,422,71
7,430,422,422,73
7,431,422,422,63
7,432,422,422,67
7,433,422,422,54
7,434,422,422,63
7,435,422,422,66
7,436,422,422,62
7,437,422,422,61
7,438,422,422,57
7,439,422,422,57
7,440,422,422,59
7,441,422,422,61
7,442,422,422,60
7,443,422,422,59
7,444,422,422,57
7,445,422,422,69
7,446,422,422,67
7,447,422,422,51
7,448,422,422,63
7,449,422,422,60
7,450,422,422,58
7,451,422,422,67
7,452,422,422,62
7,453,422,422,65
7,454,422,422,63
7,455,422,422,60
7,456,422,422,64
7,457,422,422,61
7,458,422,422,67
7,459,422,422,60
7,460,422,422,66
7,461,422,422,54
7,462,422,422,60
7,463,422,422,55
7,464,422,422,65
7,465,422,422,62
7,466,422,422,59
7,467,422,422,46
7,468,422,422,59
7,469,422,422,61
7,470,422,422,60
7,471,422,422,63
7,472,422,422,63
7,473,422,422,67
7,474,422,422,67
7,475,422,422,46
7,476,422,422,62
7,477,422,422,63
7,478,422,422,59
7,479,422,422,71
7,480,422,422,55
7,481,422,422,56
7,482,422,422,56
7,483,422,422,62
7,484,422,422,63
7,485,422,422,56
7,486,422,422,64
7,487,422,422,58
7,488,422,422,67
7,489,422,422,56
7,490,422,422,55
7,491,422,422,67
7,492,422,422,57
7,493,422,422,53
7,494,422,422,59
7,495,422,422,63
7,496,422,422,70
7,497,422,422,64
7,498,422,422,65
7,499,422,422,66
7,500,422,422,64
8,0,355,355,23
8,1,355,355,51
8,2,360,360,56
8,3,370,370,54
8,4,392,392,63
8,5,392,392,71
8,6,392,392,59
8,7,392,392,54
8,8,392,392,50
8,9,393,393,70
8,10,394,394,65
8,11,405,405,70
8,12,405,405,62
8,13,405,405,64
8,14,410,410,50
8,15,410,410,60
8,16,410,410,59
8,17,410,410,57
8,18,422,422,65
8,19,422,422,61
8,20,422,422,61
8,21,422,422,65
8,22,422,422,59
8,23,422,422,64
8,24,422,422,65
8,25,422,422,61
8,26,422,422,63
8,27,422,422,57
8,28,422,422,65
8,29,422,422,70
8,30,422,422,57
8,31,422,422,58
8,32,422,422,58
8,33,422,422,66
8,34,422,422,71
8,35,422,422,62
8,36,422,422,56
8,37,422,422,60
8,38,422,422,55
8,39,422,422,67
8,40,422,422,62
8,41,422,422,60
8,42,422,422,64
8,43,422,422,64
8,44,422,422,60
8,45,422,422,65
8,46,422,422,57
8,47,422,422,69
8,48,422,422,61
8,49,422,422,59
8,50,422,422,62
8,51,422,422,63
8,52,422,422,56
8,53,422,422,68
8,54,422,422,61
8,55,422,422,67
8,56,422,422,71
8,57,422,422,60
8,58,422,422,65
8,59,422,422,60
8,60,422,422,60
8,61,422,422,64
8,62,422,422,56
8,63,422,422,62
8,64,422,422,59
8,65,422,422,63
8,66,422,422,64
8,67,422,422,66
8,68,422,422,63
8,69,422,422,63
8,70,422,422,57
8,71,422,422,71
8,72,422,422,60
8,73,422,422,62
8,74,422,422,58
8,75,422,422,54
8,76,422,422,66
8,77,422,422,67
8,78,422,422,62
8,79,422,422,57
8,80,422,422,62
8,81,422,422,65
8,82,422,422,64
8,83,422,422,62
8,84,422,422,65
8,85,422,422,61
8,86,422,422,67
8,87,422,422,59
8,88,422,422,62
8,89,422,422,68
8,90,422,422,66
8,91,422,422,71
8,92,422,422,55
8,93,422,422,58
8,94,422,422,66
8,95,422,422,54
8,96,422,422,56
8,97,422,422,59
8,98,422,422,48
8,99,422,422,54
8,100,422,422,62
8,101,422,422,71
8,102,422,422,70
8,103,422,422,57
8,104,422,422,66
8,105,422,422,58
8,106,422,422,47
8,107,422,422,54
8,108,422,422,68
8,109,422,422,66
8,110,422,422,59
8,111,422,422,55
8,112,422,422,61
8,113,422,422,58
8,114,422,422,64
8,115,422,422,60
8,116,422,422,59
8,117,422,422,60
8,118,422,422,60
8,119,422,422,54
8,120,422,422,64
8,121,422,422,51
8,122,422,422,68
8,123,422,422,63
8,124,422,422,64
8,125,422,422,52
8,126,422,422,59
8,127,422,422,66
8,128,422,422,63
8,129,422,422,62
8,130,422,422,61
8,131,422,422,51
8,132,422,422,59
8,133,422,422,52
8,134,422,422,61
8,135,422,422,54
8,136,422,422,58
8,137,422,422,63
8,138,422,422,63
8,139,422,422,66
8,140,422,422,56
8,141,422,422,58
8,142,422,422,67
8,143,422,422,67
8,144,422,422,66
8,145,422,422,55
8,146,422,422,72
8,147,422,422,66
8,148,422,422,58
8,149,422,422,65
8,150,422,422,61
8,151,422,422,51
8,152,422,422,61
8,153,422,422,59
8,154,422,422,63
8,155,422,422,59
8,156,422,422,65
8,157,422,422,72
8,158,422,422,65
8,159,422,422,72
8,160,422,422,57
8,161,422,422,53
8,162,422,422,57
8,163,422,422,64
8,164,422,422,60
8,165,422,422,56
8,166,422,422,67
8,167,422,422,64
8,168,422,422,63
8,169,422,422,61
8,170,422,422,57
8,171,422,422,60
8,172,422,422,59
8,173,422,422,60
8,174,422,422,60
8,175,422,422,73
8,176,422,422,73
8,177,422,422,60
8,178,422,422,63
8,179,422,422,66
8,180,422,422,66
8,181,422,422,61
8,182,422,422,66
8,183,422,422,65
8,184,422,422,66
8,185,422,422,64
8,186,422,422,59
8,187,422,422,73
8,188,422,422,65
8,189,422,422,49
8,190,422,422,62
8,191,422,422,72
8,192,422,422,62
8,193,422,422,59
8,194,422,422,66
8,195,422,422,51
8,196,422,422,52
8,197,422,422,65
8,198,422,422,54
8,199,422,422,70
8,200,422,422,63
8,201,422,422,65
8,202,422,422,66
8,203,422,422,61
8,204,422,422,62
8,205,422,422,59
8,206,422,422,58
8,207,422,422,63
8,208,422,422,72
8,209,422,422,59
8,210,422,422,61
8,211,422,422,70
8,212,422,422,56
8,213,422,422,66
8,214,422,422,65
8,215,422,422,62
8,216,422,422,50
8,217,422,422,67
8,218,422,422,70
8,219,422,422,68
8,220,422,422,66
8,221,422,422,57
8,222,422,422,60
8,223,422,422,57
8,224,422,422,53
8,225,422,422,56
8,226,422,422,63
8,227,422,422,63
8,228,422,422,55
8,229,422,422,59
8,230,422,422,64
8,231,422,422,61
8,232,422,422,60
8,233,422,422,71
8,234,422,422,60
8,235,422,422,72
8,236,422,422,63
8,237,422,422,60
8,238,422,422,66
8,239,422,422,60
8,240,422,422,72
8,241,422,422,70
8,242,422,422,65
8,243,422,422,50
8,244,422,422,58
8,245,422,422,68
8,246,422,422,64
8,247,422,422,59
8,248,422,422,64
8,249,422,422,55
8,250,422,422,57
8,251,422,422,55
8,252,422,422,63
8,253,422,422,58
8,254,422,422,57
8,255,422,422,57
8,256,422,422,64
8,257,422,422,70
8,258,422,422,65
8,259,422,422,57
8,260,422,422,61
8,261,422,422,54
8,262,422,422,63
8,263,422,422,58
8,264,422,422,58
8,265,422,422,59
8,266,422,422,64
8,267,422,422,70
8,268,422,422,72
8,269,422,422,63
8,270,422,422,59
8,271,422,422,63
8,272,422,422,52
8,273,422,422,58
8,274,422,422,66
8,275,422,422,71
8,276,422,422,55
8,277,422,422,58
8,278,422,422,59
8,279,422,422,64
8,280,422,422,63
8,281,422,422,55
8,282,422,422,65
8,283,422,422,65
8,284,422,422,64
8,285,422,422,59
8,286,422,422,58
8,287,422,422,52
8,288,422,422,60
8,289,422,422,60
8,290,422,422,57
8,291,422,422,60
8,292,422,422,72
8,293,422,422,59
8,294,422,422,62
8,295,422,422,61
8,296,422,422,67
8,297,422,422,66
8,298,422,422,64
8,299,422,422,68
8,300,422,422,66
8,301,422,422,54
8,302,422,422,62
8,303,422,422,58
8,304,422,422,61
8,305,422,422,54
8,306,422,422,68
8,307,422,422,61
8,308,422,422,57
8,309,422,422,62
8,310,422,422,62
8,311,422,422,71
8,312,422,422,63
8,313,422,422,64
8,314,422,422,65
8,315,422,422,67
8,316,422,422,61
8,317,422,422,63
8,318,422,422,67
8,319,422,422,62
8,320,422,422,55
8,321,422,422,55
8,322,422,422,60
8,323,422,422,67
8,324,422,422,53
8,325,422,422,71
8,326,422,422,66
8,327,422,422,69
8,328,422,422,68
8,329,422,422,61
8,330,422,422,59
8,331,422,422,64
8,332,422,422,65
8,333,422,422,73
8,334,422,422,69
8,335,422,422,56
8,336,422,422,60
8,337,422,422,60
8,338,422,422,65
8,339,422,422,62
8,340,422,422,59
8,341,422,422,54
8,342,422,422,60
8,343,422,422,69
8,344,422,422,65
8,345,422,422,58
8,346,422,422,72
8,347,422,422,62
8,348,422,422,59
8,349,422,422,63
8,350,422,422,61
8,351,422,422,62
8,352,422,422,61
8,353,422,422,63
8,354,422,422,60
8,355,422,422,65
8,356,422,422,64
8,357,422,422,70
8,358,422,422,63
8,359,422,422,61
8,360,422,422,53
8,361,422,422,49
8,362,422,422,53
8,363,422,422,60
8,364,422,422,64
8,365,422,422,60
8,366,422,422,61
8,367,422,422,54
8,368,422,422,67
8,369,422,422,67
8,370,422,422,55
8,371,422,422,64
8,372,422,422,58
8,373,422,422,59
8,374,422,422,65
8,375,422,422,72
8,376,422,422,59
8,377,422,422,60
8,378,422,422,56
8,379,422,422,64
8,380,422,422,54
8,381,422,422,56
8,382,422,422,55
8,383,422,422,65
8,384,422,422,65
8,385,422,422,64
8,386,422,422,55
8,387,422,422,58
8,388,422,422,69
8,389,422,422,55
8,390,422,422,64
8,391,422,422,51
8,392,422,422,59
8,393,422,422,56
8,394,422,422,56
8,395,422,422,61
8,396,422,422,60
8,397,422,422,57
8,398,422,422,65
8,399,422,422,63
8,400,422,422,68
8,401,422,422,62
8,402,422,422,59
8,403,422,422,56
8,404,422,422,68
8,405,422,422,65
8,406,422,422,61
8,407,422,422,65
8,408,422,422,59
8,409,422,422,58
8,410,422,422,66
8,411,422,422,63
8,412,422,422,64
8,413,422,422,60
8,414,422,422,59
8,415,422,422,59
8,416,422,422,57
8,417,422,422,62
8,418,422,422,67
8,419,422,422,61
8,420,422,422,61
8,421,422,422,60
8,422,422,422,58
8,423,422,422,64
8,424,422,422,65
8,425,422,422,70
8,426,422,422,58
8,427,422,422,56
8,428,422,422,54
8,429,422,422,61
8,430,422,422,60
8,431,422,422,62
8,432,422,422,63
8,433,422,422,66
8,434,422,422,70
8,435,422,422,65
8,436,422,422,62
8,437,422,422,64
8,438,422,422,67
8,439,422,422,69
8,440,422,422,59
8,441,422,422,64
8,442,422,422,56
8,443,422,422,64
8,444,422,422,66
8,445,422,422,60
8,446,422,422,68
8,447,422,422,52
8,448,422,422,60
8,449,422,422,62
8,450,422,422,59
8,451,422,422,63
8,452,422,422,56
8,453,422,422,65
8,454,422,422,55
8,455,422,422,65
8,456,422,422,66
8,457,422,422,62
8,458,422,422,67
8,459,422,422,59
8,460,422,422,57
8,461,422,422,68
8,462,422,422,59
8,463,422,422,67
8,464,422,422,58
8,465,422,422,63
8,466,422,422,63
8,467,422,422,59
8,468,422,422,61
8,469,422,422,62
8,470,422,422,73
8,471,422,422,70
8,472,422,422,57
8,473,422,422,57
8,474,422,422,61
8,475,422,422,56
8,476,422,422,66
8,477,422,422,58
8,478,422,422,61
8,479,422,422,53
8,480,422,422,57
8,481,422,422,60
8,482,422,422,54
8,483,422,422,64
8,484,422,422,71
8,485,422,422,63
8,486,422,422,59
8,487,422,422,58
8,488,422,422,64
8,489,422,422,62
8,490,422,422,66
8,491,422,422,61
8,492,422,422,65
8,493,422,422,67
8,494,422,422,62
8,495,422,422,70
8,496,422,422,61
8,497,422,422,68
8,498,422,422,66
8,499,422,422,61
8,500,422,422,58
9,0,355,355,19
9,1,372,372,38
9,2,382,382,48
9,3,382,382,66
9,4,382,382,62
9,5,382,382,61
9,6,397,397,59
9,7,422,422,61
9,8,422,422,63
9,9,422,422,67
9,10,422,422,54
9,11,422,422,62
9,12,422,422,66
9,13,422,422,65
9,14,422,422,62
9,15,422,422,65
9,16,422,422,63
9,17,422,422,70
9,18,422,422,54
9,19,422,422,59
9,20,422,422,55
9,21,422,422,53
9,22,422,422,72
9,23,422,422,73
9,24,422,422,58
9,25,422,422,59
9,26,422,422,59
9,27,422,422,61
9,28,422,422,61
9,29,422,422,55
9,30,422,422,61
9,31,422,422,62
9,32,422,422,61
9,33,422,422,64
9,34,422,422,63
9,35,422,422,61
9,36,422,422,63
9,37,422,422,65
9,38,422,422,59
9,39,422,422,54
9,40,422,422,62
9,41,422,422,72
9,42,422,422,62
9,43,422,422,61
9,44,422,422,61
9,45,422,422,62
9,46,422,422,56
9,47,422,422,62
9,48,422,422,65
9,49,422,422,61
9,50,422,422,56
9,51,422,422,56
9,52,422,422,65
9,53,422,422,59
9,54,422,422,53
9,55,422,422,60
9,56,422,422,59
9,57,422,422,56
9,58,422,422,57
9,59,422,422,60
9,60,422,422,55
9,61,422,422,60
9,62,422,422,51
9,63,422,422,64
9,64,422,422,68
9,65,422,422,50
9,66,422,422,58
9,67,422,422,58
9,68,422,422,68
9,69,422,422,66
9,70,422,422,61
9,71,422,422,61
9,72,422,422,62
9,73,422,422,53
9,74,422,422,63
9,75,422,422,61
9,76,422,422,68
9,77,422,422,60
9,78,422,422,56
9,79,422,422,56
9,80,422,422,61
9,81,422,422,53
9,82,422,422,60
9,83,422,422,64
9,84,422,422,63
9,85,422,422,62
9,86,422,422,53
9,87,422,422,60
9,88,422,422,67
9,89,422,422,54
9,90,422,422,55
9,91,422,422,62
9,92,422,422,60
9,93,422,422,49
9,94,422,422,58
9,95,422,422,58
9,96,422,422,52
9,97,422,422,68
9,98,422,422,54
9,99,422,422,63
9,100,422,422,55
9,101,422,422,51
9,102,422,422,50
9,103,422,422,59
9,104,422,422,55
9,105,422,422,71
9,106,422,422,59
9,107,422,422,60
9,108,422,422,62
9,109,422,422,64
9,110,422,422,56
9,111,422,422,59
9,112,422,422,70
9,113,422,422,61
9,114,422,422,59
9,115,422,422,55
9,116,422,422,61
9,117,422,422,54
9,118,422,422,51
9,119,422,422,66
9,120,422,422,65
9,121,422,422,58
9,122,422,422,53
9,123,422,422,63
9,124,422,422,68
9,125,422,422,65
9,126,422,422,59
9,127,422,422,61
9,128,422,422,65
9,129,422,422,56
9,130,422,422,59
9,131,422,422,67
9,132,422,422,45
9,133,422,422,58
9,134,422,422,53
9,135,422,422,59
9,136,422,422,70
9,137,422,422,57
9,138,422,422,63
9,139,422,422,59
9,140,422,422,52
9,141,422,422,55
9,142,422,422,55
9,143,422,422,52
9,144,422,422,54
9,145,422,422,58
9,146,422,422,52
9,147,422,422,65
9,148,422,422,58
9,149,422,422,56
9,150,422,422,58
9,151,422,422,71
9,152,422,422,61
9,153,422,422,59
9,154,422,422,58
9,155,422,422,58
9,156,422,422,56
9,157,422,422,54
9,158,422,422,55
9,159,422,422,64
9,160,422,422,57
9,161,422,422,65
9,162,422,422,61
9,163,422,422,58
9,164,422,422,59
9,165,422,422,65
9,166,422,422,56
9,167,422,422,65
9,168,422,422,61
9,169,422,422,57
9,170,422,422,62
9,171,422,422,63
9,172,422,422,60
9,173,422,422,63
9,174,422,422,58
9,175,422,422,56
9,176,422,422,66
9,177,422,422,67
9,178,422,422,61
9,179,422,422,58
9,180,422,422,68
9,181,422,422,57
9,182,422,422,64
9,183,422,422,61
9,184,422,422,62
9,185,422,422,66
9,186,422,422,57
9,187,422,422,59
9,188,422,422,56
9,189,422,422,67
9,190,422,422,55
9,191,422,422,63
9,192,422,422,61
9,193,422,422,61
9,194,422,422,67
9,195,422,422,65
9,196,422,422,62
9,197,422,422,65
9,198,422,422,54
9,199,422,422,60
9,200,422,422,53
9,201,422,422,66
9,202,422,422,50
9,203,422,422,69
9,204,422,422,64
9,205,422,422,57
9,206,422,422,66
9,207,422,422,61
9,208,422,422,59
9,209,422,422,61
9,210,422,422,62
9,211,422,422,60
9,212,422,422,56
9,213,422,422,60
9,214,422,422,55
9,215,422,422,64
9,216,422,422,61
9,217,422,422,56
9,218,422,422,61
9,219,422,422,67
9,220,422,422,50
9,221,422,422,53
9,222,422,422,62
9,223,422,422,61
9,224,422,422,59
9,225,422,422,62
9,226,422,422,57
9,227,422,422,65
9,228,422,422,65
9,229,422,422,67
9,230,422,422,60
9,231,422,422,60
9,232,422,422,54
9,233,422,422,58
9,234,422,422,59
9,235,422,422,60
9,236,422,422,64
9,237,422,422,65
9,238,422,422,61
9,239,422,422,59
9,240,422,422,47
9,241,422,422,58
9,242,422,422,61
9,243,422,422,64
9,244,422,422,69
9,245,422,422,65
9,246,422,422,72
9,247,422,422,65
9,248,422,422,56
9,249,422,422,67
9,250,422,422,75
9,251,422,422,61
9,252,422,422,56
9,253,422,422,59
9,254,422,422,52
9,255,422,422,60
9,256,422,422,66
9,257,422,422,61
9,258,422,422,65
9,259,422,422,61
9,260,422,422,59
9,261,422,422,69
9,262,422,422,63
9,263,422,422,59
9,264,422,422,60
9,265,422,422,66
9,266,422,422,51
9,267,422,422,68
9,268,422,422,63
9,269,422,422,65
9,270,422,422,65
9,271,422,422,62
9,272,422,422,68
9,273,422,422,61
9,274,422,422,60
9,275,422,422,55
9,276,422,422,63
9,277,422,422,63
9,278,422,422,62
9,279,422,422,55
9,280,422,422,62
9,281,422,422,58
9,282,422,422,57
9,283,422,422,57
9,284,422,422,66
9,285,422,422,57
9,286,422,422,67
9,287,422,422,53
9,288,422,422,56
9,289,422,422,64
9,290,422,422,60
9,291,422,422,71
9,292,422,422,60
9,293,422,422,62
9,294,422,422,65
9,295,422,422,63
9,296,422,422,61
9,297,422,422,51
9,298,422,422,67
9,299,422,422,61
9,300,422,422,60
9,301,422,422,57
9,302,422,422,70
9,303,422,422,57
9,304,422,422,56
9,305,422,422,59
9,306,422,422,58
9,307,422,422,60
9,308,422,422,68
9,309,422,422,67
9,310,422,422,64
9,311,422,422,61
9,312,422,422,65
9,313,422,422,66
9,314,422,422,62
9,315,422,422,52
9,316,422,422,57
9,317,422,422,66
9,318,422,422,65
9,319,422,422,54
9,320,422,422,71
9,321,422,422,57
9,322,422,422,58
9,323,422,422,70
9,324,422,422,65
9,325,422,422,63
9,326,422,422,54
9,327,422,422,68
9,328,422,422,61
9,329,422,422,58
9,330,422,422,64
9,331,422,422,56
9,332,422,422,64
9,333,422,422,63
9,334,422,422,61
9,335,422,422,67
9,336,422,422,67
9,337,422,422,57
9,338,422,422,63
9,339,422,422,55
9,340,422,422,70
9,341,422,422,57
9,342,422,422,60
9,343,422,422,62
9,344,422,422,62
9,345,422,422,60
9,346,422,422,67
9,347,422,422,54
9,348,422,422,66
9,349,422,422,57
9,350,422,422,55
9,351,422,422,59
9,352,422,422,59
9,353,422,422,60
9,354,422,422,60
9,355,422,422,64
9,356,422,422,61
9,357,422,422,58
9,358,422,422,57
9,359,422,422,55
9,360,422,422,62
9,361,422,422,58
9,362,422,422,66
9,363,422,422,48
9,364,422,422,64
9,365,422,422,65
9,366,422,422,69
9,367,422,422,64
9,368,422,422,54
9,369,422,422,69
9,370,422,422,51
9,371,422,422,65
9,372,422,422,63
9,373,422,422,56
9,374,422,422,60
9,375,422,422,61
9,376,422,422,61
9,377,422,422,53
9,378,422,422,56
9,379,422,422,64
9,380,422,422,63
9,381,422,422,51
9,382,422,422,65
9,383,422,422,59
9,384,422,422,60
9,385,422,422,64
9,386,422,422,60
9,387,422,422,70
9,388,422,422,64
9,389,422,422,68
9,390,422,422,63
9,391,422,422,70
9,392,422,422,66
9,393,422,422,60
9,394,422,422,58
9,395,422,422,47
9,396,422,422,60
9,397,422,422,62
9,398,422,422,64
9,399,422,422,63
9,400,422,422,58
9,401,422,422,54
9,402,422,422,61
9,403,422,422,67
9,404,422,422,61
9,405,422,422,60
9,406,422,422,71
9,407,422,422,57
9,408,422,422,58
9,409,422,422,58
9,410,422,422,70
9,411,422,422,66
9,412,422,422,68
9,413,422,422,66
9,414,422,422,71
9,415,422,422,59
9,416,422,422,56
9,417,422,422,61
9,418,422,422,66
9,419,422,422,59
9,420,422,422,58
9,421,422,422,64
9,422,422,422,60
9,423,422,422,60
9,424,422,422,53
9,425,422,422,54
9,426,422,422,61
9,427,422,422,56
9,428,422,422,66
9,429,422,422,61
9,430,422,422,70
9,431,422,422,61
9,432,422,422,60
9,433,422,422,57
9,434,422,422,59
9,435,422,422,59
9,436,422,422,67
9,437,422,422,64
9,438,422,422,62
9,439,422,422,65
9,440,422,422,58
9,441,422,422,62
9,442,422,422,59
9,443,422,422,51
9,444,422,422,67
9,445,422,422,61
9,446,422,422,57
9,447,422,422,61
9,448,422,422,67
9,449,422,422,61
9,450,422,422,55
9,451,422,422,55
9,452,422,422,64
9,453,422,422,66
9,454,422,422,74
9,455,422,422,57
9,456,422,422,60
9,457,422,422,65
9,458,422,422,65
9,459,422,422,63
9,460,422,422,56
9,461,422,422,66
9,462,422,422,63
9,463,422,422,51
9,464,422,422,59
9,465,422,422,60
9,466,422,422,62
9,467,422,422,69
9,468,422,422,63
9,469,422,422,65
9,470,422,422,65
9,471,422,422,62
9,472,422,422,57
9,473,422,422,62
9,474,422,422,63
9,475,422,422,64
9,476,422,422,63
9,477,422,422,75
9,478,422,422,71
9,479,422,422,61
9,480,422,422,59
9,481,422,422,64
9,482,422,422,53
9,483,422,422,59
9,484,422,422,61
9,485,422,422,63
9,486,422,422,50
9,487,422,422,57
9,488,422,422,60
9,489,422,422,65
9,490,422,422,61
9,491,422,422,60
9,492,422,422,62
9,493,422,422,65
9,494,422,422,68
9,495,422,422,61
9,496,422,422,64
9,497,422,422,66
9,498,422,422,64
9,499,422,422,55
9,500,422,422,61
10,0,347,347,24
10,1,349,349,53
10,2,367,367,56
10,3,387,387,56
10,4,387,387,65
10,5,410,410,62
10,6,410,410,64
10,7,410,410,64
10,8,422,422,66
10,9,422,422,61
10,10,422,422,60
10,11,422,422,62
10,12,422,422,61
10,13,422,422,64
10,14,422,422,55
10,15,422,422,61
10,16,422,422,54
10,17,422,422,58
10,18,422,422,58
10,19,422,422,59
10,20,422,422,59
10,21,422,422,65
10,22,422,422,58
10,23,422,422,71
10,24,422,422,70
10,25,422,422,62
10,26,422,422,64
10,27,422,422,59
10,28,422,422,63
10,29,422,422,65
10,30,422,422,59
10,31,422,422,58
10,32,422,422,59
10,33,422,422,57
10,34,422,422,60
10,35,422,422,68
10,36,422,422,69
10,37,422,422,66
10,38,422,422,68
10,39,422,422,69
10,40,422,422,52
10,41,422,422,57
10,42,422,422,59
10,43,422,422,57
10,44,422,422,56
10,45,422,422,60
10,46,422,422,66
10,47,422,422,60
10,48,422,422,71
10,49,422,422,63
10,50,422,422,60
10,51,422,422,56
10,52,422,422,66
10,53,422,422,58
10,54,422,422,57
10,55,422,422,63
10,56,422,422,63
10,57,422,422,63
10,58,422,422,60
10,59,422,422,59
10,60,422,422,60
10,61,422,422,68
10,62,422,422,69
10,63,422,422,53
10,64,422,422,62
10,65,422,422,64
10,66,422,422,64
10,67,422,422,59
10,68,422,422,56
10,69,422,422,57
10,70,422,422,62
10,71,422,422,50
10,72,422,422,69
10,73,422,422,59
10,74,422,422,51
10,75,422,422,54
10,76,422,422,69
10,77,422,422,63
10,78,422,422,59
10,79,422,422,56
10,80,422,422,61
10,81,422,422,54
10,82,422,422,51
10,83,422,422,55
10,84,422,422,56
10,85,422,422,60
10,86,422,422,58
10,87,422,422,64
10,88,422,422,60
10,89,422,422,61
10,90,422,422,62
10,91,422,422,62
10,92,422,422,59
10,93,422,422,66
10,94,422,422,61
10,95,422,422,61
10,96,422,422,59
10,97,422,422,62
10,98,422,422,52
10,99,422,422,67
10,100,422,422,54
10,101,422,422,62
10,102,422,422,68
10,103,422,422,70
10,104,422,422,58
10,105,422,422,55
10,106,422,422,57
10,107,422,422,58
10,108,422,422,71
10,109,422,422,58
10,110,422,422,67
10,111,422,422,60
10,112,422,422,58
10,113,422,422,71
10,114,422,422,59
10,115,422,422,53
10,116,422,422,58
10,117,422,422,60
10,118,422,422,69
10,119,422,422,60
10,120,422,422,58
10,121,422,422,65
10,122,422,422,59
10,123,422,422,62
10,124,422,422,57
10,125,422,422,57
10,126,422,422,58
10,127,422,422,61
10,128,422,422,69
10,129,422,422,64
10,130,422,422,58
10,131,422,422,60
10,132,422,422,64
10,133,422,422,60
10,134,422,422,66
10,135,422,422,59
10,136,422,422,66
10,137,422,422,59
10,138,422,422,60
10,139,422,422,68
10,140,422,422,59
10,141,422,422,66
10,142,422,422,56
10,143,422,422,59
10,144,422,422,53
10,145,422,422,58
10,146,422,422,61
10,147,422,422,67
10,148,422,422,60
10,149,422,422,54
10,150,422,422,61
10,151,422,422,64
10,152,422,422,69
10,153,422,422,67
10,154,422,422,64
10,155,422,422,69
10,156,422,422,57
10,157,422,422,67
10,158,422,422,57
10,159,422,422,59
10,160,422,422,56
10,161,422,422,53
10,162,422,422,55
10,163,422,422,64
10,164,422,422,62
10,165,422,422,62
10,166,422,422,61
10,167,422,422,64
10,168,422,422,67
10,169,422,422,61
10,170,422,422,63
10,171,422,422,64
10,172,422,422,57
10,173,422,422,68
10,174,422,422,67
10,175,422,422,61
10,176,422,422,68
10,177,422,422,62
10,178,422,422,61
10,179,422,422,63
10,180,422,422,61
10,181,422,422,63
10,182,422,422,64
10,183,422,422,58
10,184,422,422,51
10,185,422,422,59
10,186,422,422,59
10,187,422,422,63
10,188,422,422,49
10,189,422,422,60
10,190,422,422,60
10,191,422,422,66
10,192,422,422,67
10,193,422,422,60
10,194,422,422,61
10,195,422,422,68
10,196,422,422,71
10,197,422,422,70
10,198,422,422,62
10,199,422,422,61
10,200,422,422,61
10,201,422,422,54
10,202,422,422,67
10,203,422,422,56
10,204,422,422,62
10,205,422,422,68
10,206,422,422,66
10,207,422,422,56
10,208,422,422,66
10,209,422,422,59
10,210,422,422,57
10,211,422,422,56
10,212,422,422,61
10,213,422,422,60
10,214,422,422,59
10,215,422,422,58
10,216,422,422,64
10,217,422,422,62
10,218,422,422,50
10,219,422,422,64
10,220,422,422,54
10,221,422,422,55
10,222,422,422,64
10,223,422,422,67
10,224,422,422,70
10,225,422,422,57
10,226,422,422,62
10,227,422,422,67
10,228,422,422,64
10,229,422,422,70
10,230,422,422,64
10,231,422,422,67
10,232,422,422,60
10,233,422,422,61
10,234,422,422,66
10,235,422,422,62
10,236,422,422,64
10,237,422,422,67
10,238,422,422,56
10,239,422,422,54
10,240,422,422,54
10,241,422,422,57
10,242,422,422,62
10,243,422,422,59
10,244,422,422,56
10,245,422,422,62
10,246,422,422,64
10,247,422,422,58
10,248,422,422,65
10,249,422,422,65
10,250,422,422,65
10,251,422,422,56
10,252,422,422,65
10,253,422,422,73
10,254,422,422,69
10,255,422,422,65
10,256,422,422,59
10,257,422,422,56
10,258,422,422,54
10,259,422,422,65
10,260,422,422,68
10,261,422,422,58
10,262,422,422,50
10,263,422,422,68
10,264,422,422,62
10,265,422,422,60
10,266,422,422,66
10,267,422,422,72
10,268,422,422,68
10,269,422,422,67
10,270,422,422,53
10,271,422,422,58
10,272,422,422,61
10,273,422,422,58
10,274,422,422,58
10,275,422,422,69
10,276,422,422,65
10,277,422,422,61
10,278,422,422,61
10,279,422,422,67
10,280,422,422,47
10,281,422,422,51
10,282,422,422,59
10,283,422,422,62
10,284,422,422,57
10,285,422,422,60
10,286,422,422,65
10,287,422,422,61
10,288,422,422,74
10,289,422,422,69
10,290,422,422,66
10,291,422,422,50
10,292,422,422,64
10,293,422,422,71
10,294,422,422,52
10,295,422,422,60
10,296,422,422,60
10,297,422,422,66
10,298,422,422,58
10,299,422,422,57
10,300,422,422,63
10,301,422,422,62
10,302,422,422,58
10,303,422,422,60
10,304,422,422,67
10,305,422,422,57
10,306,422,422,65
10,307,422,422,63
10,308,422,422,65
10,309,422,422,59
10,310,422,422,60
10,311,422,422,61
10,312,422,422,61
10,313,422,422,64
10,314,422,422,60
10,315,422,422,60
10,316,422,422,62
10,317,422,422,58
10,318,422,422,62
10,319,422,422,59
10,320,422,422,64
10,321,422,422,67
10,322,422,422,58
10,323,422,422,61
10,324,422,422,62
10,325,422,422,63
10,326,422,422,54
10,327,422,422,72
10,328,422,422,60
10,329,422,422,64
10,330,422,422,65
10,331,422,422,67
10,332,422,422,67
10,333,422,422,55
10,334,422,422,75
10,335,422,422,65
10,336,422,422,59
10,337,422,422,68
10,338,422,422,61
10,339,422,422,61
10,340,422,422,58
10,341,422,422,63
10,342,422,422,63
10,343,422,422,55
10,344,422,422,72
10,345,422,422,56
10,346,422,422,71
10,347,422,422,60
10,348,422,422,58
10,349,422,422,53
10,350,422,422,63
10,351,422,422,65
10,352,422,422,57
10,353,422,422,67
10,354,422,422,62
10,355,422,422,60
10,356,422,422,69
10,357,422,422,56
10,358,422,422,61
10,359,422,422,64
10,360,422,422,55
10,361,422,422,63
10,362,422,422,62
10,363,422,422,67
10,364,422,422,60
10,365,422,422,67
10,366,422,422,67
10,367,422,422,58
10,368,422,422,66
10,369,422,422,58
10,370,422,422,53
10,371,422,422,57
10,372,422,422,63
10,373,422,422,62
10,374,422,422,63
10,375,422,422,61
10,376,422,422,59
10,377,422,422,59
10,378,422,422,57
10,379,422,422,69
10,380,422,422,63
10,381,422,422,62
10,382,422,422,66
10,383,422,422,73
10,384,422,422,54
10,385,422,422,63
10,386,422,422,52
10,387,422,422,60
10,388,422,422,63
10,389,422,422,60
10,390,422,422,58
10,391,422,422,61
10,392,422,422,63
10,393,422,422,55
10,394,422,422,61
10,395,422,422,72
10,396,422,422,62
10,397,422,422,69
10,398,422,422,56
10,399,422,422,61
10,400,422,422,70
10,401,422,422,63
10,402,422,422,68
10,403,422,422,64
10,404,422,422,61
10,405,422,422,58
10,406,422,422,68
10,407,422,422,66
10,408,422,422,58
10,409,422,422,61
10,410,422,422,68
10,411,422,422,60
10,412,422,422,56
10,413,422,422,58
10,414,422,422,70
10,415,422,422,67
10,416,422,422,67
10,417,422,422,64
10,418,422,422,66
10,419,422,422,57
10,420,422,422,56
10,421,422,422,63
10,422,422,422,57
10,423,422,422,54
10,424,422,422,61
10,425,422,422,59
10,426,422,422,65
10,427,422,422,57
10,428,422,422,57
10,429,422,422,61
10,430,422,422,61
10,431,422,422,65
10,432,422,422,55
10,433,422,422,59
10,434,422,422,59
10,435,422,422,56
10,436,422,422,62
10,437,422,422,61
10,438,422,422,64
10,439,422,422,58
10,440,422,422,64
10,441,422,422,69
10,442,422,422,61
10,443,422,422,63
10,444,422,422,54
10,445,422,422,58
10,446,422,422,58
10,447,422,422,58
10,448,422,422,61
10,449,422,422,48
10,450,422,422,56
10,451,422,422,55
10,452,422,422,58
10,453,422,422,61
10,454,422,422,56
10,455,422,422,69
10,456,422,422,62
10,457,422,422,65
10,458,422,422,62
10,459,422,422,53
10,460,422,422,64
10,461,422,422,62
10,462,422,422,67
10,463,422,422,67
10,464,422,422,63
10,465,422,422,53
10,466,422,422,59
10,467,422,422,66
10,468,422,422,57
10,469,422,422,59
10,470,422,422,59
10,471,422,422,58
10,472,422,422,52
10,473,422,422,57
10,474,422,422,61
10,475,422,422,63
10,476,422,422,68
10,477,422,422,52
10,478,422,422,61
10,479,422,422,56
10,480,422,422,61
10,481,422,422,55
10,482,422,422,69
10,483,422,422,60
10,484,422,422,58
10,485,422,422,66
10,486,422,422,64
10,487,422,422,62
10,488,422,422,57
10,489,422,422,66
10,490,422,422,71
10,491,422,422,64
10,492,422,422,62
10,493,422,422,58
10,494,422,422,66
10,495,422,422,70
10,496,422,422,70
10,497,422,422,62
10,498,422,422,60
10,499,422,422,64
10,500,422,422,60
11,0,410,410,100
11,1,422,422,100
11,2,422,422,100
11,3,422,422,100
11,4,422,422,100
11,5,422,422,100
11,6,422,422,100
11,7,422,422,100
11,8,422,422,100
11,9,422,422,100
11,10,422,422,100
11,11,422,422,100
11,12,422,422,100
11,13,422,422,100
11,14,422,422,100
11,15,422,422,100
11,16,422,422,100
11,17,422,422,100
11,18,422,422,100
11,19,422,422,100
11,20,422,422,100
11,21,422,422,100
11,22,422,422,100
11,23,422,422,100
11,24,422,422,100
11,25,422,422,100
11,26,422,422,100
11,27,422,422,100
11,28,422,422,100
11,29,422,422,100
11,30,422,422,100
11,31,422,422,100
11,32,422,422,100
11,33,422,422,100
11,34,422,422,100
11,35,422,422,100
11,36,422,422,100
11,37,422,422,100
11,38,422,422,100
11,39,422,422,100
11,40,422,422,100
11,41,422,422,100
11,42,422,422,100
11,43,422,422,100
11,44,422,422,100
11,45,422,422,100
11,46,422,422,100
11,47,422,422,100
11,48,422,422,100
11,49,422,422,100
11,50,422,422,100
11,51,422,422,100
11,52,422,422,100
11,53,422,422,100
11,54,422,422,100
11,55,422,422,100
11,56,422,422,100
11,57,422,422,100
11,58,422,422,100
11,59,422,422,100
11,60,422,422,100
11,61,422,422,100
11,62,422,422,100
11,63,422,422,100
11,64,422,422,100
11,65,422,422,100
11,66,422,422,100
11,67,422,422,100
11,68,422,422,100
11,69,422,422,100
11,70,422,422,100
11,71,422,422,100
11,72,422,422,100
11,73,422,422,100
11,74,422,422,100
11,75,422,422,100
11,76,422,422,100
11,77,422,422,100
11,78,422,422,100
11,79,422,422,100
11,80,422,422,100
11,81,422,422,100
11,82,422,422,100
11,83,422,422,100
11,84,422,422,100
11,85,422,422,100
11,86,422,422,100
11,87,422,422,100
11,88,422,422,100
11,89,422,422,100
11,90,422,422,100
11,91,422,422,100
11,92,422,422,100
11,93,422,422,100
11,94,422,422,100
11,95,422,422,100
11,96,422,422,100
11,97,422,422,100
11,98,422,422,100
11,99,422,422,100
11,100,422,422,100
11,101,422,422,100
11,102,422,422,100
11,103,422,422,100
11,104,422,422,100
11,105,422,422,100
11,106,422,422,100
11,107,422,422,100
11,108,422,422,100
11,109,422,422,100
11,110,422,422,100
11,111,422,422,100
11,112,422,422,100
11,113,422,422,100
11,114,422,422,100
11,115,422,422,100
11,116,422,422,100
11,117,422,422,100
11,118,422,422,100
11,119,422,422,100
11,120,422,422,100
11,121,422,422,100
11,122,422,422,100
11,123,422,422,100
11,124,422,422,100
11,125,422,422,100
11,126,422,422,100
11,127,422,422,100
11,128,422,422,100
11,129,422,422,100
11,130,422,422,100
11,131,422,422,100
11,132,422,422,100
11,133,422,422,100
11,134,422,422,100
11,135,422,422,100
11,136,422,422,100
11,137,422,422,100
11,138,422,422,100
11,139,422,422,100
11,140,422,422,100
11,141,422,422,100
11,142,422,422,100
11,143,422,422,100
11,144,422,422,100
11,145,422,422,100
11,146,422,422,100
11,147,422,422,100
11,148,422,422,100
11,149,422,422,100
11,150,422,422,100
11,151,422,422,100
11,152,422,422,100
11,153,422,422,100
11,154,422,422,100
11,155,422,422,100
11,156,422,422,100
11,157,422,422,100
11,158,422,422,100
11,159,422,422,100
11,160,422,422,100
11,161,422,422,100
11,162,422,422,100
11,163,422,422,100
11,164,422,422,100
11,165,422,422,100
11,166,422,422,100
11,167,422,422,100
11,168,422,422,100
11,169,422,422,100
11,170,422,422,100
11,171,422,422,100
11,172,422,422,100
11,173,422,422,100
11,174,422,422,100
11,175,422,422,100
11,176,422,422,100
11,177,422,422,100
11,178,422,422,100
11,179,422,422,100
11,180,422,422,100
11,181,422,422,100
11,182,422,422,100
11,183,422,422,100
11,184,422,422,100
11,185,422,422,100
11,186,422,422,100
11,187,422,422,100
11,188,422,422,100
11,189,422,422,100
11,190,422,422,100
11,191,422,422,100
11,192,422,422,100
11,193,422,422,100
11,194,422,422,100
11,195,422,422,100
11,196,422,422,100
11,197,422,422,100
11,198,422,422,100
11,199,422,422,100
11,200,422,422,100
11,201,422,422,100
11,202,422,422,100
11,203,422,422,100
11,204,422,422,100
11,205,422,422,100
11,206,422,422,100
11,207,422,422,100
11,208,422,422,100
11,209,422,422,100
11,210,422,422,100
11,211,422,422,100
11,212,422,422,100
11,213,422,422,100
11,214,422,422,100
11,215,422,422,100
11,216,422,422,100
11,217,422,422,100
11,218,422,422,100
11,219,422,422,100
11,220,422,422,100
11,221,422,422,100
11,222,422,422,100
11,223,422,422,100
11,224,422,422,100
11,225,422,422,100
11,226,422,422,100
11,227,422,422,100
11,228,422,422,100
11,229,422,422,100
11,230,422,422,100
11,231,422,422,100
11,232,422,422,100
11,233,422,422,100
11,234,422,422,100
11,235,422,422,100
11,236,422,422,100
11,237,422,422,100
11,238,422,422,100
11,239,422,422,100
11,240,422,422,100
11,241,422,422,100
11,242,422,422,100
11,243,422,422,100
11,244,422,422,100
11,245,422,422,100
11,246,422,422,100
11,247,422,422,100
11,248,422,422,100
11,249,422,422,100
11,250,422,422,100
11,251,422,422,100
11,252,422,422,100
11,253,422,422,100
11,254,422,422,100
11,255,422,422,100
11,256,422,422,100
11,257,422,422,100
11,258,422,422,100
11,259,422,422,100
11,260,422,422,100
11,261,422,422,100
11,262,422,422,100
11,263,422,422,100
11,264,422,422,100
11,265,422,422,100
11,266,422,422,100
11,267,422,422,100
11,268,422,422,100
11,269,422,422,100
11,270,422,422,100
11,271,422,422,100
11,272,422,422,100
11,273,422,422,100
11,274,422,422,100
11,275,422,422,100
11,276,422,422,100
11,277,422,422,100
11,278,422,422,100
11,279,422,422,100
11,280,422,422,100
11,281,422,422,100
11,282,422,422,100
11,283,422,422,100
11,284,422,422,100
11,285,422,422,100
11,286,422,422,100
11,287,422,422,100
11,288,422,422,100
11,289,422,422,100
11,290,422,422,100
11,291,422,422,100
11,292,422,422,100
11,293,422,422,100
11,294,422,422,100
11,295,422,422,100
11,296,422,422,100
11,297,422,422,100
11,298,422,422,100
11,299,422,422,100
11,300,422,422,100
11,301,422,422,100
11,302,422,422,100
11,303,422,422,100
11,304,422,422,100
11,305,422,422,100
11,306,422,422,100
11,307,422,422,100
11,308,422,422,100
11,309,422,422,100
11,310,422,422,100
11,311,422,422,100
11,312,422,422,100
11,313,422,422,100
11,314,422,422,100
11,315,422,422,100
11,316,422,422,100
11,317,422,422,100
11,318,422,422,100
11,319,422,422,100
11,320,422,422,100
11,321,422,422,100
11,322,422,422,100
11,323,422,422,100
11,324,422,422,100
11,325,422,422,100
11,326,422,422,100
11,327,422,422,100
11,328,422,422,100
11,329,422,422,100
11,330,422,422,100
11,331,422,422,100
11,332,422,422,100
11,333,422,422,100
11,334,422,422,100
11,335,422,422,100
11,336,422,422,100
11,337,422,422,100
11,338,422,422,100
11,339,422,422,100
11,340,422,422,100
11,341,422,422,100
11,342,422,422,100
11,343,422,422,100
11,344,422,422,100
11,345,422,422,100
11,346,422,422,100
11,347,422,422,100
11,348,422,422,100
11,349,422,422,100
11,350,422,422,100
11,351,422,422,100
11,352,422,422,100
11,353,422,422,100
11,354,422,422,100
11,355,422,422,100
11,356,422,422,100
11,357,422,422,100
11,358,422,422,100
11,359,422,422,100
11,360,422,422,100
11,361,422,422,100
11,362,422,422,100
11,363,422,422,100
11,364,422,422,100
11,365,422,422,100
11,366,422,422,100
11,367,422,422,100
11,368,422,422,100
11,369,422,422,100
11,370,422,422,100
11,371,422,422,100
11,372,422,422,100
11,373,422,422,100
11,374,422,422,100
11,375,422,422,100
11,376,422,422,100
11,377,422,422,100
11,378,422,422,100
11,379,422,422,100
11,380,422,422,100
11,381,422,422,100
11,382,422,422,100
11,383,422,422,100
11,384,422,422,100
11,385,422,422,100
11,386,422,422,100
11,387,422,422,100
11,388,422,422,100
11,389,422,422,100
11,390,422,422,100
11,391,422,422,100
11,392,422,422,100
11,393,422,422,100
11,394,422,422,100
11,395,422,422,100
11,396,422,422,100
11,397,422,422,100
11,398,422,422,100
11,399,422,422,100
11,400,422,422,100
11,401,422,422,100
11,402,422,422,100
11,403,422,422,100
11,404,422,422,100
11,405,422,422,100
11,406,422,422,100
11,407,422,422,100
11,408,422,422,100
11,409,422,422,100
11,410,422,422,100
11,411,422,422,100
11,412,422,422,100
11,413,422,422,100
11,414,422,422,100
11,415,422,422,100
11,416,422,422,100
11,417,422,422,100
11,418,422,422,100
11,419,422,422,100
11,420,422,422,100
11,421,422,422,100
11,422,422,422,100
11,423,422,422,100
11,424,422,422,100
11,425,422,422,100
11,426,422,422,100
11,427,422,422,100
11,428,422,422,100
11,429,422,422,100
11,430,422,422,100
11,431,422,422,100
11,432,422,422,100
11,433,422,422,100
11,434,422,422,100
11,435,422,422,100
11,436,422,422,100
11,437,422,422,100
11,438,422,422,100
11,439,422,422,100
11,440,422,422,100
11,441,422,422,100
11,442,422,422,100
11,443,422,422,100
11,444,422,422,100
11,445,422,422,100
11,446,422,422,100
11,447,422,422,100
11,448,422,422,100
11,449,422,422,100
11,450,422,422,100
11,451,422,422,100
11,452,422,422,100
11,453,422,422,100
11,454,422,422,100
11,455,422,422,100
11,456,422,422,100
11,457,422,422,100
11,458,422,422,100
11,459,422,422,100
11,460,422,422,100
11,461,422,422,100
11,462,422,422,100
11,463,422,422,100
11,464,422,422,100
11,465,422,422,100
11,466,422,422,100
11,467,422,422,100
11,468,422,422,100
11,469,422,422,100
11,470,422,422,100
11,471,422,422,100
11,472,422,422,100
11,473,422,422,100
11,474,422,422,100
11,475,422,422,100
11,476,422,422,100
11,477,422,422,100
11,478,422,422,100
11,479,422,422,100
11,480,422,422,100
11,481,422,422,100
11,482,422,422,100
11,483,422,422,100
11,484,422,422,100
11,485,422,422,100
11,486,422,422,100
11,487,422,422,100
11,488,422,422,100
11,489,422,422,100
11,490,422,422,100
11,491,422,422,100
11,492,422,422,100
11,493,422,422,100
11,494,422,422,100
11,495,422,422,100
11,496,422,422,100
11,497,422,422,100
11,498,422,422,100
11,499,422,422,100
11,500,422,422,100
12,0,405,405,100
12,1,407,407,100
12,2,407,407,100
12,3,407,407,100
12,4,422,422,100
12,5,422,422,100
12,6,422,422,100
12,7,422,422,100
12,8,422,422,100
12,9,422,422,100
12,10,422,422,100
12,11,422,422,100
12,12,422,422,100
12,13,422,422,100
12,14,422,422,100
12,15,422,422,100
12,16,422,422,100
12,17,422,422,100
12,18,422,422,100
12,19,422,422,100
12,20,422,422,100
12,21,422,422,100
12,22,422,422,100
12,23,422,422,100
12,24,422,422,100
12,25,422,422,100
12,26,422,422,100
12,27,422,422,100
12,28,422,422,100
12,29,422,422,100
12,30,422,422,100
12,31,422,422,100
12,32,422,422,100
12,33,422,422,100
12,34,422,422,100
12,35,422,422,100
12,36,422,422,100
12,37,422,422,100
12,38,422,422,100
12,39,422,422,100
12,40,422,422,100
12,41,422,422,100
12,42,422,422,100
12,43,422,422,100
12,44,422,422,100
12,45,422,422,100
12,46,422,422,100
12,47,422,422,100
12,48,422,422,100
12,49,422,422,100
12,50,422,422,100
12,51,422,422,100
12,52,422,422,100
12,53,422,422,100
12,54,422,422,100
12,55,422,422,100
12,56,422,422,100
12,57,422,422,100
12,58,422,422,100
12,59,422,422,100
12,60,422,422,100
12,61,422,422,100
12,62,422,422,100
12,63,422,422,100
12,64,422,422,100
12,65,422,422,100
12,66,422,422,100
12,67,422,422,100
12,68,422,422,100
12,69,422,422,100
12,70,422,422,100
12,71,422,422,100
12,72,422,422,100
12,73,422,422,100
12,74,422,422,100
12,75,422,422,100
12,76,422,422,100
12,77,422,422,100
12,78,422,422,100
12,79,422,422,100
12,80,422,422,100
12,81,422,422,100
12,82,422,422,100
12,83,422,422,100
12,84,422,422,100
12,85,422,422,100
12,86,422,422,100
12,87,422,422,100
12,88,422,422,100
12,89,422,422,100
12,90,422,422,100
12,91,422,422,100
12,92,422,422,100
12,93,422,422,100
12,94,422,422,100
12,95,422,422,100
12,96,422,422,100
12,97,422,422,100
12,98,422,422,100
12,99,422,422,100
12,100,422,422,100
12,101,422,422,100
12,102,422,422,100
12,103,422,422,100
12,104,422,422,100
12,105,422,422,100
12,106,422,422,100
12,107,422,422,100
12,108,422,422,100
12,109,422,422,100
12,110,422,422,100
12,111,422,422,100
12,112,422,422,100
12,113,422,422,100
12,114,422,422,100
12,115,422,422,100
12,116,422,422,100
12,117,422,422,100
12,118,422,422,100
12,119,422,422,100
12,120,422,422,100
12,121,422,422,100
12,122,422,422,100
12,123,422,422,100
12,124,422,422,100
12,125,422,422,100
12,126,422,422,100
12,127,422,422,100
12,128,422,422,100
12,129,422,422,100
12,130,422,422,100
12,131,422,422,100
12,132,422,422,100
12,133,422,422,100
12,134,422,422,100
12,135,422,422,100
12,136,422,422,100
12,137,422,422,100
12,138,422,422,100
12,139,422,422,100
12,140,422,422,100
12,141,422,422,100
12,142,422,422,100
12,143,422,422,100
12,144,422,422,100
12,145,422,422,100
12,146,422,422,100
12,147,422,422,100
12,148,422,422,100
12,149,422,422,100
12,150,422,422,100
12,151,422,422,100
12,152,422,422,100
12,153,422,422,100
12,154,422,422,100
12,155,422,422,100
12,156,422,422,100
12,157,422,422,100
12,158,422,422,100
12,159,422,422,100
12,160,422,422,100
12,161,422,422,100
12,162,422,422,100
12,163,422,422,100
12,164,422,422,100
12,165,422,422,100
12,166,422,422,100
12,167,422,422,100
12,168,422,422,100
12,169,422,422,100
12,170,422,422,100
12,171,422,422,100
12,172,422,422,100
12,173,422,422,100
12,174,422,422,100
12,175,422,422,100
12,176,422,422,100
12,177,422,422,100
12,178,422,422,100
12,179,422,422,100
12,180,422,422,100
12,181,422,422,100
12,182,422,422,100
12,183,422,422,100
12,184,422,422,100
12,185,422,422,100
12,186,422,422,100
12,187,422,422,100
12,188,422,422,100
12,189,422,422,100
12,190,422,422,100
12,191,422,422,100
12,192,422,422,100
12,193,422,422,100
12,194,422,422,100
12,195,422,422,100
12,196,422,422,100
12,197,422,422,100
12,198,422,422,100
12,199,422,422,100
12,200,422,422,100
12,201,422,422,100
12,202,422,422,100
12,203,422,422,100
12,204,422,422,100
12,205,422,422,100
12,206,422,422,100
12,207,422,422,100
12,208,422,422,100
12,209,422,422,100
12,210,422,422,100
12,211,422,422,100
12,212,422,422,100
12,213,422,422,100
12,214,422,422,100
12,215,422,422,100
12,216,422,422,100
12,217,422,422,100
12,218,422,422,100
12,219,422,422,100
12,220,422,422,100
12,221,422,422,100
12,222,422,422,100
12,223,422,422,100
12,224,422,422,100
12,225,422,422,100
12,226,422,422,100
12,227,422,422,100
12,228,422,422,100
12,229,422,422,100
12,230,422,422,100
12,231,422,422,100
12,232,422,422,100
12,233,422,422,100
12,234,422,422,100
12,235,422,422,100
12,236,422,422,100
12,237,422,422,100
12,238,422,422,100
12,239,422,422,100
12,240,422,422,100
12,241,422,422,100
12,242,422,422,100
12,243,422,422,100
12,244,422,422,100
12,245,422,422,100
12,246,422,422,100
12,247,422,422,100
12,248,422,422,100
12,249,422,422,100
12,250,422,422,100
12,251,422,422,100
12,252,422,422,100
12,253,422,422,100
12,254,422,422,100
12,255,422,422,100
12,256,422,422,100
12,257,422,422,100
12,258,422,422,100
12,259,422,422,100
12,260,422,422,100
12,261,422,422,100
12,262,422,422,100
12,263,422,422,100
12,264,422,422,100
12,265,422,422,100
12,266,422,422,100
12,267,422,422,100
12,268,422,422,100
12,269,422,422,100
12,270,422,422,100
12,271,422,422,100
12,272,422,422,100
12,273,422,422,100
12,274,422,422,100
12,275,422,422,100
12,276,422,422,100
12,277,422,422,100
12,278,422,422,100
12,279,422,422,100
12,280,422,422,100
12,281,422,422,100
12,282,422,422,100
12,283,422,422,100
12,284,422,422,100
12,285,422,422,100
12,286,422,422,100
12,287,422,422,100
12,288,422,422,100
12,289,422,422,100
12,290,422,422,100
12,291,422,422,100
12,292,422,422,100
12,293,422,422,100
12,294,422,422,100
12,295,422,422,100
12,296,422,422,100
12,297,422,422,100
12,298,422,422,100
12,299,422,422,100
12,300,422,422,100
12,301,422,422,100
12,302,422,422,100
12,303,422,422,100
12,304,422,422,100
12,305,422,422,100
12,306,422,422,100
12,307,422,422,100
12,308,422,422,100
12,309,422,422,100
12,310,422,422,100
12,311,422,422,100
12,312,422,422,100
12,313,422,422,100
12,314,422,422,100
12,315,422,422,100
12,316,422,422,100
12,317,422,422,100
12,318,422,422,100
12,319,422,422,100
12,320,422,422,100
12,321,422,422,100
12,322,422,422,100
12,323,422,422,100
12,324,422,422,100
12,325,422,422,100
12,326,422,422,100
12,327,422,422,100
12,328,422,422,100
12,329,422,422,100
12,330,422,422,100
12,331,422,422,100
12,332,422,422,100
12,333,422,422,100
12,334,422,422,100
12,335,422,422,100
12,336,422,422,100
12,337,422,422,100
12,338,422,422,100
12,339,422,422,100
12,340,422,422,100
12,341,422,422,100
12,342,422,422,100
12,343,422,422,100
12,344,422,422,100
12,345,422,422,100
12,346,422,422,100
12,347,422,422,100
12,348,422,422,100
12,349,422,422,100
12,350,422,422,100
12,351,422,422,100
12,352,422,422,100
12,353,422,422,100
12,354,422,422,100
12,355,422,422,100
12,356,422,422,100
12,357,422,422,100
12,358,422,422,100
12,359,422,422,100
12,360,422,422,100
12,361,422,422,100
12,362,422,422,100
12,363,422,422,100
12,364,422,422,100
12,365,422,422,100
12,366,422,422,100
12,367,422,422,100
12,368,422,422,100
12,369,422,422,100
12,370,422,422,100
12,371,422,422,100
12,372,422,422,100
12,373,422,422,100
12,374,422,422,100
12,375,422,422,100
12,376,422,422,100
12,377,422,422,100
12,378,422,422,100
12,379,422,422,100
12,380,422,422,100
12,381,422,422,100
12,382,422,422,100
12,383,422,422,100
12,384,422,422,100
12,385,422,422,100
12,386,422,422,100
12,387,422,422,100
12,388,422,422,100
12,389,422,422,100
12,390,422,422,100
12,391,422,422,100
12,392,422,422,100
12,393,422,422,100
12,394,422,422,100
12,395,422,422,100
12,396,422,422,100
12,397,422,422,100
12,398,422,422,100
12,399,422,422,100
12,400,422,422,100
12,401,422,422,100
12,402,422,422,100
12,403,422,422,100
12,404,422,422,100
12,405,422,422,100
12,406,422,422,100
12,407,422,422,100
12,408,422,422,100
12,409,422,422,100
12,410,422,422,100
12,411,422,422,100
12,412,422,422,100
12,413,422,422,100
12,414,422,422,100
12,415,422,422,100
12,416,422,422,100
12,417,422,422,100
12,418,422,422,100
12,419,422,422,100
12,420,422,422,100
12,421,422,422,100
12,422,422,422,100
12,423,422,422,100
12,424,422,422,100
12,425,422,422,100
12,426,422,422,100
12,427,422,422,100
12,428,422,422,100
12,429,422,422,100
12,430,422,422,100
12,431,422,422,100
12,432,422,422,100
12,433,422,422,100
12,434,422,422,100
12,435,422,422,100
12,436,422,422,100
12,437,422,422,100
12,438,422,422,100
12,439,422,422,100
12,440,422,422,100
12,441,422,422,100
12,442,422,422,100
12,443,422,422,100
12,444,422,422,100
12,445,422,422,100
12,446,422,422,100
12,447,422,422,100
12,448,422,422,100
12,449,422,422,100
12,450,422,422,100
12,451,422,422,100
12,452,422,422,100
12,453,422,422,100
12,454,422,422,100
12,455,422,422,100
12,456,422,422,100
12,457,422,422,100
12,458,422,422,100
12,459,422,422,100
12,460,422,422,100
12,461,422,422,100
12,462,422,422,100
12,463,422,422,100
12,464,422,422,100
12,465,422,422,100
12,466,422,422,100
12,467,422,422,100
12,468,422,422,100
12,469,422,422,100
12,470,422,422,100
12,471,422,422,100
12,472,422,422,100
12,473,422,422,100
12,474,422,422,100
12,475,422,422,100
12,476,422,422,100
12,477,422,422,100
12,478,422,422,100
12,479,422,422,100
12,480,422,422,100
12,481,422,422,100
12,482,422,422,100
12,483,422,422,100
12,484,422,422,100
12,485,422,422,100
12,486,422,422,100
12,487,422,422,100
12,488,422,422,100
12,489,422,422,100
12,490,422,422,100
12,491,422,422,100
12,492,422,422,100
12,493,422,422,100
12,494,422,422,100
12,495,422,422,100
12,496,422,422,100
12,497,422,422,100
12,498,422,422,100
12,499,422,422,100
12,500,422,422,100
13,0,405,405,100
13,1,410,410,100
13,2,422,422,100
13,3,422,422,100
13,4,422,422,100
13,5,422,422,100
13,6,422,422,100
13,7,422,422,100
13,8,422,422,100
13,9,422,422,100
13,10,422,422,100
13,11,422,422,100
13,12,422,422,100
13,13,422,422,100
13,14,422,422,100
13,15,422,422,100
13,16,422,422,100
13,17,422,422,100
13,18,422,422,100
13,19,422,422,100
13,20,422,422,100
13,21,422,422,100
13,22,422,422,100
13,23,422,422,100
13,24,422,422,100
13,25,422,422,100
13,26,422,422,100
13,27,422,422,100
13,28,422,422,100
13,29,422,422,100
13,30,422,422,100
13,31,422,422,100
13,32,422,422,100
13,33,422,422,100
13,34,422,422,100
13,35,422,422,100
13,36,422,422,100
13,37,422,422,100
13,38,422,422,100
13,39,422,422,100
13,40,422,422,100
13,41,422,422,100
13,42,422,422,100
13,43,422,422,100
13,44,422,422,100
13,45,422,422,100
13,46,422,422,100
13,47,422,422,100
13,48,422,422,100
13,49,422,422,100
13,50,422,422,100
13,51,422,422,100
13,52,422,422,100
13,53,422,422,100
13,54,422,422,100
13,55,422,422,100
13,56,422,422,100
13,57,422,422,100
13,58,422,422,100
13,59,422,422,100
13,60,422,422,100
13,61,422,422,100
13,62,422,422,100
13,63,422,422,100
13,64,422,422,100
13,65,422,422,100
13,66,422,422,100
13,67,422,422,100
13,68,422,422,100
13,69,422,422,100
13,70,422,422,100
13,71,422,422,100
13,72,422,422,100
13,73,422,422,100
13,74,422,422,100
13,75,422,422,100
13,76,422,422,100
13,77,422,422,100
13,78,422,422,100
13,79,422,422,100
13,80,422,422,100
13,81,422,422,100
13,82,422,422,100
13,83,422,422,100
13,84,422,422,100
13,85,422,422,100
13,86,422,422,100
13,87,422,422,100
13,88,422,422,100
13,89,422,422,100
13,90,422,422,100
13,91,422,422,100
13,92,422,422,100
13,93,422,422,100
13,94,422,422,100
13,95,422,422,100
13,96,422,422,100
13,97,422,422,100
13,98,422,422,100
13,99,422,422,100
13,100,422,422,100
13,101,422,422,100
13,102,422,422,100
13,103,422,422,100
13,104,422,422,100
13,105,422,422,100
13,106,422,422,100
13,107,422,422,100
13,108,422,422,100
13,109,422,422,100
13,110,422,422,100
13,111,422,422,100
13,112,422,422,100
13,113,422,422,100
13,114,422,422,100
13,115,422,422,100
13,116,422,422,100
13,117,422,422,100
13,118,422,422,100
13,119,422,422,100
13,120,422,422,100
13,121,422,422,100
13,122,422,422,100
13,123,422,422,100
13,124,422,422,100
13,125,422,422,100
13,126,422,422,100
13,127,422,422,100
13,128,422,422,100
13,129,422,422,100
13,130,422,422,100
13,131,422,422,100
13,132,422,422,100
13,133,422,422,100
13,134,422,422,100
13,135,422,422,100
13,136,422,422,100
13,137,422,422,100
13,138,422,422,100
13,139,422,422,100
13,140,422,422,100
13,141,422,422,100
13,142,422,422,100
13,143,422,422,100
13,144,422,422,100
13,145,422,422,100
13,146,422,422,100
13,147,422,422,100
13,148,422,422,100
13,149,422,422,100
13,150,422,422,100
13,151,422,422,100
13,152,422,422,100
13,153,422,422,100
13,154,422,422,100
13,155,422,422,100
13,156,422,422,100
13,157,422,422,100
13,158,422,422,100
13,159,422,422,100
13,160,422,422,100
13,161,422,422,100
13,162,422,422,100
13,163,422,422,100
13,164,422,422,100
13,165,422,422,100
13,166,422,422,100
13,167,422,422,100
13,168,422,422,100
13,169,422,422,100
13,170,422,422,100
13,171,422,422,100
13,172,422,422,100
13,173,422,422,100
13,174,422,422,100
13,175,422,422,100
13,176,422,422,100
13,177,422,422,100
13,178,422,422,100
13,179,422,422,100
13,180,422,422,100
13,181,422,422,100
13,182,422,422,100
13,183,422,422,100
13,184,422,422,100
13,185,422,422,100
13,186,422,422,100
13,187,422,422,100
13,188,422,422,100
13,189,422,422,100
13,190,422,422,100
13,191,422,422,100
13,192,422,422,100
13,193,422,422,100
13,194,422,422,100
13,195,422,422,100
13,196,422,422,100
13,197,422,422,100
13,198,422,422,100
13,199,422,422,100
13,200,422,422,100
13,201,422,422,100
13,202,422,422,100
13,203,422,422,100
13,204,422,422,100
13,205,422,422,100
13,206,422,422,100
13,207,422,422,100
13,208,422,422,100
13,209,422,422,100
13,210,422,422,100
13,211,422,422,100
13,212,422,422,100
13,213,422,422,100
13,214,422,422,100
13,215,422,422,100
13,216,422,422,100
13,217,422,422,100
13,218,422,422,100
13,219,422,422,100
13,220,422,422,100
13,221,422,422,100
13,222,422,422,100
13,223,422,422,100
13,224,422,422,100
13,225,422,422,100
13,226,422,422,100
13,227,422,422,100
13,228,422,422,100
13,229,422,422,100
13,230,422,422,100
13,231,422,422,100
13,232,422,422,100
13,233,422,422,100
13,234,422,422,100
13,235,422,422,100
13,236,422,422,100
13,237,422,422,100
13,238,422,422,100
13,239,422,422,100
13,240,422,422,100
13,241,422,422,100
13,242,422,422,100
13,243,422,422,100
13,244,422,422,100
13,245,422,422,100
13,246,422,422,100
13,247,422,422,100
13,248,422,422,100
13,249,422,422,100
13,250,422,422,100
13,251,422,422,100
13,252,422,422,100
13,253,422,422,100
13,254,422,422,100
13,255,422,422,100
13,256,422,422,100
13,257,422,422,100
13,258,422,422,100
13,259,422,422,100
13,260,422,422,100
13,261,422,422,100
13,262,422,422,100
13,263,422,422,100
13,264,422,422,100
13,265,422,422,100
13,266,422,422,100
13,267,422,422,100
13,268,422,422,100
13,269,422,422,100
13,270,422,422,100
13,271,422,422,100
13,272,422,422,100
13,273,422,422,100
13,274,422,422,100
13,275,422,422,100
13,276,422,422,100
13,277,422,422,100
13,278,422,422,100
13,279,422,422,100
13,280,422,422,100
13,281,422,422,100
13,282,422,422,100
13,283,422,422,100
13,284,422,422,100
13,285,422,422,100
13,286,422,422,100
13,287,422,422,100
13,288,422,422,100
13,289,422,422,100
13,290,422,422,100
13,291,422,422,100
13,292,422,422,100
13,293,422,422,100
13,294,422,422,100
13,295,422,422,100
13,296,422,422,100
13,297,422,422,100
13,298,422,422,100
13,299,422,422,100
13,300,422,422,100
13,301,422,422,100
13,302,422,422,100
13,303,422,422,100
13,304,422,422,100
13,305,422,422,100
13,306,422,422,100
13,307,422,422,100
13,308,422,422,100
13,309,422,422,100
13,310,422,422,100
13,311,422,422,100
13,312,422,422,100
13,313,422,422,100
13,314,422,422,100
13,315,422,422,100
13,316,422,422,100
13,317,422,422,100
13,318,422,422,100
13,319,422,422,100
13,320,422,422,100
13,321,422,422,100
13,322,422,422,100
13,323,422,422,100
13,324,422,422,100
13,325,422,422,100
13,326,422,422,100
13,327,422,422,100
13,328,422,422,100
13,329,422,422,100
13,330,422,422,100
13,331,422,422,100
13,332,422,422,100
13,333,422,422,100
13,334,422,422,100
13,335,422,422,100
13,336,422,422,100
13,337,422,422,100
13,338,422,422,100
13,339,422,422,100
13,340,422,422,100
13,341,422,422,100
13,342,422,422,100
13,343,422,422,100
13,344,422,422,100
13,345,422,422,100
13,346,422,422,100
13,347,422,422,100
13,348,422,422,100
13,349,422,422,100
13,350,422,422,100
13,351,422,422,100
13,352,422,422,100
13,353,422,422,100
13,354,422,422,100
13,355,422,422,100
13,356,422,422,100
13,357,422,422,100
13,358,422,422,100
13,359,422,422,100
13,360,422,422,100
13,361,422,422,100
13,362,422,422,100
13,363,422,422,100
13,364,422,422,100
13,365,422,422,100
13,366,422,422,100
13,367,422,422,100
13,368,422,422,100
13,369,422,422,100
13,370,422,422,100
13,371,422,422,100
13,372,422,422,100
13,373,422,422,100
13,374,422,422,100
13,375,422,422,100
13,376,422,422,100
13,377,422,422,100
13,378,422,422,100
13,379,422,422,100
13,380,422,422,100
13,381,422,422,100
13,382,422,422,100
13,383,422,422,100
13,384,422,422,100
13,385,422,422,100
13,386,422,422,100
13,387,422,422,100
13,388,422,422,100
13,389,422,422,100
13,390,422,422,100
13,391,422,422,100
13,392,422,422,100
13,393,422,422,100
13,394,422,422,100
13,395,422,422,100
13,396,422,422,100
13,397,422,422,100
13,398,422,422,100
13,399,422,422,100
13,400,422,422,100
13,401,422,422,100
13,402,422,422,100
13,403,422,422,100
13,404,422,422,100
13,405,422,422,100
13,406,422,422,100
13,407,422,422,100
13,408,422,422,100
13,409,422,422,100
13,410,422,422,100
13,411,422,422,100
13,412,422,422,100
13,413,422,422,100
13,414,422,422,100
13,415,422,422,100
13,416,422,422,100
13,417,422,422,100
13,418,422,422,100
13,419,422,422,100
13,420,422,422,100
13,421,422,422,100
13,422,422,422,100
13,423,422,422,100
13,424,422,422,100
13,425,422,422,100
13,426,422,422,100
13,427,422,422,100
13,428,422,422,100
13,429,422,422,100
13,430,422,422,100
13,431,422,422,100
13,432,422,422,100
13,433,422,422,100
13,434,422,422,100
13,435,422,422,100
13,436,422,422,100
13,437,422,422,100
13,438,422,422,100
13,439,422,422,100
13,440,422,422,100
13,441,422,422,100
13,442,422,422,100
13,443,422,422,100
13,444,422,422,100
13,445,422,422,100
13,446,422,422,100
13,447,422,422,100
13,448,422,422,100
13,449,422,422,100
13,450,422,422,100
13,451,422,422,100
13,452,422,422,100
13,453,422,422,100
13,454,422,422,100
13,455,422,422,100
13,456,422,422,100
13,457,422,422,100
13,458,422,422,100
13,459,422,422,100
13,460,422,422,100
13,461,422,422,100
13,462,422,422,100
13,463,422,422,100
13,464,422,422,100
13,465,422,422,100
13,466,422,422,100
13,467,422,422,100
13,468,422,422,100
13,469,422,422,100
13,470,422,422,100
13,471,422,422,100
13,472,422,422,100
13,473,422,422,100
13,474,422,422,100
13,475,422,422,100
13,476,422,422,100
13,477,422,422,100
13,478,422,422,100
13,479,422,422,100
13,480,422,422,100
13,481,422,422,100
13,482,422,422,100
13,483,422,422,100
13,484,422,422,100
13,485,422,422,100
13,486,422,422,100
13,487,422,422,100
13,488,422,422,100
13,489,422,422,100
13,490,422,422,100
13,491,422,422,100
13,492,422,422,100
13,493,422,422,100
13,494,422,422,100
13,495,422,422,100
13,496,422,422,100
13,497,422,422,100
13,498,422,422,100
13,499,422,422,100
13,500,422,422,100
14,0,407,407,100
14,1,422,422,100
14,2,422,422,100
14,3,422,422,100
14,4,422,422,100
14,5,422,422,100
14,6,422,422,100
14,7,422,422,100
14,8,422,422,100
14,9,422,422,100
14,10,422,422,100
14,11,422,422,100
14,12,422,422,100
14,13,422,422,100
14,14,422,422,100
14,15,422,422,100
14,16,422,422,100
14,17,422,422,100
14,18,422,422,100
14,19,422,422,100
14,20,422,422,100
14,21,422,422,100
14,22,422,422,100
14,23,422,422,100
14,24,422,422,100
14,25,422,422,100
14,26,422,422,100
14,27,422,422,100
14,28,422,422,100
14,29,422,422,100
14,30,422,422,100
14,31,422,422,100
14,32,422,422,100
14,33,422,422,100
14,34,422,422,100
14,35,422,422,100
14,36,422,422,100
14,37,422,422,100
14,38,422,422,100
14,39,422,422,100
14,40,422,422,100
14,41,422,422,100
14,42,422,422,100
14,43,422,422,100
14,44,422,422,100
14,45,422,422,100
14,46,422,422,100
14,47,422,422,100
14,48,422,422,100
14,49,422,422,100
14,50,422,422,100
14,51,422,422,100
14,52,422,422,100
14,53,422,422,100
14,54,422,422,100
14,55,422,422,100
14,56,422,422,100
14,57,422,422,100
14,58,422,422,100
14,59,422,422,100
14,60,422,422,100
14,61,422,422,100
14,62,422,422,100
14,63,422,422,100
14,64,422,422,100
14,65,422,422,100
14,66,422,422,100
14,67,422,422,100
14,68,422,422,100
14,69,422,422,100
14,70,422,422,100
14,71,422,422,100
14,72,422,422,100
14,73,422,422,100
14,74,422,422,100
14,75,422,422,100
14,76,422,422,100
14,77,422,422,100
14,78,422,422,100
14,79,422,422,100
14,80,422,422,100
14,81,422,422,100
14,82,422,422,100
14,83,422,422,100
14,84,422,422,100
14,85,422,422,100
14,86,422,422,100
14,87,422,422,100
14,88,422,422,100
14,89,422,422,100
14,90,422,422,100
14,91,422,422,100
14,92,422,422,100
14,93,422,422,100
14,94,422,422,100
14,95,422,422,100
14,96,422,422,100
14,97,422,422,100
14,98,422,422,100
14,99,422,422,100
14,100,422,422,100
14,101,422,422,100
14,102,422,422,100
14,103,422,422,100
14,104,422,422,100
14,105,422,422,100
14,106,422,422,100
14,107,422,422,100
14,108,422,422,100
14,109,422,422,100
14,110,422,422,100
14,111,422,422,100
14,112,422,422,100
14,113,422,422,100
14,114,422,422,100
14,115,422,422,100
14,116,422,422,100
14,117,422,422,100
14,118,422,422,100
14,119,422,422,100
14,120,422,422,100
14,121,422,422,100
14,122,422,422,100
14,123,422,422,100
14,124,422,422,100
14,125,422,422,100
14,126,422,422,100
14,127,422,422,100
14,128,422,422,100
14,129,422,422,100
14,130,422,422,100
14,131,422,422,100
14,132,422,422,100
14,133,422,422,100
14,134,422,422,100
14,135,422,422,100
14,136,422,422,100
14,137,422,422,100
14,138,422,422,100
14,139,422,422,100
14,140,422,422,100
14,141,422,422,100
14,142,422,422,100
14,143,422,422,100
14,144,422,422,100
14,145,422,422,100
14,146,422,422,100
14,147,422,422,100
14,148,422,422,100
14,149,422,422,100
14,150,422,422,100
14,151,422,422,100
14,152,422,422,100
14,153,422,422,100
14,154,422,422,100
14,155,422,422,100
14,156,422,422,100
14,157,422,422,100
14,158,422,422,100
14,159,422,422,100
14,160,422,422,100
14,161,422,422,100
14,162,422,422,100
14,163,422,422,100
14,164,422,422,100
14,165,422,422,100
14,166,422,422,100
14,167,422,422,100
14,168,422,422,100
14,169,422,422,100
14,170,422,422,100
14,171,422,422,100
14,172,422,422,100
14,173,422,422,100
14,174,422,422,100
14,175,422,422,100
14,176,422,422,100
14,177,422,422,100
14,178,422,422,100
14,179,422,422,100
14,180,422,422,100
14,181,422,422,100
14,182,422,422,100
14,183,422,422,100
14,184,422,422,100
14,185,422,422,100
14,186,422,422,100
14,187,422,422,100
14,188,422,422,100
14,189,422,422,100
14,190,422,422,100
14,191,422,422,100
14,192,422,422,100
14,193,422,422,100
14,194,422,422,100
14,195,422,422,100
14,196,422,422,100
14,197,422,422,100
14,198,422,422,100
14,199,422,422,100
14,200,422,422,100
14,201,422,422,100
14,202,422,422,100
14,203,422,422,100
14,204,422,422,100
14,205,422,422,100
14,206,422,422,100
14,207,422,422,100
14,208,422,422,100
14,209,422,422,100
14,210,422,422,100
14,211,422,422,100
14,212,422,422,100
14,213,422,422,100
14,214,422,422,100
14,215,422,422,100
14,216,422,422,100
14,217,422,422,100
14,218,422,422,100
14,219,422,422,100
14,220,422,422,100
14,221,422,422,100
14,222,422,422,100
14,223,422,422,100
14,224,422,422,100
14,225,422,422,100
14,226,422,422,100
14,227,422,422,100
14,228,422,422,100
14,229,422,422,100
14,230,422,422,100
14,231,422,422,100
14,232,422,422,100
14,233,422,422,100
14,234,422,422,100
14,235,422,422,100
14,236,422,422,100
14,237,422,422,100
14,238,422,422,100
14,239,422,422,100
14,240,422,422,100
14,241,422,422,100
14,242,422,422,100
14,243,422,422,100
14,244,422,422,100
14,245,422,422,100
14,246,422,422,100
14,247,422,422,100
14,248,422,422,100
14,249,422,422,100
14,250,422,422,100
14,251,422,422,100
14,252,422,422,100
14,253,422,422,100
14,254,422,422,100
14,255,422,422,100
14,256,422,422,100
14,257,422,422,100
14,258,422,422,100
14,259,422,422,100
14,260,422,422,100
14,261,422,422,100
14,262,422,422,100
14,263,422,422,100
14,264,422,422,100
14,265,422,422,100
14,266,422,422,100
14,267,422,422,100
14,268,422,422,100
14,269,422,422,100
14,270,422,422,100
14,271,422,422,100
14,272,422,422,100
14,273,422,422,100
14,274,422,422,100
14,275,422,422,100
14,276,422,422,100
14,277,422,422,100
14,278,422,422,100
14,279,422,422,100
14,280,422,422,100
14,281,422,422,100
14,282,422,422,100
14,283,422,422,100
14,284,422,422,100
14,285,422,422,100
14,286,422,422,100
14,287,422,422,100
14,288,422,422,100
14,289,422,422,100
14,290,422,422,100
14,291,422,422,100
14,292,422,422,100
14,293,422,422,100
14,294,422,422,100
14,295,422,422,100
14,296,422,422,100
14,297,422,422,100
14,298,422,422,100
14,299,422,422,100
14,300,422,422,100
14,301,422,422,100
14,302,422,422,100
14,303,422,422,100
14,304,422,422,100
14,305,422,422,100
14,306,422,422,100
14,307,422,422,100
14,308,422,422,100
14,309,422,422,100
14,310,422,422,100
14,311,422,422,100
14,312,422,422,100
14,313,422,422,100
14,314,422,422,100
14,315,422,422,100
14,316,422,422,100
14,317,422,422,100
14,318,422,422,100
14,319,422,422,100
14,320,422,422,100
14,321,422,422,100
14,322,422,422,100
14,323,422,422,100
14,324,422,422,100
14,325,422,422,100
14,326,422,422,100
14,327,422,422,100
14,328,422,422,100
14,329,422,422,100
14,330,422,422,100
14,331,422,422,100
14,332,422,422,100
14,333,422,422,100
14,334,422,422,100
14,335,422,422,100
14,336,422,422,100
14,337,422,422,100
14,338,422,422,100
14,339,422,422,100
14,340,422,422,100
14,341,422,422,100
14,342,422,422,100
14,343,422,422,100
14,344,422,422,100
14,345,422,422,100
14,346,422,422,100
14,347,422,422,100
14,348,422,422,100
14,349,422,422,100
14,350,422,422,100
14,351,422,422,100
14,352,422,422,100
14,353,422,422,100
14,354,422,422,100
14,355,422,422,100
14,356,422,422,100
14,357,422,422,100
14,358,422,422,100
14,359,422,422,100
14,360,422,422,100
14,361,422,422,100
14,362,422,422,100
14,363,422,422,100
14,364,422,422,100
14,365,422,422,100
14,366,422,422,100
14,367,422,422,100
14,368,422,422,100
14,369,422,422,100
14,370,422,422,100
14,371,422,422,100
14,372,422,422,100
14,373,422,422,100
14,374,422,422,100
14,375,422,422,100
14,376,422,422,100
14,377,422,422,100
14,378,422,422,100
14,379,422,422,100
14,380,422,422,100
14,381,422,422,100
14,382,422,422,100
14,383,422,422,100
14,384,422,422,100
14,385,422,422,100
14,386,422,422,100
14,387,422,422,100
14,388,422,422,100
14,389,422,422,100
14,390,422,422,100
14,391,422,422,100
14,392,422,422,100
14,393,422,422,100
14,394,422,422,100
14,395,422,422,100
14,396,422,422,100
14,397,422,422,100
14,398,422,422,100
14,399,422,422,100
14,400,422,422,100
14,401,422,422,100
14,402,422,422,100
14,403,422,422,100
14,404,422,422,100
14,405,422,422,100
14,406,422,422,100
14,407,422,422,100
14,408,422,422,100
14,409,422,422,100
14,410,422,422,100
14,411,422,422,100
14,412,422,422,100
14,413,422,422,100
14,414,422,422,100
14,415,422,422,100
14,416,422,422,100
14,417,422,422,100
14,418,422,422,100
14,419,422,422,100
14,420,422,422,100
14,421,422,422,100
14,422,422,422,100
14,423,422,422,100
14,424,422,422,100
14,425,422,422,100
14,426,422,422,100
14,427,422,422,100
14,428,422,422,100
14,429,422,422,100
14,430,422,422,100
14,431,422,422,100
14,432,422,422,100
14,433,422,422,100
14,434,422,422,100
14,435,422,422,100
14,436,422,422,100
14,437,422,422,100
14,438,422,422,100
14,439,422,422,100
14,440,422,422,100
14,441,422,422,100
14,442,422,422,100
14,443,422,422,100
14,444,422,422,100
14,445,422,422,100
14,446,422,422,100
14,447,422,422,100
14,448,422,422,100
14,449,422,422,100
14,450,422,422,100
14,451,422,422,100
14,452,422,422,100
14,453,422,422,100
14,454,422,422,100
14,455,422,422,100
14,456,422,422,100
14,457,422,422,100
14,458,422,422,100
14,459,422,422,100
14,460,422,422,100
14,461,422,422,100
14,462,422,422,100
14,463,422,422,100
14,464,422,422,100
14,465,422,422,100
14,466,422,422,100
14,467,422,422,100
14,468,422,422,100
14,469,422,422,100
14,470,422,422,100
14,471,422,422,100
14,472,422,422,100
14,473,422,422,100
14,474,422,422,100
14,475,422,422,100
14,476,422,422,100
14,477,422,422,100
14,478,422,422,100
14,479,422,422,100
14,480,422,422,100
14,481,422,422,100
14,482,422,422,100
14,483,422,422,100
14,484,422,422,100
14,485,422,422,100
14,486,422,422,100
14,487,422,422,100
14,488,422,422,100
14,489,422,422,100
14,490,422,422,100
14,491,422,422,100
14,492,422,422,100
14,493,422,422,100
14,494,422,422,100
14,495,422,422,100
14,496,422,422,100
14,497,422,422,100
14,498,422,422,100
14,499,422,422,100
14,500,422,422,100
15,0,392,392,100
15,1,402,402,100
15,2,422,422,100
15,3,422,422,100
15,4,422,422,100
15,5,422,422,100
15,6,422,422,100
15,7,422,422,100
15,8,422,422,100
15,9,422,422,100
15,10,422,422,100
15,11,422,422,100
15,12,422,422,100
15,13,422,422,100
15,14,422,422,100
15,15,422,422,100
15,16,422,422,100
15,17,422,422,100
15,18,422,422,100
15,19,422,422,100
15,20,422,422,100
15,21,422,422,100
15,22,422,422,100
15,23,422,422,100
15,24,422,422,100
15,25,422,422,100
15,26,422,422,100
15,27,422,422,100
15,28,422,422,100
15,29,422,422,100
15,30,422,422,100
15,31,422,422,100
15,32,422,422,100
15,33,422,422,100
15,34,422,422,100
15,35,422,422,100
15,36,422,422,100
15,37,422,422,100
15,38,422,422,100
15,39,422,422,100
15,40,422,422,100
15,41,422,422,100
15,42,422,422,100
15,43,422,422,100
15,44,422,422,100
15,45,422,422,100
15,46,422,422,100
15,47,422,422,100
15,48,422,422,100
15,49,422,422,100
15,50,422,422,100
15,51,422,422,100
15,52,422,422,100
15,53,422,422,100
15,54,422,422,100
15,55,422,422,100
15,56,422,422,100
15,57,422,422,100
15,58,422,422,100
15,59,422,422,100
15,60,422,422,100
15,61,422,422,100
15,62,422,422,100
15,63,422,422,100
15,64,422,422,100
15,65,422,422,100
15,66,422,422,100
15,67,422,422,100
15,68,422,422,100
15,69,422,422,100
15,70,422,422,100
15,71,422,422,100
15,72,422,422,100
15,73,422,422,100
15,74,422,422,100
15,75,422,422,100
15,76,422,422,100
15,77,422,422,100
15,78,422,422,100
15,79,422,422,100
15,80,422,422,100
15,81,422,422,100
15,82,422,422,100
15,83,422,422,100
15,84,422,422,100
15,85,422,422,100
15,86,422,422,100
15,87,422,422,100
15,88,422,422,100
15,89,422,422,100
15,90,422,422,100
15,91,422,422,100
15,92,422,422,100
15,93,422,422,100
15,94,422,422,100
15,95,422,422,100
15,96,422,422,100
15,97,422,422,100
15,98,422,422,100
15,99,422,422,100
15,100,422,422,100
15,101,422,422,100
15,102,422,422,100
15,103,422,422,100
15,104,422,422,100
15,105,422,422,100
15,106,422,422,100
15,107,422,422,100
15,108,422,422,100
15,109,422,422,100
15,110,422,422,100
15,111,422,422,100
15,112,422,422,100
15,113,422,422,100
15,114,422,422,100
15,115,422,422,100
15,116,422,422,100
15,117,422,422,100
15,118,422,422,100
15,119,422,422,100
15,120,422,422,100
15,121,422,422,100
15,122,422,422,100
15,123,422,422,100
15,124,422,422,100
15,125,422,422,100
15,126,422,422,100
15,127,422,422,100
15,128,422,422,100
15,129,422,422,100
15,130,422,422,100
15,131,422,422,100
15,132,422,422,100
15,133,422,422,100
15,134,422,422,100
15,135,422,422,100
15,136,422,422,100
15,137,422,422,100
15,138,422,422,100
15,139,422,422,100
15,140,422,422,100
15,141,422,422,100
15,142,422,422,100
15,143,422,422,100
15,144,422,422,100
15,145,422,422,100
15,146,422,422,100
15,147,422,422,100
15,148,422,422,100
15,149,422,422,100
15,150,422,422,100
15,151,422,422,100
15,152,422,422,100
15,153,422,422,100
15,154,422,422,100
15,155,422,422,100
15,156,422,422,100
15,157,422,422,100
15,158,422,422,100
15,159,422,422,100
15,160,422,422,100
15,161,422,422,100
15,162,422,422,100
15,163,422,422,100
15,164,422,422,100
15,165,422,422,100
15,166,422,422,100
15,167,422,422,100
15,168,422,422,100
15,169,422,422,100
15,170,422,422,100
15,171,422,422,100
15,172,422,422,100
15,173,422,422,100
15,174,422,422,100
15,175,422,422,100
15,176,422,422,100
15,177,422,422,100
15,178,422,422,100
15,179,422,422,100
15,180,422,422,100
15,181,422,422,100
15,182,422,422,100
15,183,422,422,100
15,184,422,422,100
15,185,422,422,100
15,186,422,422,100
15,187,422,422,100
15,188,422,422,100
15,189,422,422,100
15,190,422,422,100
15,191,422,422,100
15,192,422,422,100
15,193,422,422,100
15,194,422,422,100
15,195,422,422,100
15,196,422,422,100
15,197,422,422,100
15,198,422,422,100
15,199,422,422,100
15,200,422,422,100
15,201,422,422,100
15,202,422,422,100
15,203,422,422,100
15,204,422,422,100
15,205,422,422,100
15,206,422,422,100
15,207,422,422,100
15,208,422,422,100
15,209,422,422,100
15,210,422,422,100
15,211,422,422,100
15,212,422,422,100
15,213,422,422,100
15,214,422,422,100
15,215,422,422,100
15,216,422,422,100
15,217,422,422,100
15,218,422,422,100
15,219,422,422,100
15,220,422,422,100
15,221,422,422,100
15,222,422,422,100
15,223,422,422,100
15,224,422,422,100
15,225,422,422,100
15,226,422,422,100
15,227,422,422,100
15,228,422,422,100
15,229,422,422,100
15,230,422,422,100
15,231,422,422,100
15,232,422,422,100
15,233,422,422,100
15,234,422,422,100
15,235,422,422,100
15,236,422,422,100
15,237,422,422,100
15,238,422,422,100
15,239,422,422,100
15,240,422,422,100
15,241,422,422,100
15,242,422,422,100
15,243,422,422,100
15,244,422,422,100
15,245,422,422,100
15,246,422,422,100
15,247,422,422,100
15,248,422,422,100
15,249,422,422,100
15,250,422,422,100
15,251,422,422,100
15,252,422,422,100
15,253,422,422,100
15,254,422,422,100
15,255,422,422,100
15,256,422,422,100
15,257,422,422,100
15,258,422,422,100
15,259,422,422,100
15,260,422,422,100
15,261,422,422,100
15,262,422,422,100
15,263,422,422,100
15,264,422,422,100
15,265,422,422,100
15,266,422,422,100
15,267,422,422,100
15,268,422,422,100
15,269,422,422,100
15,270,422,422,100
15,271,422,422,100
15,272,422,422,100
15,273,422,422,100
15,274,422,422,100
15,275,422,422,100
15,276,422,422,100
15,277,422,422,100
15,278,422,422,100
15,279,422,422,100
15,280,422,422,100
15,281,422,422,100
15,282,422,422,100
15,283,422,422,100
15,284,422,422,100
15,285,422,422,100
15,286,422,422,100
15,287,422,422,100
15,288,422,422,100
15,289,422,422,100
15,290,422,422,100
15,291,422,422,100
15,292,422,422,100
15,293,422,422,100
15,294,422,422,100
15,295,422,422,100
15,296,422,422,100
15,297,422,422,100
15,298,422,422,100
15,299,422,422,100
15,300,422,422,100
15,301,422,422,100
15,302,422,422,100
15,303,422,422,100
15,304,422,422,100
15,305,422,422,100
15,306,422,422,100
15,307,422,422,100
15,308,422,422,100
15,309,422,422,100
15,310,422,422,100
15,311,422,422,100
15,312,422,422,100
15,313,422,422,100
15,314,422,422,100
15,315,422,422,100
15,316,422,422,100
15,317,422,422,100
15,318,422,422,100
15,319,422,422,100
15,320,422,422,100
15,321,422,422,100
15,322,422,422,100
15,323,422,422,100
15,324,422,422,100
15,325,422,422,100
15,326,422,422,100
15,327,422,422,100
15,328,422,422,100
15,329,422,422,100
15,330,422,422,100
15,331,422,422,100
15,332,422,422,100
15,333,422,422,100
15,334,422,422,100
15,335,422,422,100
15,336,422,422,100
15,337,422,422,100
15,338,422,422,100
15,339,422,422,100
15,340,422,422,100
15,341,422,422,100
15,342,422,422,100
15,343,422,422,100
15,344,422,422,100
15,345,422,422,100
15,346,422,422,100
15,347,422,422,100
15,348,422,422,100
15,349,422,422,100
15,350,422,422,100
15,351,422,422,100
15,352,422,422,100
15,353,422,422,100
15,354,422,422,100
15,355,422,422,100
15,356,422,422,100
15,357,422,422,100
15,358,422,422,100
15,359,422,422,100
15,360,422,422,100
15,361,422,422,100
15,362,422,422,100
15,363,422,422,100
15,364,422,422,100
15,365,422,422,100
15,366,422,422,100
15,367,422,422,100
15,368,422,422,100
15,369,422,422,100
15,370,422,422,100
15,371,422,422,100
15,372,422,422,100
15,373,422,422,100
15,374,422,422,100
15,375,422,422,100
15,376,422,422,100
15,377,422,422,100
15,378,422,422,100
15,379,422,422,100
15,380,422,422,100
15,381,422,422,100
15,382,422,422,100
15,383,422,422,100
15,384,422,422,100
15,385,422,422,100
15,386,422,422,100
15,387,422,422,100
15,388,422,422,100
15,389,422,422,100
15,390,422,422,100
15,391,422,422,100
15,392,422,422,100
15,393,422,422,100
15,394,422,422,100
15,395,422,422,100
15,396,422,422,100
15,397,422,422,100
15,398,422,422,100
15,399,422,422,100
15,400,422,422,100
15,401,422,422,100
15,402,422,422,100
15,403,422,422,100
15,404,422,422,100
15,405,422,422,100
15,406,422,422,100
15,407,422,422,100
15,408,422,422,100
15,409,422,422,100
15,410,422,422,100
15,411,422,422,100
15,412,422,422,100
15,413,422,422,100
15,414,422,422,100
15,415,422,422,100
15,416,422,422,100
15,417,422,422,100
15,418,422,422,100
15,419,422,422,100
15,420,422,422,100
15,421,422,422,100
15,422,422,422,100
15,423,422,422,100
15,424,422,422,100
15,425,422,422,100
15,426,422,422,100
15,427,422,422,100
15,428,422,422,100
15,429,422,422,100
15,430,422,422,100
15,431,422,422,100
15,432,422,422,100
15,433,422,422,100
15,434,422,422,100
15,435,422,422,100
15,436,422,422,100
15,437,422,422,100
15,438,422,422,100
15,439,422,422,100
15,440,422,422,100
15,441,422,422,100
15,442,422,422,100
15,443,422,422,100
15,444,422,422,100
15,445,422,422,100
15,446,422,422,100
15,447,422,422,100
15,448,422,422,100
15,449,422,422,100
15,450,422,422,100
15,451,422,422,100
15,452,422,422,100
15,453,422,422,100
15,454,422,422,100
15,455,422,422,100
15,456,422,422,100
15,457,422,422,100
15,458,422,422,100
15,459,422,422,100
15,460,422,422,100
15,461,422,422,100
15,462,422,422,100
15,463,422,422,100
15,464,422,422,100
15,465,422,422,100
15,466,422,422,100
15,467,422,422,100
15,468,422,422,100
15,469,422,422,100
15,470,422,422,100
15,471,422,422,100
15,472,422,422,100
15,473,422,422,100
15,474,422,422,100
15,475,422,422,100
15,476,422,422,100
15,477,422,422,100
15,478,422,422,100
15,479,422,422,100
15,480,422,422,100
15,481,422,422,100
15,482,422,422,100
15,483,422,422,100
15,484,422,422,100
15,485,422,422,100
15,486,422,422,100
15,487,422,422,100
15,488,422,422,100
15,489,422,422,100
15,490,422,422,100
15,491,422,422,100
15,492,422,422,100
15,493,422,422,100
15,494,422,422,100
15,495,422,422,100
15,496,422,422,100
15,497,422,422,100
15,498,422,422,100
15,499,422,422,100
15,500,422,422,100
16,0,410,410,100
16,1,422,422,100
16,2,422,422,100
16,3,422,422,100
16,4,422,422,100
16,5,422,422,100
16,6,422,422,100
16,7,422,422,100
16,8,422,422,100
16,9,422,422,100
16,10,422,422,100
16,11,422,422,100
16,12,422,422,100
16,13,422,422,100
16,14,422,422,100
16,15,422,422,100
16,16,422,422,100
16,17,422,422,100
16,18,422,422,100
16,19,422,422,100
16,20,422,422,100
16,21,422,422,100
16,22,422,422,100
16,23,422,422,100
16,24,422,422,100
16,25,422,422,100
16,26,422,422,100
16,27,422,422,100
16,28,422,422,100
16,29,422,422,100
16,30,422,422,100
16,31,422,422,100
16,32,422,422,100
16,33,422,422,100
16,34,422,422,100
16,35,422,422,100
16,36,422,422,100
16,37,422,422,100
16,38,422,422,100
16,39,422,422,100
16,40,422,422,100
16,41,422,422,100
16,42,422,422,100
16,43,422,422,100
16,44,422,422,100
16,45,422,422,100
16,46,422,422,100
16,47,422,422,100
16,48,422,422,100
16,49,422,422,100
16,50,422,422,100
16,51,422,422,100
16,52,422,422,100
16,53,422,422,100
16,54,422,422,100
16,55,422,422,100
16,56,422,422,100
16,57,422,422,100
16,58,422,422,100
16,59,422,422,100
16,60,422,422,100
16,61,422,422,100
16,62,422,422,100
16,63,422,422,100
16,64,422,422,100
16,65,422,422,100
16,66,422,422,100
16,67,422,422,100
16,68,422,422,100
16,69,422,422,100
16,70,422,422,100
16,71,422,422,100
16,72,422,422,100
16,73,422,422,100
16,74,422,422,100
16,75,422,422,100
16,76,422,422,100
16,77,422,422,100
16,78,422,422,100
16,79,422,422,100
16,80,422,422,100
16,81,422,422,100
16,82,422,422,100
16,83,422,422,100
16,84,422,422,100
16,85,422,422,100
16,86,422,422,100
16,87,422,422,100
16,88,422,422,100
16,89,422,422,100
16,90,422,422,100
16,91,422,422,100
16,92,422,422,100
16,93,422,422,100
16,94,422,422,100
16,95,422,422,100
16,96,422,422,100
16,97,422,422,100
16,98,422,422,100
16,99,422,422,100
16,100,422,422,100
16,101,422,422,100
16,102,422,422,100
16,103,422,422,100
16,104,422,422,100
16,105,422,422,100
16,106,422,422,100
16,107,422,422,100
16,108,422,422,100
16,109,422,422,100
16,110,422,422,100
16,111,422,422,100
16,112,422,422,100
16,113,422,422,100
16,114,422,422,100
16,115,422,422,100
16,116,422,422,100
16,117,422,422,100
16,118,422,422,100
16,119,422,422,100
16,120,422,422,100
16,121,422,422,100
16,122,422,422,100
16,123,422,422,100
16,124,422,422,100
16,125,422,422,100
16,126,422,422,100
16,127,422,422,100
16,128,422,422,100
16,129,422,422,100
16,130,422,422,100
16,131,422,422,100
16,132,422,422,100
16,133,422,422,100
16,134,422,422,100
16,135,422,422,100
16,136,422,422,100
16,137,422,422,100
16,138,422,422,100
16,139,422,422,100
16,140,422,422,100
16,141,422,422,100
16,142,422,422,100
16,143,422,422,100
16,144,422,422,100
16,145,422,422,100
16,146,422,422,100
16,147,422,422,100
16,148,422,422,100
16,149,422,422,100
16,150,422,422,100
16,151,422,422,100
16,152,422,422,100
16,153,422,422,100
16,154,422,422,100
16,155,422,422,100
16,156,422,422,100
16,157,422,422,100
16,158,422,422,100
16,159,422,422,100
16,160,422,422,100
16,161,422,422,100
16,162,422,422,100
16,163,422,422,100
16,164,422,422,100
16,165,422,422,100
16,166,422,422,100
16,167,422,422,100
16,168,422,422,100
16,169,422,422,100
16,170,422,422,100
16,171,422,422,100
16,172,422,422,100
16,173,422,422,100
16,174,422,422,100
16,175,422,422,100
16,176,422,422,100
16,177,422,422,100
16,178,422,422,100
16,179,422,422,100
16,180,422,422,100
16,181,422,422,100
16,182,422,422,100
16,183,422,422,100
16,184,422,422,100
16,185,422,422,100
16,186,422,422,100
16,187,422,422,100
16,188,422,422,100
16,189,422,422,100
16,190,422,422,100
16,191,422,422,100
16,192,422,422,100
16,193,422,422,100
16,194,422,422,100
16,195,422,422,100
16,196,422,422,100
16,197,422,422,100
16,198,422,422,100
16,199,422,422,100
16,200,422,422,100
16,201,422,422,100
16,202,422,422,100
16,203,422,422,100
16,204,422,422,100
16,205,422,422,100
16,206,422,422,100
16,207,422,422,100
16,208,422,422,100
16,209,422,422,100
16,210,422,422,100
16,211,422,422,100
16,212,422,422,100
16,213,422,422,100
16,214,422,422,100
16,215,422,422,100
16,216,422,422,100
16,217,422,422,100
16,218,422,422,100
16,219,422,422,100
16,220,422,422,100
16,221,422,422,100
16,222,422,422,100
16,223,422,422,100
16,224,422,422,100
16,225,422,422,100
16,226,422,422,100
16,227,422,422,100
16,228,422,422,100
16,229,422,422,100
16,230,422,422,100
16,231,422,422,100
16,232,422,422,100
16,233,422,422,100
16,234,422,422,100
16,235,422,422,100
16,236,422,422,100
16,237,422,422,100
16,238,422,422,100
16,239,422,422,100
16,240,422,422,100
16,241,422,422,100
16,242,422,422,100
16,243,422,422,100
16,244,422,422,100
16,245,422,422,100
16,246,422,422,100
16,247,422,422,100
16,248,422,422,100
16,249,422,422,100
16,250,422,422,100
16,251,422,422,100
16,252,422,422,100
16,253,422,422,100
16,254,422,422,100
16,255,422,422,100
16,256,422,422,100
16,257,422,422,100
16,258,422,422,100
16,259,422,422,100
16,260,422,422,100
16,261,422,422,100
16,262,422,422,100
16,263,422,422,100
16,264,422,422,100
16,265,422,422,100
16,266,422,422,100
16,267,422,422,100
16,268,422,422,100
16,269,422,422,100
16,270,422,422,100
16,271,422,422,100
16,272,422,422,100
16,273,422,422,100
16,274,422,422,100
16,275,422,422,100
16,276,422,422,100
16,277,422,422,100
16,278,422,422,100
16,279,422,422,100
16,280,422,422,100
16,281,422,422,100
16,282,422,422,100
16,283,422,422,100
16,284,422,422,100
16,285,422,422,100
16,286,422,422,100
16,287,422,422,100
16,288,422,422,100
16,289,422,422,100
16,290,422,422,100
16,291,422,422,100
16,292,422,422,100
16,293,422,422,100
16,294,422,422,100
16,295,422,422,100
16,296,422,422,100
16,297,422,422,100
16,298,422,422,100
16,299,422,422,100
16,300,422,422,100
16,301,422,422,100
16,302,422,422,100
16,303,422,422,100
16,304,422,422,100
16,305,422,422,100
16,306,422,422,100
16,307,422,422,100
16,308,422,422,100
16,309,422,422,100
16,310,422,422,100
16,311,422,422,100
16,312,422,422,100
16,313,422,422,100
16,314,422,422,100
16,315,422,422,100
16,316,422,422,100
16,317,422,422,100
16,318,422,422,100
16,319,422,422,100
16,320,422,422,100
16,321,422,422,100
16,322,422,422,100
16,323,422,422,100
16,324,422,422,100
16,325,422,422,100
16,326,422,422,100
16,327,422,422,100
16,328,422,422,100
16,329,422,422,100
16,330,422,422,100
16,331,422,422,100
16,332,422,422,100
16,333,422,422,100
16,334,422,422,100
16,335,422,422,100
16,336,422,422,100
16,337,422,422,100
16,338,422,422,100
16,339,422,422,100
16,340,422,422,100
16,341,422,422,100
16,342,422,422,100
16,343,422,422,100
16,344,422,422,100
16,345,422,422,100
16,346,422,422,100
16,347,422,422,100
16,348,422,422,100
16,349,422,422,100
16,350,422,422,100
16,351,422,422,100
16,352,422,422,100
16,353,422,422,100
16,354,422,422,100
16,355,422,422,100
16,356,422,422,100
16,357,422,422,100
16,358,422,422,100
16,359,422,422,100
16,360,422,422,100
16,361,422,422,100
16,362,422,422,100
16,363,422,422,100
16,364,422,422,100
16,365,422,422,100
16,366,422,422,100
16,367,422,422,100
16,368,422,422,100
16,369,422,422,100
16,370,422,422,100
16,371,422,422,100
16,372,422,422,100
16,373,422,422,100
16,374,422,422,100
16,375,422,422,100
16,376,422,422,100
16,377,422,422,100
16,378,422,422,100
16,379,422,422,100
16,380,422,422,100
16,381,422,422,100
16,382,422,422,100
16,383,422,422,100
16,384,422,422,100
16,385,422,422,100
16,386,422,422,100
16,387,422,422,100
16,388,422,422,100
16,389,422,422,100
16,390,422,422,100
16,391,422,422,100
16,392,422,422,100
16,393,422,422,100
16,394,422,422,100
16,395,422,422,100
16,396,422,422,100
16,397,422,422,100
16,398,422,422,100
16,399,422,422,100
16,400,422,422,100
16,401,422,422,100
16,402,422,422,100
16,403,422,422,100
16,404,422,422,100
16,405,422,422,100
16,406,422,422,100
16,407,422,422,100
16,408,422,422,100
16,409,422,422,100
16,410,422,422,100
16,411,422,422,100
16,412,422,422,100
16,413,422,422,100
16,414,422,422,100
16,415,422,422,100
16,416,422,422,100
16,417,422,422,100
16,418,422,422,100
16,419,422,422,100
16,420,422,422,100
16,421,422,422,100
16,422,422,422,100
16,423,422,422,100
16,424,422,422,100
16,425,422,422,100
16,426,422,422,100
16,427,422,422,100
16,428,422,422,100
16,429,422,422,100
16,430,422,422,100
16,431,422,422,100
16,432,422,422,100
16,433,422,422,100
16,434,422,422,100
16,435,422,422,100
16,436,422,422,100
16,437,422,422,100
16,438,422,422,100
16,439,422,422,100
16,440,422,422,100
16,441,422,422,100
16,442,422,422,100
16,443,422,422,100
16,444,422,422,100
16,445,422,422,100
16,446,422,422,100
16,447,422,422,100
16,448,422,422,100
16,449,422,422,100
16,450,422,422,100
16,451,422,422,100
16,452,422,422,100
16,453,422,422,100
16,454,422,422,100
16,455,422,422,100
16,456,422,422,100
16,457,422,422,100
16,458,422,422,100
16,459,422,422,100
16,460,422,422,100
16,461,422,422,100
16,462,422,422,100
16,463,422,422,100
16,464,422,422,100
16,465,422,422,100
16,466,422,422,100
16,467,422,422,100
16,468,422,422,100
16,469,422,422,100
16,470,422,422,100
16,471,422,422,100
16,472,422,422,100
16,473,422,422,100
16,474,422,422,100
16,475,422,422,100
16,476,422,422,100
16,477,422,422,100
16,478,422,422,100
16,479,422,422,100
16,480,422,422,100
16,481,422,422,100
16,482,422,422,100
16,483,422,422,100
16,484,422,422,100
16,485,422,422,100
16,486,422,422,100
16,487,422,422,100
16,488,422,422,100
16,489,422,422,100
16,490,422,422,100
16,491,422,422,100
16,492,422,422,100
16,493,422,422,100
16,494,422,422,100
16,495,422,422,100
16,496,422,422,100
16,497,422,422,100
16,498,422,422,100
16,499,422,422,100
16,500,422,422,100
17,0,402,402,100
17,1,410,410,100
17,2,422,422,100
17,3,422,422,100
17,4,422,422,100
17,5,422,422,100
17,6,422,422,100
17,7,422,422,100
17,8,422,422,100
17,9,422,422,100
17,10,422,422,100
17,11,422,422,100
17,12,422,422,100
17,13,422,422,100
17,14,422,422,100
17,15,422,422,100
17,16,422,422,100
17,17,422,422,100
17,18,422,422,100
17,19,422,422,100
17,20,422,422,100
17,21,422,422,100
17,22,422,422,100
17,23,422,422,100
17,24,422,422,100
17,25,422,422,100
17,26,422,422,100
17,27,422,422,100
17,28,422,422,100
17,29,422,422,100
17,30,422,422,100
17,31,422,422,100
17,32,422,422,100
17,33,422,422,100
17,34,422,422,100
17,35,422,422,100
17,36,422,422,100
17,37,422,422,100
17,38,422,422,100
17,39,422,422,100
17,40,422,422,100
17,41,422,422,100
17,42,422,422,100
17,43,422,422,100
17,44,422,422,100
17,45,422,422,100
17,46,422,422,100
17,47,422,422,100
17,48,422,422,100
17,49,422,422,100
17,50,422,422,100
17,51,422,422,100
17,52,422,422,100
17,53,422,422,100
17,54,422,422,100
17,55,422,422,100
17,56,422,422,100
17,57,422,422,100
17,58,422,422,100
17,59,422,422,100
17,60,422,422,100
17,61,422,422,100
17,62,422,422,100
17,63,422,422,100
17,64,422,422,100
17,65,422,422,100
17,66,422,422,100
17,67,422,422,100
17,68,422,422,100
17,69,422,422,100
17,70,422,422,100
17,71,422,422,100
17,72,422,422,100
17,73,422,422,100
17,74,422,422,100
17,75,422,422,100
17,76,422,422,100
17,77,422,422,100
17,78,422,422,100
17,79,422,422,100
17,80,422,422,100
17,81,422,422,100
17,82,422,422,100
17,83,422,422,100
17,84,422,422,100
17,85,422,422,100
17,86,422,422,100
17,87,422,422,100
17,88,422,422,100
17,89,422,422,100
17,90,422,422,100
17,91,422,422,100
17,92,422,422,100
17,93,422,422,100
17,94,422,422,100
17,95,422,422,100
17,96,422,422,100
17,97,422,422,100
17,98,422,422,100
17,99,422,422,100
17,100,422,422,100
17,101,422,422,100
17,102,422,422,100
17,103,422,422,100
17,104,422,422,100
17,105,422,422,100
17,106,422,422,100
17,107,422,422,100
17,108,422,422,100
17,109,422,422,100
17,110,422,422,100
17,111,422,422,100
17,112,422,422,100
17,113,422,422,100
17,114,422,422,100
17,115,422,422,100
17,116,422,422,100
17,117,422,422,100
17,118,422,422,100
17,119,422,422,100
17,120,422,422,100
17,121,422,422,100
17,122,422,422,100
17,123,422,422,100
17,124,422,422,100
17,125,422,422,100
17,126,422,422,100
17,127,422,422,100
17,128,422,422,100
17,129,422,422,100
17,130,422,422,100
17,131,422,422,100
17,132,422,422,100
17,133,422,422,100
17,134,422,422,100
17,135,422,422,100
17,136,422,422,100
17,137,422,422,100
17,138,422,422,100
17,139,422,422,100
17,140,422,422,100
17,141,422,422,100
17,142,422,422,100
17,143,422,422,100
17,144,422,422,100
17,145,422,422,100
17,146,422,422,100
17,147,422,422,100
17,148,422,422,100
17,149,422,422,100
17,150,422,422,100
17,151,422,422,100
17,152,422,422,100
17,153,422,422,100
17,154,422,422,100
17,155,422,422,100
17,156,422,422,100
17,157,422,422,100
17,158,422,422,100
17,159,422,422,100
17,160,422,422,100
17,161,422,422,100
17,162,422,422,100
17,163,422,422,100
17,164,422,422,100
17,165,422,422,100
17,166,422,422,100
17,167,422,422,100
17,168,422,422,100
17,169,422,422,100
17,170,422,422,100
17,171,422,422,100
17,172,422,422,100
17,173,422,422,100
17,174,422,422,100
17,175,422,422,100
17,176,422,422,100
17,177,422,422,100
17,178,422,422,100
17,179,422,422,100
17,180,422,422,100
17,181,422,422,100
17,182,422,422,100
17,183,422,422,100
17,184,422,422,100
17,185,422,422,100
17,186,422,422,100
17,187,422,422,100
17,188,422,422,100
17,189,422,422,100
17,190,422,422,100
17,191,422,422,100
17,192,422,422,100
17,193,422,422,100
17,194,422,422,100
17,195,422,422,100
17,196,422,422,100
17,197,422,422,100
17,198,422,422,100
17,199,422,422,100
17,200,422,422,100
17,201,422,422,100
17,202,422,422,100
17,203,422,422,100
17,204,422,422,100
17,205,422,422,100
17,206,422,422,100
17,207,422,422,100
17,208,422,422,100
17,209,422,422,100
17,210,422,422,100
17,211,422,422,100
17,212,422,422,100
17,213,422,422,100
17,214,422,422,100
17,215,422,422,100
17,216,422,422,100
17,217,422,422,100
17,218,422,422,100
17,219,422,422,100
17,220,422,422,100
17,221,422,422,100
17,222,422,422,100
17,223,422,422,100
17,224,422,422,100
17,225,422,422,100
17,226,422,422,100
17,227,422,422,100
17,228,422,422,100
17,229,422,422,100
17,230,422,422,100
17,231,422,422,100
17,232,422,422,100
17,233,422,422,100
17,234,422,422,100
17,235,422,422,100
17,236,422,422,100
17,237,422,422,100
17,238,422,422,100
17,239,422,422,100
17,240,422,422,100
17,241,422,422,100
17,242,422,422,100
17,243,422,422,100
17,244,422,422,100
17,245,422,422,100
17,246,422,422,100
17,247,422,422,100
17,248,422,422,100
17,249,422,422,100
17,250,422,422,100
17,251,422,422,100
17,252,422,422,100
17,253,422,422,100
17,254,422,422,100
17,255,422,422,100
17,256,422,422,100
17,257,422,422,100
17,258,422,422,100
17,259,422,422,100
17,260,422,422,100
17,261,422,422,100
17,262,422,422,100
17,263,422,422,100
17,264,422,422,100
17,265,422,422,100
17,266,422,422,100
17,267,422,422,100
17,268,422,422,100
17,269,422,422,100
17,270,422,422,100
17,271,422,422,100
17,272,422,422,100
17,273,422,422,100
17,274,422,422,100
17,275,422,422,100
17,276,422,422,100
17,277,422,422,100
17,278,422,422,100
17,279,422,422,100
17,280,422,422,100
17,281,422,422,100
17,282,422,422,100
17,283,422,422,100
17,284,422,422,100
17,285,422,422,100
17,286,422,422,100
17,287,422,422,100
17,288,422,422,100
17,289,422,422,100
17,290,422,422,100
17,291,422,422,100
17,292,422,422,100
17,293,422,422,100
17,294,422,422,100
17,295,422,422,100
17,296,422,422,100
17,297,422,422,100
17,298,422,422,100
17,299,422,422,100
17,300,422,422,100
17,301,422,422,100
17,302,422,422,100
17,303,422,422,100
17,304,422,422,100
17,305,422,422,100
17,306,422,422,100
17,307,422,422,100
17,308,422,422,100
17,309,422,422,100
17,310,422,422,100
17,311,422,422,100
17,312,422,422,100
17,313,422,422,100
17,314,422,422,100
17,315,422,422,100
17,316,422,422,100
17,317,422,422,100
17,318,422,422,100
17,319,422,422,100
17,320,422,422,100
17,321,422,422,100
17,322,422,422,100
17,323,422,422,100
17,324,422,422,100
17,325,422,422,100
17,326,422,422,100
17,327,422,422,100
17,328,422,422,100
17,329,422,422,100
17,330,422,422,100
17,331,422,422,100
17,332,422,422,100
17,333,422,422,100
17,334,422,422,100
17,335,422,422,100
17,336,422,422,100
17,337,422,422,100
17,338,422,422,100
17,339,422,422,100
17,340,422,422,100
17,341,422,422,100
17,342,422,422,100
17,343,422,422,100
17,344,422,422,100
17,345,422,422,100
17,346,422,422,100
17,347,422,422,100
17,348,422,422,100
17,349,422,422,100
17,350,422,422,100
17,351,422,422,100
17,352,422,422,100
17,353,422,422,100
17,354,422,422,100
17,355,422,422,100
17,356,422,422,100
17,357,422,422,100
17,358,422,422,100
17,359,422,422,100
17,360,422,422,100
17,361,422,422,100
17,362,422,422,100
17,363,422,422,100
17,364,422,422,100
17,365,422,422,100
17,366,422,422,100
17,367,422,422,100
17,368,422,422,100
17,369,422,422,100
17,370,422,422,100
17,371,422,422,100
17,372,422,422,100
17,373,422,422,100
17,374,422,422,100
17,375,422,422,100
17,376,422,422,100
17,377,422,422,100
17,378,422,422,100
17,379,422,422,100
17,380,422,422,100
17,381,422,422,100
17,382,422,422,100
17,383,422,422,100
17,384,422,422,100
17,385,422,422,100
17,386,422,422,100
17,387,422,422,100
17,388,422,422,100
17,389,422,422,100
17,390,422,422,100
17,391,422,422,100
17,392,422,422,100
17,393,422,422,100
17,394,422,422,100
17,395,422,422,100
17,396,422,422,100
17,397,422,422,100
17,398,422,422,100
17,399,422,422,100
17,400,422,422,100
17,401,422,422,100
17,402,422,422,100
17,403,422,422,100
17,404,422,422,100
17,405,422,422,100
17,406,422,422,100
17,407,422,422,100
17,408,422,422,100
17,409,422,422,100
17,410,422,422,100
17,411,422,422,100
17,412,422,422,100
17,413,422,422,100
17,414,422,422,100
17,415,422,422,100
17,416,422,422,100
17,417,422,422,100
17,418,422,422,100
17,419,422,422,100
17,420,422,422,100
17,421,422,422,100
17,422,422,422,100
17,423,422,422,100
17,424,422,422,100
17,425,422,422,100
17,426,422,422,100
17,427,422,422,100
17,428,422,422,100
17,429,422,422,100
17,430,422,422,100
17,431,422,422,100
17,432,422,422,100
17,433,422,422,100
17,434,422,422,100
17,435,422,422,100
17,436,422,422,100
17,437,422,422,100
17,438,422,422,100
17,439,422,422,100
17,440,422,422,100
17,441,422,422,100
17,442,422,422,100
17,443,422,422,100
17,444,422,422,100
17,445,422,422,100
17,446,422,422,100
17,447,422,422,100
17,448,422,422,100
17,449,422,422,100
17,450,422,422,100
17,451,422,422,100
17,452,422,422,100
17,453,422,422,100
17,454,422,422,100
17,455,422,422,100
17,456,422,422,100
17,457,422,422,100
17,458,422,422,100
17,459,422,422,100
17,460,422,422,100
17,461,422,422,100
17,462,422,422,100
17,463,422,422,100
17,464,422,422,100
17,465,422,422,100
17,466,422,422,100
17,467,422,422,100
17,468,422,422,100
17,469,422,422,100
17,470,422,422,100
17,471,422,422,100
17,472,422,422,100
17,473,422,422,100
17,474,422,422,100
17,475,422,422,100
17,476,422,422,100
17,477,422,422,100
17,478,422,422,100
17,479,422,422,100
17,480,422,422,100
17,481,422,422,100
17,482,422,422,100
17,483,422,422,100
17,484,422,422,100
17,485,422,422,100
17,486,422,422,100
17,487,422,422,100
17,488,422,422,100
17,489,422,422,100
17,490,422,422,100
17,491,422,422,100
17,492,422,422,100
17,493,422,422,100
17,494,422,422,100
17,495,422,422,100
17,496,422,422,100
17,497,422,422,100
17,498,422,422,100
17,499,422,422,100
17,500,422,422,100
18,0,410,410,100
18,1,422,422,100
18,2,422,422,100
18,3,422,422,100
18,4,422,422,100
18,5,422,422,100
18,6,422,422,100
18,7,422,422,100
18,8,422,422,100
18,9,422,422,100
18,10,422,422,100
18,11,422,422,100
18,12,422,422,100
18,13,422,422,100
18,14,422,422,100
18,15,422,422,100
18,16,422,422,100
18,17,422,422,100
18,18,422,422,100
18,19,422,422,100
18,20,422,422,100
18,21,422,422,100
18,22,422,422,100
18,23,422,422,100
18,24,422,422,100
18,25,422,422,100
18,26,422,422,100
18,27,422,422,100
18,28,422,422,100
18,29,422,422,100
18,30,422,422,100
18,31,422,422,100
18,32,422,422,100
18,33,422,422,100
18,34,422,422,100
18,35,422,422,100
18,36,422,422,100
18,37,422,422,100
18,38,422,422,100
18,39,422,422,100
18,40,422,422,100
18,41,422,422,100
18,42,422,422,100
18,43,422,422,100
18,44,422,422,100
18,45,422,422,100
18,46,422,422,100
18,47,422,422,100
18,48,422,422,100
18,49,422,422,100
18,50,422,422,100
18,51,422,422,100
18,52,422,422,100
18,53,422,422,100
18,54,422,422,100
18,55,422,422,100
18,56,422,422,100
18,57,422,422,100
18,58,422,422,100
18,59,422,422,100
18,60,422,422,100
18,61,422,422,100
18,62,422,422,100
18,63,422,422,100
18,64,422,422,100
18,65,422,422,100
18,66,422,422,100
18,67,422,422,100
18,68,422,422,100
18,69,422,422,100
18,70,422,422,100
18,71,422,422,100
18,72,422,422,100
18,73,422,422,100
18,74,422,422,100
18,75,422,422,100
18,76,422,422,100
18,77,422,422,100
18,78,422,422,100
18,79,422,422,100
18,80,422,422,100
18,81,422,422,100
18,82,422,422,100
18,83,422,422,100
18,84,422,422,100
18,85,422,422,100
18,86,422,422,100
18,87,422,422,100
18,88,422,422,100
18,89,422,422,100
18,90,422,422,100
18,91,422,422,100
18,92,422,422,100
18,93,422,422,100
18,94,422,422,100
18,95,422,422,100
18,96,422,422,100
18,97,422,422,100
18,98,422,422,100
18,99,422,422,100
18,100,422,422,100
18,101,422,422,100
18,102,422,422,100
18,103,422,422,100
18,104,422,422,100
18,105,422,422,100
18,106,422,422,100
18,107,422,422,100
18,108,422,422,100
18,109,422,422,100
18,110,422,422,100
18,111,422,422,100
18,112,422,422,100
18,113,422,422,100
18,114,422,422,100
18,115,422,422,100
18,116,422,422,100
18,117,422,422,100
18,118,422,422,100
18,119,422,422,100
18,120,422,422,100
18,121,422,422,100
18,122,422,422,100
18,123,422,422,100
18,124,422,422,100
18,125,422,422,100
18,126,422,422,100
18,127,422,422,100
18,128,422,422,100
18,129,422,422,100
18,130,422,422,100
18,131,422,422,100
18,132,422,422,100
18,133,422,422,100
18,134,422,422,100
18,135,422,422,100
18,136,422,422,100
18,137,422,422,100
18,138,422,422,100
18,139,422,422,100
18,140,422,422,100
18,141,422,422,100
18,142,422,422,100
18,143,422,422,100
18,144,422,422,100
18,145,422,422,100
18,146,422,422,100
18,147,422,422,100
18,148,422,422,100
18,149,422,422,100
18,150,422,422,100
18,151,422,422,100
18,152,422,422,100
18,153,422,422,100
18,154,422,422,100
18,155,422,422,100
18,156,422,422,100
18,157,422,422,100
18,158,422,422,100
18,159,422,422,100
18,160,422,422,100
18,161,422,422,100
18,162,422,422,100
18,163,422,422,100
18,164,422,422,100
18,165,422,422,100
18,166,422,422,100
18,167,422,422,100
18,168,422,422,100
18,169,422,422,100
18,170,422,422,100
18,171,422,422,100
18,172,422,422,100
18,173,422,422,100
18,174,422,422,100
18,175,422,422,100
18,176,422,422,100
18,177,422,422,100
18,178,422,422,100
18,179,422,422,100
18,180,422,422,100
18,181,422,422,100
18,182,422,422,100
18,183,422,422,100
18,184,422,422,100
18,185,422,422,100
18,186,422,422,100
18,187,422,422,100
18,188,422,422,100
18,189,422,422,100
18,190,422,422,100
18,191,422,422,100
18,192,422,422,100
18,193,422,422,100
18,194,422,422,100
18,195,422,422,100
18,196,422,422,100
18,197,422,422,100
18,198,422,422,100
18,199,422,422,100
18,200,422,422,100
18,201,422,422,100
18,202,422,422,100
18,203,422,422,100
18,204,422,422,100
18,205,422,422,100
18,206,422,422,100
18,207,422,422,100
18,208,422,422,100
18,209,422,422,100
18,210,422,422,100
18,211,422,422,100
18,212,422,422,100
18,213,422,422,100
18,214,422,422,100
18,215,422,422,100
18,216,422,422,100
18,217,422,422,100
18,218,422,422,100
18,219,422,422,100
18,220,422,422,100
18,221,422,422,100
18,222,422,422,100
18,223,422,422,100
18,224,422,422,100
18,225,422,422,100
18,226,422,422,100
18,227,422,422,100
18,228,422,422,100
18,229,422,422,100
18,230,422,422,100
18,231,422,422,100
18,232,422,422,100
18,233,422,422,100
18,234,422,422,100
18,235,422,422,100
18,236,422,422,100
18,237,422,422,100
18,238,422,422,100
18,239,422,422,100
18,240,422,422,100
18,241,422,422,100
18,242,422,422,100
18,243,422,422,100
18,244,422,422,100
18,245,422,422,100
18,246,422,422,100
18,247,422,422,100
18,248,422,422,100
18,249,422,422,100
18,250,422,422,100
18,251,422,422,100
18,252,422,422,100
18,253,422,422,100
18,254,422,422,100
18,255,422,422,100
18,256,422,422,100
18,257,422,422,100
18,258,422,422,100
18,259,422,422,100
18,260,422,422,100
18,261,422,422,100
18,262,422,422,100
18,263,422,422,100
18,264,422,422,100
18,265,422,422,100
18,266,422,422,100
18,267,422,422,100
18,268,422,422,100
18,269,422,422,100
18,270,422,422,100
18,271,422,422,100
18,272,422,422,100
18,273,422,422,100
18,274,422,422,100
18,275,422,422,100
18,276,422,422,100
18,277,422,422,100
18,278,422,422,100
18,279,422,422,100
18,280,422,422,100
18,281,422,422,100
18,282,422,422,100
18,283,422,422,100
18,284,422,422,100
18,285,422,422,100
18,286,422,422,100
18,287,422,422,100
18,288,422,422,100
18,289,422,422,100
18,290,422,422,100
18,291,422,422,100
18,292,422,422,100
18,293,422,422,100
18,294,422,422,100
18,295,422,422,100
18,296,422,422,100
18,297,422,422,100
18,298,422,422,100
18,299,422,422,100
18,300,422,422,100
18,301,422,422,100
18,302,422,422,100
18,303,422,422,100
18,304,422,422,100
18,305,422,422,100
18,306,422,422,100
18,307,422,422,100
18,308,422,422,100
18,309,422,422,100
18,310,422,422,100
18,311,422,422,100
18,312,422,422,100
18,313,422,422,100
18,314,422,422,100
18,315,422,422,100
18,316,422,422,100
18,317,422,422,100
18,318,422,422,100
18,319,422,422,100
18,320,422,422,100
18,321,422,422,100
18,322,422,422,100
18,323,422,422,100
18,324,422,422,100
18,325,422,422,100
18,326,422,422,100
18,327,422,422,100
18,328,422,422,100
18,329,422,422,100
18,330,422,422,100
18,331,422,422,100
18,332,422,422,100
18,333,422,422,100
18,334,422,422,100
18,335,422,422,100
18,336,422,422,100
18,337,422,422,100
18,338,422,422,100
18,339,422,422,100
18,340,422,422,100
18,341,422,422,100
18,342,422,422,100
18,343,422,422,100
18,344,422,422,100
18,345,422,422,100
18,346,422,422,100
18,347,422,422,100
18,348,422,422,100
18,349,422,422,100
18,350,422,422,100
18,351,422,422,100
18,352,422,422,100
18,353,422,422,100
18,354,422,422,100
18,355,422,422,100
18,356,422,422,100
18,357,422,422,100
18,358,422,422,100
18,359,422,422,100
18,360,422,422,100
18,361,422,422,100
18,362,422,422,100
18,363,422,422,100
18,364,422,422,100
18,365,422,422,100
18,366,422,422,100
18,367,422,422,100
18,368,422,422,100
18,369,422,422,100
18,370,422,422,100
18,371,422,422,100
18,372,422,422,100
18,373,422,422,100
18,374,422,422,100
18,375,422,422,100
18,376,422,422,100
18,377,422,422,100
18,378,422,422,100
18,379,422,422,100
18,380,422,422,100
18,381,422,422,100
18,382,422,422,100
18,383,422,422,100
18,384,422,422,100
18,385,422,422,100
18,386,422,422,100
18,387,422,422,100
18,388,422,422,100
18,389,422,422,100
18,390,422,422,100
18,391,422,422,100
18,392,422,422,100
18,393,422,422,100
18,394,422,422,100
18,395,422,422,100
18,396,422,422,100
18,397,422,422,100
18,398,422,422,100
18,399,422,422,100
18,400,422,422,100
18,401,422,422,100
18,402,422,422,100
18,403,422,422,100
18,404,422,422,100
18,405,422,422,100
18,406,422,422,100
18,407,422,422,100
18,408,422,422,100
18,409,422,422,100
18,410,422,422,100
18,411,422,422,100
18,412,422,422,100
18,413,422,422,100
18,414,422,422,100
18,415,422,422,100
18,416,422,422,100
18,417,422,422,100
18,418,422,422,100
18,419,422,422,100
18,420,422,422,100
18,421,422,422,100
18,422,422,422,100
18,423,422,422,100
18,424,422,422,100
18,425,422,422,100
18,426,422,422,100
18,427,422,422,100
18,428,422,422,100
18,429,422,422,100
18,430,422,422,100
18,431,422,422,100
18,432,422,422,100
18,433,422,422,100
18,434,422,422,100
18,435,422,422,100
18,436,422,422,100
18,437,422,422,100
18,438,422,422,100
18,439,422,422,100
18,440,422,422,100
18,441,422,422,100
18,442,422,422,100
18,443,422,422,100
18,444,422,422,100
18,445,422,422,100
18,446,422,422,100
18,447,422,422,100
18,448,422,422,100
18,449,422,422,100
18,450,422,422,100
18,451,422,422,100
18,452,422,422,100
18,453,422,422,100
18,454,422,422,100
18,455,422,422,100
18,456,422,422,100
18,457,422,422,100
18,458,422,422,100
18,459,422,422,100
18,460,422,422,100
18,461,422,422,100
18,462,422,422,100
18,463,422,422,100
18,464,422,422,100
18,465,422,422,100
18,466,422,422,100
18,467,422,422,100
18,468,422,422,100
18,469,422,422,100
18,470,422,422,100
18,471,422,422,100
18,472,422,422,100
18,473,422,422,100
18,474,422,422,100
18,475,422,422,100
18,476,422,422,100
18,477,422,422,100
18,478,422,422,100
18,479,422,422,100
18,480,422,422,100
18,481,422,422,100
18,482,422,422,100
18,483,422,422,100
18,484,422,422,100
18,485,422,422,100
18,486,422,422,100
18,487,422,422,100
18,488,422,422,100
18,489,422,422,100
18,490,422,422,100
18,491,422,422,100
18,492,422,422,100
18,493,422,422,100
18,494,422,422,100
18,495,422,422,100
18,496,422,422,100
18,497,422,422,100
18,498,422,422,100
18,499,422,422,100
18,500,422,422,100
19,0,407,407,100
19,1,422,422,100
19,2,422,422,100
19,3,422,422,100
19,4,422,422,100
19,5,422,422,100
19,6,422,422,100
19,7,422,422,100
19,8,422,422,100
19,9,422,422,100
19,10,422,422,100
19,11,422,422,100
19,12,422,422,100
19,13,422,422,100
19,14,422,422,100
19,15,422,422,100
19,16,422,422,100
19,17,422,422,100
19,18,422,422,100
19,19,422,422,100
19,20,422,422,100
19,21,422,422,100
19,22,422,422,100
19,23,422,422,100
19,24,422,422,100
19,25,422,422,100
19,26,422,422,100
19,27,422,422,100
19,28,422,422,100
19,29,422,422,100
19,30,422,422,100
19,31,422,422,100
19,32,422,422,100
19,33,422,422,100
19,34,422,422,100
19,35,422,422,100
19,36,422,422,100
19,37,422,422,100
19,38,422,422,100
19,39,422,422,100
19,40,422,422,100
19,41,422,422,100
19,42,422,422,100
19,43,422,422,100
19,44,422,422,100
19,45,422,422,100
19,46,422,422,100
19,47,422,422,100
19,48,422,422,100
19,49,422,422,100
19,50,422,422,100
19,51,422,422,100
19,52,422,422,100
19,53,422,422,100
19,54,422,422,100
19,55,422,422,100
19,56,422,422,100
19,57,422,422,100
19,58,422,422,100
19,59,422,422,100
19,60,422,422,100
19,61,422,422,100
19,62,422,422,100
19,63,422,422,100
19,64,422,422,100
19,65,422,422,100
19,66,422,422,100
19,67,422,422,100
19,68,422,422,100
19,69,422,422,100
19,70,422,422,100
19,71,422,422,100
19,72,422,422,100
19,73,422,422,100
19,74,422,422,100
19,75,422,422,100
19,76,422,422,100
19,77,422,422,100
19,78,422,422,100
19,79,422,422,100
19,80,422,422,100
19,81,422,422,100
19,82,422,422,100
19,83,422,422,100
19,84,422,422,100
19,85,422,422,100
19,86,422,422,100
19,87,422,422,100
19,88,422,422,100
19,89,422,422,100
19,90,422,422,100
19,91,422,422,100
19,92,422,422,100
19,93,422,422,100
19,94,422,422,100
19,95,422,422,100
19,96,422,422,100
19,97,422,422,100
19,98,422,422,100
19,99,422,422,100
19,100,422,422,100
19,101,422,422,100
19,102,422,422,100
19,103,422,422,100
19,104,422,422,100
19,105,422,422,100
19,106,422,422,100
19,107,422,422,100
19,108,422,422,100
19,109,422,422,100
19,110,422,422,100
19,111,422,422,100
19,112,422,422,100
19,113,422,422,100
19,114,422,422,100
19,115,422,422,100
19,116,422,422,100
19,117,422,422,100
19,118,422,422,100
19,119,422,422,100
19,120,422,422,100
19,121,422,422,100
19,122,422,422,100
19,123,422,422,100
19,124,422,422,100
19,125,422,422,100
19,126,422,422,100
19,127,422,422,100
19,128,422,422,100
19,129,422,422,100
19,130,422,422,100
19,131,422,422,100
19,132,422,422,100
19,133,422,422,100
19,134,422,422,100
19,135,422,422,100
19,136,422,422,100
19,137,422,422,100
19,138,422,422,100
19,139,422,422,100
19,140,422,422,100
19,141,422,422,100
19,142,422,422,100
19,143,422,422,100
19,144,422,422,100
19,145,422,422,100
19,146,422,422,100
19,147,422,422,100
19,148,422,422,100
19,149,422,422,100
19,150,422,422,100
19,151,422,422,100
19,152,422,422,100
19,153,422,422,100
19,154,422,422,100
19,155,422,422,100
19,156,422,422,100
19,157,422,422,100
19,158,422,422,100
19,159,422,422,100
19,160,422,422,100
19,161,422,422,100
19,162,422,422,100
19,163,422,422,100
19,164,422,422,100
19,165,422,422,100
19,166,422,422,100
19,167,422,422,100
19,168,422,422,100
19,169,422,422,100
19,170,422,422,100
19,171,422,422,100
19,172,422,422,100
19,173,422,422,100
19,174,422,422,100
19,175,422,422,100
19,176,422,422,100
19,177,422,422,100
19,178,422,422,100
19,179,422,422,100
19,180,422,422,100
19,181,422,422,100
19,182,422,422,100
19,183,422,422,100
19,184,422,422,100
19,185,422,422,100
19,186,422,422,100
19,187,422,422,100
19,188,422,422,100
19,189,422,422,100
19,190,422,422,100
19,191,422,422,100
19,192,422,422,100
19,193,422,422,100
19,194,422,422,100
19,195,422,422,100
19,196,422,422,100
19,197,422,422,100
19,198,422,422,100
19,199,422,422,100
19,200,422,422,100
19,201,422,422,100
19,202,422,422,100
19,203,422,422,100
19,204,422,422,100
19,205,422,422,100
19,206,422,422,100
19,207,422,422,100
19,208,422,422,100
19,209,422,422,100
19,210,422,422,100
19,211,422,422,100
19,212,422,422,100
19,213,422,422,100
19,214,422,422,100
19,215,422,422,100
19,216,422,422,100
19,217,422,422,100
19,218,422,422,100
19,219,422,422,100
19,220,422,422,100
19,221,422,422,100
19,222,422,422,100
19,223,422,422,100
19,224,422,422,100
19,225,422,422,100
19,226,422,422,100
19,227,422,422,100
19,228,422,422,100
19,229,422,422,100
19,230,422,422,100
19,231,422,422,100
19,232,422,422,100
19,233,422,422,100
19,234,422,422,100
19,235,422,422,100
19,236,422,422,100
19,237,422,422,100
19,238,422,422,100
19,239,422,422,100
19,240,422,422,100
19,241,422,422,100
19,242,422,422,100
19,243,422,422,100
19,244,422,422,100
19,245,422,422,100
19,246,422,422,100
19,247,422,422,100
19,248,422,422,100
19,249,422,422,100
19,250,422,422,100
19,251,422,422,100
19,252,422,422,100
19,253,422,422,100
19,254,422,422,100
19,255,422,422,100
19,256,422,422,100
19,257,422,422,100
19,258,422,422,100
19,259,422,422,100
19,260,422,422,100
19,261,422,422,100
19,262,422,422,100
19,263,422,422,100
19,264,422,422,100
19,265,422,422,100
19,266,422,422,100
19,267,422,422,100
19,268,422,422,100
19,269,422,422,100
19,270,422,422,100
19,271,422,422,100
19,272,422,422,100
19,273,422,422,100
19,274,422,422,100
19,275,422,422,100
19,276,422,422,100
19,277,422,422,100
19,278,422,422,100
19,279,422,422,100
19,280,422,422,100
19,281,422,422,100
19,282,422,422,100
19,283,422,422,100
19,284,422,422,100
19,285,422,422,100
19,286,422,422,100
19,287,422,422,100
19,288,422,422,100
19,289,422,422,100
19,290,422,422,100
19,291,422,422,100
19,292,422,422,100
19,293,422,422,100
19,294,422,422,100
19,295,422,422,100
19,296,422,422,100
19,297,422,422,100
19,298,422,422,100
19,299,422,422,100
19,300,422,422,100
19,301,422,422,100
19,302,422,422,100
19,303,422,422,100
19,304,422,422,100
19,305,422,422,100
19,306,422,422,100
19,307,422,422,100
19,308,422,422,100
19,309,422,422,100
19,310,422,422,100
19,311,422,422,100
19,312,422,422,100
19,313,422,422,100
19,314,422,422,100
19,315,422,422,100
19,316,422,422,100
19,317,422,422,100
19,318,422,422,100
19,319,422,422,100
19,320,422,422,100
19,321,422,422,100
19,322,422,422,100
19,323,422,422,100
19,324,422,422,100
19,325,422,422,100
19,326,422,422,100
19,327,422,422,100
19,328,422,422,100
19,329,422,422,100
19,330,422,422,100
19,331,422,422,100
19,332,422,422,100
19,333,422,422,100
19,334,422,422,100
19,335,422,422,100
19,336,422,422,100
19,337,422,422,100
19,338,422,422,100
19,339,422,422,100
19,340,422,422,100
19,341,422,422,100
19,342,422,422,100
19,343,422,422,100
19,344,422,422,100
19,345,422,422,100
19,346,422,422,100
19,347,422,422,100
19,348,422,422,100
19,349,422,422,100
19,350,422,422,100
19,351,422,422,100
19,352,422,422,100
19,353,422,422,100
19,354,422,422,100
19,355,422,422,100
19,356,422,422,100
19,357,422,422,100
19,358,422,422,100
19,359,422,422,100
19,360,422,422,100
19,361,422,422,100
19,362,422,422,100
19,363,422,422,100
19,364,422,422,100
19,365,422,422,100
19,366,422,422,100
19,367,422,422,100
19,368,422,422,100
19,369,422,422,100
19,370,422,422,100
19,371,422,422,100
19,372,422,422,100
19,373,422,422,100
19,374,422,422,100
19,375,422,422,100
19,376,422,422,100
19,377,422,422,100
19,378,422,422,100
19,379,422,422,100
19,380,422,422,100
19,381,422,422,100
19,382,422,422,100
19,383,422,422,100
19,384,422,422,100
19,385,422,422,100
19,386,422,422,100
19,387,422,422,100
19,388,422,422,100
19,389,422,422,100
19,390,422,422,100
19,391,422,422,100
19,392,422,422,100
19,393,422,422,100
19,394,422,422,100
19,395,422,422,100
19,396,422,422,100
19,397,422,422,100
19,398,422,422,100
19,399,422,422,100
19,400,422,422,100
19,401,422,422,100
19,402,422,422,100
19,403,422,422,100
19,404,422,422,100
19,405,422,422,100
19,406,422,422,100
19,407,422,422,100
19,408,422,422,100
19,409,422,422,100
19,410,422,422,100
19,411,422,422,100
19,412,422,422,100
19,413,422,422,100
19,414,422,422,100
19,415,422,422,100
19,416,422,422,100
19,417,422,422,100
19,418,422,422,100
19,419,422,422,100
19,420,422,422,100
19,421,422,422,100
19,422,422,422,100
19,423,422,422,100
19,424,422,422,100
19,425,422,422,100
19,426,422,422,100
19,427,422,422,100
19,428,422,422,100
19,429,422,422,100
19,430,422,422,100
19,431,422,422,100
19,432,422,422,100
19,433,422,422,100
19,434,422,422,100
19,435,422,422,100
19,436,422,422,100
19,437,422,422,100
19,438,422,422,100
19,439,422,422,100
19,440,422,422,100
19,441,422,422,100
19,442,422,422,100
19,443,422,422,100
19,444,422,422,100
19,445,422,422,100
19,446,422,422,100
19,447,422,422,100
19,448,422,422,100
19,449,422,422,100
19,450,422,422,100
19,451,422,422,100
19,452,422,422,100
19,453,422,422,100
19,454,422,422,100
19,455,422,422,100
19,456,422,422,100
19,457,422,422,100
19,458,422,422,100
19,459,422,422,100
19,460,422,422,100
19,461,422,422,100
19,462,422,422,100
19,463,422,422,100
19,464,422,422,100
19,465,422,422,100
19,466,422,422,100
19,467,422,422,100
19,468,422,422,100
19,469,422,422,100
19,470,422,422,100
19,471,422,422,100
19,472,422,422,100
19,473,422,422,100
19,474,422,422,100
19,475,422,422,100
19,476,422,422,100
19,477,422,422,100
19,478,422,422,100
19,479,422,422,100
19,480,422,422,100
19,481,422,422,100
19,482,422,422,100
19,483,422,422,100
19,484,422,422,100
19,485,422,422,100
19,486,422,422,100
19,487,422,422,100
19,488,422,422,100
19,489,422,422,100
19,490,422,422,100
19,491,422,422,100
19,492,422,422,100
19,493,422,422,100
19,494,422,422,100
19,495,422,422,100
19,496,422,422,100
19,497,422,422,100
19,498,422,422,100
19,499,422,422,100
19,500,422,422,100
20,0,407,407,100
20,1,422,422,100
20,2,422,422,100
20,3,422,422,100
20,4,422,422,100
20,5,422,422,100
20,6,422,422,100
20,7,422,422,100
20,8,422,422,100
20,9,422,422,100
20,10,422,422,100
20,11,422,422,100
20,12,422,422,100
20,13,422,422,100
20,14,422,422,100
20,15,422,422,100
20,16,422,422,100
20,17,422,422,100
20,18,422,422,100
20,19,422,422,100
20,20,422,422,100
20,21,422,422,100
20,22,422,422,100
20,23,422,422,100
20,24,422,422,100
20,25,422,422,100
20,26,422,422,100
20,27,422,422,100
20,28,422,422,100
20,29,422,422,100
20,30,422,422,100
20,31,422,422,100
20,32,422,422,100
20,33,422,422,100
20,34,422,422,100
20,35,422,422,100
20,36,422,422,100
20,37,422,422,100
20,38,422,422,100
20,39,422,422,100
20,40,422,422,100
20,41,422,422,100
20,42,422,422,100
20,43,422,422,100
20,44,422,422,100
20,45,422,422,100
20,46,422,422,100
20,47,422,422,100
20,48,422,422,100
20,49,422,422,100
20,50,422,422,100
20,51,422,422,100
20,52,422,422,100
20,53,422,422,100
20,54,422,422,100
20,55,422,422,100
20,56,422,422,100
20,57,422,422,100
20,58,422,422,100
20,59,422,422,100
20,60,422,422,100
20,61,422,422,100
20,62,422,422,100
20,63,422,422,100
20,64,422,422,100
20,65,422,422,100
20,66,422,422,100
20,67,422,422,100
20,68,422,422,100
20,69,422,422,100
20,70,422,422,100
20,71,422,422,100
20,72,422,422,100
20,73,422,422,100
20,74,422,422,100
20,75,422,422,100
20,76,422,422,100
20,77,422,422,100
20,78,422,422,100
20,79,422,422,100
20,80,422,422,100
20,81,422,422,100
20,82,422,422,100
20,83,422,422,100
20,84,422,422,100
20,85,422,422,100
20,86,422,422,100
20,87,422,422,100
20,88,422,422,100
20,89,422,422,100
20,90,422,422,100
20,91,422,422,100
20,92,422,422,100
20,93,422,422,100
20,94,422,422,100
20,95,422,422,100
20,96,422,422,100
20,97,422,422,100
20,98,422,422,100
20,99,422,422,100
20,100,422,422,100
20,101,422,422,100
20,102,422,422,100
20,103,422,422,100
20,104,422,422,100
20,105,422,422,100
20,106,422,422,100
20,107,422,422,100
20,108,422,422,100
20,109,422,422,100
20,110,422,422,100
20,111,422,422,100
20,112,422,422,100
20,113,422,422,100
20,114,422,422,100
20,115,422,422,100
20,116,422,422,100
20,117,422,422,100
20,118,422,422,100
20,119,422,422,100
20,120,422,422,100
20,121,422,422,100
20,122,422,422,100
20,123,422,422,100
20,124,422,422,100
20,125,422,422,100
20,126,422,422,100
20,127,422,422,100
20,128,422,422,100
20,129,422,422,100
20,130,422,422,100
20,131,422,422,100
20,132,422,422,100
20,133,422,422,100
20,134,422,422,100
20,135,422,422,100
20,136,422,422,100
20,137,422,422,100
20,138,422,422,100
20,139,422,422,100
20,140,422,422,100
20,141,422,422,100
20,142,422,422,100
20,143,422,422,100
20,144,422,422,100
20,145,422,422,100
20,146,422,422,100
20,147,422,422,100
20,148,422,422,100
20,149,422,422,100
20,150,422,422,100
20,151,422,422,100
20,152,422,422,100
20,153,422,422,100
20,154,422,422,100
20,155,422,422,100
20,156,422,422,100
20,157,422,422,100
20,158,422,422,100
20,159,422,422,100
20,160,422,422,100
20,161,422,422,100
20,162,422,422,100
20,163,422,422,100
20,164,422,422,100
20,165,422,422,100
20,166,422,422,100
20,167,422,422,100
20,168,422,422,100
20,169,422,422,100
20,170,422,422,100
20,171,422,422,100
20,172,422,422,100
20,173,422,422,100
20,174,422,422,100
20,175,422,422,100
20,176,422,422,100
20,177,422,422,100
20,178,422,422,100
20,179,422,422,100
20,180,422,422,100
20,181,422,422,100
20,182,422,422,100
20,183,422,422,100
20,184,422,422,100
20,185,422,422,100
20,186,422,422,100
20,187,422,422,100
20,188,422,422,100
20,189,422,422,100
20,190,422,422,100
20,191,422,422,100
20,192,422,422,100
20,193,422,422,100
20,194,422,422,100
20,195,422,422,100
20,196,422,422,100
20,197,422,422,100
20,198,422,422,100
20,199,422,422,100
20,200,422,422,100
20,201,422,422,100
20,202,422,422,100
20,203,422,422,100
20,204,422,422,100
20,205,422,422,100
20,206,422,422,100
20,207,422,422,100
20,208,422,422,100
20,209,422,422,100
20,210,422,422,100
20,211,422,422,100
20,212,422,422,100
20,213,422,422,100
20,214,422,422,100
20,215,422,422,100
20,216,422,422,100
20,217,422,422,100
20,218,422,422,100
20,219,422,422,100
20,220,422,422,100
20,221,422,422,100
20,222,422,422,100
20,223,422,422,100
20,224,422,422,100
20,225,422,422,100
20,226,422,422,100
20,227,422,422,100
20,228,422,422,100
20,229,422,422,100
20,230,422,422,100
20,231,422,422,100
20,232,422,422,100
20,233,422,422,100
20,234,422,422,100
20,235,422,422,100
20,236,422,422,100
20,237,422,422,100
20,238,422,422,100
20,239,422,422,100
20,240,422,422,100
20,241,422,422,100
20,242,422,422,100
20,243,422,422,100
20,244,422,422,100
20,245,422,422,100
20,246,422,422,100
20,247,422,422,100
20,248,422,422,100
20,249,422,422,100
20,250,422,422,100
20,251,422,422,100
20,252,422,422,100
20,253,422,422,100
20,254,422,422,100
20,255,422,422,100
20,256,422,422,100
20,257,422,422,100
20,258,422,422,100
20,259,422,422,100
20,260,422,422,100
20,261,422,422,100
20,262,422,422,100
20,263,422,422,100
20,264,422,422,100
20,265,422,422,100
20,266,422,422,100
20,267,422,422,100
20,268,422,422,100
20,269,422,422,100
20,270,422,422,100
20,271,422,422,100
20,272,422,422,100
20,273,422,422,100
20,274,422,422,100
20,275,422,422,100
20,276,422,422,100
20,277,422,422,100
20,278,422,422,100
20,279,422,422,100
20,280,422,422,100
20,281,422,422,100
20,282,422,422,100
20,283,422,422,100
20,284,422,422,100
20,285,422,422,100
20,286,422,422,100
20,287,422,422,100
20,288,422,422,100
20,289,422,422,100
20,290,422,422,100
20,291,422,422,100
20,292,422,422,100
20,293,422,422,100
20,294,422,422,100
20,295,422,422,100
20,296,422,422,100
20,297,422,422,100
20,298,422,422,100
20,299,422,422,100
20,300,422,422,100
20,301,422,422,100
20,302,422,422,100
20,303,422,422,100
20,304,422,422,100
20,305,422,422,100
20,306,422,422,100
20,307,422,422,100
20,308,422,422,100
20,309,422,422,100
20,310,422,422,100
20,311,422,422,100
20,312,422,422,100
20,313,422,422,100
20,314,422,422,100
20,315,422,422,100
20,316,422,422,100
20,317,422,422,100
20,318,422,422,100
20,319,422,422,100
20,320,422,422,100
20,321,422,422,100
20,322,422,422,100
20,323,422,422,100
20,324,422,422,100
20,325,422,422,100
20,326,422,422,100
20,327,422,422,100
20,328,422,422,100
20,329,422,422,100
20,330,422,422,100
20,331,422,422,100
20,332,422,422,100
20,333,422,422,100
20,334,422,422,100
20,335,422,422,100
20,336,422,422,100
20,337,422,422,100
20,338,422,422,100
20,339,422,422,100
20,340,422,422,100
20,341,422,422,100
20,342,422,422,100
20,343,422,422,100
20,344,422,422,100
20,345,422,422,100
20,346,422,422,100
20,347,422,422,100
20,348,422,422,100
20,349,422,422,100
20,350,422,422,100
20,351,422,422,100
20,352,422,422,100
20,353,422,422,100
20,354,422,422,100
20,355,422,422,100
20,356,422,422,100
20,357,422,422,100
20,358,422,422,100
20,359,422,422,100
20,360,422,422,100
20,361,422,422,100
20,362,422,422,100
20,363,422,422,100
20,364,422,422,100
20,365,422,422,100
20,366,422,422,100
20,367,422,422,100
20,368,422,422,100
20,369,422,422,100
20,370,422,422,100
20,371,422,422,100
20,372,422,422,100
20,373,422,422,100
20,374,422,422,100
20,375,422,422,100
20,376,422,422,100
20,377,422,422,100
20,378,422,422,100
20,379,422,422,100
20,380,422,422,100
20,381,422,422,100
20,382,422,422,100
20,383,422,422,100
20,384,422,422,100
20,385,422,422,100
20,386,422,422,100
20,387,422,422,100
20,388,422,422,100
20,389,422,422,100
20,390,422,422,100
20,391,422,422,100
20,392,422,422,100
20,393,422,422,100
20,394,422,422,100
20,395,422,422,100
20,396,422,422,100
20,397,422,422,100
20,398,422,422,100
20,399,422,422,100
20,400,422,422,100
20,401,422,422,100
20,402,422,422,100
20,403,422,422,100
20,404,422,422,100
20,405,422,422,100
20,406,422,422,100
20,407,422,422,100
20,408,422,422,100
20,409,422,422,100
20,410,422,422,100
20,411,422,422,100
20,412,422,422,100
20,413,422,422,100
20,414,422,422,100
20,415,422,422,100
20,416,422,422,100
20,417,422,422,100
20,418,422,422,100
20,419,422,422,100
20,420,422,422,100
20,421,422,422,100
20,422,422,422,100
20,423,422,422,100
20,424,422,422,100
20,425,422,422,100
20,426,422,422,100
20,427,422,422,100
20,428,422,422,100
20,429,422,422,100
20,430,422,422,100
20,431,422,422,100
20,432,422,422,100
20,433,422,422,100
20,434,422,422,100
20,435,422,422,100
20,436,422,422,100
20,437,422,422,100
20,438,422,422,100
20,439,422,422,100
20,440,422,422,100
20,441,422,422,100
20,442,422,422,100
20,443,422,422,100
20,444,422,422,100
20,445,422,422,100
20,446,422,422,100
20,447,422,422,100
20,448,422,422,100
20,449,422,422,100
20,450,422,422,100
20,451,422,422,100
20,452,422,422,100
20,453,422,422,100
20,454,422,422,100
20,455,422,422,100
20,456,422,422,100
20,457,422,422,100
20,458,422,422,100
20,459,422,422,100
20,460,422,422,100
20,461,422,422,100
20,462,422,422,100
20,463,422,422,100
20,464,422,422,100
20,465,422,422,100
20,466,422,422,100
20,467,422,422,100
20,468,422,422,100
20,469,422,422,100
20,470,422,422,100
20,471,422,422,100
20,472,422,422,100
20,473,422,422,100
20,474,422,422,100
20,475,422,422,100
20,476,422,422,100
20,477,422,422,100
20,478,422,422,100
20,479,422,422,100
20,480,422,422,100
20,481,422,422,100
20,482,422,422,100
20,483,422,422,100
20,484,422,422,100
20,485,422,422,100
20,486,422,422,100
20,487,422,422,100
20,488,422,422,100
20,489,422,422,100
20,490,422,422,100
20,491,422,422,100
20,492,422,422,100
20,493,422,422,100
20,494,422,422,100
20,495,422,422,100
20,496,422,422,100
20,497,422,422,100
20,498,422,422,100
20,499,422,422,100
20,500,422,422,100
21,0,525,525,70
21,1,525,525,77
21,2,525,525,76
21,3,525,525,81
21,4,525,525,78
21,5,525,525,77
21,6,540,540,77
21,7,540,540,74
21,8,540,540,73
21,9,552,552,73
21,10,552,552,75
21,11,552,552,80
21,12,552,552,75
21,13,552,552,75
21,14,552,552,77
21,15,552,552,80
21,16,552,552,83
21,17,552,552,82
21,18,552,552,76
21,19,552,552,68
21,20,552,552,78
21,21,552,552,73
21,22,552,552,74
21,23,552,552,69
21,24,552,552,74
21,25,552,552,68
21,26,552,552,81
21,27,552,552,72
21,28,552,552,74
21,29,552,552,86
21,30,552,552,67
21,31,552,552,82
21,32,552,552,86
21,33,552,552,74
21,34,552,552,79
21,35,552,552,72
21,36,552,552,82
21,37,552,552,74
21,38,552,552,82
21,39,552,552,78
21,40,552,552,72
21,41,552,552,69
21,42,552,552,78
21,43,552,552,78
21,44,552,552,73
21,45,552,552,83
21,46,552,552,75
21,47,552,552,72
21,48,552,552,74
21,49,552,552,80
21,50,552,552,74
21,51,552,552,76
21,52,552,552,75
21,53,552,552,69
21,54,552,552,73
21,55,552,552,73
21,56,552,552,78
21,57,552,552,67
21,58,552,552,70
21,59,552,552,75
21,60,552,552,69
21,61,552,552,77
21,62,552,552,71
21,63,552,552,81
21,64,552,552,76
21,65,552,552,66
21,66,552,552,74
21,67,552,552,81
21,68,552,552,71
21,69,552,552,74
21,70,552,552,71
21,71,552,552,74
21,72,552,552,73
21,73,552,552,80
21,74,552,552,69
21,75,552,552,78
21,76,552,552,75
21,77,552,552,72
21,78,552,552,83
21,79,552,552,79
21,80,552,552,84
21,81,552,552,77
21,82,552,552,68
21,83,552,552,80
21,84,552,552,77
21,85,552,552,73
21,86,552,552,76
21,87,552,552,72
21,88,552,552,68
21,89,552,552,78
21,90,552,552,70
21,91,552,552,80
21,92,552,552,82
21,93,552,552,79
21,94,552,552,82
21,95,552,552,77
21,96,552,552,78
21,97,552,552,71
21,98,552,552,70
21,99,552,552,75
21,100,552,552,84
21,101,552,552,77
21,102,552,552,74
21,103,552,552,77
21,104,552,552,79
21,105,552,552,74
21,106,552,552,74
21,107,552,552,74
21,108,552,552,72
21,109,552,552,83
21,110,552,552,74
21,111,552,552,72
21,112,552,552,82
21,113,552,552,67
21,114,552,552,74
21,115,552,552,79
21,116,552,552,73
21,117,552,552,67
21,118,552,552,77
21,119,552,552,74
21,120,552,552,74
21,121,552,552,76
21,122,552,552,79
21,123,552,552,75
21,124,552,552,69
21,125,552,552,75
21,126,552,552,77
21,127,552,552,81
21,128,552,552,71
21,129,552,552,82
21,130,552,552,81
21,131,552,552,77
21,132,552,552,81
21,133,552,552,77
21,134,552,552,82
21,135,552,552,75
21,136,552,552,75
21,137,552,552,71
21,138,552,552,80
21,139,552,552,80
21,140,552,552,72
21,141,552,552,74
21,142,552,552,66
21,143,552,552,73
21,144,552,552,79
21,145,552,552,74
21,146,552,552,79
21,147,552,552,80
21,148,552,552,74
21,149,552,552,81
21,150,552,552,76
21,151,552,552,73
21,152,552,552,74
21,153,552,552,79
21,154,552,552,75
21,155,552,552,81
21,156,552,552,79
21,157,552,552,77
21,158,552,552,77
21,159,552,552,83
21,160,552,552,72
21,161,552,552,76
21,162,552,552,72
21,163,552,552,81
21,164,552,552,79
21,165,552,552,74
21,166,552,552,68
21,167,552,552,67
21,168,552,552,76
21,169,552,552,77
21,170,552,552,72
21,171,552,552,76
21,172,552,552,80
21,173,552,552,68
21,174,552,552,68
21,175,552,552,78
21,176,552,552,72
21,177,552,552,76
21,178,552,552,73
21,179,552,552,78
21,180,552,552,73
21,181,552,552,78
21,182,552,552,76
21,183,552,552,72
21,184,552,552,75
21,185,552,552,73
21,186,552,552,77
21,187,552,552,80
21,188,552,552,78
21,189,552,552,76
21,190,552,552,71
21,191,552,552,69
21,192,552,552,73
21,193,552,552,81
21,194,552,552,73
21,195,552,552,76
21,196,552,552,70
21,197,552,552,80
21,198,552,552,70
21,199,552,552,73
21,200,552,552,75
21,201,552,552,78
21,202,552,552,78
21,203,552,552,74
21,204,552,552,63
21,205,552,552,82
21,206,552,552,74
21,207,552,552,76
21,208,552,552,78
21,209,552,552,73
21,210,552,552,77
21,211,552,552,74
21,212,552,552,73
21,213,552,552,73
21,214,552,552,72
21,215,552,552,77
21,216,552,552,74
21,217,552,552,74
21,218,552,552,76
21,219,552,552,74
21,220,552,552,78
21,221,552,552,75
21,222,552,552,80
21,223,552,552,70
21,224,552,552,69
21,225,552,552,86
21,226,552,552,78
21,227,552,552,69
21,228,552,552,69
21,229,552,552,76
21,230,552,552,75
21,231,552,552,78
21,232,552,552,76
21,233,552,552,78
21,234,552,552,73
21,235,552,552,70
21,236,552,552,68
21,237,552,552,82
21,238,552,552,73
21,239,552,552,82
21,240,552,552,79
21,241,552,552,80
21,242,552,552,79
21,243,552,552,78
21,244,552,552,72
21,245,552,552,78
21,246,552,552,83
21,247,552,552,72
21,248,552,552,72
21,249,552,552,84
21,250,552,552,80
21,251,552,552,70
21,252,552,552,81
21,253,552,552,74
21,254,552,552,83
21,255,552,552,71
21,256,552,552,76
21,257,552,552,76
21,258,552,552,74
21,259,552,552,69
21,260,552,552,73
21,261,552,552,80
21,262,552,552,86
21,263,552,552,82
21,264,552,552,72
21,265,552,552,71
21,266,552,552,82
21,267,552,552,80
21,268,552,552,76
21,269,552,552,80
21,270,552,552,84
21,271,552,552,76
21,272,552,552,81
21,273,552,552,73
21,274,552,552,76
21,275,552,552,77
21,276,552,552,76
21,277,552,552,83
21,278,552,552,82
21,279,552,552,72
21,280,552,552,79
21,281,552,552,68
21,282,552,552,73
21,283,552,552,71
21,284,552,552,72
21,285,552,552,69
21,286,552,552,79
21,287,552,552,76
21,288,552,552,82
21,289,552,552,80
21,290,552,552,79
21,291,552,552,78
21,292,552,552,74
21,293,552,552,73
21,294,552,552,80
21,295,552,552,69
21,296,552,552,79
21,297,552,552,72
21,298,552,552,83
21,299,552,552,78
21,300,552,552,76
21,301,552,552,76
21,302,552,552,72
21,303,552,552,78
21,304,552,552,77
21,305,552,552,82
21,306,552,552,76
21,307,552,552,70
21,308,552,552,79
21,309,552,552,77
21,310,552,552,74
21,311,552,552,78
21,312,552,552,79
21,313,552,552,78
21,314,552,552,76
21,315,552,552,77
21,316,552,552,70
21,317,552,552,75
21,318,552,552,75
21,319,552,552,82
21,320,552,552,65
21,321,552,552,73
21,322,552,552,72
21,323,552,552,76
21,324,552,552,74
21,325,552,552,74
21,326,552,552,79
21,327,552,552,75
21,328,552,552,73
21,329,552,552,73
21,330,552,552,69
21,331,552,552,73
21,332,552,552,85
21,333,552,552,72
21,334,552,552,76
21,335,552,552,85
21,336,552,552,73
21,337,552,552,69
21,338,552,552,77
21,339,552,552,72
21,340,552,552,73
21,341,552,552,78
21,342,552,552,77
21,343,552,552,80
21,344,552,552,77
21,345,552,552,74
21,346,552,552,81
21,347,552,552,80
21,348,552,552,79
21,349,552,552,73
21,350,552,552,75
21,351,552,552,79
21,352,552,552,78
21,353,552,552,80
21,354,552,552,82
21,355,552,552,72
21,356,552,552,76
21,357,552,552,69
21,358,552,552,72
21,359,552,552,75
21,360,552,552,76
21,361,552,552,73
21,362,552,552,73
21,363,552,552,72
21,364,552,552,80
21,365,552,552,72
21,366,552,552,70
21,367,552,552,72
21,368,552,552,71
21,369,552,552,73
21,370,552,552,81
21,371,552,552,73
21,372,552,552,71
21,373,552,552,70
21,374,552,552,63
21,375,552,552,74
21,376,552,552,78
21,377,552,552,71
21,378,552,552,73
21,379,552,552,75
21,380,552,552,74
21,381,552,552,77
21,382,552,552,72
21,383,552,552,68
21,384,552,552,73
21,385,552,552,72
21,386,552,552,71
21,387,552,552,78
21,388,552,552,75
21,389,552,552,71
21,390,552,552,64
21,391,552,552,74
21,392,552,552,74
21,393,552,552,80
21,394,552,552,72
21,395,552,552,79
21,396,552,552,71
21,397,552,552,79
21,398,552,552,76
21,399,552,552,76
21,400,552,552,78
21,401,552,552,78
21,402,552,552,70
21,403,552,552,72
21,404,552,552,84
21,405,552,552,73
21,406,552,552,85
21,407,552,552,78
21,408,552,552,71
21,409,552,552,80
21,410,552,552,81
21,411,552,552,81
21,412,552,552,72
21,413,552,552,74
21,414,552,552,76
21,415,552,552,68
21,416,552,552,79
21,417,552,552,80
21,418,552,552,78
21,419,552,552,76
21,420,552,552,70
21,421,552,552,79
21,422,552,552,75
21,423,552,552,74
21,424,552,552,80
21,425,552,552,73
21,426,552,552,74
21,427,552,552,77
21,428,552,552,73
21,429,552,552,85
21,430,552,552,83
21,431,552,552,75
21,432,552,552,75
21,433,552,552,75
21,434,552,552,84
21,435,552,552,72
21,436,552,552,74
21,437,552,552,75
21,438,552,552,76
21,439,552,552,67
21,440,552,552,73
21,441,552,552,77
21,442,552,552,77
21,443,552,552,77
21,444,552,552,78
21,445,552,552,69
21,446,552,552,76
21,447,552,552,76
21,448,552,552,69
21,449,552,552,74
21,450,552,552,79
21,451,552,552,73
21,452,552,552,77
21,453,552,552,76
21,454,552,552,68
21,455,552,552,76
21,456,552,552,77
21,457,552,552,78
21,458,552,552,76
21,459,552,552,71
21,460,552,552,80
21,461,552,552,78
21,462,552,552,69
21,463,552,552,70
21,464,552,552,69
21,465,552,552,83
21,466,552,552,68
21,467,552,552,78
21,468,552,552,78
21,469,552,552,73
21,470,552,552,84
21,471,552,552,74
21,472,552,552,73
21,473,552,552,79
21,474,552,552,76
21,475,552,552,82
21,476,552,552,75
21,477,552,552,81
21,478,552,552,74
21,479,552,552,74
21,480,552,552,79
21,481,552,552,82
21,482,552,552,77
21,483,552,552,72
21,484,552,552,69
21,485,552,552,83
21,486,552,552,70
21,487,552,552,79
21,488,552,552,77
21,489,552,552,76
21,490,552,552,73
21,491,552,552,80
21,492,552,552,82
21,493,552,552,79
21,494,552,552,74
21,495,552,552,71
21,496,552,552,80
21,497,552,552,73
21,498,552,552,82
21,499,552,552,75
21,500,552,552,68
22,0,489,489,60
22,1,502,502,85
22,2,510,510,76
22,3,522,522,71
22,4,522,522,72
22,5,540,540,74
22,6,540,540,73
22,7,540,540,71
22,8,540,540,81
22,9,540,540,74
22,10,540,540,77
22,11,540,540,75
22,12,540,540,70
22,13,540,540,67
22,14,540,540,79
22,15,540,540,75
22,16,552,552,79
22,17,552,552,77
22,18,552,552,78
22,19,552,552,70
22,20,552,552,77
22,21,552,552,64
22,22,552,552,75
22,23,552,552,73
22,24,552,552,72
22,25,552,552,78
22,26,552,552,77
22,27,552,552,74
22,28,552,552,83
22,29,552,552,69
22,30,552,552,82
22,31,552,552,72
22,32,552,552,77
22,33,552,552,76
22,34,552,552,73
22,35,552,552,71
22,36,552,552,81
22,37,552,552,69
22,38,552,552,78
22,39,552,552,75
22,40,552,552,80
22,41,552,552,79
22,42,552,552,71
22,43,552,552,81
22,44,552,552,81
22,45,552,552,77
22,46,552,552,63
22,47,552,552,75
22,48,552,552,81
22,49,552,552,81
22,50,552,552,81
22,51,552,552,77
22,52,552,552,80
22,53,552,552,78
22,54,552,552,69
22,55,552,552,75
22,56,552,552,76
22,57,552,552,75
22,58,552,552,73
22,59,552,552,63
22,60,552,552,73
22,61,552,552,77
22,62,552,552,80
22,63,552,552,78
22,64,552,552,81
22,65,552,552,70
22,66,552,552,70
22,67,552,552,78
22,68,552,552,79
22,69,552,552,73
22,70,552,552,73
22,71,552,552,69
22,72,552,552,80
22,73,552,552,73
22,74,552,552,74
22,75,552,552,76
22,76,552,552,80
22,77,552,552,70
22,78,552,552,77
22,79,552,552,69
22,80,552,552,78
22,81,552,552,81
22,82,552,552,81
22,83,552,552,77
22,84,552,552,79
22,85,552,552,73
22,86,552,552,84
22,87,552,552,80
22,88,552,552,74
22,89,552,552,81
22,90,552,552,77
22,91,552,552,77
22,92,552,552,68
22,93,552,552,81
22,94,552,552,76
22,95,552,552,78
22,96,552,552,80
22,97,552,552,73
22,98,552,552,76
22,99,552,552,78
22,100,552,552,71
22,101,552,552,80
22,102,552,552,78
22,103,552,552,74
22,104,552,552,68
22,105,552,552,76
22,106,552,552,79
22,107,552,552,82
22,108,552,552,77
22,109,552,552,76
22,110,552,552,77
22,111,552,552,73
22,112,552,552,81
22,113,552,552,70
22,114,552,552,76
22,115,552,552,83
22,116,552,552,74
22,117,552,552,74
22,118,552,552,68
22,119,552,552,80
22,120,552,552,73
22,121,552,552,69
22,122,552,552,70
22,123,552,552,78
22,124,552,552,76
22,125,552,552,78
22,126,552,552,69
22,127,552,552,81
22,128,552,552,78
22,129,552,552,74
22,130,552,552,76
22,131,552,552,83
22,132,552,552,72
22,133,552,552,73
22,134,552,552,67
22,135,552,552,72
22,136,552,552,77
22,137,552,552,79
22,138,552,552,73
22,139,552,552,80
22,140,552,552,74
22,141,552,552,75
22,142,552,552,81
22,143,552,552,76
22,144,552,552,76
22,145,552,552,77
22,146,552,552,78
22,147,552,552,82
22,148,552,552,75
22,149,552,552,71
22,150,552,552,70
22,151,552,552,76
22,152,552,552,83
22,153,552,552,71
22,154,552,552,76
22,155,552,552,69
22,156,552,552,81
22,157,552,552,73
22,158,552,552,82
22,159,552,552,77
22,160,552,552,67
22,161,552,552,72
22,162,552,552,77
22,163,552,552,76
22,164,552,552,80
22,165,552,552,63
22,166,552,552,79
22,167,552,552,76
22,168,552,552,83
22,169,552,552,71
22,170,552,552,79
22,171,552,552,75
22,172,552,552,74
22,173,552,552,65
22,174,552,552,71
22,175,552,552,77
22,176,552,552,71
22,177,552,552,79
22,178,552,552,77
22,179,552,552,80
22,180,552,552,72
22,181,552,552,71
22,182,552,552,81
22,183,552,552,68
22,184,552,552,77
22,185,552,552,73
22,186,552,552,74
22,187,552,552,75
22,188,552,552,73
22,189,552,552,83
22,190,552,552,74
22,191,552,552,70
22,192,552,552,81
22,193,552,552,77
22,194,552,552,75
22,195,552,552,82
22,196,552,552,71
22,197,552,552,80
22,198,552,552,76
22,199,552,552,87
22,200,552,552,71
22,201,552,552,77
22,202,552,552,66
22,203,552,552,72
22,204,552,552,82
22,205,552,552,71
22,206,552,552,76
22,207,552,552,69
22,208,552,552,72
22,209,552,552,74
22,210,552,552,81
22,211,552,552,69
22,212,552,552,78
22,213,552,552,75
22,214,552,552,75
22,215,552,552,81
22,216,552,552,73
22,217,552,552,79
22,218,552,552,75
22,219,552,552,77
22,220,552,552,73
22,221,552,552,74
22,222,552,552,80
22,223,552,552,70
22,224,552,552,75
22,225,552,552,73
22,226,552,552,76
22,227,552,552,79
22,228,552,552,75
22,229,552,552,72
22,230,552,552,86
22,231,552,552,79
22,232,552,552,79
22,233,552,552,75
22,234,552,552,77
22,235,552,552,81
22,236,552,552,75
22,237,552,552,75
22,238,552,552,71
22,239,552,552,82
22,240,552,552,80
22,241,552,552,76
22,242,552,552,79
22,243,552,552,70
22,244,552,552,71
22,245,552,552,87
22,246,552,552,69
22,247,552,552,73
22,248,552,552,84
22,249,552,552,67
22,250,552,552,76
22,251,552,552,77
22,252,552,552,80
22,253,552,552,77
22,254,552,552,79
22,255,552,552,83
22,256,552,552,77
22,257,552,552,76
22,258,552,552,74
22,259,552,552,77
22,260,552,552,74
22,261,552,552,71
22,262,552,552,79
22,263,552,552,72
22,264,552,552,77
22,265,552,552,73
22,266,552,552,78
22,267,552,552,78
22,268,552,552,79
22,269,552,552,80
22,270,552,552,81
22,271,552,552,81
22,272,552,552,72
22,273,552,552,79
22,274,552,552,78
22,275,552,552,71
22,276,552,552,73
22,277,552,552,74
22,278,552,552,83
22,279,552,552,78
22,280,552,552,77
22,281,552,552,73
22,282,552,552,73
22,283,552,552,81
22,284,552,552,76
22,285,552,552,71
22,286,552,552,79
22,287,552,552,71
22,288,552,552,69
22,289,552,552,74
22,290,552,552,78
22,291,552,552,72
22,292,552,552,77
22,293,552,552,75
22,294,552,552,77
22,295,552,552,75
22,296,552,552,83
22,297,552,552,78
22,298,552,552,73
22,299,552,552,75
22,300,552,552,77
22,301,552,552,78
22,302,552,552,75
22,303,552,552,72
22,304,552,552,73
22,305,552,552,72
22,306,552,552,70
22,307,552,552,81
22,308,552,552,73
22,309,552,552,68
22,310,552,552,75
22,311,552,552,75
22,312,552,552,79
22,313,552,552,74
22,314,552,552,70
22,315,552,552,76
22,316,552,552,78
22,317,552,552,76
22,318,552,552,83
22,319,552,552,84
22,320,552,552,82
22,321,552,552,81
22,322,552,552,75
22,323,552,552,77
22,324,552,552,87
22,325,552,552,77
22,326,552,552,76
22,327,552,552,75
22,328,552,552,76
22,329,552,552,73
22,330,552,552,77
22,331,552,552,74
22,332,552,552,78
22,333,552,552,75
22,334,552,552,71
22,335,552,552,83
22,336,552,552,75
22,337,552,552,68
22,338,552,552,67
22,339,552,552,75
22,340,552,552,79
22,341,552,552,76
22,342,552,552,76
22,343,552,552,73
22,344,552,552,78
22,345,552,552,73
22,346,552,552,79
22,347,552,552,78
22,348,552,552,70
22,349,552,552,72
22,350,552,552,77
22,351,552,552,71
22,352,552,552,74
22,353,552,552,79
22,354,552,552,79
22,355,552,552,80
22,356,552,552,71
22,357,552,552,78
22,358,552,552,80
22,359,552,552,84
22,360,552,552,80
22,361,552,552,79
22,362,552,552,75
22,363,552,552,69
22,364,552,552,72
22,365,552,552,77
22,366,552,552,83
22,367,552,552,71
22,368,552,552,79
22,369,552,552,76
22,370,552,552,80
22,371,552,552,67
22,372,552,552,75
22,373,552,552,75
22,374,552,552,76
22,375,552,552,78
22,376,552,552,75
22,377,552,552,80
22,378,552,552,71
22,379,552,552,80
22,380,552,552,74
22,381,552,552,73
22,382,552,552,72
22,383,552,552,73
22,384,552,552,77
22,385,552,552,74
22,386,552,552,76
22,387,552,552,73
22,388,552,552,84
22,389,552,552,76
22,390,552,552,76
22,391,552,552,73
22,392,552,552,74
22,393,552,552,80
22,394,552,552,74
22,395,552,552,84
22,396,552,552,72
22,397,552,552,72
22,398,552,552,76
22,399,552,552,78
22,400,552,552,67
22,401,552,552,76
22,402,552,552,81
22,403,552,552,74
22,404,552,552,84
22,405,552,552,72
22,406,552,552,73
22,407,552,552,73
22,408,552,552,82
22,409,552,552,83
22,410,552,552,70
22,411,552,552,75
22,412,552,552,74
22,413,552,552,71
22,414,552,552,78
22,415,552,552,78
22,416,552,552,82
22,417,552,552,75
22,418,552,552,73
22,419,552,552,73
22,420,552,552,78
22,421,552,552,76
22,422,552,552,79
22,423,552,552,82
22,424,552,552,75
22,425,552,552,74
22,426,552,552,82
22,427,552,552,74
22,428,552,552,76
22,429,552,552,83
22,430,552,552,76
22,431,552,552,76
22,432,552,552,80
22,433,552,552,76
22,434,552,552,70
22,435,552,552,78
22,436,552,552,70
22,437,552,552,66
22,438,552,552,74
22,439,552,552,75
22,440,552,552,74
22,441,552,552,74
22,442,552,552,84
22,443,552,552,76
22,444,552,552,81
22,445,552,552,76
22,446,552,552,81
22,447,552,552,76
22,448,552,552,71
22,449,552,552,81
22,450,552,552,74
22,451,552,552,83
22,452,552,552,77
22,453,552,552,74
22,454,552,552,80
22,455,552,552,73
22,456,552,552,77
22,457,552,552,78
22,458,552,552,77
22,459,552,552,74
22,460,552,552,75
22,461,552,552,82
22,462,552,552,80
22,463,552,552,81
22,464,552,552,71
22,465,552,552,71
22,466,552,552,76
22,467,552,552,72
22,468,552,552,70
22,469,552,552,76
22,470,552,552,75
22,471,552,552,82
22,472,552,552,85
22,473,552,552,78
22,474,552,552,74
22,475,552,552,71
22,476,552,552,73
22,477,552,552,80
22,478,552,552,83
22,479,552,552,71
22,480,552,552,79
22,481,552,552,68
22,482,552,552,78
22,483,552,552,76
22,484,552,552,80
22,485,552,552,76
22,486,552,552,72
22,487,552,552,73
22,488,552,552,77
22,489,552,552,81
22,490,552,552,70
22,491,552,552,79
22,492,552,552,80
22,493,552,552,77
22,494,552,552,73
22,495,552,552,70
22,496,552,552,76
22,497,552,552,79
22,498,552,552,77
22,499,552,552,86
22,500,552,552,72
23,0,480,480,71
23,1,512,512,68
23,2,512,512,79
23,3,512,512,83
23,4,512,512,77
23,5,517,517,75
23,6,535,535,87
23,7,535,535,84
23,8,535,535,78
23,9,535,535,76
23,10,540,540,76
23,11,540,540,71
23,12,540,540,78
23,13,540,540,75
23,14,540,540,73
23,15,540,540,67
23,16,540,540,73
23,17,540,540,74
23,18,540,540,76
23,19,540,540,79
23,20,540,540,80
23,21,540,540,77
23,22,540,540,79
23,23,540,540,71
23,24,540,540,72
23,25,540,540,78
23,26,540,540,74
23,27,540,540,65
23,28,540,540,77
23,29,540,540,74
23,30,540,540,73
23,31,540,540,71
23,32,540,540,72
23,33,540,540,76
23,34,540,540,74
23,35,540,540,77
23,36,540,540,71
23,37,540,540,74
23,38,540,540,82
23,39,540,540,70
23,40,540,540,70
23,41,540,540,69
23,42,540,540,78
23,43,540,540,75
23,44,540,540,62
23,45,540,540,62
23,46,540,540,77
23,47,540,540,77
23,48,540,540,83
23,49,540,540,75
23,50,540,540,77
23,51,540,540,79
23,52,540,540,76
23,53,552,552,79
23,54,552,552,70
23,55,552,552,71
23,56,552,552,85
23,57,552,552,81
23,58,552,552,79
23,59,552,552,79
23,60,552,552,78
23,61,552,552,77
23,62,552,552,72
23,63,552,552,81
23,64,552,552,79
23,65,552,552,72
23,66,552,552,79
23,67,552,552,77
23,68,552,552,70
23,69,552,552,77
23,70,552,552,73
23,71,552,552,78
23,72,552,552,68
23,73,552,552,71
23,74,552,552,62
23,75,552,552,66
23,76,552,552,84
23,77,552,552,80
23,78,552,552,74
23,79,552,552,74
23,80,552,552,81
23,81,552,552,78
23,82,552,552,82
23,83,552,552,85
23,84,552,552,72
23,85,552,552,70
23,86,552,552,79
23,87,552,552,72
23,88,552,552,78
23,89,552,552,71
23,90,552,552,80
23,91,552,552,72
23,92,552,552,72
23,93,552,552,73
23,94,552,552,75
23,95,552,552,79
23,96,552,552,78
23,97,552,552,73
23,98,552,552,72
23,99,552,552,74
23,100,552,552,71
23,101,552,552,79
23,102,552,552,69
23,103,552,552,74
23,104,552,552,73
23,105,552,552,78
23,106,552,552,86
23,107,552,552,68
23,108,552,552,80
23,109,552,552,75
23,110,552,552,74
23,111,552,552,78
23,112,552,552,79
23,113,552,552,83
23,114,552,552,71
23,115,552,552,74
23,116,552,552,79
23,117,552,552,71
23,118,552,552,73
23,119,552,552,79
23,120,552,552,81
23,121,552,552,74
23,122,552,552,80
23,123,552,552,77
23,124,552,552,79
23,125,552,552,81
23,126,552,552,69
23,127,552,552,77
23,128,552,552,69
23,129,552,552,76
23,130,552,552,75
23,131,552,552,77
23,132,552,552,76
23,133,552,552,75
23,134,552,552,79
23,135,552,552,78
23,136,552,552,62
23,137,552,552,79
23,138,552,552,74
23,139,552,552,76
23,140,552,552,77
23,141,552,552,82
23,142,552,552,78
23,143,552,552,73
23,144,552,552,80
23,145,552,552,79
23,146,552,552,80
23,147,552,552,79
23,148,552,552,79
23,149,552,552,75
23,150,552,552,76
23,151,552,552,77
23,152,552,552,79
23,153,552,552,81
23,154,552,552,71
23,155,552,552,80
23,156,552,552,81
23,157,552,552,75
23,158,552,552,76
23,159,552,552,70
23,160,552,552,75
23,161,552,552,78
23,162,552,552,74
23,163,552,552,79
23,164,552,552,75
23,165,552,552,73
23,166,552,552,81
23,167,552,552,77
23,168,552,552,84
23,169,552,552,72
23,170,552,552,78
23,171,552,552,82
23,172,552,552,79
23,173,552,552,71
23,174,552,552,79
23,175,552,552,79
23,176,552,552,80
23,177,552,552,76
23,178,552,552,77
23,179,552,552,76
23,180,552,552,77
23,181,552,552,74
23,182,552,552,73
23,183,552,552,79
23,184,552,552,77
23,185,552,552,77
23,186,552,552,70
23,187,552,552,85
23,188,552,552,62
23,189,552,552,74
23,190,552,552,70
23,191,552,552,66
23,192,552,552,75
23,193,552,552,66
23,194,552,552,73
23,195,552,552,74
23,196,552,552,73
23,197,552,552,79
23,198,552,552,72
23,199,552,552,84
23,200,552,552,73
23,201,552,552,82
23,202,552,552,70
23,203,552,552,73
23,204,552,552,80
23,205,552,552,71
23,206,552,552,78
23,207,552,552,76
23,208,552,552,71
23,209,552,552,73
23,210,552,552,72
23,211,552,552,74
23,212,552,552,76
23,213,552,552,78
23,214,552,552,77
23,215,552,552,78
23,216,552,552,74
23,217,552,552,78
23,218,552,552,75
23,219,552,552,78
23,220,552,552,78
23,221,552,552,75
23,222,552,552,71
23,223,552,552,74
23,224,552,552,77
23,225,552,552,70
23,226,552,552,75
23,227,552,552,76
23,228,552,552,77
23,229,552,552,75
23,230,552,552,82
23,231,552,552,68
23,232,552,552,82
23,233,552,552,76
23,234,552,552,75
23,235,552,552,77
23,236,552,552,76
23,237,552,552,83
23,238,552,552,80
23,239,552,552,70
23,240,552,552,74
23,241,552,552,77
23,242,552,552,81
23,243,552,552,72
23,244,552,552,74
23,245,552,552,81
23,246,552,552,71
23,247,552,552,82
23,248,552,552,74
23,249,552,552,78
23,250,552,552,76
23,251,552,552,69
23,252,552,552,68
23,253,552,552,77
23,254,552,552,68
23,255,552,552,79
23,256,552,552,78
23,257,552,552,79
23,258,552,552,73
23,259,552,552,77
23,260,552,552,80
23,261,552,552,68
23,262,552,552,75
23,263,552,552,78
23,264,552,552,77
23,265,552,552,74
23,266,552,552,74
23,267,552,552,66
23,268,552,552,68
23,269,552,552,77
23,270,552,552,76
23,271,552,552,70
23,272,552,552,77
23,273,552,552,72
23,274,552,552,82
23,275,552,552,82
23,276,552,552,73
23,277,552,552,80
23,278,552,552,76
23,279,552,552,78
23,280,552,552,79
23,281,552,552,72
23,282,552,552,79
23,283,552,552,73
23,284,552,552,75
23,285,552,552,80
23,286,552,552,79
23,287,552,552,72
23,288,552,552,82
23,289,552,552,73
23,290,552,552,76
23,291,552,552,73
23,292,552,552,77
23,293,552,552,76
23,294,552,552,77
23,295,552,552,80
23,296,552,552,82
23,297,552,552,80
23,298,552,552,72
23,299,552,552,75
23,300,552,552,80
23,301,552,552,75
23,302,552,552,80
23,303,552,552,73
23,304,552,552,78
23,305,552,552,67
23,306,552,552,66
23,307,552,552,74
23,308,552,552,76
23,309,552,552,74
23,310,552,552,82
23,311,552,552,69
23,312,552,552,77
23,313,552,552,75
23,314,552,552,76
23,315,552,552,69
23,316,552,552,70
23,317,552,552,80
23,318,552,552,79
23,319,552,552,77
23,320,552,552,78
23,321,552,552,85
23,322,552,552,70
23,323,552,552,66
23,324,552,552,80
23,325,552,552,78
23,326,552,552,72
23,327,552,552,74
23,328,552,552,73
23,329,552,552,78
23,330,552,552,81
23,331,552,552,73
23,332,552,552,84
23,333,552,552,79
23,334,552,552,67
23,335,552,552,71
23,336,552,552,74
23,337,552,552,79
23,338,552,552,74
23,339,552,552,88
23,340,552,552,75
23,341,552,552,69
23,342,552,552,80
23,343,552,552,67
23,344,552,552,77
23,345,552,552,67
23,346,552,552,71
23,347,552,552,74
23,348,552,552,66
23,349,552,552,71
23,350,552,552,74
23,351,552,552,73
23,352,552,552,71
23,353,552,552,75
23,354,552,552,77
23,355,552,552,75
23,356,552,552,86
23,357,552,552,85
23,358,552,552,78
23,359,552,552,85
23,360,552,552,79
23,361,552,552,81
23,362,552,552,72
23,363,552,552,77
23,364,552,552,76
23,365,552,552,73
23,366,552,552,77
23,367,552,552,74
23,368,552,552,72
23,369,552,552,75
23,370,552,552,77
23,371,552,552,84
23,372,552,552,79
23,373,552,552,77
23,374,552,552,77
23,375,552,552,77
23,376,552,552,80
23,377,552,552,78
23,378,552,552,64
23,379,552,552,74
23,380,552,552,77
23,381,552,552,82
23,382,552,552,82
23,383,552,552,75
23,384,552,552,79
23,385,552,552,78
23,386,552,552,76
23,387,552,552,73
23,388,552,552,71
23,389,552,552,70
23,390,552,552,68
23,391,552,552,77
23,392,552,552,77
23,393,552,552,76
23,394,552,552,71
23,395,552,552,75
23,396,552,552,77
23,397,552,552,73
23,398,552,552,76
23,399,552,552,77
23,400,552,552,75
23,401,552,552,73
23,402,552,552,84
23,403,552,552,81
23,404,552,552,78
23,405,552,552,68
23,406,552,552,74
23,407,552,552,75
23,408,552,552,77
23,409,552,552,75
23,410,552,552,73
23,411,552,552,75
23,412,552,552,78
23,413,552,552,74
23,414,552,552,77
23,415,552,552,77
23,416,552,552,73
23,417,552,552,84
23,418,552,552,76
23,419,552,552,77
23,420,552,552,79
23,421,552,552,84
23,422,552,552,73
23,423,552,552,74
23,424,552,552,76
23,425,552,552,71
23,426,552,552,80
23,427,552,552,79
23,428,552,552,80
23,429,552,552,71
23,430,552,552,74
23,431,552,552,74
23,432,552,552,72
23,433,552,552,79
23,434,552,552,79
23,435,552,552,76
23,436,552,552,74
23,437,552,552,68
23,438,552,552,82
23,439,552,552,78
23,440,552,552,70
23,441,552,552,86
23,442,552,552,71
23,443,552,552,73
23,444,552,552,74
23,445,552,552,75
23,446,552,552,83
23,447,552,552,80
23,448,552,552,77
23,449,552,552,79
23,450,552,552,72
23,451,552,552,73
23,452,552,552,78
23,453,552,552,78
23,454,552,552,75
23,455,552,552,68
23,456,552,552,80
23,457,552,552,66
23,458,552,552,76
23,459,552,552,75
23,460,552,552,80
23,461,552,552,72
23,462,552,552,81
23,463,552,552,69
23,464,552,552,71
23,465,552,552,78
23,466,552,552,75
23,467,552,552,76
23,468,552,552,81
23,469,552,552,74
23,470,552,552,68
23,471,552,552,80
23,472,552,552,82
23,473,552,552,78
23,474,552,552,69
23,475,552,552,69
23,476,552,552,78
23,477,552,552,73
23,478,552,552,73
23,479,552,552,81
23,480,552,552,75
23,481,552,552,81
23,482,552,552,76
23,483,552,552,69
23,484,552,552,74
23,485,552,552,76
23,486,552,552,75
23,487,552,552,78
23,488,552,552,76
23,489,552,552,78
23,490,552,552,78
23,491,552,552,74
23,492,552,552,72
23,493,552,552,71
23,494,552,552,78
23,495,552,552,75
23,496,552,552,71
23,497,552,552,77
23,498,552,552,81
23,499,552,552,73
23,500,552,552,72
24,0,537,537,73
24,1,537,537,76
24,2,537,537,73
24,3,537,537,82
24,4,537,537,72
24,5,537,537,77
24,6,537,537,77
24,7,537,537,80
24,8,537,537,77
24,9,537,537,73
24,10,537,537,71
24,11,552,552,69
24,12,552,552,82
24,13,552,552,90
24,14,552,552,68
24,15,552,552,82
24,16,552,552,72
24,17,552,552,80
24,18,552,552,74
24,19,552,552,78
24,20,552,552,72
24,21,552,552,70
24,22,552,552,72
24,23,552,552,70
24,24,552,552,74
24,25,552,552,69
24,26,552,552,71
24,27,552,552,77
24,28,552,552,71
24,29,552,552,82
24,30,552,552,76
24,31,552,552,78
24,32,552,552,82
24,33,552,552,74
24,34,552,552,69
24,35,552,552,78
24,36,552,552,72
24,37,552,552,75
24,38,552,552,72
24,39,552,552,79
24,40,552,552,77
24,41,552,552,80
24,42,552,552,74
24,43,552,552,75
24,44,552,552,70
24,45,552,552,81
24,46,552,552,72
24,47,552,552,80
24,48,552,552,77
24,49,552,552,77
24,50,552,552,73
24,51,552,552,70
24,52,552,552,76
24,53,552,552,76
24,54,552,552,79
24,55,552,552,83
24,56,552,552,69
24,57,552,552,79
24,58,552,552,82
24,59,552,552,69
24,60,552,552,75
24,61,552,552,74
24,62,552,552,81
24,63,552,552,86
24,64,552,552,77
24,65,552,552,76
24,66,552,552,71
24,67,552,552,75
24,68,552,552,77
24,69,552,552,73
24,70,552,552,73
24,71,552,552,69
24,72,552,552,73
24,73,552,552,68
24,74,552,552,78
24,75,552,552,80
24,76,552,552,76
24,77,552,552,69
24,78,552,552,75
24,79,552,552,73
24,80,552,552,79
24,81,552,552,82
24,82,552,552,82
24,83,552,552,71
24,84,552,552,81
24,85,552,552,81
24,86,552,552,63
24,87,552,552,76
24,88,552,552,81
24,89,552,552,69
24,90,552,552,77
24,91,552,552,73
24,92,552,552,76
24,93,552,552,69
24,94,552,552,83
24,95,552,552,77
24,96,552,552,76
24,97,552,552,74
24,98,552,552,72
24,99,552,552,69
24,100,552,552,84
24,101,552,552,75
24,102,552,552,78
24,103,552,552,79
24,104,552,552,86
24,105,552,552,78
24,106,552,552,84
24,107,552,552,71
24,108,552,552,79
24,109,552,552,82
24,110,552,552,79
24,111,552,552,77
24,112,552,552,69
24,113,552,552,76
24,114,552,552,86
24,115,552,552,78
24,116,552,552,73
24,117,552,552,82
24,118,552,552,78
24,119,552,552,61
24,120,552,552,74
24,121,552,552,81
24,122,552,552,78
24,123,552,552,72
24,124,552,552,78
24,125,552,552,77
24,126,552,552,74
24,127,552,552,76
24,128,552,552,77
24,129,552,552,73
24,130,552,552,73
24,131,552,552,72
24,132,552,552,77
24,133,552,552,67
24,134,552,552,77
24,135,552,552,85
24,136,552,552,76
24,137,552,552,74
24,138,552,552,70
24,139,552,552,78
24,140,552,552,81
24,141,552,552,83
24,142,552,552,75
24,143,552,552,75
24,144,552,552,71
24,145,552,552,74
24,146,552,552,67
24,147,552,552,81
24,148,552,552,59
24,149,552,552,78
24,150,552,552,71
24,151,552,552,78
24,152,552,552,78
24,153,552,552,76
24,154,552,552,80
24,155,552,552,74
24,156,552,552,76
24,157,552,552,71
24,158,552,552,77
24,159,552,552,72
24,160,552,552,70
24,161,552,552,72
24,162,552,552,74
24,163,552,552,76
24,164,552,552,75
24,165,552,552,73
24,166,552,552,82
24,167,552,552,78
24,168,552,552,77
24,169,552,552,71
24,170,552,552,78
24,171,552,552,74
24,172,552,552,71
24,173,552,552,78
24,174,552,552,82
24,175,552,552,74
24,176,552,552,73
24,177,552,552,65
24,178,552,552,75
24,179,552,552,77
24,180,552,552,76
24,181,552,552,76
24,182,552,552,70
24,183,552,552,77
24,184,552,552,79
24,185,552,552,78
24,186,552,552,72
24,187,552,552,75
24,188,552,552,81
24,189,552,552,74
24,190,552,552,67
24,191,552,552,73
24,192,552,552,73
24,193,552,552,78
24,194,552,552,76
24,195,552,552,76
24,196,552,552,79
24,197,552,552,77
24,198,552,552,79
24,199,552,552,72
24,200,552,552,84
24,201,552,552,67
24,202,552,552,76
24,203,552,552,74
24,204,552,552,70
24,205,552,552,80
24,206,552,552,78
24,207,552,552,72
24,208,552,552,74
24,209,552,552,88
24,210,552,552,73
24,211,552,552,72
24,212,552,552,83
24,213,552,552,81
24,214,552,552,77
24,215,552,552,75
24,216,552,552,72
24,217,552,552,81
24,218,552,552,71
24,219,552,552,71
24,220,552,552,76
24,221,552,552,70
24,222,552,552,82
24,223,552,552,75
24,224,552,552,81
24,225,552,552,68
24,226,552,552,74
24,227,552,552,79
24,228,552,552,75
24,229,552,552,85
24,230,552,552,69
24,231,552,552,82
24,232,552,552,75
24,233,552,552,77
24,234,552,552,80
24,235,552,552,78
24,236,552,552,69
24,237,552,552,72
24,238,552,552,68
24,239,552,552,81
24,240,552,552,69
24,241,552,552,78
24,242,552,552,77
24,243,552,552,79
24,244,552,552,83
24,245,552,552,74
24,246,552,552,81
24,247,552,552,78
24,248,552,552,74
24,249,552,552,79
24,250,552,552,75
24,251,552,552,80
24,252,552,552,74
24,253,552,552,69
24,254,552,552,77
24,255,552,552,74
24,256,552,552,72
24,257,552,552,81
24,258,552,552,73
24,259,552,552,73
24,260,552,552,71
24,261,552,552,80
24,262,552,552,67
24,263,552,552,70
24,264,552,552,74
24,265,552,552,71
24,266,552,552,82
24,267,552,552,74
24,268,552,552,78
24,269,552,552,66
24,270,552,552,82
24,271,552,552,59
24,272,552,552,70
24,273,552,552,72
24,274,552,552,81
24,275,552,552,84
24,276,552,552,75
24,277,552,552,77
24,278,552,552,75
24,279,552,552,83
24,280,552,552,80
24,281,552,552,76
24,282,552,552,73
24,283,552,552,74
24,284,552,552,80
24,285,552,552,71
24,286,552,552,72
24,287,552,552,70
24,288,552,552,79
24,289,552,552,75
24,290,552,552,70
24,291,552,552,71
24,292,552,552,72
24,293,552,552,80
24,294,552,552,75
24,295,552,552,82
24,296,552,552,67
24,297,552,552,83
24,298,552,552,85
24,299,552,552,66
24,300,552,552,72
24,301,552,552,77
24,302,552,552,76
24,303,552,552,70
24,304,552,552,76
24,305,552,552,77
24,306,552,552,72
24,307,552,552,78
24,308,552,552,79
24,309,552,552,77
24,310,552,552,74
24,311,552,552,73
24,312,552,552,72
24,313,552,552,72
24,314,552,552,73
24,315,552,552,77
24,316,552,552,81
24,317,552,552,73
24,318,552,552,74
24,319,552,552,78
24,320,552,552,72
24,321,552,552,76
24,322,552,552,75
24,323,552,552,79
24,324,552,552,66
24,325,552,552,85
24,326,552,552,73
24,327,552,552,81
24,328,552,552,73
24,329,552,552,67
24,330,552,552,74
24,331,552,552,76
24,332,552,552,79
24,333,552,552,71
24,334,552,552,83
24,335,552,552,69
24,336,552,552,70
24,337,552,552,74
24,338,552,552,78
24,339,552,552,78
24,340,552,552,80
24,341,552,552,75
24,342,552,552,69
24,343,552,552,72
24,344,552,552,79
24,345,552,552,77
24,346,552,552,73
24,347,552,552,74
24,348,552,552,70
24,349,552,552,77
24,350,552,552,79
24,351,552,552,77
24,352,552,552,70
24,353,552,552,75
24,354,552,552,71
24,355,552,552,76
24,356,552,552,70
24,357,552,552,80
24,358,552,552,82
24,359,552,552,68
24,360,552,552,75
24,361,552,552,73
24,362,552,552,69
24,363,552,552,80
24,364,552,552,81
24,365,552,552,84
24,366,552,552,79
24,367,552,552,75
24,368,552,552,86
24,369,552,552,74
24,370,552,552,78
24,371,552,552,73
24,372,552,552,74
24,373,552,552,75
24,374,552,552,78
24,375,552,552,74
24,376,552,552,70
24,377,552,552,79
24,378,552,552,73
24,379,552,552,77
24,380,552,552,75
24,381,552,552,75
24,382,552,552,78
24,383,552,552,75
24,384,552,552,74
24,385,552,552,75
24,386,552,552,76
24,387,552,552,72
24,388,552,552,76
24,389,552,552,79
24,390,552,552,74
24,391,552,552,73
24,392,552,552,75
24,393,552,552,71
24,394,552,552,78
24,395,552,552,83
24,396,552,552,71
24,397,552,552,78
24,398,552,552,77
24,399,552,552,73
24,400,552,552,74
24,401,552,552,74
24,402,552,552,80
24,403,552,552,67
24,404,552,552,78
24,405,552,552,66
24,406,552,552,75
24,407,552,552,80
24,408,552,552,75
24,409,552,552,77
24,410,552,552,75
24,411,552,552,73
24,412,552,552,74
24,413,552,552,83
24,414,552,552,75
24,415,552,552,79
24,416,552,552,76
24,417,552,552,80
24,418,552,552,72
24,419,552,552,72
24,420,552,552,69
24,421,552,552,77
24,422,552,552,72
24,423,552,552,87
24,424,552,552,83
24,425,552,552,73
24,426,552,552,83
24,427,552,552,71
24,428,552,552,74
24,429,552,552,85
24,430,552,552,79
24,431,552,552,79
24,432,552,552,77
24,433,552,552,71
24,434,552,552,76
24,435,552,552,77
24,436,552,552,80
24,437,552,552,78
24,438,552,552,78
24,439,552,552,78
24,440,552,552,76
24,441,552,552,75
24,442,552,552,76
24,443,552,552,73
24,444,552,552,72
24,445,552,552,75
24,446,552,552,82
24,447,552,552,73
24,448,552,552,76
24,449,552,552,69
24,450,552,552,80
24,451,552,552,78
24,452,552,552,71
24,453,552,552,77
24,454,552,552,68
24,455,552,552,65
24,456,552,552,79
24,457,552,552,73
24,458,552,552,63
24,459,552,552,73
24,460,552,552,71
24,461,552,552,78
24,462,552,552,80
24,463,552,552,76
24,464,552,552,76
24,465,552,552,78
24,466,552,552,77
24,467,552,552,80
24,468,552,552,79
24,469,552,552,78
24,470,552,552,71
24,471,552,552,75
24,472,552,552,77
24,473,552,552,73
24,474,552,552,79
24,475,552,552,76
24,476,552,552,66
24,477,552,552,75
24,478,552,552,74
24,479,552,552,74
24,480,552,552,74
24,481,552,552,77
24,482,552,552,84
24,483,552,552,75
24,484,552,552,74
24,485,552,552,76
24,486,552,552,77
24,487,552,552,68
24,488,552,552,72
24,489,552,552,76
24,490,552,552,81
24,491,552,552,66
24,492,552,552,75
24,493,552,552,81
24,494,552,552,75
24,495,552,552,70
24,496,552,552,75
24,497,552,552,76
24,498,552,552,76
24,499,552,552,76
24,500,552,552,69
25,0,480,480,63
25,1,480,480,79
25,2,504,504,72
25,3,504,504,73
25,4,505,505,78
25,5,540,540,78
25,6,540,540,79
25,7,540,540,78
25,8,540,540,69
25,9,540,540,78
25,10,540,540,77
25,11,552,552,77
25,12,552,552,73
25,13,552,552,72
25,14,552,552,79
25,15,552,552,76
25,16,552,552,79
25,17,552,552,71
25,18,552,552,81
25,19,552,552,86
25,20,552,552,65
25,21,552,552,76
25,22,552,552,72
25,23,552,552,72
25,24,552,552,67
25,25,552,552,75
25,26,552,552,74
25,27,552,552,73
25,28,552,552,79
25,29,552,552,75
25,30,552,552,68
25,31,552,552,74
25,32,552,552,79
25,33,552,552,78
25,34,552,552,78
25,35,552,552,82
25,36,552,552,76
25,37,552,552,75
25,38,552,552,71
25,39,552,552,78
25,40,552,552,82
25,41,552,552,82
25,42,552,552,72
25,43,552,552,79
25,44,552,552,75
25,45,552,552,73
25,46,552,552,79
25,47,552,552,72
25,48,552,552,75
25,49,552,552,70
25,50,552,552,80
25,51,552,552,81
25,52,552,552,73
25,53,552,552,70
25,54,552,552,72
25,55,552,552,82
25,56,552,552,63
25,57,552,552,80
25,58,552,552,80
25,59,552,552,78
25,60,552,552,80
25,61,552,552,76
25,62,552,552,63
25,63,552,552,79
25,64,552,552,73
25,65,552,552,76
25,66,552,552,81
25,67,552,552,74
25,68,552,552,76
25,69,552,552,81
25,70,552,552,72
25,71,552,552,75
25,72,552,552,75
25,73,552,552,79
25,74,552,552,77
25,75,552,552,77
25,76,552,552,70
25,77,552,552,75
25,78,552,552,71
25,79,552,552,79
25,80,552,552,73
25,81,552,552,74
25,82,552,552,78
25,83,552,552,76
25,84,552,552,71
25,85,552,552,75
25,86,552,552,79
25,87,552,552,75
25,88,552,552,73
25,89,552,552,79
25,90,552,552,76
25,91,552,552,80
25,92,552,552,71
25,93,552,552,69
25,94,552,552,74
25,95,552,552,69
25,96,552,552,84
25,97,552,552,76
25,98,552,552,73
25,99,552,552,73
25,100,552,552,75
25,101,552,552,81
25,102,552,552,79
25,103,552,552,76
25,104,552,552,75
25,105,552,552,81
25,106,552,552,69
25,107,552,552,71
25,108,552,552,80
25,109,552,552,74
25,110,552,552,79
25,111,552,552,71
25,112,552,552,84
25,113,552,552,80
25,114,552,552,77
25,115,552,552,79
25,116,552,552,82
25,117,552,552,67
25,118,552,552,73
25,119,552,552,77
25,120,552,552,80
25,121,552,552,72
25,122,552,552,72
25,123,552,552,64
25,124,552,552,82
25,125,552,552,75
25,126,552,552,74
25,127,552,552,77
25,128,552,552,73
25,129,552,552,76
25,130,552,552,73
25,131,552,552,72
25,132,552,552,82
25,133,552,552,63
25,134,552,552,74
25,135,552,552,77
25,136,552,552,74
25,137,552,552,70
25,138,552,552,75
25,139,552,552,78
25,140,552,552,81
25,141,552,552,78
25,142,552,552,80
25,143,552,552,73
25,144,552,552,66
25,145,552,552,73
25,146,552,552,74
25,147,552,552,73
25,148,552,552,81
25,149,552,552,76
25,150,552,552,71
25,151,552,552,81
25,152,552,552,78
25,153,552,552,78
25,154,552,552,82
25,155,552,552,76
25,156,552,552,76
25,157,552,552,79
25,158,552,552,79
25,159,552,552,75
25,160,552,552,76
25,161,552,552,74
25,162,552,552,80
25,163,552,552,77
25,164,552,552,72
25,165,552,552,78
25,166,552,552,75
25,167,552,552,79
25,168,552,552,77
25,169,552,552,76
25,170,552,552,81
25,171,552,552,77
25,172,552,552,75
25,173,552,552,84
25,174,552,552,72
25,175,552,552,77
25,176,552,552,81
25,177,552,552,74
25,178,552,552,74
25,179,552,552,72
25,180,552,552,73
25,181,552,552,80
25,182,552,552,84
25,183,552,552,73
25,184,552,552,78
25,185,552,552,76
25,186,552,552,84
25,187,552,552,75
25,188,552,552,83
25,189,552,552,73
25,190,552,552,72
25,191,552,552,80
25,192,552,552,74
25,193,552,552,73
25,194,552,552,74
25,195,552,552,75
25,196,552,552,73
25,197,552,552,80
25,198,552,552,79
25,199,552,552,72
25,200,552,552,70
25,201,552,552,73
25,202,552,552,72
25,203,552,552,82
25,204,552,552,78
25,205,552,552,76
25,206,552,552,81
25,207,552,552,76
25,208,552,552,80
25,209,552,552,76
25,210,552,552,69
25,211,552,552,84
25,212,552,552,68
25,213,552,552,90
25,214,552,552,73
25,215,552,552,85
25,216,552,552,85
25,217,552,552,67
25,218,552,552,74
25,219,552,552,79
25,220,552,552,73
25,221,552,552,75
25,222,552,552,76
25,223,552,552,84
25,224,552,552,72
25,225,552,552,86
25,226,552,552,78
25,227,552,552,80
25,228,552,552,70
25,229,552,552,84
25,230,552,552,79
25,231,552,552,76
25,232,552,552,79
25,233,552,552,72
25,234,552,552,69
25,235,552,552,68
25,236,552,552,76
25,237,552,552,78
25,238,552,552,77
25,239,552,552,78
25,240,552,552,70
25,241,552,552,77
25,242,552,552,74
25,243,552,552,82
25,244,552,552,75
25,245,552,552,73
25,246,552,552,73
25,247,552,552,85
25,248,552,552,72
25,249,552,552,71
25,250,552,552,67
25,251,552,552,74
25,252,552,552,75
25,253,552,552,77
25,254,552,552,72
25,255,552,552,79
25,256,552,552,83
25,257,552,552,82
25,258,552,552,83
25,259,552,552,71
25,260,552,552,79
25,261,552,552,72
25,262,552,552,71
25,263,552,552,83
25,264,552,552,71
25,265,552,552,74
25,266,552,552,69
25,267,552,552,77
25,268,552,552,72
25,269,552,552,76
25,270,552,552,78
25,271,552,552,82
25,272,552,552,73
25,273,552,552,69
25,274,552,552,74
25,275,552,552,76
25,276,552,552,69
25,277,552,552,73
25,278,552,552,80
25,279,552,552,74
25,280,552,552,71
25,281,552,552,72
25,282,552,552,78
25,283,552,552,75
25,284,552,552,82
25,285,552,552,74
25,286,552,552,76
25,287,552,552,75
25,288,552,552,80
25,289,552,552,81
25,290,552,552,76
25,291,552,552,79
25,292,552,552,71
25,293,552,552,80
25,294,552,552,73
25,295,552,552,81
25,296,552,552,69
25,297,552,552,70
25,298,552,552,83
25,299,552,552,83
25,300,552,552,68
25,301,552,552,71
25,302,552,552,74
25,303,552,552,82
25,304,552,552,75
25,305,552,552,79
25,306,552,552,79
25,307,552,552,72
25,308,552,552,76
25,309,552,552,85
25,310,552,552,79
25,311,552,552,72
25,312,552,552,77
25,313,552,552,78
25,314,552,552,76
25,315,552,552,70
25,316,552,552,77
25,317,552,552,69
25,318,552,552,68
25,319,552,552,82
25,320,552,552,76
25,321,552,552,77
25,322,552,552,72
25,323,552,552,75
25,324,552,552,68
25,325,552,552,73
25,326,552,552,74
25,327,552,552,80
25,328,552,552,74
25,329,552,552,67
25,330,552,552,74
25,331,552,552,77
25,332,552,552,82
25,333,552,552,76
25,334,552,552,79
25,335,552,552,78
25,336,552,552,80
25,337,552,552,77
25,338,552,552,75
25,339,552,552,76
25,340,552,552,73
25,341,552,552,77
25,342,552,552,84
25,343,552,552,78
25,344,552,552,76
25,345,552,552,79
25,346,552,552,69
25,347,552,552,63
25,348,552,552,66
25,349,552,552,77
25,350,552,552,76
25,351,552,552,77
25,352,552,552,79
25,353,552,552,80
25,354,552,552,74
25,355,552,552,81
25,356,552,552,81
25,357,552,552,69
25,358,552,552,74
25,359,552,552,83
25,360,552,552,75
25,361,552,552,73
25,362,552,552,69
25,363,552,552,73
25,364,552,552,72
25,365,552,552,77
25,366,552,552,72
25,367,552,552,76
25,368,552,552,75
25,369,552,552,75
25,370,552,552,73
25,371,552,552,73
25,372,552,552,70
25,373,552,552,72
25,374,552,552,75
25,375,552,552,77
25,376,552,552,65
25,377,552,552,75
25,378,552,552,73
25,379,552,552,71
25,380,552,552,74
25,381,552,552,74
25,382,552,552,74
25,383,552,552,75
25,384,552,552,70
25,385,552,552,82
25,386,552,552,72
25,387,552,552,85
25,388,552,552,79
25,389,552,552,71
25,390,552,552,77
25,391,552,552,78
25,392,552,552,67
25,393,552,552,72
25,394,552,552,78
25,395,552,552,79
25,396,552,552,84
25,397,552,552,72
25,398,552,552,69
25,399,552,552,75
25,400,552,552,74
25,401,552,552,78
25,402,552,552,76
25,403,552,552,78
25,404,552,552,69
25,405,552,552,75
25,406,552,552,74
25,407,552,552,84
25,408,552,552,75
25,409,552,552,76
25,410,552,552,77
25,411,552,552,73
25,412,552,552,73
25,413,552,552,83
25,414,552,552,79
25,415,552,552,85
25,416,552,552,74
25,417,552,552,78
25,418,552,552,75
25,419,552,552,81
25,420,552,552,75
25,421,552,552,69
25,422,552,552,70
25,423,552,552,75
25,424,552,552,78
25,425,552,552,72
25,426,552,552,82
25,427,552,552,82
25,428,552,552,73
25,429,552,552,82
25,430,552,552,76
25,431,552,552,76
25,432,552,552,76
25,433,552,552,73
25,434,552,552,78
25,435,552,552,76
25,436,552,552,74
25,437,552,552,76
25,438,552,552,71
25,439,552,552,75
25,440,552,552,73
25,441,552,552,76
25,442,552,552,81
25,443,552,552,68
25,444,552,552,70
25,445,552,552,77
25,446,552,552,85
25,447,552,552,84
25,448,552,552,75
25,449,552,552,72
25,450,552,552,70
25,451,552,552,74
25,452,552,552,82
25,453,552,552,68
25,454,552,552,69
25,455,552,552,79
25,456,552,552,83
25,457,552,552,73
25,458,552,552,77
25,459,552,552,73
25,460,552,552,78
25,461,552,552,82
25,462,552,552,73
25,463,552,552,81
25,464,552,552,80
25,465,552,552,74
25,466,552,552,72
25,467,552,552,74
25,468,552,552,80
25,469,552,552,80
25,470,552,552,71
25,471,552,552,76
25,472,552,552,72
25,473,552,552,80
25,474,552,552,68
25,475,552,552,90
25,476,552,552,80
25,477,552,552,73
25,478,552,552,74
25,479,552,552,69
25,480,552,552,78
25,481,552,552,78
25,482,552,552,70
25,483,552,552,79
25,484,552,552,71
25,485,552,552,75
25,486,552,552,82
25,487,552,552,76
25,488,552,552,81
25,489,552,552,79
25,490,552,552,68
25,491,552,552,77
25,492,552,552,72
25,493,552,552,75
25,494,552,552,83
25,495,552,552,71
25,496,552,552,77
25,497,552,552,78
25,498,552,552,70
25,499,552,552,73
25,500,552,552,74
26,0,482,482,72
26,1,503,503,73
26,2,503,503,72
26,3,503,503,71
26,4,522,522,82
26,5,522,522,80
26,6,532,532,77
26,7,537,537,68
26,8,537,537,78
26,9,537,537,68
26,10,537,537,79
26,11,537,537,84
26,12,537,537,69
26,13,537,537,80
26,14,537,537,88
26,15,537,537,68
26,16,540,540,74
26,17,540,540,75
26,18,540,540,76
26,19,552,552,69
26,20,552,552,68
26,21,552,552,86
26,22,552,552,77
26,23,552,552,67
26,24,552,552,66
26,25,552,552,75
26,26,552,552,78
26,27,552,552,71
26,28,552,552,75
26,29,552,552,83
26,30,552,552,82
26,31,552,552,78
26,32,552,552,74
26,33,552,552,75
26,34,552,552,81
26,35,552,552,80
26,36,552,552,70
26,37,552,552,71
26,38,552,552,75
26,39,552,552,76
26,40,552,552,66
26,41,552,552,81
26,42,552,552,80
26,43,552,552,78
26,44,552,552,78
26,45,552,552,76
26,46,552,552,78
26,47,552,552,68
26,48,552,552,74
26,49,552,552,78
26,50,552,552,78
26,51,552,552,65
26,52,552,552,74
26,53,552,552,70
26,54,552,552,72
26,55,552,552,80
26,56,552,552,81
26,57,552,552,71
26,58,552,552,71
26,59,552,552,80
26,60,552,552,85
26,61,552,552,81
26,62,552,552,79
26,63,552,552,77
26,64,552,552,74
26,65,552,552,79
26,66,552,552,75
26,67,552,552,83
26,68,552,552,80
26,69,552,552,68
26,70,552,552,78
26,71,552,552,80
26,72,552,552,80
26,73,552,552,73
26,74,552,552,78
26,75,552,552,81
26,76,552,552,67
26,77,552,552,70
26,78,552,552,81
26,79,552,552,77
26,80,552,552,71
26,81,552,552,71
26,82,552,552,84
26,83,552,552,81
26,84,552,552,81
26,85,552,552,72
26,86,552,552,74
26,87,552,552,68
26,88,552,552,80
26,89,552,552,83
26,90,552,552,78
26,91,552,552,66
26,92,552,552,74
26,93,552,552,74
26,94,552,552,84
26,95,552,552,76
26,96,552,552,75
26,97,552,552,69
26,98,552,552,75
26,99,552,552,74
26,100,552,552,71
26,101,552,552,76
26,102,552,552,74
26,103,552,552,72
26,104,552,552,70
26,105,552,552,72
26,106,552,552,80
26,107,552,552,78
26,108,552,552,69
26,109,552,552,77
26,110,552,552,78
26,111,552,552,88
26,112,552,552,79
26,113,552,552,79
26,114,552,552,81
26,115,552,552,81
26,116,552,552,75
26,117,552,552,80
26,118,552,552,72
26,119,552,552,78
26,120,552,552,70
26,121,552,552,81
26,122,552,552,74
26,123,552,552,81
26,124,552,552,84
26,125,552,552,74
26,126,552,552,77
26,127,552,552,77
26,128,552,552,64
26,129,552,552,73
26,130,552,552,65
26,131,552,552,79
26,132,552,552,77
26,133,552,552,77
26,134,552,552,72
26,135,552,552,80
26,136,552,552,75
26,137,552,552,74
26,138,552,552,71
26,139,552,552,67
26,140,552,552,81
26,141,552,552,76
26,142,552,552,74
26,143,552,552,77
26,144,552,552,80
26,145,552,552,70
26,146,552,552,80
26,147,552,552,73
26,148,552,552,77
26,149,552,552,75
26,150,552,552,81
26,151,552,552,73
26,152,552,552,70
26,153,552,552,79
26,154,552,552,73
26,155,552,552,78
26,156,552,552,79
26,157,552,552,74
26,158,552,552,88
26,159,552,552,79
26,160,552,552,88
26,161,552,552,71
26,162,552,552,82
26,163,552,552,81
26,164,552,552,74
26,165,552,552,78
26,166,552,552,73
26,167,552,552,86
26,168,552,552,75
26,169,552,552,78
26,170,552,552,78
26,171,552,552,69
26,172,552,552,77
26,173,552,552,74
26,174,552,552,79
26,175,552,552,68
26,176,552,552,79
26,177,552,552,77
26,178,552,552,77
26,179,552,552,79
26,180,552,552,81
26,181,552,552,74
26,182,552,552,80
26,183,552,552,76
26,184,552,552,75
26,185,552,552,73
26,186,552,552,75
26,187,552,552,74
26,188,552,552,73
26,189,552,552,82
26,190,552,552,80
26,191,552,552,76
26,192,552,552,67
26,193,552,552,86
26,194,552,552,77
26,195,552,552,79
26,196,552,552,73
26,197,552,552,76
26,198,552,552,66
26,199,552,552,74
26,200,552,552,78
26,201,552,552,74
26,202,552,552,77
26,203,552,552,81
26,204,552,552,79
26,205,552,552,67
26,206,552,552,75
26,207,552,552,72
26,208,552,552,73
26,209,552,552,72
26,210,552,552,67
26,211,552,552,77
26,212,552,552,80
26,213,552,552,77
26,214,552,552,71
26,215,552,552,82
26,216,552,552,70
26,217,552,552,72
26,218,552,552,74
26,219,552,552,79
26,220,552,552,78
26,221,552,552,74
26,222,552,552,84
26,223,552,552,82
26,224,552,552,68
26,225,552,552,71
26,226,552,552,81
26,227,552,552,76
26,228,552,552,75
26,229,552,552,71
26,230,552,552,76
26,231,552,552,70
26,232,552,552,77
26,233,552,552,76
26,234,552,552,67
26,235,552,552,74
26,236,552,552,76
26,237,552,552,79
26,238,552,552,72
26,239,552,552,73
26,240,552,552,76
26,241,552,552,82
26,242,552,552,70
26,243,552,552,76
26,244,552,552,74
26,245,552,552,81
26,246,552,552,77
26,247,552,552,71
26,248,552,552,71
26,249,552,552,78
26,250,552,552,81
26,251,552,552,81
26,252,552,552,79
26,253,552,552,78
26,254,552,552,71
26,255,552,552,77
26,256,552,552,69
26,257,552,552,74
26,258,552,552,74
26,259,552,552,74
26,260,552,552,78
26,261,552,552,72
26,262,552,552,80
26,263,552,552,70
26,264,552,552,80
26,265,552,552,77
26,266,552,552,80
26,267,552,552,73
26,268,552,552,78
26,269,552,552,75
26,270,552,552,74
26,271,552,552,74
26,272,552,552,73
26,273,552,552,78
26,274,552,552,80
26,275,552,552,75
26,276,552,552,74
26,277,552,552,78
26,278,552,552,81
26,279,552,552,69
26,280,552,552,67
26,281,552,552,77
26,282,552,552,83
26,283,552,552,70
26,284,552,552,77
26,285,552,552,77
26,286,552,552,70
26,287,552,552,68
26,288,552,552,74
26,289,552,552,84
26,290,552,552,74
26,291,552,552,78
26,292,552,552,82
26,293,552,552,77
26,294,552,552,75
26,295,552,552,78
26,296,552,552,64
26,297,552,552,77
26,298,552,552,83
26,299,552,552,71
26,300,552,552,79
26,301,552,552,75
26,302,552,552,77
26,303,552,552,72
26,304,552,552,81
26,305,552,552,65
26,306,552,552,71
26,307,552,552,77
26,308,552,552,78
26,309,552,552,75
26,310,552,552,77
26,311,552,552,72
26,312,552,552,83
26,313,552,552,76
26,314,552,552,84
26,315,552,552,83
26,316,552,552,74
26,317,552,552,78
26,318,552,552,78
26,319,552,552,77
26,320,552,552,73
26,321,552,552,79
26,322,552,552,82
26,323,552,552,74
26,324,552,552,71
26,325,552,552,76
26,326,552,552,74
26,327,552,552,69
26,328,552,552,76
26,329,552,552,77
26,330,552,552,74
26,331,552,552,61
26,332,552,552,70
26,333,552,552,77
26,334,552,552,72
26,335,552,552,76
26,336,552,552,79
26,337,552,552,79
26,338,552,552,72
26,339,552,552,77
26,340,552,552,71
26,341,552,552,72
26,342,552,552,76
26,343,552,552,77
26,344,552,552,69
26,345,552,552,78
26,346,552,552,72
26,347,552,552,69
26,348,552,552,76
26,349,552,552,77
26,350,552,552,79
26,351,552,552,74
26,352,552,552,81
26,353,552,552,79
26,354,552,552,78
26,355,552,552,76
26,356,552,552,82
26,357,552,552,74
26,358,552,552,76
26,359,552,552,71
26,360,552,552,77
26,361,552,552,68
26,362,552,552,83
26,363,552,552,77
26,364,552,552,78
26,365,552,552,73
26,366,552,552,81
26,367,552,552,71
26,368,552,552,76
26,369,552,552,73
26,370,552,552,77
26,371,552,552,76
26,372,552,552,75
26,373,552,552,80
26,374,552,552,72
26,375,552,552,81
26,376,552,552,76
26,377,552,552,70
26,378,552,552,80
26,379,552,552,73
26,380,552,552,70
26,381,552,552,74
26,382,552,552,78
26,383,552,552,81
26,384,552,552,75
26,385,552,552,71
26,386,552,552,73
26,387,552,552,87
26,388,552,552,72
26,389,552,552,78
26,390,552,552,77
26,391,552,552,79
26,392,552,552,73
26,393,552,552,75
26,394,552,552,72
26,395,552,552,83
26,396,552,552,81
26,397,552,552,80
26,398,552,552,74
26,399,552,552,68
26,400,552,552,69
26,401,552,552,74
26,402,552,552,78
26,403,552,552,78
26,404,552,552,74
26,405,552,552,77
26,406,552,552,81
26,407,552,552,70
26,408,552,552,80
26,409,552,552,76
26,410,552,552,72
26,411,552,552,82
26,412,552,552,83
26,413,552,552,73
26,414,552,552,70
26,415,552,552,74
26,416,552,552,76
26,417,552,552,76
26,418,552,552,75
26,419,552,552,77
26,420,552,552,81
26,421,552,552,71
26,422,552,552,72
26,423,552,552,68
26,424,552,552,82
26,425,552,552,77
26,426,552,552,72
26,427,552,552,79
26,428,552,552,78
26,429,552,552,72
26,430,552,552,79
26,431,552,552,76
26,432,552,552,77
26,433,552,552,75
26,434,552,552,77
26,435,552,552,73
26,436,552,552,81
26,437,552,552,78
26,438,552,552,70
26,439,552,552,78
26,440,552,552,67
26,441,552,552,76
26,442,552,552,73
26,443,552,552,79
26,444,552,552,85
26,445,552,552,75
26,446,552,552,76
26,447,552,552,77
26,448,552,552,83
26,449,552,552,75
26,450,552,552,78
26,451,552,552,83
26,452,552,552,73
26,453,552,552,67
26,454,552,552,77
26,455,552,552,80
26,456,552,552,73
26,457,552,552,77
26,458,552,552,73
26,459,552,552,71
26,460,552,552,73
26,461,552,552,79
26,462,552,552,72
26,463,552,552,74
26,464,552,552,78
26,465,552,552,77
26,466,552,552,70
26,467,552,552,78
26,468,552,552,77
26,469,552,552,71
26,470,552,552,81
26,471,552,552,66
26,472,552,552,78
26,473,552,552,73
26,474,552,552,79
26,475,552,552,75
26,476,552,552,80
26,477,552,552,76
26,478,552,552,72
26,479,552,552,74
26,480,552,552,63
26,481,552,552,81
26,482,552,552,80
26,483,552,552,74
26,484,552,552,78
26,485,552,552,65
26,486,552,552,74
26,487,552,552,76
26,488,552,552,75
26,489,552,552,80
26,490,552,552,71
26,491,552,552,86
26,492,552,552,86
26,493,552,552,72
26,494,552,552,76
26,495,552,552,82
26,496,552,552,76
26,497,552,552,77
26,498,552,552,77
26,499,552,552,78
26,500,552,552,80
27,0,505,505,63
27,1,505,505,74
27,2,505,505,89
27,3,517,517,74
27,4,537,537,72
27,5,537,537,77
27,6,537,537,75
27,7,537,537,86
27,8,540,540,78
27,9,540,540,65
27,10,540,540,77
27,11,540,540,81
27,12,540,540,81
27,13,540,540,79
27,14,540,540,71
27,15,540,540,62
27,16,540,540,72
27,17,540,540,79
27,18,540,540,81
27,19,540,540,72
27,20,540,540,77
27,21,540,540,68
27,22,540,540,68
27,23,540,540,78
27,24,540,540,71
27,25,540,540,78
27,26,540,540,73
27,27,540,540,81
27,28,540,540,84
27,29,540,540,69
27,30,540,540,66
27,31,552,552,70
27,32,552,552,78
27,33,552,552,79
27,34,552,552,78
27,35,552,552,75
27,36,552,552,82
27,37,552,552,81
27,38,552,552,75
27,39,552,552,81
27,40,552,552,69
27,41,552,552,77
27,42,552,552,74
27,43,552,552,77
27,44,552,552,73
27,45,552,552,74
27,46,552,552,78
27,47,552,552,80
27,48,552,552,76
27,49,552,552,77
27,50,552,552,73
27,51,552,552,72
27,52,552,552,71
27,53,552,552,84
27,54,552,552,72
27,55,552,552,76
27,56,552,552,84
27,57,552,552,74
27,58,552,552,73
27,59,552,552,75
27,60,552,552,70
27,61,552,552,76
27,62,552,552,76
27,63,552,552,81
27,64,552,552,74
27,65,552,552,78
27,66,552,552,71
27,67,552,552,76
27,68,552,552,75
27,69,552,552,74
27,70,552,552,79
27,71,552,552,76
27,72,552,552,77
27,73,552,552,79
27,74,552,552,76
27,75,552,552,82
27,76,552,552,71
27,77,552,552,70
27,78,552,552,75
27,79,552,552,77
27,80,552,552,78
27,81,552,552,76
27,82,552,552,77
27,83,552,552,79
27,84,552,552,72
27,85,552,552,78
27,86,552,552,77
27,87,552,552,69
27,88,552,552,80
27,89,552,552,82
27,90,552,552,77
27,91,552,552,77
27,92,552,552,85
27,93,552,552,76
27,94,552,552,84
27,95,552,552,77
27,96,552,552,73
27,97,552,552,73
27,98,552,552,79
27,99,552,552,77
27,100,552,552,85
27,101,552,552,69
27,102,552,552,77
27,103,552,552,81
27,104,552,552,68
27,105,552,552,71
27,106,552,552,74
27,107,552,552,66
27,108,552,552,69
27,109,552,552,76
27,110,552,552,84
27,111,552,552,68
27,112,552,552,77
27,113,552,552,67
27,114,552,552,86
27,115,552,552,71
27,116,552,552,77
27,117,552,552,71
27,118,552,552,73
27,119,552,552,75
27,120,552,552,77
27,121,552,552,79
27,122,552,552,72
27,123,552,552,73
27,124,552,552,73
27,125,552,552,81
27,126,552,552,80
27,127,552,552,69
27,128,552,552,74
27,129,552,552,79
27,130,552,552,74
27,131,552,552,69
27,132,552,552,76
27,133,552,552,76
27,134,552,552,78
27,135,552,552,66
27,136,552,552,76
27,137,552,552,76
27,138,552,552,77
27,139,552,552,83
27,140,552,552,77
27,141,552,552,79
27,142,552,552,69
27,143,552,552,82
27,144,552,552,76
27,145,552,552,82
27,146,552,552,76
27,147,552,552,78
27,148,552,552,78
27,149,552,552,75
27,150,552,552,79
27,151,552,552,71
27,152,552,552,70
27,153,552,552,68
27,154,552,552,70
27,155,552,552,77
27,156,552,552,73
27,157,552,552,72
27,158,552,552,82
27,159,552,552,68
27,160,552,552,74
27,161,552,552,73
27,162,552,552,78
27,163,552,552,75
27,164,552,552,76
27,165,552,552,74
27,166,552,552,79
27,167,552,552,79
27,168,552,552,78
27,169,552,552,81
27,170,552,552,69
27,171,552,552,85
27,172,552,552,78
27,173,552,552,75
27,174,552,552,81
27,175,552,552,75
27,176,552,552,76
27,177,552,552,76
27,178,552,552,73
27,179,552,552,74
27,180,552,552,75
27,181,552,552,78
27,182,552,552,73
27,183,552,552,77
27,184,552,552,77
27,185,552,552,80
27,186,552,552,80
27,187,552,552,80
27,188,552,552,81
27,189,552,552,73
27,190,552,552,75
27,191,552,552,73
27,192,552,552,86
27,193,552,552,78
27,194,552,552,73
27,195,552,552,76
27,196,552,552,70
27,197,552,552,77
27,198,552,552,76
27,199,552,552,73
27,200,552,552,79
27,201,552,552,78
27,202,552,552,79
27,203,552,552,84
27,204,552,552,83
27,205,552,552,70
27,206,552,552,66
27,207,552,552,71
27,208,552,552,80
27,209,552,552,72
27,210,552,552,79
27,211,552,552,83
27,212,552,552,74
27,213,552,552,83
27,214,552,552,83
27,215,552,552,78
27,216,552,552,76
27,217,552,552,72
27,218,552,552,81
27,219,552,552,71
27,220,552,552,76
27,221,552,552,75
27,222,552,552,79
27,223,552,552,74
27,224,552,552,79
27,225,552,552,72
27,226,552,552,71
27,227,552,552,77
27,228,552,552,82
27,229,552,552,72
27,230,552,552,82
27,231,552,552,78
27,232,552,552,73
27,233,552,552,74
27,234,552,552,76
27,235,552,552,77
27,236,552,552,78
27,237,552,552,78
27,238,552,552,78
27,239,552,552,76
27,240,552,552,75
27,241,552,552,77
27,242,552,552,76
27,243,552,552,75
27,244,552,552,74
27,245,552,552,72
27,246,552,552,73
27,247,552,552,82
27,248,552,552,70
27,249,552,552,66
27,250,552,552,69
27,251,552,552,75
27,252,552,552,73
27,253,552,552,80
27,254,552,552,76
27,255,552,552,76
27,256,552,552,75
27,257,552,552,73
27,258,552,552,78
27,259,552,552,79
27,260,552,552,66
27,261,552,552,76
27,262,552,552,79
27,263,552,552,72
27,264,552,552,77
27,265,552,552,68
27,266,552,552,80
27,267,552,552,70
27,268,552,552,79
27,269,552,552,76
27,270,552,552,80
27,271,552,552,68
27,272,552,552,77
27,273,552,552,79
27,274,552,552,70
27,275,552,552,74
27,276,552,552,66
27,277,552,552,83
27,278,552,552,74
27,279,552,552,72
27,280,552,552,74
27,281,552,552,77
27,282,552,552,76
27,283,552,552,81
27,284,552,552,76
27,285,552,552,68
27,286,552,552,73
27,287,552,552,83
27,288,552,552,74
27,289,552,552,76
27,290,552,552,76
27,291,552,552,76
27,292,552,552,82
27,293,552,552,79
27,294,552,552,68
27,295,552,552,70
27,296,552,552,81
27,297,552,552,68
27,298,552,552,84
27,299,552,552,75
27,300,552,552,77
27,301,552,552,78
27,302,552,552,79
27,303,552,552,71
27,304,552,552,74
27,305,552,552,78
27,306,552,552,77
27,307,552,552,74
27,308,552,552,71
27,309,552,552,76
27,310,552,552,73
27,311,552,552,74
27,312,552,552,72
27,313,552,552,73
27,314,552,552,71
27,315,552,552,79
27,316,552,552,74
27,317,552,552,72
27,318,552,552,81
27,319,552,552,82
27,320,552,552,74
27,321,552,552,80
27,322,552,552,76
27,323,552,552,79
27,324,552,552,79
27,325,552,552,76
27,326,552,552,82
27,327,552,552,73
27,328,552,552,74
27,329,552,552,72
27,330,552,552,76
27,331,552,552,76
27,332,552,552,72
27,333,552,552,78
27,334,552,552,74
27,335,552,552,73
27,336,552,552,76
27,337,552,552,72
27,338,552,552,80
27,339,552,552,77
27,340,552,552,73
27,341,552,552,75
27,342,552,552,73
27,343,552,552,79
27,344,552,552,70
27,345,552,552,66
27,346,552,552,68
27,347,552,552,75
27,348,552,552,78
27,349,552,552,75
27,350,552,552,82
27,351,552,552,70
27,352,552,552,75
27,353,552,552,76
27,354,552,552,77
27,355,552,552,72
27,356,552,552,79
27,357,552,552,68
27,358,552,552,76
27,359,552,552,78
27,360,552,552,69
27,361,552,552,61
27,362,552,552,75
27,363,552,552,79
27,364,552,552,72
27,365,552,552,81
27,366,552,552,75
27,367,552,552,80
27,368,552,552,78
27,369,552,552,72
27,370,552,552,74
27,371,552,552,81
27,372,552,552,80
27,373,552,552,79
27,374,552,552,77
27,375,552,552,81
27,376,552,552,74
27,377,552,552,73
27,378,552,552,79
27,379,552,552,74
27,380,552,552,79
27,381,552,552,75
27,382,552,552,68
27,383,552,552,68
27,384,552,552,78
27,385,552,552,82
27,386,552,552,78
27,387,552,552,86
27,388,552,552,80
27,389,552,552,78
27,390,552,552,73
27,391,552,552,77
27,392,552,552,78
27,393,552,552,86
27,394,552,552,79
27,395,552,552,77
27,396,552,552,76
27,397,552,552,76
27,398,552,552,81
27,399,552,552,69
27,400,552,552,80
27,401,552,552,76
27,402,552,552,79
27,403,552,552,71
27,404,552,552,81
27,405,552,552,79
27,406,552,552,79
27,407,552,552,73
27,408,552,552,75
27,409,552,552,82
27,410,552,552,80
27,411,552,552,74
27,412,552,552,80
27,413,552,552,72
27,414,552,552,76
27,415,552,552,81
27,416,552,552,80
27,417,552,552,79
27,418,552,552,84
27,419,552,552,79
27,420,552,552,71
27,421,552,552,80
27,422,552,552,80
27,423,552,552,76
27,424,552,552,73
27,425,552,552,78
27,426,552,552,80
27,427,552,552,77
27,428,552,552,81
27,429,552,552,81
27,430,552,552,72
27,431,552,552,71
27,432,552,552,76
27,433,552,552,83
27,434,552,552,87
27,435,552,552,79
27,436,552,552,77
27,437,552,552,78
27,438,552,552,76
27,439,552,552,76
27,440,552,552,78
27,441,552,552,70
27,442,552,552,83
27,443,552,552,72
27,444,552,552,79
27,445,552,552,77
27,446,552,552,78
27,447,552,552,74
27,448,552,552,74
27,449,552,552,72
27,450,552,552,66
27,451,552,552,82
27,452,552,552,76
27,453,552,552,79
27,454,552,552,73
27,455,552,552,72
27,456,552,552,81
27,457,552,552,87
27,458,552,552,77
27,459,552,552,78
27,460,552,552,74
27,461,552,552,75
27,462,552,552,78
27,463,552,552,79
27,464,552,552,80
27,465,552,552,78
27,466,552,552,75
27,467,552,552,76
27,468,552,552,78
27,469,552,552,72
27,470,552,552,80
27,471,552,552,73
27,472,552,552,75
27,473,552,552,75
27,474,552,552,82
27,475,552,552,74
27,476,552,552,83
27,477,552,552,75
27,478,552,552,72
27,479,552,552,76
27,480,552,552,71
27,481,552,552,72
27,482,552,552,67
27,483,552,552,74
27,484,552,552,75
27,485,552,552,74
27,486,552,552,79
27,487,552,552,75
27,488,552,552,84
27,489,552,552,75
27,490,552,552,78
27,491,552,552,77
27,492,552,552,77
27,493,552,552,72
27,494,552,552,73
27,495,552,552,77
27,496,552,552,75
27,497,552,552,80
27,498,552,552,73
27,499,552,552,74
27,500,552,552,80
28,0,477,477,74
28,1,477,477,75
28,2,504,504,73
28,3,527,527,72
28,4,527,527,80
28,5,527,527,77
28,6,537,537,68
28,7,537,537,80
28,8,537,537,82
28,9,537,537,80
28,10,537,537,75
28,11,537,537,75
28,12,537,537,78
28,13,540,540,71
28,14,540,540,76
28,15,540,540,67
28,16,540,540,70
28,17,540,540,70
28,18,540,540,80
28,19,540,540,72
28,20,540,540,76
28,21,540,540,73
28,22,540,540,84
28,23,540,540,72
28,24,540,540,81
28,25,540,540,70
28,26,540,540,71
28,27,540,540,70
28,28,540,540,81
28,29,540,540,73
28,30,540,540,76
28,31,540,540,74
28,32,540,540,78
28,33,540,540,72
28,34,540,540,79
28,35,540,540,77
28,36,540,540,79
28,37,540,540,74
28,38,540,540,75
28,39,540,540,85
28,40,540,540,75
28,41,540,540,74
28,42,540,540,75
28,43,540,540,79
28,44,540,540,71
28,45,540,540,77
28,46,540,540,73
28,47,540,540,81
28,48,540,540,72
28,49,540,540,86
28,50,540,540,72
28,51,540,540,86
28,52,540,540,76
28,53,540,540,69
28,54,540,540,68
28,55,540,540,76
28,56,540,540,80
28,57,540,540,73
28,58,540,540,71
28,59,540,540,83
28,60,552,552,72
28,61,552,552,72
28,62,552,552,87
28,63,552,552,69
28,64,552,552,60
28,65,552,552,78
28,66,552,552,64
28,67,552,552,86
28,68,552,552,79
28,69,552,552,71
28,70,552,552,77
28,71,552,552,78
28,72,552,552,73
28,73,552,552,74
28,74,552,552,68
28,75,552,552,74
28,76,552,552,69
28,77,552,552,79
28,78,552,552,66
28,79,552,552,72
28,80,552,552,71
28,81,552,552,78
28,82,552,552,82
28,83,552,552,77
28,84,552,552,71
28,85,552,552,75
28,86,552,552,79
28,87,552,552,75
28,88,552,552,76
28,89,552,552,70
28,90,552,552,78
28,91,552,552,65
28,92,552,552,73
28,93,552,552,71
28,94,552,552,75
28,95,552,552,78
28,96,552,552,75
28,97,552,552,80
28,98,552,552,73
28,99,552,552,70
28,100,552,552,76
28,101,552,552,69
28,102,552,552,86
28,103,552,552,73
28,104,552,552,77
28,105,552,552,69
28,106,552,552,73
28,107,552,552,72
28,108,552,552,77
28,109,552,552,71
28,110,552,552,77
28,111,552,552,75
28,112,552,552,81
28,113,552,552,78
28,114,552,552,80
28,115,552,552,81
28,116,552,552,73
28,117,552,552,81
28,118,552,552,73
28,119,552,552,69
28,120,552,552,70
28,121,552,552,72
28,122,552,552,72
28,123,552,552,83
28,124,552,552,75
28,125,552,552,72
28,126,552,552,74
28,127,552,552,81
28,128,552,552,74
28,129,552,552,72
28,130,552,552,75
28,131,552,552,68
28,132,552,552,77
28,133,552,552,70
28,134,552,552,71
28,135,552,552,79
28,136,552,552,83
28,137,552,552,66
28,138,552,552,85
28,139,552,552,78
28,140,552,552,83
28,141,552,552,75
28,142,552,552,75
28,143,552,552,76
28,144,552,552,75
28,145,552,552,73
28,146,552,552,74
28,147,552,552,83
28,148,552,552,72
28,149,552,552,80
28,150,552,552,75
28,151,552,552,78
28,152,552,552,79
28,153,552,552,78
28,154,552,552,71
28,155,552,552,81
28,156,552,552,68
28,157,552,552,84
28,158,552,552,80
28,159,552,552,83
28,160,552,552,78
28,161,552,552,77
28,162,552,552,79
28,163,552,552,79
28,164,552,552,75
28,165,552,552,79
28,166,552,552,79
28,167,552,552,80
28,168,552,552,77
28,169,552,552,77
28,170,552,552,76
28,171,552,552,81
28,172,552,552,79
28,173,552,552,70
28,174,552,552,75
28,175,552,552,86
28,176,552,552,84
28,177,552,552,73
28,178,552,552,76
28,179,552,552,69
28,180,552,552,78
28,181,552,552,69
28,182,552,552,75
28,183,552,552,79
28,184,552,552,84
28,185,552,552,74
28,186,552,552,70
28,187,552,552,82
28,188,552,552,82
28,189,552,552,72
28,190,552,552,77
28,191,552,552,79
28,192,552,552,75
28,193,552,552,76
28,194,552,552,74
28,195,552,552,67
28,196,552,552,74
28,197,552,552,86
28,198,552,552,75
28,199,552,552,78
28,200,552,552,84
28,201,552,552,81
28,202,552,552,74
28,203,552,552,82
28,204,552,552,78
28,205,552,552,77
28,206,552,552,73
28,207,552,552,71
28,208,552,552,82
28,209,552,552,78
28,210,552,552,73
28,211,552,552,82
28,212,552,552,74
28,213,552,552,82
28,214,552,552,78
28,215,552,552,77
28,216,552,552,70
28,217,552,552,77
28,218,552,552,77
28,219,552,552,75
28,220,552,552,80
28,221,552,552,78
28,222,552,552,79
28,223,552,552,84
28,224,552,552,68
28,225,552,552,74
28,226,552,552,79
28,227,552,552,75
28,228,552,552,77
28,229,552,552,81
28,230,552,552,72
28,231,552,552,76
28,232,552,552,83
28,233,552,552,81
28,234,552,552,73
28,235,552,552,77
28,236,552,552,86
28,237,552,552,73
28,238,552,552,78
28,239,552,552,73
28,240,552,552,83
28,241,552,552,77
28,242,552,552,70
28,243,552,552,72
28,244,552,552,72
28,245,552,552,71
28,246,552,552,72
28,247,552,552,81
28,248,552,552,75
28,249,552,552,69
28,250,552,552,72
28,251,552,552,65
28,252,552,552,76
28,253,552,552,83
28,254,552,552,74
28,255,552,552,75
28,256,552,552,78
28,257,552,552,73
28,258,552,552,73
28,259,552,552,79
28,260,552,552,77
28,261,552,552,79
28,262,552,552,78
28,263,552,552,70
28,264,552,552,70
28,265,552,552,84
28,266,552,552,75
28,267,552,552,85
28,268,552,552,79
28,269,552,552,78
28,270,552,552,75
28,271,552,552,69
28,272,552,552,82
28,273,552,552,77
28,274,552,552,74
28,275,552,552,75
28,276,552,552,77
28,277,552,552,77
28,278,552,552,77
28,279,552,552,76
28,280,552,552,82
28,281,552,552,74
28,282,552,552,81
28,283,552,552,71
28,284,552,552,81
28,285,552,552,68
28,286,552,552,81
28,287,552,552,66
28,288,552,552,66
28,289,552,552,73
28,290,552,552,79
28,291,552,552,77
28,292,552,552,78
28,293,552,552,78
28,294,552,552,74
28,295,552,552,78
28,296,552,552,79
28,297,552,552,68
28,298,552,552,79
28,299,552,552,82
28,300,552,552,81
28,301,552,552,79
28,302,552,552,82
28,303,552,552,69
28,304,552,552,69
28,305,552,552,70
28,306,552,552,78
28,307,552,552,68
28,308,552,552,73
28,309,552,552,79
28,310,552,552,76
28,311,552,552,84
28,312,552,552,84
28,313,552,552,80
28,314,552,552,78
28,315,552,552,80
28,316,552,552,76
28,317,552,552,76
28,318,552,552,76
28,319,552,552,70
28,320,552,552,74
28,321,552,552,79
28,322,552,552,69
28,323,552,552,82
28,324,552,552,75
28,325,552,552,82
28,326,552,552,79
28,327,552,552,82
28,328,552,552,79
28,329,552,552,75
28,330,552,552,79
28,331,552,552,78
28,332,552,552,69
28,333,552,552,79
28,334,552,552,79
28,335,552,552,79
28,336,552,552,79
28,337,552,552,80
28,338,552,552,72
28,339,552,552,70
28,340,552,552,76
28,341,552,552,73
28,342,552,552,77
28,343,552,552,81
28,344,552,552,71
28,345,552,552,74
28,346,552,552,86
28,347,552,552,73
28,348,552,552,74
28,349,552,552,65
28,350,552,552,76
28,351,552,552,73
28,352,552,552,84
28,353,552,552,83
28,354,552,552,79
28,355,552,552,73
28,356,552,552,71
28,357,552,552,81
28,358,552,552,73
28,359,552,552,75
28,360,552,552,77
28,361,552,552,70
28,362,552,552,80
28,363,552,552,77
28,364,552,552,81
28,365,552,552,68
28,366,552,552,69
28,367,552,552,75
28,368,552,552,78
28,369,552,552,80
28,370,552,552,75
28,371,552,552,75
28,372,552,552,73
28,373,552,552,76
28,374,552,552,73
28,375,552,552,70
28,376,552,552,78
28,377,552,552,71
28,378,552,552,71
28,379,552,552,80
28,380,552,552,74
28,381,552,552,74
28,382,552,552,76
28,383,552,552,84
28,384,552,552,78
28,385,552,552,75
28,386,552,552,72
28,387,552,552,81
28,388,552,552,84
28,389,552,552,76
28,390,552,552,74
28,391,552,552,78
28,392,552,552,76
28,393,552,552,73
28,394,552,552,73
28,395,552,552,78
28,396,552,552,82
28,397,552,552,78
28,398,552,552,71
28,399,552,552,77
28,400,552,552,81
28,401,552,552,75
28,402,552,552,71
28,403,552,552,68
28,404,552,552,80
28,405,552,552,68
28,406,552,552,75
28,407,552,552,80
28,408,552,552,72
28,409,552,552,73
28,410,552,552,84
28,411,552,552,66
28,412,552,552,72
28,413,552,552,72
28,414,552,552,72
28,415,552,552,81
28,416,552,552,74
28,417,552,552,76
28,418,552,552,85
28,419,552,552,72
28,420,552,552,84
28,421,552,552,82
28,422,552,552,73
28,423,552,552,71
28,424,552,552,71
28,425,552,552,78
28,426,552,552,81
28,427,552,552,84
28,428,552,552,74
28,429,552,552,79
28,430,552,552,83
28,431,552,552,77
28,432,552,552,75
28,433,552,552,81
28,434,552,552,77
28,435,552,552,70
28,436,552,552,72
28,437,552,552,74
28,438,552,552,74
28,439,552,552,72
28,440,552,552,72
28,441,552,552,80
28,442,552,552,74
28,443,552,552,71
28,444,552,552,82
28,445,552,552,77
28,446,552,552,84
28,447,552,552,71
28,448,552,552,74
28,449,552,552,80
28,450,552,552,75
28,451,552,552,82
28,452,552,552,65
28,453,552,552,67
28,454,552,552,68
28,455,552,552,76
28,456,552,552,84
28,457,552,552,75
28,458,552,552,80
28,459,552,552,74
28,460,552,552,80
28,461,552,552,78
28,462,552,552,64
28,463,552,552,82
28,464,552,552,73
28,465,552,552,72
28,466,552,552,75
28,467,552,552,79
28,468,552,552,73
28,469,552,552,74
28,470,552,552,76
28,471,552,552,81
28,472,552,552,74
28,473,552,552,84
28,474,552,552,77
28,475,552,552,76
28,476,552,552,75
28,477,552,552,76
28,478,552,552,74
28,479,552,552,62
28,480,552,552,76
28,481,552,552,75
28,482,552,552,77
28,483,552,552,77
28,484,552,552,74
28,485,552,552,73
28,486,552,552,79
28,487,552,552,76
28,488,552,552,75
28,489,552,552,74
28,490,552,552,79
28,491,552,552,75
28,492,552,552,76
28,493,552,552,76
28,494,552,552,70
28,495,552,552,74
28,496,552,552,73
28,497,552,552,80
28,498,552,552,80
28,499,552,552,82
28,500,552,552,67
29,0,500,500,67
29,1,500,500,73
29,2,540,540,67
29,3,540,540,78
29,4,540,540,72
29,5,540,540,70
29,6,540,540,69
29,7,552,552,72
29,8,552,552,80
29,9,552,552,80
29,10,552,552,76
29,11,552,552,79
29,12,552,552,74
29,13,552,552,75
29,14,552,552,68
29,15,552,552,78
29,16,552,552,78
29,17,552,552,80
29,18,552,552,73
29,19,552,552,79
29,20,552,552,69
29,21,552,552,76
29,22,552,552,71
29,23,552,552,87
29,24,552,552,77
29,25,552,552,77
29,26,552,552,78
29,27,552,552,75
29,28,552,552,77
29,29,552,552,75
29,30,552,552,80
29,31,552,552,81
29,32,552,552,74
29,33,552,552,78
29,34,552,552,83
29,35,552,552,81
29,36,552,552,71
29,37,552,552,82
29,38,552,552,72
29,39,552,552,77
29,40,552,552,76
29,41,552,552,80
29,42,552,552,73
29,43,552,552,75
29,44,552,552,71
29,45,552,552,77
29,46,552,552,69
29,47,552,552,80
29,48,552,552,76
29,49,552,552,74
29,50,552,552,77
29,51,552,552,73
29,52,552,552,75
29,53,552,552,72
29,54,552,552,76
29,55,552,552,67
29,56,552,552,82
29,57,552,552,77
29,58,552,552,64
29,59,552,552,70
29,60,552,552,76
29,61,552,552,77
29,62,552,552,75
29,63,552,552,76
29,64,552,552,68
29,65,552,552,70
29,66,552,552,70
29,67,552,552,76
29,68,552,552,76
29,69,552,552,81
29,70,552,552,69
29,71,552,552,70
29,72,552,552,79
29,73,552,552,80
29,74,552,552,79
29,75,552,552,77
29,76,552,552,74
29,77,552,552,81
29,78,552,552,77
29,79,552,552,71
29,80,552,552,69
29,81,552,552,67
29,82,552,552,75
29,83,552,552,85
29,84,552,552,77
29,85,552,552,77
29,86,552,552,76
29,87,552,552,76
29,88,552,552,75
29,89,552,552,80
29,90,552,552,77
29,91,552,552,77
29,92,552,552,75
29,93,552,552,75
29,94,552,552,78
29,95,552,552,72
29,96,552,552,71
29,97,552,552,77
29,98,552,552,71
29,99,552,552,77
29,100,552,552,74
29,101,552,552,71
29,102,552,552,80
29,103,552,552,73
29,104,552,552,81
29,105,552,552,83
29,106,552,552,81
29,107,552,552,76
29,108,552,552,74
29,109,552,552,80
29,110,552,552,75
29,111,552,552,79
29,112,552,552,84
29,113,552,552,80
29,114,552,552,74
29,115,552,552,76
29,116,552,552,69
29,117,552,552,73
29,118,552,552,71
29,119,552,552,72
29,120,552,552,78
29,121,552,552,74
29,122,552,552,75
29,123,552,552,82
29,124,552,552,79
29,125,552,552,73
29,126,552,552,81
29,127,552,552,79
29,128,552,552,80
29,129,552,552,71
29,130,552,552,71
29,131,552,552,78
29,132,552,552,71
29,133,552,552,72
29,134,552,552,70
29,135,552,552,66
29,136,552,552,75
29,137,552,552,76
29,138,552,552,79
29,139,552,552,74
29,140,552,552,72
29,141,552,552,73
29,142,552,552,79
29,143,552,552,77
29,144,552,552,75
29,145,552,552,85
29,146,552,552,70
29,147,552,552,71
29,148,552,552,75
29,149,552,552,75
29,150,552,552,71
29,151,552,552,77
29,152,552,552,79
29,153,552,552,80
29,154,552,552,68
29,155,552,552,71
29,156,552,552,74
29,157,552,552,82
29,158,552,552,85
29,159,552,552,73
29,160,552,552,75
29,161,552,552,81
29,162,552,552,73
29,163,552,552,74
29,164,552,552,67
29,165,552,552,79
29,166,552,552,76
29,167,552,552,76
29,168,552,552,81
29,169,552,552,81
29,170,552,552,74
29,171,552,552,74
29,172,552,552,73
29,173,552,552,82
29,174,552,552,80
29,175,552,552,76
29,176,552,552,74
29,177,552,552,81
29,178,552,552,76
29,179,552,552,85
29,180,552,552,78
29,181,552,552,79
29,182,552,552,78
29,183,552,552,74
29,184,552,552,75
29,185,552,552,73
29,186,552,552,75
29,187,552,552,81
29,188,552,552,74
29,189,552,552,70
29,190,552,552,73
29,191,552,552,78
29,192,552,552,74
29,193,552,552,71
29,194,552,552,79
29,195,552,552,77
29,196,552,552,72
29,197,552,552,75
29,198,552,552,67
29,199,552,552,76
29,200,552,552,74
29,201,552,552,84
29,202,552,552,75
29,203,552,552,81
29,204,552,552,81
29,205,552,552,73
29,206,552,552,78
29,207,552,552,78
29,208,552,552,72
29,209,552,552,80
29,210,552,552,77
29,211,552,552,73
29,212,552,552,82
29,213,552,552,74
29,214,552,552,74
29,215,552,552,79
29,216,552,552,82
29,217,552,552,77
29,218,552,552,79
29,219,552,552,75
29,220,552,552,71
29,221,552,552,72
29,222,552,552,78
29,223,552,552,73
29,224,552,552,74
29,225,552,552,84
29,226,552,552,72
29,227,552,552,84
29,228,552,552,80
29,229,552,552,80
29,230,552,552,77
29,231,552,552,78
29,232,552,552,73
29,233,552,552,79
29,234,552,552,75
29,235,552,552,76
29,236,552,552,76
29,237,552,552,72
29,238,552,552,75
29,239,552,552,73
29,240,552,552,72
29,241,552,552,75
29,242,552,552,76
29,243,552,552,76
29,244,552,552,84
29,245,552,552,81
29,246,552,552,74
29,247,552,552,73
29,248,552,552,77
29,249,552,552,72
29,250,552,552,82
29,251,552,552,75
29,252,552,552,71
29,253,552,552,76
29,254,552,552,75
29,255,552,552,73
29,256,552,552,77
29,257,552,552,75
29,258,552,552,75
29,259,552,552,78
29,260,552,552,83
29,261,552,552,72
29,262,552,552,77
29,263,552,552,80
29,264,552,552,73
29,265,552,552,73
29,266,552,552,74
29,267,552,552,70
29,268,552,552,76
29,269,552,552,76
29,270,552,552,76
29,271,552,552,76
29,272,552,552,85
29,273,552,552,76
29,274,552,552,79
29,275,552,552,79
29,276,552,552,69
29,277,552,552,69
29,278,552,552,77
29,279,552,552,76
29,280,552,552,73
29,281,552,552,73
29,282,552,552,65
29,283,552,552,70
29,284,552,552,74
29,285,552,552,83
29,286,552,552,74
29,287,552,552,69
29,288,552,552,72
29,289,552,552,77
29,290,552,552,86
29,291,552,552,80
29,292,552,552,72
29,293,552,552,83
29,294,552,552,77
29,295,552,552,74
29,296,552,552,80
29,297,552,552,73
29,298,552,552,80
29,299,552,552,70
29,300,552,552,78
29,301,552,552,77
29,302,552,552,74
29,303,552,552,76
29,304,552,552,78
29,305,552,552,70
29,306,552,552,76
29,307,552,552,75
29,308,552,552,80
29,309,552,552,75
29,310,552,552,77
29,311,552,552,78
29,312,552,552,78
29,313,552,552,79
29,314,552,552,76
29,315,552,552,70
29,316,552,552,74
29,317,552,552,75
29,318,552,552,81
29,319,552,552,81
29,320,552,552,78
29,321,552,552,67
29,322,552,552,74
29,323,552,552,74
29,324,552,552,78
29,325,552,552,73
29,326,552,552,76
29,327,552,552,85
29,328,552,552,71
29,329,552,552,66
29,330,552,552,82
29,331,552,552,75
29,332,552,552,77
29,333,552,552,80
29,334,552,552,76
29,335,552,552,78
29,336,552,552,73
29,337,552,552,80
29,338,552,552,79
29,339,552,552,77
29,340,552,552,77
29,341,552,552,79
29,342,552,552,80
29,343,552,552,78
29,344,552,552,73
29,345,552,552,73
29,346,552,552,78
29,347,552,552,75
29,348,552,552,81
29,349,552,552,73
29,350,552,552,63
29,351,552,552,76
29,352,552,552,69
29,353,552,552,78
29,354,552,552,74
29,355,552,552,79
29,356,552,552,80
29,357,552,552,80
29,358,552,552,78
29,359,552,552,68
29,360,552,552,79
29,361,552,552,77
29,362,552,552,76
29,363,552,552,81
29,364,552,552,76
29,365,552,552,78
29,366,552,552,79
29,367,552,552,74
29,368,552,552,74
29,369,552,552,74
29,370,552,552,64
29,371,552,552,77
29,372,552,552,73
29,373,552,552,75
29,374,552,552,73
29,375,552,552,76
29,376,552,552,68
29,377,552,552,73
29,378,552,552,72
29,379,552,552,80
29,380,552,552,79
29,381,552,552,71
29,382,552,552,75
29,383,552,552,75
29,384,552,552,81
29,385,552,552,71
29,386,552,552,70
29,387,552,552,79
29,388,552,552,77
29,389,552,552,74
29,390,552,552,82
29,391,552,552,80
29,392,552,552,76
29,393,552,552,77
29,394,552,552,74
29,395,552,552,82
29,396,552,552,75
29,397,552,552,71
29,398,552,552,84
29,399,552,552,79
29,400,552,552,77
29,401,552,552,64
29,402,552,552,69
29,403,552,552,76
29,404,552,552,77
29,405,552,552,72
29,406,552,552,82
29,407,552,552,77
29,408,552,552,78
29,409,552,552,76
29,410,552,552,72
29,411,552,552,80
29,412,552,552,80
29,413,552,552,79
29,414,552,552,74
29,415,552,552,66
29,416,552,552,75
29,417,552,552,77
29,418,552,552,76
29,419,552,552,71
29,420,552,552,75
29,421,552,552,73
29,422,552,552,77
29,423,552,552,73
29,424,552,552,76
29,425,552,552,70
29,426,552,552,80
29,427,552,552,76
29,428,552,552,81
29,429,552,552,58
29,430,552,552,70
29,431,552,552,85
29,432,552,552,77
29,433,552,552,70
29,434,552,552,78
29,435,552,552,81
29,436,552,552,76
29,437,552,552,79
29,438,552,552,84
29,439,552,552,76
29,440,552,552,78
29,441,552,552,82
29,442,552,552,74
29,443,552,552,74
29,444,552,552,77
29,445,552,552,79
29,446,552,552,73
29,447,552,552,68
29,448,552,552,81
29,449,552,552,74
29,450,552,552,76
29,451,552,552,73
29,452,552,552,75
29,453,552,552,84
29,454,552,552,82
29,455,552,552,73
29,456,552,552,75
29,457,552,552,78
29,458,552,552,78
29,459,552,552,72
29,460,552,552,74
29,461,552,552,80
29,462,552,552,77
29,463,552,552,80
29,464,552,552,74
29,465,552,552,70
29,466,552,552,78
29,467,552,552,80
29,468,552,552,79
29,469,552,552,75
29,470,552,552,80
29,471,552,552,71
29,472,552,552,72
29,473,552,552,78
29,474,552,552,74
29,475,552,552,82
29,476,552,552,71
29,477,552,552,80
29,478,552,552,77
29,479,552,552,70
29,480,552,552,73
29,481,552,552,74
29,482,552,552,72
29,483,552,552,79
29,484,552,552,73
29,485,552,552,75
29,486,552,552,73
29,487,552,552,79
29,488,552,552,69
29,489,552,552,77
29,490,552,552,71
29,491,552,552,77
29,492,552,552,74
29,493,552,552,77
29,494,552,552,77
29,495,552,552,74
29,496,552,552,77
29,497,552,552,75
29,498,552,552,81
29,499,552,552,74
29,500,552,552,80
30,0,512,512,60
30,1,512,512,74
30,2,512,512,83
30,3,512,512,80
30,4,529,529,71
30,5,529,529,76
30,6,529,529,78
30,7,529,529,73
30,8,540,540,74
30,9,540,540,78
30,10,540,540,77
30,11,540,540,86
30,12,540,540,82
30,13,540,540,78
30,14,540,540,75
30,15,540,540,70
30,16,540,540,73
30,17,540,540,83
30,18,540,540,73
30,19,540,540,83
30,20,540,540,75
30,21,540,540,83
30,22,540,540,70
30,23,540,540,81
30,24,540,540,79
30,25,540,540,78
30,26,540,540,70
30,27,540,540,85
30,28,540,540,78
30,29,540,540,79
30,30,540,540,70
30,31,540,540,80
30,32,540,540,75
30,33,540,540,70
30,34,540,540,71
30,35,540,540,82
30,36,552,552,81
30,37,552,552,77
30,38,552,552,78
30,39,552,552,68
30,40,552,552,67
30,41,552,552,69
30,42,552,552,79
30,43,552,552,76
30,44,552,552,67
30,45,552,552,78
30,46,552,552,77
30,47,552,552,80
30,48,552,552,75
30,49,552,552,85
30,50,552,552,76
30,51,552,552,77
30,52,552,552,82
30,53,552,552,73
30,54,552,552,76
30,55,552,552,78
30,56,552,552,78
30,57,552,552,76
30,58,552,552,77
30,59,552,552,81
30,60,552,552,76
30,61,552,552,71
30,62,552,552,80
30,63,552,552,75
30,64,552,552,75
30,65,552,552,80
30,66,552,552,75
30,67,552,552,77
30,68,552,552,74
30,69,552,552,64
30,70,552,552,77
30,71,552,552,77
30,72,552,552,79
30,73,552,552,70
30,74,552,552,67
30,75,552,552,77
30,76,552,552,81
30,77,552,552,75
30,78,552,552,72
30,79,552,552,66
30,80,552,552,81
30,81,552,552,71
30,82,552,552,70
30,83,552,552,72
30,84,552,552,80
30,85,552,552,77
30,86,552,552,77
30,87,552,552,68
30,88,552,552,80
30,89,552,552,78
30,90,552,552,75
30,91,552,552,71
30,92,552,552,80
30,93,552,552,75
30,94,552,552,78
30,95,552,552,76
30,96,552,552,80
30,97,552,552,74
30,98,552,552,73
30,99,552,552,83
30,100,552,552,90
30,101,552,552,75
30,102,552,552,88
30,103,552,552,82
30,104,552,552,68
30,105,552,552,71
30,106,552,552,80
30,107,552,552,69
30,108,552,552,74
30,109,552,552,69
30,110,552,552,77
30,111,552,552,74
30,112,552,552,73
30,113,552,552,77
30,114,552,552,77
30,115,552,552,74
30,116,552,552,80
30,117,552,552,78
30,118,552,552,74
30,119,552,552,70
30,120,552,552,80
30,121,552,552,70
30,122,552,552,71
30,123,552,552,76
30,124,552,552,74
30,125,552,552,73
30,126,552,552,81
30,127,552,552,75
30,128,552,552,84
30,129,552,552,80
30,130,552,552,76
30,131,552,552,85
30,132,552,552,70
30,133,552,552,74
30,134,552,552,83
30,135,552,552,71
30,136,552,552,82
30,137,552,552,70
30,138,552,552,74
30,139,552,552,82
30,140,552,552,76
30,141,552,552,74
30,142,552,552,79
30,143,552,552,74
30,144,552,552,77
30,145,552,552,73
30,146,552,552,77
30,147,552,552,80
30,148,552,552,81
30,149,552,552,77
30,150,552,552,70
30,151,552,552,75
30,152,552,552,75
30,153,552,552,83
30,154,552,552,76
30,155,552,552,87
30,156,552,552,78
30,157,552,552,87
30,158,552,552,73
30,159,552,552,73
30,160,552,552,74
30,161,552,552,82
30,162,552,552,78
30,163,552,552,81
30,164,552,552,71
30,165,552,552,82
30,166,552,552,78
30,167,552,552,77
30,168,552,552,77
30,169,552,552,79
30,170,552,552,72
30,171,552,552,79
30,172,552,552,78
30,173,552,552,78
30,174,552,552,74
30,175,552,552,74
30,176,552,552,72
30,177,552,552,82
30,178,552,552,76
30,179,552,552,84
30,180,552,552,80
30,181,552,552,75
30,182,552,552,80
30,183,552,552,73
30,184,552,552,79
30,185,552,552,77
30,186,552,552,69
30,187,552,552,72
30,188,552,552,76
30,189,552,552,80
30,190,552,552,73
30,191,552,552,76
30,192,552,552,79
30,193,552,552,75
30,194,552,552,81
30,195,552,552,77
30,196,552,552,73
30,197,552,552,73
30,198,552,552,74
30,199,552,552,79
30,200,552,552,74
30,201,552,552,78
30,202,552,552,76
30,203,552,552,77
30,204,552,552,75
30,205,552,552,82
30,206,552,552,74
30,207,552,552,67
30,208,552,552,79
30,209,552,552,70
30,210,552,552,83
30,211,552,552,74
30,212,552,552,74
30,213,552,552,77
30,214,552,552,71
30,215,552,552,77
30,216,552,552,77
30,217,552,552,77
30,218,552,552,74
30,219,552,552,74
30,220,552,552,68
30,221,552,552,73
30,222,552,552,76
30,223,552,552,72
30,224,552,552,81
30,225,552,552,79
30,226,552,552,74
30,227,552,552,77
30,228,552,552,78
30,229,552,552,84
30,230,552,552,75
30,231,552,552,74
30,232,552,552,76
30,233,552,552,78
30,234,552,552,77
30,235,552,552,71
30,236,552,552,76
30,237,552,552,78
30,238,552,552,72
30,239,552,552,75
30,240,552,552,73
30,241,552,552,75
30,242,552,552,82
30,243,552,552,76
30,244,552,552,69
30,245,552,552,78
30,246,552,552,75
30,247,552,552,76
30,248,552,552,75
30,249,552,552,80
30,250,552,552,76
30,251,552,552,72
30,252,552,552,71
30,253,552,552,83
30,254,552,552,81
30,255,552,552,78
30,256,552,552,72
30,257,552,552,72
30,258,552,552,76
30,259,552,552,80
30,260,552,552,84
30,261,552,552,74
30,262,552,552,72
30,263,552,552,79
30,264,552,552,76
30,265,552,552,80
30,266,552,552,89
30,267,552,552,82
30,268,552,552,79
30,269,552,552,82
30,270,552,552,72
30,271,552,552,71
30,272,552,552,71
30,273,552,552,77
30,274,552,552,70
30,275,552,552,72
30,276,552,552,73
30,277,552,552,74
30,278,552,552,75
30,279,552,552,72
30,280,552,552,74
30,281,552,552,75
30,282,552,552,66
30,283,552,552,79
30,284,552,552,74
30,285,552,552,79
30,286,552,552,82
30,287,552,552,77
30,288,552,552,79
30,289,552,552,77
30,290,552,552,83
30,291,552,552,72
30,292,552,552,74
30,293,552,552,82
30,294,552,552,71
30,295,552,552,86
30,296,552,552,78
30,297,552,552,84
30,298,552,552,74
30,299,552,552,72
30,300,552,552,72
30,301,552,552,71
30,302,552,552,78
30,303,552,552,66
30,304,552,552,77
30,305,552,552,74
30,306,552,552,78
30,307,552,552,80
30,308,552,552,78
30,309,552,552,78
30,310,552,552,72
30,311,552,552,78
30,312,552,552,74
30,313,552,552,74
30,314,552,552,86
30,315,552,552,84
30,316,552,552,74
30,317,552,552,76
30,318,552,552,72
30,319,552,552,72
30,320,552,552,81
30,321,552,552,78
30,322,552,552,75
30,323,552,552,73
30,324,552,552,75
30,325,552,552,73
30,326,552,552,71
30,327,552,552,80
30,328,552,552,76
30,329,552,552,81
30,330,552,552,75
30,331,552,552,81
30,332,552,552,76
30,333,552,552,73
30,334,552,552,86
30,335,552,552,76
30,336,552,552,77
30,337,552,552,81
30,338,552,552,79
30,339,552,552,77
30,340,552,552,70
30,341,552,552,78
30,342,552,552,75
30,343,552,552,70
30,344,552,552,85
30,345,552,552,68
30,346,552,552,80
30,347,552,552,75
30,348,552,552,76
30,349,552,552,75
30,350,552,552,85
30,351,552,552,80
30,352,552,552,70
30,353,552,552,77
30,354,552,552,81
30,355,552,552,80
30,356,552,552,84
30,357,552,552,69
30,358,552,552,72
30,359,552,552,76
30,360,552,552,65
30,361,552,552,81
30,362,552,552,70
30,363,552,552,86
30,364,552,552,77
30,365,552,552,80
30,366,552,552,84
30,367,552,552,74
30,368,552,552,82
30,369,552,552,75
30,370,552,552,69
30,371,552,552,76
30,372,552,552,76
30,373,552,552,76
30,374,552,552,76
30,375,552,552,77
30,376,552,552,76
30,377,552,552,79
30,378,552,552,83
30,379,552,552,74
30,380,552,552,80
30,381,552,552,80
30,382,552,552,76
30,383,552,552,84
30,384,552,552,76
30,385,552,552,86
30,386,552,552,75
30,387,552,552,75
30,388,552,552,82
30,389,552,552,79
30,390,552,552,83
30,391,552,552,79
30,392,552,552,73
30,393,552,552,77
30,394,552,552,78
30,395,552,552,80
30,396,552,552,77
30,397,552,552,75
30,398,552,552,72
30,399,552,552,77
30,400,552,552,75
30,401,552,552,70
30,402,552,552,77
30,403,552,552,78
30,404,552,552,78
30,405,552,552,69
30,406,552,552,80
30,407,552,552,81
30,408,552,552,80
30,409,552,552,74
30,410,552,552,80
30,411,552,552,77
30,412,552,552,72
30,413,552,552,81
30,414,552,552,75
30,415,552,552,80
30,416,552,552,79
30,417,552,552,74
30,418,552,552,67
30,419,552,552,72
30,420,552,552,77
30,421,552,552,80
30,422,552,552,80
30,423,552,552,75
30,424,552,552,74
30,425,552,552,73
30,426,552,552,78
30,427,552,552,72
30,428,552,552,75
30,429,552,552,77
30,430,552,552,79
30,431,552,552,82
30,432,552,552,74
30,433,552,552,75
30,434,552,552,76
30,435,552,552,81
30,436,552,552,77
30,437,552,552,73
30,438,552,552,76
30,439,552,552,73
30,440,552,552,80
30,441,552,552,79
30,442,552,552,67
30,443,552,552,72
30,444,552,552,80
30,445,552,552,80
30,446,552,552,72
30,447,552,552,78
30,448,552,552,75
30,449,552,552,79
30,450,552,552,74
30,451,552,552,78
30,452,552,552,71
30,453,552,552,71
30,454,552,552,76
30,455,552,552,71
30,456,552,552,84
30,457,552,552,75
30,458,552,552,77
30,459,552,552,72
30,460,552,552,66
30,461,552,552,71
30,462,552,552,75
30,463,552,552,78
30,464,552,552,75
30,465,552,552,71
30,466,552,552,80
30,467,552,552,77
30,468,552,552,75
30,469,552,552,74
30,470,552,552,76
30,471,552,552,77
30,472,552,552,73
30,473,552,552,76
30,474,552,552,71
30,475,552,552,76
30,476,552,552,76
30,477,552,552,71
30,478,552,552,84
30,479,552,552,68
30,480,552,552,76
30,481,552,552,79
30,482,552,552,71
30,483,552,552,75
30,484,552,552,80
30,485,552,552,76
30,486,552,552,72
30,487,552,552,82
30,488,552,552,78
30,489,552,552,72
30,490,552,552,78
30,491,552,552,71
30,492,552,552,76
30,493,552,552,66
30,494,552,552,79
30,495,552,552,80
30,496,552,552,79
30,497,552,552,76
30,498,552,552,76
30,499,552,552,76
30,500,552,552,71
31,0,540,540,100
31,1,540,540,100
31,2,540,540,100
31,3,540,540,100
31,4,540,540,100
31,5,540,540,100
31,6,552,552,100
31,7,552,552,100
31,8,552,552,100
31,9,552,552,100
31,10,552,552,100
31,11,552,552,100
31,12,552,552,100
31,13,552,552,100
31,14,552,552,100
31,15,552,552,100
31,16,552,552,100
31,17,552,552,100
31,18,552,552,100
31,19,552,552,100
31,20,552,552,100
31,21,552,552,100
31,22,552,552,100
31,23,552,552,100
31,24,552,552,100
31,25,552,552,100
31,26,552,552,100
31,27,552,552,100
31,28,552,552,100
31,29,552,552,100
31,30,552,552,100
31,31,552,552,100
31,32,552,552,100
31,33,552,552,100
31,34,552,552,100
31,35,552,552,100
31,36,552,552,100
31,37,552,552,100
31,38,552,552,100
31,39,552,552,100
31,40,552,552,100
31,41,552,552,100
31,42,552,552,100
31,43,552,552,100
31,44,552,552,100
31,45,552,552,100
31,46,552,552,100
31,47,552,552,100
31,48,552,552,100
31,49,552,552,100
31,50,552,552,100
31,51,552,552,100
31,52,552,552,100
31,53,552,552,100
31,54,552,552,100
31,55,552,552,100
31,56,552,552,100
31,57,552,552,100
31,58,552,552,100
31,59,552,552,100
31,60,552,552,100
31,61,552,552,100
31,62,552,552,100
31,63,552,552,100
31,64,552,552,100
31,65,552,552,100
31,66,552,552,100
31,67,552,552,100
31,68,552,552,100
31,69,552,552,100
31,70,552,552,100
31,71,552,552,100
31,72,552,552,100
31,73,552,552,100
31,74,552,552,100
31,75,552,552,100
31,76,552,552,100
31,77,552,552,100
31,78,552,552,100
31,79,552,552,100
31,80,552,552,100
31,81,552,552,100
31,82,552,552,100
31,83,552,552,100
31,84,552,552,100
31,85,552,552,100
31,86,552,552,100
31,87,552,552,100
31,88,552,552,100
31,89,552,552,100
31,90,552,552,100
31,91,552,552,100
31,92,552,552,100
31,93,552,552,100
31,94,552,552,100
31,95,552,552,100
31,96,552,552,100
31,97,552,552,100
31,98,552,552,100
31,99,552,552,100
31,100,552,552,100
31,101,552,552,100
31,102,552,552,100
31,103,552,552,100
31,104,552,552,100
31,105,552,552,100
31,106,552,552,100
31,107,552,552,100
31,108,552,552,100
31,109,552,552,100
31,110,552,552,100
31,111,552,552,100
31,112,552,552,100
31,113,552,552,100
31,114,552,552,100
31,115,552,552,100
31,116,552,552,100
31,117,552,552,100
31,118,552,552,100
31,119,552,552,100
31,120,552,552,100
31,121,552,552,100
31,122,552,552,100
31,123,552,552,100
31,124,552,552,100
31,125,552,552,100
31,126,552,552,100
31,127,552,552,100
31,128,552,552,100
31,129,552,552,100
31,130,552,552,100
31,131,552,552,100
31,132,552,552,100
31,133,552,552,100
31,134,552,552,100
31,135,552,552,100
31,136,552,552,100
31,137,552,552,100
31,138,552,552,100
31,139,552,552,100
31,140,552,552,100
31,141,552,552,100
31,142,552,552,100
31,143,552,552,100
31,144,552,552,100
31,145,552,552,100
31,146,552,552,100
31,147,552,552,100
31,148,552,552,100
31,149,552,552,100
31,150,552,552,100
31,151,552,552,100
31,152,552,552,100
31,153,552,552,100
31,154,552,552,100
31,155,552,552,100
31,156,552,552,100
31,157,552,552,100
31,158,552,552,100
31,159,552,552,100
31,160,552,552,100
31,161,552,552,100
31,162,552,552,100
31,163,552,552,100
31,164,552,552,100
31,165,552,552,100
31,166,552,552,100
31,167,552,552,100
31,168,552,552,100
31,169,552,552,100
31,170,552,552,100
31,171,552,552,100
31,172,552,552,100
31,173,552,552,100
31,174,552,552,100
31,175,552,552,100
31,176,552,552,100
31,177,552,552,100
31,178,552,552,100
31,179,552,552,100
31,180,552,552,100
31,181,552,552,100
31,182,552,552,100
31,183,552,552,100
31,184,552,552,100
31,185,552,552,100
31,186,552,552,100
31,187,552,552,100
31,188,552,552,100
31,189,552,552,100
31,190,552,552,100
31,191,552,552,100
31,192,552,552,100
31,193,552,552,100
31,194,552,552,100
31,195,552,552,100
31,196,552,552,100
31,197,552,552,100
31,198,552,552,100
31,199,552,552,100
31,200,552,552,100
31,201,552,552,100
31,202,552,552,100
31,203,552,552,100
31,204,552,552,100
31,205,552,552,100
31,206,552,552,100
31,207,552,552,100
31,208,552,552,100
31,209,552,552,100
31,210,552,552,100
31,211,552,552,100
31,212,552,552,100
31,213,552,552,100
31,214,552,552,100
31,215,552,552,100
31,216,552,552,100
31,217,552,552,100
31,218,552,552,100
31,219,552,552,100
31,220,552,552,100
31,221,552,552,100
31,222,552,552,100
31,223,552,552,100
31,224,552,552,100
31,225,552,552,100
31,226,552,552,100
31,227,552,552,100
31,228,552,552,100
31,229,552,552,100
31,230,552,552,100
31,231,552,552,100
31,232,552,552,100
31,233,552,552,100
31,234,552,552,100
31,235,552,552,100
31,236,552,552,100
31,237,552,552,100
31,238,552,552,100
31,239,552,552,100
31,240,552,552,100
31,241,552,552,100
31,242,552,552,100
31,243,552,552,100
31,244,552,552,100
31,245,552,552,100
31,246,552,552,100
31,247,552,552,100
31,248,552,552,100
31,249,552,552,100
31,250,552,552,100
31,251,552,552,100
31,252,552,552,100
31,253,552,552,100
31,254,552,552,100
31,255,552,552,100
31,256,552,552,100
31,257,552,552,100
31,258,552,552,100
31,259,552,552,100
31,260,552,552,100
31,261,552,552,100
31,262,552,552,100
31,263,552,552,100
31,264,552,552,100
31,265,552,552,100
31,266,552,552,100
31,267,552,552,100
31,268,552,552,100
31,269,552,552,100
31,270,552,552,100
31,271,552,552,100
31,272,552,552,100
31,273,552,552,100
31,274,552,552,100
31,275,552,552,100
31,276,552,552,100
31,277,552,552,100
31,278,552,552,100
31,279,552,552,100
31,280,552,552,100
31,281,552,552,100
31,282,552,552,100
31,283,552,552,100
31,284,552,552,100
31,285,552,552,100
31,286,552,552,100
31,287,552,552,100
31,288,552,552,100
31,289,552,552,100
31,290,552,552,100
31,291,552,552,100
31,292,552,552,100
31,293,552,552,100
31,294,552,552,100
31,295,552,552,100
31,296,552,552,100
31,297,552,552,100
31,298,552,552,100
31,299,552,552,100
31,300,552,552,100
31,301,552,552,100
31,302,552,552,100
31,303,552,552,100
31,304,552,552,100
31,305,552,552,100
31,306,552,552,100
31,307,552,552,100
31,308,552,552,100
31,309,552,552,100
31,310,552,552,100
31,311,552,552,100
31,312,552,552,100
31,313,552,552,100
31,314,552,552,100
31,315,552,552,100
31,316,552,552,100
31,317,552,552,100
31,318,552,552,100
31,319,552,552,100
31,320,552,552,100
31,321,552,552,100
31,322,552,552,100
31,323,552,552,100
31,324,552,552,100
31,325,552,552,100
31,326,552,552,100
31,327,552,552,100
31,328,552,552,100
31,329,552,552,100
31,330,552,552,100
31,331,552,552,100
31,332,552,552,100
31,333,552,552,100
31,334,552,552,100
31,335,552,552,100
31,336,552,552,100
31,337,552,552,100
31,338,552,552,100
31,339,552,552,100
31,340,552,552,100
31,341,552,552,100
31,342,552,552,100
31,343,552,552,100
31,344,552,552,100
31,345,552,552,100
31,346,552,552,100
31,347,552,552,100
31,348,552,552,100
31,349,552,552,100
31,350,552,552,100
31,351,552,552,100
31,352,552,552,100
31,353,552,552,100
31,354,552,552,100
31,355,552,552,100
31,356,552,552,100
31,357,552,552,100
31,358,552,552,100
31,359,552,552,100
31,360,552,552,100
31,361,552,552,100
31,362,552,552,100
31,363,552,552,100
31,364,552,552,100
31,365,552,552,100
31,366,552,552,100
31,367,552,552,100
31,368,552,552,100
31,369,552,552,100
31,370,552,552,100
31,371,552,552,100
31,372,552,552,100
31,373,552,552,100
31,374,552,552,100
31,375,552,552,100
31,376,552,552,100
31,377,552,552,100
31,378,552,552,100
31,379,552,552,100
31,380,552,552,100
31,381,552,552,100
31,382,552,552,100
31,383,552,552,100
31,384,552,552,100
31,385,552,552,100
31,386,552,552,100
31,387,552,552,100
31,388,552,552,100
31,389,552,552,100
31,390,552,552,100
31,391,552,552,100
31,392,552,552,100
31,393,552,552,100
31,394,552,552,100
31,395,552,552,100
31,396,552,552,100
31,397,552,552,100
31,398,552,552,100
31,399,552,552,100
31,400,552,552,100
31,401,552,552,100
31,402,552,552,100
31,403,552,552,100
31,404,552,552,100
31,405,552,552,100
31,406,552,552,100
31,407,552,552,100
31,408,552,552,100
31,409,552,552,100
31,410,552,552,100
31,411,552,552,100
31,412,552,552,100
31,413,552,552,100
31,414,552,552,100
31,415,552,552,100
31,416,552,552,100
31,417,552,552,100
31,418,552,552,100
31,419,552,552,100
31,420,552,552,100
31,421,552,552,100
31,422,552,552,100
31,423,552,552,100
31,424,552,552,100
31,425,552,552,100
31,426,552,552,100
31,427,552,552,100
31,428,552,552,100
31,429,552,552,100
31,430,552,552,100
31,431,552,552,100
31,432,552,552,100
31,433,552,552,100
31,434,552,552,100
31,435,552,552,100
31,436,552,552,100
31,437,552,552,100
31,438,552,552,100
31,439,552,552,100
31,440,552,552,100
31,441,552,552,100
31,442,552,552,100
31,443,552,552,100
31,444,552,552,100
31,445,552,552,100
31,446,552,552,100
31,447,552,552,100
31,448,552,552,100
31,449,552,552,100
31,450,552,552,100
31,451,552,552,100
31,452,552,552,100
31,453,552,552,100
31,454,552,552,100
31,455,552,552,100
31,456,552,552,100
31,457,552,552,100
31,458,552,552,100
31,459,552,552,100
31,460,552,552,100
31,461,552,552,100
31,462,552,552,100
31,463,552,552,100
31,464,552,552,100
31,465,552,552,100
31,466,552,552,100
31,467,552,552,100
31,468,552,552,100
31,469,552,552,100
31,470,552,552,100
31,471,552,552,100
31,472,552,552,100
31,473,552,552,100
31,474,552,552,100
31,475,552,552,100
31,476,552,552,100
31,477,552,552,100
31,478,552,552,100
31,479,552,552,100
31,480,552,552,100
31,481,552,552,100
31,482,552,552,100
31,483,552,552,100
31,484,552,552,100
31,485,552,552,100
31,486,552,552,100
31,487,552,552,100
31,488,552,552,100
31,489,552,552,100
31,490,552,552,100
31,491,552,552,100
31,492,552,552,100
31,493,552,552,100
31,494,552,552,100
31,495,552,552,100
31,496,552,552,100
31,497,552,552,100
31,498,552,552,100
31,499,552,552,100
31,500,552,552,100
32,0,520,520,100
32,1,537,537,100
32,2,537,537,100
32,3,537,537,100
32,4,552,552,100
32,5,552,552,100
32,6,552,552,100
32,7,552,552,100
32,8,552,552,100
32,9,552,552,100
32,10,552,552,100
32,11,552,552,100
32,12,552,552,100
32,13,552,552,100
32,14,552,552,100
32,15,552,552,100
32,16,552,552,100
32,17,552,552,100
32,18,552,552,100
32,19,552,552,100
32,20,552,552,100
32,21,552,552,100
32,22,552,552,100
32,23,552,552,100
32,24,552,552,100
32,25,552,552,100
32,26,552,552,100
32,27,552,552,100
32,28,552,552,100
32,29,552,552,100
32,30,552,552,100
32,31,552,552,100
32,32,552,552,100
32,33,552,552,100
32,34,552,552,100
32,35,552,552,100
32,36,552,552,100
32,37,552,552,100
32,38,552,552,100
32,39,552,552,100
32,40,552,552,100
32,41,552,552,100
32,42,552,552,100
32,43,552,552,100
32,44,552,552,100
32,45,552,552,100
32,46,552,552,100
32,47,552,552,100
32,48,552,552,100
32,49,552,552,100
32,50,552,552,100
32,51,552,552,100
32,52,552,552,100
32,53,552,552,100
32,54,552,552,100
32,55,552,552,100
32,56,552,552,100
32,57,552,552,100
32,58,552,552,100
32,59,552,552,100
32,60,552,552,100
32,61,552,552,100
32,62,552,552,100
32,63,552,552,100
32,64,552,552,100
32,65,552,552,100
32,66,552,552,100
32,67,552,552,100
32,68,552,552,100
32,69,552,552,100
32,70,552,552,100
32,71,552,552,100
32,72,552,552,100
32,73,552,552,100
32,74,552,552,100
32,75,552,552,100
32,76,552,552,100
32,77,552,552,100
32,78,552,552,100
32,79,552,552,100
32,80,552,552,100
32,81,552,552,100
32,82,552,552,100
32,83,552,552,100
32,84,552,552,100
32,85,552,552,100
32,86,552,552,100
32,87,552,552,100
32,88,552,552,100
32,89,552,552,100
32,90,552,552,100
32,91,552,552,100
32,92,552,552,100
32,93,552,552,100
32,94,552,552,100
32,95,552,552,100
32,96,552,552,100
32,97,552,552,100
32,98,552,552,100
32,99,552,552,100
32,100,552,552,100
32,101,552,552,100
32,102,552,552,100
32,103,552,552,100
32,104,552,552,100
32,105,552,552,100
32,106,552,552,100
32,107,552,552,100
32,108,552,552,100
32,109,552,552,100
32,110,552,552,100
32,111,552,552,100
32,112,552,552,100
32,113,552,552,100
32,114,552,552,100
32,115,552,552,100
32,116,552,552,100
32,117,552,552,100
32,118,552,552,100
32,119,552,552,100
32,120,552,552,100
32,121,552,552,100
32,122,552,552,100
32,123,552,552,100
32,124,552,552,100
32,125,552,552,100
32,126,552,552,100
32,127,552,552,100
32,128,552,552,100
32,129,552,552,100
32,130,552,552,100
32,131,552,552,100
32,132,552,552,100
32,133,552,552,100
32,134,552,552,100
32,135,552,552,100
32,136,552,552,100
32,137,552,552,100
32,138,552,552,100
32,139,552,552,100
32,140,552,552,100
32,141,552,552,100
32,142,552,552,100
32,143,552,552,100
32,144,552,552,100
32,145,552,552,100
32,146,552,552,100
32,147,552,552,100
32,148,552,552,100
32,149,552,552,100
32,150,552,552,100
32,151,552,552,100
32,152,552,552,100
32,153,552,552,100
32,154,552,552,100
32,155,552,552,100
32,156,552,552,100
32,157,552,552,100
32,158,552,552,100
32,159,552,552,100
32,160,552,552,100
32,161,552,552,100
32,162,552,552,100
32,163,552,552,100
32,164,552,552,100
32,165,552,552,100
32,166,552,552,100
32,167,552,552,100
32,168,552,552,100
32,169,552,552,100
32,170,552,552,100
32,171,552,552,100
32,172,552,552,100
32,173,552,552,100
32,174,552,552,100
32,175,552,552,100
32,176,552,552,100
32,177,552,552,100
32,178,552,552,100
32,179,552,552,100
32,180,552,552,100
32,181,552,552,100
32,182,552,552,100
32,183,552,552,100
32,184,552,552,100
32,185,552,552,100
32,186,552,552,100
32,187,552,552,100
32,188,552,552,100
32,189,552,552,100
32,190,552,552,100
32,191,552,552,100
32,192,552,552,100
32,193,552,552,100
32,194,552,552,100
32,195,552,552,100
32,196,552,552,100
32,197,552,552,100
32,198,552,552,100
32,199,552,552,100
32,200,552,552,100
32,201,552,552,100
32,202,552,552,100
32,203,552,552,100
32,204,552,552,100
32,205,552,552,100
32,206,552,552,100
32,207,552,552,100
32,208,552,552,100
32,209,552,552,100
32,210,552,552,100
32,211,552,552,100
32,212,552,552,100
32,213,552,552,100
32,214,552,552,100
32,215,552,552,100
32,216,552,552,100
32,217,552,552,100
32,218,552,552,100
32,219,552,552,100
32,220,552,552,100
32,221,552,552,100
32,222,552,552,100
32,223,552,552,100
32,224,552,552,100
32,225,552,552,100
32,226,552,552,100
32,227,552,552,100
32,228,552,552,100
32,229,552,552,100
32,230,552,552,100
32,231,552,552,100
32,232,552,552,100
32,233,552,552,100
32,234,552,552,100
32,235,552,552,100
32,236,552,552,100
32,237,552,552,100
32,238,552,552,100
32,239,552,552,100
32,240,552,552,100
32,241,552,552,100
32,242,552,552,100
32,243,552,552,100
32,244,552,552,100
32,245,552,552,100
32,246,552,552,100
32,247,552,552,100
32,248,552,552,100
32,249,552,552,100
32,250,552,552,100
32,251,552,552,100
32,252,552,552,100
32,253,552,552,100
32,254,552,552,100
32,255,552,552,100
32,256,552,552,100
32,257,552,552,100
32,258,552,552,100
32,259,552,552,100
32,260,552,552,100
32,261,552,552,100
32,262,552,552,100
32,263,552,552,100
32,264,552,552,100
32,265,552,552,100
32,266,552,552,100
32,267,552,552,100
32,268,552,552,100
32,269,552,552,100
32,270,552,552,100
32,271,552,552,100
32,272,552,552,100
32,273,552,552,100
32,274,552,552,100
32,275,552,552,100
32,276,552,552,100
32,277,552,552,100
32,278,552,552,100
32,279,552,552,100
32,280,552,552,100
32,281,552,552,100
32,282,552,552,100
32,283,552,552,100
32,284,552,552,100
32,285,552,552,100
32,286,552,552,100
32,287,552,552,100
32,288,552,552,100
32,289,552,552,100
32,290,552,552,100
32,291,552,552,100
32,292,552,552,100
32,293,552,552,100
32,294,552,552,100
32,295,552,552,100
32,296,552,552,100
32,297,552,552,100
32,298,552,552,100
32,299,552,552,100
32,300,552,552,100
32,301,552,552,100
32,302,552,552,100
32,303,552,552,100
32,304,552,552,100
32,305,552,552,100
32,306,552,552,100
32,307,552,552,100
32,308,552,552,100
32,309,552,552,100
32,310,552,552,100
32,311,552,552,100
32,312,552,552,100
32,313,552,552,100
32,314,552,552,100
32,315,552,552,100
32,316,552,552,100
32,317,552,552,100
32,318,552,552,100
32,319,552,552,100
32,320,552,552,100
32,321,552,552,100
32,322,552,552,100
32,323,552,552,100
32,324,552,552,100
32,325,552,552,100
32,326,552,552,100
32,327,552,552,100
32,328,552,552,100
32,329,552,552,100
32,330,552,552,100
32,331,552,552,100
32,332,552,552,100
32,333,552,552,100
32,334,552,552,100
32,335,552,552,100
32,336,552,552,100
32,337,552,552,100
32,338,552,552,100
32,339,552,552,100
32,340,552,552,100
32,341,552,552,100
32,342,552,552,100
32,343,552,552,100
32,344,552,552,100
32,345,552,552,100
32,346,552,552,100
32,347,552,552,100
32,348,552,552,100
32,349,552,552,100
32,350,552,552,100
32,351,552,552,100
32,352,552,552,100
32,353,552,552,100
32,354,552,552,100
32,355,552,552,100
32,356,552,552,100
32,357,552,552,100
32,358,552,552,100
32,359,552,552,100
32,360,552,552,100
32,361,552,552,100
32,362,552,552,100
32,363,552,552,100
32,364,552,552,100
32,365,552,552,100
32,366,552,552,100
32,367,552,552,100
32,368,552,552,100
32,369,552,552,100
32,370,552,552,100
32,371,552,552,100
32,372,552,552,100
32,373,552,552,100
32,374,552,552,100
32,375,552,552,100
32,376,552,552,100
32,377,552,552,100
32,378,552,552,100
32,379,552,552,100
32,380,552,552,100
32,381,552,552,100
32,382,552,552,100
32,383,552,552,100
32,384,552,552,100
32,385,552,552,100
32,386,552,552,100
32,387,552,552,100
32,388,552,552,100
32,389,552,552,100
32,390,552,552,100
32,391,552,552,100
32,392,552,552,100
32,393,552,552,100
32,394,552,552,100
32,395,552,552,100
32,396,552,552,100
32,397,552,552,100
32,398,552,552,100
32,399,552,552,100
32,400,552,552,100
32,401,552,552,100
32,402,552,552,100
32,403,552,552,100
32,404,552,552,100
32,405,552,552,100
32,406,552,552,100
32,407,552,552,100
32,408,552,552,100
32,409,552,552,100
32,410,552,552,100
32,411,552,552,100
32,412,552,552,100
32,413,552,552,100
32,414,552,552,100
32,415,552,552,100
32,416,552,552,100
32,417,552,552,100
32,418,552,552,100
32,419,552,552,100
32,420,552,552,100
32,421,552,552,100
32,422,552,552,100
32,423,552,552,100
32,424,552,552,100
32,425,552,552,100
32,426,552,552,100
32,427,552,552,100
32,428,552,552,100
32,429,552,552,100
32,430,552,552,100
32,431,552,552,100
32,432,552,552,100
32,433,552,552,100
32,434,552,552,100
32,435,552,552,100
32,436,552,552,100
32,437,552,552,100
32,438,552,552,100
32,439,552,552,100
32,440,552,552,100
32,441,552,552,100
32,442,552,552,100
32,443,552,552,100
32,444,552,552,100
32,445,552,552,100
32,446,552,552,100
32,447,552,552,100
32,448,552,552,100
32,449,552,552,100
32,450,552,552,100
32,451,552,552,100
32,452,552,552,100
32,453,552,552,100
32,454,552,552,100
32,455,552,552,100
32,456,552,552,100
32,457,552,552,100
32,458,552,552,100
32,459,552,552,100
32,460,552,552,100
32,461,552,552,100
32,462,552,552,100
32,463,552,552,100
32,464,552,552,100
32,465,552,552,100
32,466,552,552,100
32,467,552,552,100
32,468,552,552,100
32,469,552,552,100
32,470,552,552,100
32,471,552,552,100
32,472,552,552,100
32,473,552,552,100
32,474,552,552,100
32,475,552,552,100
32,476,552,552,100
32,477,552,552,100
32,478,552,552,100
32,479,552,552,100
32,480,552,552,100
32,481,552,552,100
32,482,552,552,100
32,483,552,552,100
32,484,552,552,100
32,485,552,552,100
32,486,552,552,100
32,487,552,552,100
32,488,552,552,100
32,489,552,552,100
32,490,552,552,100
32,491,552,552,100
32,492,552,552,100
32,493,552,552,100
32,494,552,552,100
32,495,552,552,100
32,496,552,552,100
32,497,552,552,100
32,498,552,552,100
32,499,552,552,100
32,500,552,552,100
33,0,482,482,100
33,1,540,540,100
33,2,540,540,100
33,3,540,540,100
33,4,552,552,100
33,5,552,552,100
33,6,552,552,100
33,7,552,552,100
33,8,552,552,100
33,9,552,552,100
33,10,552,552,100
33,11,552,552,100
33,12,552,552,100
33,13,552,552,100
33,14,552,552,100
33,15,552,552,100
33,16,552,552,100
33,17,552,552,100
33,18,552,552,100
33,19,552,552,100
33,20,552,552,100
33,21,552,552,100
33,22,552,552,100
33,23,552,552,100
33,24,552,552,100
33,25,552,552,100
33,26,552,552,100
33,27,552,552,100
33,28,552,552,100
33,29,552,552,100
33,30,552,552,100
33,31,552,552,100
33,32,552,552,100
33,33,552,552,100
33,34,552,552,100
33,35,552,552,100
33,36,552,552,100
33,37,552,552,100
33,38,552,552,100
33,39,552,552,100
33,40,552,552,100
33,41,552,552,100
33,42,552,552,100
33,43,552,552,100
33,44,552,552,100
33,45,552,552,100
33,46,552,552,100
33,47,552,552,100
33,48,552,552,100
33,49,552,552,100
33,50,552,552,100
33,51,552,552,100
33,52,552,552,100
33,53,552,552,100
33,54,552,552,100
33,55,552,552,100
33,56,552,552,100
33,57,552,552,100
33,58,552,552,100
33,59,552,552,100
33,60,552,552,100
33,61,552,552,100
33,62,552,552,100
33,63,552,552,100
33,64,552,552,100
33,65,552,552,100
33,66,552,552,100
33,67,552,552,100
33,68,552,552,100
33,69,552,552,100
33,70,552,552,100
33,71,552,552,100
33,72,552,552,100
33,73,552,552,100
33,74,552,552,100
33,75,552,552,100
33,76,552,552,100
33,77,552,552,100
33,78,552,552,100
33,79,552,552,100
33,80,552,552,100
33,81,552,552,100
33,82,552,552,100
33,83,552,552,100
33,84,552,552,100
33,85,552,552,100
33,86,552,552,100
33,87,552,552,100
33,88,552,552,100
33,89,552,552,100
33,90,552,552,100
33,91,552,552,100
33,92,552,552,100
33,93,552,552,100
33,94,552,552,100
33,95,552,552,100
33,96,552,552,100
33,97,552,552,100
33,98,552,552,100
33,99,552,552,100
33,100,552,552,100
33,101,552,552,100
33,102,552,552,100
33,103,552,552,100
33,104,552,552,100
33,105,552,552,100
33,106,552,552,100
33,107,552,552,100
33,108,552,552,100
33,109,552,552,100
33,110,552,552,100
33,111,552,552,100
33,112,552,552,100
33,113,552,552,100
33,114,552,552,100
33,115,552,552,100
33,116,552,552,100
33,117,552,552,100
33,118,552,552,100
33,119,552,552,100
33,120,552,552,100
33,121,552,552,100
33,122,552,552,100
33,123,552,552,100
33,124,552,552,100
33,125,552,552,100
33,126,552,552,100
33,127,552,552,100
33,128,552,552,100
33,129,552,552,100
33,130,552,552,100
33,131,552,552,100
33,132,552,552,100
33,133,552,552,100
33,134,552,552,100
33,135,552,552,100
33,136,552,552,100
33,137,552,552,100
33,138,552,552,100
33,139,552,552,100
33,140,552,552,100
33,141,552,552,100
33,142,552,552,100
33,143,552,552,100
33,144,552,552,100
33,145,552,552,100
33,146,552,552,100
33,147,552,552,100
33,148,552,552,100
33,149,552,552,100
33,150,552,552,100
33,151,552,552,100
33,152,552,552,100
33,153,552,552,100
33,154,552,552,100
33,155,552,552,100
33,156,552,552,100
33,157,552,552,100
33,158,552,552,100
33,159,552,552,100
33,160,552,552,100
33,161,552,552,100
33,162,552,552,100
33,163,552,552,100
33,164,552,552,100
33,165,552,552,100
33,166,552,552,100
33,167,552,552,100
33,168,552,552,100
33,169,552,552,100
33,170,552,552,100
33,171,552,552,100
33,172,552,552,100
33,173,552,552,100
33,174,552,552,100
33,175,552,552,100
33,176,552,552,100
33,177,552,552,100
33,178,552,552,100
33,179,552,552,100
33,180,552,552,100
33,181,552,552,100
33,182,552,552,100
33,183,552,552,100
33,184,552,552,100
33,185,552,552,100
33,186,552,552,100
33,187,552,552,100
33,188,552,552,100
33,189,552,552,100
33,190,552,552,100
33,191,552,552,100
33,192,552,552,100
33,193,552,552,100
33,194,552,552,100
33,195,552,552,100
33,196,552,552,100
33,197,552,552,100
33,198,552,552,100
33,199,552,552,100
33,200,552,552,100
33,201,552,552,100
33,202,552,552,100
33,203,552,552,100
33,204,552,552,100
33,205,552,552,100
33,206,552,552,100
33,207,552,552,100
33,208,552,552,100
33,209,552,552,100
33,210,552,552,100
33,211,552,552,100
33,212,552,552,100
33,213,552,552,100
33,214,552,552,100
33,215,552,552,100
33,216,552,552,100
33,217,552,552,100
33,218,552,552,100
33,219,552,552,100
33,220,552,552,100
33,221,552,552,100
33,222,552,552,100
33,223,552,552,100
33,224,552,552,100
33,225,552,552,100
33,226,552,552,100
33,227,552,552,100
33,228,552,552,100
33,229,552,552,100
33,230,552,552,100
33,231,552,552,100
33,232,552,552,100
33,233,552,552,100
33,234,552,552,100
33,235,552,552,100
33,236,552,552,100
33,237,552,552,100
33,238,552,552,100
33,239,552,552,100
33,240,552,552,100
33,241,552,552,100
33,242,552,552,100
33,243,552,552,100
33,244,552,552,100
33,245,552,552,100
33,246,552,552,100
33,247,552,552,100
33,248,552,552,100
33,249,552,552,100
33,250,552,552,100
33,251,552,552,100
33,252,552,552,100
33,253,552,552,100
33,254,552,552,100
33,255,552,552,100
33,256,552,552,100
33,257,552,552,100
33,258,552,552,100
33,259,552,552,100
33,260,552,552,100
33,261,552,552,100
33,262,552,552,100
33,263,552,552,100
33,264,552,552,100
33,265,552,552,100
33,266,552,552,100
33,267,552,552,100
33,268,552,552,100
33,269,552,552,100
33,270,552,552,100
33,271,552,552,100
33,272,552,552,100
33,273,552,552,100
33,274,552,552,100
33,275,552,552,100
33,276,552,552,100
33,277,552,552,100
33,278,552,552,100
33,279,552,552,100
33,280,552,552,100
33,281,552,552,100
33,282,552,552,100
33,283,552,552,100
33,284,552,552,100
33,285,552,552,100
33,286,552,552,100
33,287,552,552,100
33,288,552,552,100
33,289,552,552,100
33,290,552,552,100
33,291,552,552,100
33,292,552,552,100
33,293,552,552,100
33,294,552,552,100
33,295,552,552,100
33,296,552,552,100
33,297,552,552,100
33,298,552,552,100
33,299,552,552,100
33,300,552,552,100
33,301,552,552,100
33,302,552,552,100
33,303,552,552,100
33,304,552,552,100
33,305,552,552,100
33,306,552,552,100
33,307,552,552,100
33,308,552,552,100
33,309,552,552,100
33,310,552,552,100
33,311,552,552,100
33,312,552,552,100
33,313,552,552,100
33,314,552,552,100
33,315,552,552,100
33,316,552,552,100
33,317,552,552,100
33,318,552,552,100
33,319,552,552,100
33,320,552,552,100
33,321,552,552,100
33,322,552,552,100
33,323,552,552,100
33,324,552,552,100
33,325,552,552,100
33,326,552,552,100
33,327,552,552,100
33,328,552,552,100
33,329,552,552,100
33,330,552,552,100
33,331,552,552,100
33,332,552,552,100
33,333,552,552,100
33,334,552,552,100
33,335,552,552,100
33,336,552,552,100
33,337,552,552,100
33,338,552,552,100
33,339,552,552,100
33,340,552,552,100
33,341,552,552,100
33,342,552,552,100
33,343,552,552,100
33,344,552,552,100
33,345,552,552,100
33,346,552,552,100
33,347,552,552,100
33,348,552,552,100
33,349,552,552,100
33,350,552,552,100
33,351,552,552,100
33,352,552,552,100
33,353,552,552,100
33,354,552,552,100
33,355,552,552,100
33,356,552,552,100
33,357,552,552,100
33,358,552,552,100
33,359,552,552,100
33,360,552,552,100
33,361,552,552,100
33,362,552,552,100
33,363,552,552,100
33,364,552,552,100
33,365,552,552,100
33,366,552,552,100
33,367,552,552,100
33,368,552,552,100
33,369,552,552,100
33,370,552,552,100
33,371,552,552,100
33,372,552,552,100
33,373,552,552,100
33,374,552,552,100
33,375,552,552,100
33,376,552,552,100
33,377,552,552,100
33,378,552,552,100
33,379,552,552,100
33,380,552,552,100
33,381,552,552,100
33,382,552,552,100
33,383,552,552,100
33,384,552,552,100
33,385,552,552,100
33,386,552,552,100
33,387,552,552,100
33,388,552,552,100
33,389,552,552,100
33,390,552,552,100
33,391,552,552,100
33,392,552,552,100
33,393,552,552,100
33,394,552,552,100
33,395,552,552,100
33,396,552,552,100
33,397,552,552,100
33,398,552,552,100
33,399,552,552,100
33,400,552,552,100
33,401,552,552,100
33,402,552,552,100
33,403,552,552,100
33,404,552,552,100
33,405,552,552,100
33,406,552,552,100
33,407,552,552,100
33,408,552,552,100
33,409,552,552,100
33,410,552,552,100
33,411,552,552,100
33,412,552,552,100
33,413,552,552,100
33,414,552,552,100
33,415,552,552,100
33,416,552,552,100
33,417,552,552,100
33,418,552,552,100
33,419,552,552,100
33,420,552,552,100
33,421,552,552,100
33,422,552,552,100
33,423,552,552,100
33,424,552,552,100
33,425,552,552,100
33,426,552,552,100
33,427,552,552,100
33,428,552,552,100
33,429,552,552,100
33,430,552,552,100
33,431,552,552,100
33,432,552,552,100
33,433,552,552,100
33,434,552,552,100
33,435,552,552,100
33,436,552,552,100
33,437,552,552,100
33,438,552,552,100
33,439,552,552,100
33,440,552,552,100
33,441,552,552,100
33,442,552,552,100
33,443,552,552,100
33,444,552,552,100
33,445,552,552,100
33,446,552,552,100
33,447,552,552,100
33,448,552,552,100
33,449,552,552,100
33,450,552,552,100
33,451,552,552,100
33,452,552,552,100
33,453,552,552,100
33,454,552,552,100
33,455,552,552,100
33,456,552,552,100
33,457,552,552,100
33,458,552,552,100
33,459,552,552,100
33,460,552,552,100
33,461,552,552,100
33,462,552,552,100
33,463,552,552,100
33,464,552,552,100
33,465,552,552,100
33,466,552,552,100
33,467,552,552,100
33,468,552,552,100
33,469,552,552,100
33,470,552,552,100
33,471,552,552,100
33,472,552,552,100
33,473,552,552,100
33,474,552,552,100
33,475,552,552,100
33,476,552,552,100
33,477,552,552,100
33,478,552,552,100
33,479,552,552,100
33,480,552,552,100
33,481,552,552,100
33,482,552,552,100
33,483,552,552,100
33,484,552,552,100
33,485,552,552,100
33,486,552,552,100
33,487,552,552,100
33,488,552,552,100
33,489,552,552,100
33,490,552,552,100
33,491,552,552,100
33,492,552,552,100
33,493,552,552,100
33,494,552,552,100
33,495,552,552,100
33,496,552,552,100
33,497,552,552,100
33,498,552,552,100
33,499,552,552,100
33,500,552,552,100
34,0,537,537,100
34,1,537,537,100
34,2,540,540,100
34,3,540,540,100
34,4,552,552,100
34,5,552,552,100
34,6,552,552,100
34,7,552,552,100
34,8,552,552,100
34,9,552,552,100
34,10,552,552,100
34,11,552,552,100
34,12,552,552,100
34,13,552,552,100
34,14,552,552,100
34,15,552,552,100
34,16,552,552,100
34,17,552,552,100
34,18,552,552,100
34,19,552,552,100
34,20,552,552,100
34,21,552,552,100
34,22,552,552,100
34,23,552,552,100
34,24,552,552,100
34,25,552,552,100
34,26,552,552,100
34,27,552,552,100
34,28,552,552,100
34,29,552,552,100
34,30,552,552,100
34,31,552,552,100
34,32,552,552,100
34,33,552,552,100
34,34,552,552,100
34,35,552,552,100
34,36,552,552,100
34,37,552,552,100
34,38,552,552,100
34,39,552,552,100
34,40,552,552,100
34,41,552,552,100
34,42,552,552,100
34,43,552,552,100
34,44,552,552,100
34,45,552,552,100
34,46,552,552,100
34,47,552,552,100
34,48,552,552,100
34,49,552,552,100
34,50,552,552,100
34,51,552,552,100
34,52,552,552,100
34,53,552,552,100
34,54,552,552,100
34,55,552,552,100
34,56,552,552,100
34,57,552,552,100
34,58,552,552,100
34,59,552,552,100
34,60,552,552,100
34,61,552,552,100
34,62,552,552,100
34,63,552,552,100
34,64,552,552,100
34,65,552,552,100
34,66,552,552,100
34,67,552,552,100
34,68,552,552,100
34,69,552,552,100
34,70,552,552,100
34,71,552,552,100
34,72,552,552,100
34,73,552,552,100
34,74,552,552,100
34,75,552,552,100
34,76,552,552,100
34,77,552,552,100
34,78,552,552,100
34,79,552,552,100
34,80,552,552,100
34,81,552,552,100
34,82,552,552,100
34,83,552,552,100
34,84,552,552,100
34,85,552,552,100
34,86,552,552,100
34,87,552,552,100
34,88,552,552,100
34,89,552,552,100
34,90,552,552,100
34,91,552,552,100
34,92,552,552,100
34,93,552,552,100
34,94,552,552,100
34,95,552,552,100
34,96,552,552,100
34,97,552,552,100
34,98,552,552,100
34,99,552,552,100
34,100,552,552,100
34,101,552,552,100
34,102,552,552,100
34,103,552,552,100
34,104,552,552,100
34,105,552,552,100
34,106,552,552,100
34,107,552,552,100
34,108,552,552,100
34,109,552,552,100
34,110,552,552,100
34,111,552,552,100
34,112,552,552,100
34,113,552,552,100
34,114,552,552,100
34,115,552,552,100
34,116,552,552,100
34,117,552,552,100
34,118,552,552,100
34,119,552,552,100
34,120,552,552,100
34,121,552,552,100
34,122,552,552,100
34,123,552,552,100
34,124,552,552,100
34,125,552,552,100
34,126,552,552,100
34,127,552,552,100
34,128,552,552,100
34,129,552,552,100
34,130,552,552,100
34,131,552,552,100
34,132,552,552,100
34,133,552,552,100
34,134,552,552,100
34,135,552,552,100
34,136,552,552,100
34,137,552,552,100
34,138,552,552,100
34,139,552,552,100
34,140,552,552,100
34,141,552,552,100
34,142,552,552,100
34,143,552,552,100
34,144,552,552,100
34,145,552,552,100
34,146,552,552,100
34,147,552,552,100
34,148,552,552,100
34,149,552,552,100
34,150,552,552,100
34,151,552,552,100
34,152,552,552,100
34,153,552,552,100
34,154,552,552,100
34,155,552,552,100
34,156,552,552,100
34,157,552,552,100
34,158,552,552,100
34,159,552,552,100
34,160,552,552,100
34,161,552,552,100
34,162,552,552,100
34,163,552,552,100
34,164,552,552,100
34,165,552,552,100
34,166,552,552,100
34,167,552,552,100
34,168,552,552,100
34,169,552,552,100
34,170,552,552,100
34,171,552,552,100
34,172,552,552,100
34,173,552,552,100
34,174,552,552,100
34,175,552,552,100
34,176,552,552,100
34,177,552,552,100
34,178,552,552,100
34,179,552,552,100
34,180,552,552,100
34,181,552,552,100
34,182,552,552,100
34,183,552,552,100
34,184,552,552,100
34,185,552,552,100
34,186,552,552,100
34,187,552,552,100
34,188,552,552,100
34,189,552,552,100
34,190,552,552,100
34,191,552,552,100
34,192,552,552,100
34,193,552,552,100
34,194,552,552,100
34,195,552,552,100
34,196,552,552,100
34,197,552,552,100
34,198,552,552,100
34,199,552,552,100
34,200,552,552,100
34,201,552,552,100
34,202,552,552,100
34,203,552,552,100
34,204,552,552,100
34,205,552,552,100
34,206,552,552,100
34,207,552,552,100
34,208,552,552,100
34,209,552,552,100
34,210,552,552,100
34,211,552,552,100
34,212,552,552,100
34,213,552,552,100
34,214,552,552,100
34,215,552,552,100
34,216,552,552,100
34,217,552,552,100
34,218,552,552,100
34,219,552,552,100
34,220,552,552,100
34,221,552,552,100
34,222,552,552,100
34,223,552,552,100
34,224,552,552,100
34,225,552,552,100
34,226,552,552,100
34,227,552,552,100
34,228,552,552,100
34,229,552,552,100
34,230,552,552,100
34,231,552,552,100
34,232,552,552,100
34,233,552,552,100
34,234,552,552,100
34,235,552,552,100
34,236,552,552,100
34,237,552,552,100
34,238,552,552,100
34,239,552,552,100
34,240,552,552,100
34,241,552,552,100
34,242,552,552,100
34,243,552,552,100
34,244,552,552,100
34,245,552,552,100
34,246,552,552,100
34,247,552,552,100
34,248,552,552,100
34,249,552,552,100
34,250,552,552,100
34,251,552,552,100
34,252,552,552,100
34,253,552,552,100
34,254,552,552,100
34,255,552,552,100
34,256,552,552,100
34,257,552,552,100
34,258,552,552,100
34,259,552,552,100
34,260,552,552,100
34,261,552,552,100
34,262,552,552,100
34,263,552,552,100
34,264,552,552,100
34,265,552,552,100
34,266,552,552,100
34,267,552,552,100
34,268,552,552,100
34,269,552,552,100
34,270,552,552,100
34,271,552,552,100
34,272,552,552,100
34,273,552,552,100
34,274,552,552,100
34,275,552,552,100
34,276,552,552,100
34,277,552,552,100
34,278,552,552,100
34,279,552,552,100
34,280,552,552,100
34,281,552,552,100
34,282,552,552,100
34,283,552,552,100
34,284,552,552,100
34,285,552,552,100
34,286,552,552,100
34,287,552,552,100
34,288,552,552,100
34,289,552,552,100
34,290,552,552,100
34,291,552,552,100
34,292,552,552,100
34,293,552,552,100
34,294,552,552,100
34,295,552,552,100
34,296,552,552,100
34,297,552,552,100
34,298,552,552,100
34,299,552,552,100
34,300,552,552,100
34,301,552,552,100
34,302,552,552,100
34,303,552,552,100
34,304,552,552,100
34,305,552,552,100
34,306,552,552,100
34,307,552,552,100
34,308,552,552,100
34,309,552,552,100
34,310,552,552,100
34,311,552,552,100
34,312,552,552,100
34,313,552,552,100
34,314,552,552,100
34,315,552,552,100
34,316,552,552,100
34,317,552,552,100
34,318,552,552,100
34,319,552,552,100
34,320,552,552,100
34,321,552,552,100
34,322,552,552,100
34,323,552,552,100
34,324,552,552,100
34,325,552,552,100
34,326,552,552,100
34,327,552,552,100
34,328,552,552,100
34,329,552,552,100
34,330,552,552,100
34,331,552,552,100
34,332,552,552,100
34,333,552,552,100
34,334,552,552,100
34,335,552,552,100
34,336,552,552,100
34,337,552,552,100
34,338,552,552,100
34,339,552,552,100
34,340,552,552,100
34,341,552,552,100
34,342,552,552,100
34,343,552,552,100
34,344,552,552,100
34,345,552,552,100
34,346,552,552,100
34,347,552,552,100
34,348,552,552,100
34,349,552,552,100
34,350,552,552,100
34,351,552,552,100
34,352,552,552,100
34,353,552,552,100
34,354,552,552,100
34,355,552,552,100
34,356,552,552,100
34,357,552,552,100
34,358,552,552,100
34,359,552,552,100
34,360,552,552,100
34,361,552,552,100
34,362,552,552,100
34,363,552,552,100
34,364,552,552,100
34,365,552,552,100
34,366,552,552,100
34,367,552,552,100
34,368,552,552,100
34,369,552,552,100
34,370,552,552,100
34,371,552,552,100
34,372,552,552,100
34,373,552,552,100
34,374,552,552,100
34,375,552,552,100
34,376,552,552,100
34,377,552,552,100
34,378,552,552,100
34,379,552,552,100
34,380,552,552,100
34,381,552,552,100
34,382,552,552,100
34,383,552,552,100
34,384,552,552,100
34,385,552,552,100
34,386,552,552,100
34,387,552,552,100
34,388,552,552,100
34,389,552,552,100
34,390,552,552,100
34,391,552,552,100
34,392,552,552,100
34,393,552,552,100
34,394,552,552,100
34,395,552,552,100
34,396,552,552,100
34,397,552,552,100
34,398,552,552,100
34,399,552,552,100
34,400,552,552,100
34,401,552,552,100
34,402,552,552,100
34,403,552,552,100
34,404,552,552,100
34,405,552,552,100
34,406,552,552,100
34,407,552,552,100
34,408,552,552,100
34,409,552,552,100
34,410,552,552,100
34,411,552,552,100
34,412,552,552,100
34,413,552,552,100
34,414,552,552,100
34,415,552,552,100
34,416,552,552,100
34,417,552,552,100
34,418,552,552,100
34,419,552,552,100
34,420,552,552,100
34,421,552,552,100
34,422,552,552,100
34,423,552,552,100
34,424,552,552,100
34,425,552,552,100
34,426,552,552,100
34,427,552,552,100
34,428,552,552,100
34,429,552,552,100
34,430,552,552,100
34,431,552,552,100
34,432,552,552,100
34,433,552,552,100
34,434,552,552,100
34,435,552,552,100
34,436,552,552,100
34,437,552,552,100
34,438,552,552,100
34,439,552,552,100
34,440,552,552,100
34,441,552,552,100
34,442,552,552,100
34,443,552,552,100
34,444,552,552,100
34,445,552,552,100
34,446,552,552,100
34,447,552,552,100
34,448,552,552,100
34,449,552,552,100
34,450,552,552,100
34,451,552,552,100
34,452,552,552,100
34,453,552,552,100
34,454,552,552,100
34,455,552,552,100
34,456,552,552,100
34,457,552,552,100
34,458,552,552,100
34,459,552,552,100
34,460,552,552,100
34,461,552,552,100
34,462,552,552,100
34,463,552,552,100
34,464,552,552,100
34,465,552,552,100
34,466,552,552,100
34,467,552,552,100
34,468,552,552,100
34,469,552,552,100
34,470,552,552,100
34,471,552,552,100
34,472,552,552,100
34,473,552,552,100
34,474,552,552,100
34,475,552,552,100
34,476,552,552,100
34,477,552,552,100
34,478,552,552,100
34,479,552,552,100
34,480,552,552,100
34,481,552,552,100
34,482,552,552,100
34,483,552,552,100
34,484,552,552,100
34,485,552,552,100
34,486,552,552,100
34,487,552,552,100
34,488,552,552,100
34,489,552,552,100
34,490,552,552,100
34,491,552,552,100
34,492,552,552,100
34,493,552,552,100
34,494,552,552,100
34,495,552,552,100
34,496,552,552,100
34,497,552,552,100
34,498,552,552,100
34,499,552,552,100
34,500,552,552,100
35,0,507,507,100
35,1,532,532,100
35,2,532,532,100
35,3,540,540,100
35,4,540,540,100
35,5,540,540,100
35,6,552,552,100
35,7,552,552,100
35,8,552,552,100
35,9,552,552,100
35,10,552,552,100
35,11,552,552,100
35,12,552,552,100
35,13,552,552,100
35,14,552,552,100
35,15,552,552,100
35,16,552,552,100
35,17,552,552,100
35,18,552,552,100
35,19,552,552,100
35,20,552,552,100
35,21,552,552,100
35,22,552,552,100
35,23,552,552,100
35,24,552,552,100
35,25,552,552,100
35,26,552,552,100
35,27,552,552,100
35,28,552,552,100
35,29,552,552,100
35,30,552,552,100
35,31,552,552,100
35,32,552,552,100
35,33,552,552,100
35,34,552,552,100
35,35,552,552,100
35,36,552,552,100
35,37,552,552,100
35,38,552,552,100
35,39,552,552,100
35,40,552,552,100
35,41,552,552,100
35,42,552,552,100
35,43,552,552,100
35,44,552,552,100
35,45,552,552,100
35,46,552,552,100
35,47,552,552,100
35,48,552,552,100
35,49,552,552,100
35,50,552,552,100
35,51,552,552,100
35,52,552,552,100
35,53,552,552,100
35,54,552,552,100
35,55,552,552,100
35,56,552,552,100
35,57,552,552,100
35,58,552,552,100
35,59,552,552,100
35,60,552,552,100
35,61,552,552,100
35,62,552,552,100
35,63,552,552,100
35,64,552,552,100
35,65,552,552,100
35,66,552,552,100
35,67,552,552,100
35,68,552,552,100
35,69,552,552,100
35,70,552,552,100
35,71,552,552,100
35,72,552,552,100
35,73,552,552,100
35,74,552,552,100
35,75,552,552,100
35,76,552,552,100
35,77,552,552,100
35,78,552,552,100
35,79,552,552,100
35,80,552,552,100
35,81,552,552,100
35,82,552,552,100
35,83,552,552,100
35,84,552,552,100
35,85,552,552,100
35,86,552,552,100
35,87,552,552,100
35,88,552,552,100
35,89,552,552,100
35,90,552,552,100
35,91,552,552,100
35,92,552,552,100
35,93,552,552,100
35,94,552,552,100
35,95,552,552,100
35,96,552,552,100
35,97,552,552,100
35,98,552,552,100
35,99,552,552,100
35,100,552,552,100
35,101,552,552,100
35,102,552,552,100
35,103,552,552,100
35,104,552,552,100
35,105,552,552,100
35,106,552,552,100
35,107,552,552,100
35,108,552,552,100
35,109,552,552,100
35,110,552,552,100
35,111,552,552,100
35,112,552,552,100
35,113,552,552,100
35,114,552,552,100
35,115,552,552,100
35,116,552,552,100
35,117,552,552,100
35,118,552,552,100
35,119,552,552,100
35,120,552,552,100
35,121,552,552,100
35,122,552,552,100
35,123,552,552,100
35,124,552,552,100
35,125,552,552,100
35,126,552,552,100
35,127,552,552,100
35,128,552,552,100
35,129,552,552,100
35,130,552,552,100
35,131,552,552,100
35,132,552,552,100
35,133,552,552,100
35,134,552,552,100
35,135,552,552,100
35,136,552,552,100
35,137,552,552,100
35,138,552,552,100
35,139,552,552,100
35,140,552,552,100
35,141,552,552,100
35,142,552,552,100
35,143,552,552,100
35,144,552,552,100
35,145,552,552,100
35,146,552,552,100
35,147,552,552,100
35,148,552,552,100
35,149,552,552,100
35,150,552,552,100
35,151,552,552,100
35,152,552,552,100
35,153,552,552,100
35,154,552,552,100
35,155,552,552,100
35,156,552,552,100
35,157,552,552,100
35,158,552,552,100
35,159,552,552,100
35,160,552,552,100
35,161,552,552,100
35,162,552,552,100
35,163,552,552,100
35,164,552,552,100
35,165,552,552,100
35,166,552,552,100
35,167,552,552,100
35,168,552,552,100
35,169,552,552,100
35,170,552,552,100
35,171,552,552,100
35,172,552,552,100
35,173,552,552,100
35,174,552,552,100
35,175,552,552,100
35,176,552,552,100
35,177,552,552,100
35,178,552,552,100
35,179,552,552,100
35,180,552,552,100
35,181,552,552,100
35,182,552,552,100
35,183,552,552,100
35,184,552,552,100
35,185,552,552,100
35,186,552,552,100
35,187,552,552,100
35,188,552,552,100
35,189,552,552,100
35,190,552,552,100
35,191,552,552,100
35,192,552,552,100
35,193,552,552,100
35,194,552,552,100
35,195,552,552,100
35,196,552,552,100
35,197,552,552,100
35,198,552,552,100
35,199,552,552,100
35,200,552,552,100
35,201,552,552,100
35,202,552,552,100
35,203,552,552,100
35,204,552,552,100
35,205,552,552,100
35,206,552,552,100
35,207,552,552,100
35,208,552,552,100
35,209,552,552,100
35,210,552,552,100
35,211,552,552,100
35,212,552,552,100
35,213,552,552,100
35,214,552,552,100
35,215,552,552,100
35,216,552,552,100
35,217,552,552,100
35,218,552,552,100
35,219,552,552,100
35,220,552,552,100
35,221,552,552,100
35,222,552,552,100
35,223,552,552,100
35,224,552,552,100
35,225,552,552,100
35,226,552,552,100
35,227,552,552,100
35,228,552,552,100
35,229,552,552,100
35,230,552,552,100
35,231,552,552,100
35,232,552,552,100
35,233,552,552,100
35,234,552,552,100
35,235,552,552,100
35,236,552,552,100
35,237,552,552,100
35,238,552,552,100
35,239,552,552,100
35,240,552,552,100
35,241,552,552,100
35,242,552,552,100
35,243,552,552,100
35,244,552,552,100
35,245,552,552,100
35,246,552,552,100
35,247,552,552,100
35,248,552,552,100
35,249,552,552,100
35,250,552,552,100
35,251,552,552,100
35,252,552,552,100
35,253,552,552,100
35,254,552,552,100
35,255,552,552,100
35,256,552,552,100
35,257,552,552,100
35,258,552,552,100
35,259,552,552,100
35,260,552,552,100
35,261,552,552,100
35,262,552,552,100
35,263,552,552,100
35,264,552,552,100
35,265,552,552,100
35,266,552,552,100
35,267,552,552,100
35,268,552,552,100
35,269,552,552,100
35,270,552,552,100
35,271,552,552,100
35,272,552,552,100
35,273,552,552,100
35,274,552,552,100
35,275,552,552,100
35,276,552,552,100
35,277,552,552,100
35,278,552,552,100
35,279,552,552,100
35,280,552,552,100
35,281,552,552,100
35,282,552,552,100
35,283,552,552,100
35,284,552,552,100
35,285,552,552,100
35,286,552,552,100
35,287,552,552,100
35,288,552,552,100
35,289,552,552,100
35,290,552,552,100
35,291,552,552,100
35,292,552,552,100
35,293,552,552,100
35,294,552,552,100
35,295,552,552,100
35,296,552,552,100
35,297,552,552,100
35,298,552,552,100
35,299,552,552,100
35,300,552,552,100
35,301,552,552,100
35,302,552,552,100
35,303,552,552,100
35,304,552,552,100
35,305,552,552,100
35,306,552,552,100
35,307,552,552,100
35,308,552,552,100
35,309,552,552,100
35,310,552,552,100
35,311,552,552,100
35,312,552,552,100
35,313,552,552,100
35,314,552,552,100
35,315,552,552,100
35,316,552,552,100
35,317,552,552,100
35,318,552,552,100
35,319,552,552,100
35,320,552,552,100
35,321,552,552,100
35,322,552,552,100
35,323,552,552,100
35,324,552,552,100
35,325,552,552,100
35,326,552,552,100
35,327,552,552,100
35,328,552,552,100
35,329,552,552,100
35,330,552,552,100
35,331,552,552,100
35,332,552,552,100
35,333,552,552,100
35,334,552,552,100
35,335,552,552,100
35,336,552,552,100
35,337,552,552,100
35,338,552,552,100
35,339,552,552,100
35,340,552,552,100
35,341,552,552,100
35,342,552,552,100
35,343,552,552,100
35,344,552,552,100
35,345,552,552,100
35,346,552,552,100
35,347,552,552,100
35,348,552,552,100
35,349,552,552,100
35,350,552,552,100
35,351,552,552,100
35,352,552,552,100
35,353,552,552,100
35,354,552,552,100
35,355,552,552,100
35,356,552,552,100
35,357,552,552,100
35,358,552,552,100
35,359,552,552,100
35,360,552,552,100
35,361,552,552,100
35,362,552,552,100
35,363,552,552,100
35,364,552,552,100
35,365,552,552,100
35,366,552,552,100
35,367,552,552,100
35,368,552,552,100
35,369,552,552,100
35,370,552,552,100
35,371,552,552,100
35,372,552,552,100
35,373,552,552,100
35,374,552,552,100
35,375,552,552,100
35,376,552,552,100
35,377,552,552,100
35,378,552,552,100
35,379,552,552,100
35,380,552,552,100
35,381,552,552,100
35,382,552,552,100
35,383,552,552,100
35,384,552,552,100
35,385,552,552,100
35,386,552,552,100
35,387,552,552,100
35,388,552,552,100
35,389,552,552,100
35,390,552,552,100
35,391,552,552,100
35,392,552,552,100
35,393,552,552,100
35,394,552,552,100
35,395,552,552,100
35,396,552,552,100
35,397,552,552,100
35,398,552,552,100
35,399,552,552,100
35,400,552,552,100
35,401,552,552,100
35,402,552,552,100
35,403,552,552,100
35,404,552,552,100
35,405,552,552,100
35,406,552,552,100
35,407,552,552,100
35,408,552,552,100
35,409,552,552,100
35,410,552,552,100
35,411,552,552,100
35,412,552,552,100
35,413,552,552,100
35,414,552,552,100
35,415,552,552,100
35,416,552,552,100
35,417,552,552,100
35,418,552,552,100
35,419,552,552,100
35,420,552,552,100
35,421,552,552,100
35,422,552,552,100
35,423,552,552,100
35,424,552,552,100
35,425,552,552,100
35,426,552,552,100
35,427,552,552,100
35,428,552,552,100
35,429,552,552,100
35,430,552,552,100
35,431,552,552,100
35,432,552,552,100
35,433,552,552,100
35,434,552,552,100
35,435,552,552,100
35,436,552,552,100
35,437,552,552,100
35,438,552,552,100
35,439,552,552,100
35,440,552,552,100
35,441,552,552,100
35,442,552,552,100
35,443,552,552,100
35,444,552,552,100
35,445,552,552,100
35,446,552,552,100
35,447,552,552,100
35,448,552,552,100
35,449,552,552,100
35,450,552,552,100
35,451,552,552,100
35,452,552,552,100
35,453,552,552,100
35,454,552,552,100
35,455,552,552,100
35,456,552,552,100
35,457,552,552,100
35,458,552,552,100
35,459,552,552,100
35,460,552,552,100
35,461,552,552,100
35,462,552,552,100
35,463,552,552,100
35,464,552,552,100
35,465,552,552,100
35,466,552,552,100
35,467,552,552,100
35,468,552,552,100
35,469,552,552,100
35,470,552,552,100
35,471,552,552,100
35,472,552,552,100
35,473,552,552,100
35,474,552,552,100
35,475,552,552,100
35,476,552,552,100
35,477,552,552,100
35,478,552,552,100
35,479,552,552,100
35,480,552,552,100
35,481,552,552,100
35,482,552,552,100
35,483,552,552,100
35,484,552,552,100
35,485,552,552,100
35,486,552,552,100
35,487,552,552,100
35,488,552,552,100
35,489,552,552,100
35,490,552,552,100
35,491,552,552,100
35,492,552,552,100
35,493,552,552,100
35,494,552,552,100
35,495,552,552,100
35,496,552,552,100
35,497,552,552,100
35,498,552,552,100
35,499,552,552,100
35,500,552,552,100
36,0,495,495,100
36,1,510,510,100
36,2,540,540,100
36,3,540,540,100
36,4,540,540,100
36,5,540,540,100
36,6,540,540,100
36,7,540,540,100
36,8,540,540,100
36,9,540,540,100
36,10,540,540,100
36,11,540,540,100
36,12,540,540,100
36,13,540,540,100
36,14,540,540,100
36,15,540,540,100
36,16,540,540,100
36,17,540,540,100
36,18,540,540,100
36,19,540,540,100
36,20,540,540,100
36,21,540,540,100
36,22,540,540,100
36,23,540,540,100
36,24,540,540,100
36,25,540,540,100
36,26,540,540,100
36,27,540,540,100
36,28,540,540,100
36,29,540,540,100
36,30,540,540,100
36,31,540,540,100
36,32,540,540,100
36,33,552,552,100
36,34,552,552,100
36,35,552,552,100
36,36,552,552,100
36,37,552,552,100
36,38,552,552,100
36,39,552,552,100
36,40,552,552,100
36,41,552,552,100
36,42,552,552,100
36,43,552,552,100
36,44,552,552,100
36,45,552,552,100
36,46,552,552,100
36,47,552,552,100
36,48,552,552,100
36,49,552,552,100
36,50,552,552,100
36,51,552,552,100
36,52,552,552,100
36,53,552,552,100
36,54,552,552,100
36,55,552,552,100
36,56,552,552,100
36,57,552,552,100
36,58,552,552,100
36,59,552,552,100
36,60,552,552,100
36,61,552,552,100
36,62,552,552,100
36,63,552,552,100
36,64,552,552,100
36,65,552,552,100
36,66,552,552,100
36,67,552,552,100
36,68,552,552,100
36,69,552,552,100
36,70,552,552,100
36,71,552,552,100
36,72,552,552,100
36,73,552,552,100
36,74,552,552,100
36,75,552,552,100
36,76,552,552,100
36,77,552,552,100
36,78,552,552,100
36,79,552,552,100
36,80,552,552,100
36,81,552,552,100
36,82,552,552,100
36,83,552,552,100
36,84,552,552,100
36,85,552,552,100
36,86,552,552,100
36,87,552,552,100
36,88,552,552,100
36,89,552,552,100
36,90,552,552,100
36,91,552,552,100
36,92,552,552,100
36,93,552,552,100
36,94,552,552,100
36,95,552,552,100
36,96,552,552,100
36,97,552,552,100
36,98,552,552,100
36,99,552,552,100
36,100,552,552,100
36,101,552,552,100
36,102,552,552,100
36,103,552,552,100
36,104,552,552,100
36,105,552,552,100
36,106,552,552,100
36,107,552,552,100
36,108,552,552,100
36,109,552,552,100
36,110,552,552,100
36,111,552,552,100
36,112,552,552,100
36,113,552,552,100
36,114,552,552,100
36,115,552,552,100
36,116,552,552,100
36,117,552,552,100
36,118,552,552,100
36,119,552,552,100
36,120,552,552,100
36,121,552,552,100
36,122,552,552,100
36,123,552,552,100
36,124,552,552,100
36,125,552,552,100
36,126,552,552,100
36,127,552,552,100
36,128,552,552,100
36,129,552,552,100
36,130,552,552,100
36,131,552,552,100
36,132,552,552,100
36,133,552,552,100
36,134,552,552,100
36,135,552,552,100
36,136,552,552,100
36,137,552,552,100
36,138,552,552,100
36,139,552,552,100
36,140,552,552,100
36,141,552,552,100
36,142,552,552,100
36,143,552,552,100
36,144,552,552,100
36,145,552,552,100
36,146,552,552,100
36,147,552,552,100
36,148,552,552,100
36,149,552,552,100
36,150,552,552,100
36,151,552,552,100
36,152,552,552,100
36,153,552,552,100
36,154,552,552,100
36,155,552,552,100
36,156,552,552,100
36,157,552,552,100
36,158,552,552,100
36,159,552,552,100
36,160,552,552,100
36,161,552,552,100
36,162,552,552,100
36,163,552,552,100
36,164,552,552,100
36,165,552,552,100
36,166,552,552,100
36,167,552,552,100
36,168,552,552,100
36,169,552,552,100
36,170,552,552,100
36,171,552,552,100
36,172,552,552,100
36,173,552,552,100
36,174,552,552,100
36,175,552,552,100
36,176,552,552,100
36,177,552,552,100
36,178,552,552,100
36,179,552,552,100
36,180,552,552,100
36,181,552,552,100
36,182,552,552,100
36,183,552,552,100
36,184,552,552,100
36,185,552,552,100
36,186,552,552,100
36,187,552,552,100
36,188,552,552,100
36,189,552,552,100
36,190,552,552,100
36,191,552,552,100
36,192,552,552,100
36,193,552,552,100
36,194,552,552,100
36,195,552,552,100
36,196,552,552,100
36,197,552,552,100
36,198,552,552,100
36,199,552,552,100
36,200,552,552,100
36,201,552,552,100
36,202,552,552,100
36,203,552,552,100
36,204,552,552,100
36,205,552,552,100
36,206,552,552,100
36,207,552,552,100
36,208,552,552,100
36,209,552,552,100
36,210,552,552,100
36,211,552,552,100
36,212,552,552,100
36,213,552,552,100
36,214,552,552,100
36,215,552,552,100
36,216,552,552,100
36,217,552,552,100
36,218,552,552,100
36,219,552,552,100
36,220,552,552,100
36,221,552,552,100
36,222,552,552,100
36,223,552,552,100
36,224,552,552,100
36,225,552,552,100
36,226,552,552,100
36,227,552,552,100
36,228,552,552,100
36,229,552,552,100
36,230,552,552,100
36,231,552,552,100
36,232,552,552,100
36,233,552,552,100
36,234,552,552,100
36,235,552,552,100
36,236,552,552,100
36,237,552,552,100
36,238,552,552,100
36,239,552,552,100
36,240,552,552,100
36,241,552,552,100
36,242,552,552,100
36,243,552,552,100
36,244,552,552,100
36,245,552,552,100
36,246,552,552,100
36,247,552,552,100
36,248,552,552,100
36,249,552,552,100
36,250,552,552,100
36,251,552,552,100
36,252,552,552,100
36,253,552,552,100
36,254,552,552,100
36,255,552,552,100
36,256,552,552,100
36,257,552,552,100
36,258,552,552,100
36,259,552,552,100
36,260,552,552,100
36,261,552,552,100
36,262,552,552,100
36,263,552,552,100
36,264,552,552,100
36,265,552,552,100
36,266,552,552,100
36,267,552,552,100
36,268,552,552,100
36,269,552,552,100
36,270,552,552,100
36,271,552,552,100
36,272,552,552,100
36,273,552,552,100
36,274,552,552,100
36,275,552,552,100
36,276,552,552,100
36,277,552,552,100
36,278,552,552,100
36,279,552,552,100
36,280,552,552,100
36,281,552,552,100
36,282,552,552,100
36,283,552,552,100
36,284,552,552,100
36,285,552,552,100
36,286,552,552,100
36,287,552,552,100
36,288,552,552,100
36,289,552,552,100
36,290,552,552,100
36,291,552,552,100
36,292,552,552,100
36,293,552,552,100
36,294,552,552,100
36,295,552,552,100
36,296,552,552,100
36,297,552,552,100
36,298,552,552,100
36,299,552,552,100
36,300,552,552,100
36,301,552,552,100
36,302,552,552,100
36,303,552,552,100
36,304,552,552,100
36,305,552,552,100
36,306,552,552,100
36,307,552,552,100
36,308,552,552,100
36,309,552,552,100
36,310,552,552,100
36,311,552,552,100
36,312,552,552,100
36,313,552,552,100
36,314,552,552,100
36,315,552,552,100
36,316,552,552,100
36,317,552,552,100
36,318,552,552,100
36,319,552,552,100
36,320,552,552,100
36,321,552,552,100
36,322,552,552,100
36,323,552,552,100
36,324,552,552,100
36,325,552,552,100
36,326,552,552,100
36,327,552,552,100
36,328,552,552,100
36,329,552,552,100
36,330,552,552,100
36,331,552,552,100
36,332,552,552,100
36,333,552,552,100
36,334,552,552,100
36,335,552,552,100
36,336,552,552,100
36,337,552,552,100
36,338,552,552,100
36,339,552,552,100
36,340,552,552,100
36,341,552,552,100
36,342,552,552,100
36,343,552,552,100
36,344,552,552,100
36,345,552,552,100
36,346,552,552,100
36,347,552,552,100
36,348,552,552,100
36,349,552,552,100
36,350,552,552,100
36,351,552,552,100
36,352,552,552,100
36,353,552,552,100
36,354,552,552,100
36,355,552,552,100
36,356,552,552,100
36,357,552,552,100
36,358,552,552,100
36,359,552,552,100
36,360,552,552,100
36,361,552,552,100
36,362,552,552,100
36,363,552,552,100
36,364,552,552,100
36,365,552,552,100
36,366,552,552,100
36,367,552,552,100
36,368,552,552,100
36,369,552,552,100
36,370,552,552,100
36,371,552,552,100
36,372,552,552,100
36,373,552,552,100
36,374,552,552,100
36,375,552,552,100
36,376,552,552,100
36,377,552,552,100
36,378,552,552,100
36,379,552,552,100
36,380,552,552,100
36,381,552,552,100
36,382,552,552,100
36,383,552,552,100
36,384,552,552,100
36,385,552,552,100
36,386,552,552,100
36,387,552,552,100
36,388,552,552,100
36,389,552,552,100
36,390,552,552,100
36,391,552,552,100
36,392,552,552,100
36,393,552,552,100
36,394,552,552,100
36,395,552,552,100
36,396,552,552,100
36,397,552,552,100
36,398,552,552,100
36,399,552,552,100
36,400,552,552,100
36,401,552,552,100
36,402,552,552,100
36,403,552,552,100
36,404,552,552,100
36,405,552,552,100
36,406,552,552,100
36,407,552,552,100
36,408,552,552,100
36,409,552,552,100
36,410,552,552,100
36,411,552,552,100
36,412,552,552,100
36,413,552,552,100
36,414,552,552,100
36,415,552,552,100
36,416,552,552,100
36,417,552,552,100
36,418,552,552,100
36,419,552,552,100
36,420,552,552,100
36,421,552,552,100
36,422,552,552,100
36,423,552,552,100
36,424,552,552,100
36,425,552,552,100
36,426,552,552,100
36,427,552,552,100
36,428,552,552,100
36,429,552,552,100
36,430,552,552,100
36,431,552,552,100
36,432,552,552,100
36,433,552,552,100
36,434,552,552,100
36,435,552,552,100
36,436,552,552,100
36,437,552,552,100
36,438,552,552,100
36,439,552,552,100
36,440,552,552,100
36,441,552,552,100
36,442,552,552,100
36,443,552,552,100
36,444,552,552,100
36,445,552,552,100
36,446,552,552,100
36,447,552,552,100
36,448,552,552,100
36,449,552,552,100
36,450,552,552,100
36,451,552,552,100
36,452,552,552,100
36,453,552,552,100
36,454,552,552,100
36,455,552,552,100
36,456,552,552,100
36,457,552,552,100
36,458,552,552,100
36,459,552,552,100
36,460,552,552,100
36,461,552,552,100
36,462,552,552,100
36,463,552,552,100
36,464,552,552,100
36,465,552,552,100
36,466,552,552,100
36,467,552,552,100
36,468,552,552,100
36,469,552,552,100
36,470,552,552,100
36,471,552,552,100
36,472,552,552,100
36,473,552,552,100
36,474,552,552,100
36,475,552,552,100
36,476,552,552,100
36,477,552,552,100
36,478,552,552,100
36,479,552,552,100
36,480,552,552,100
36,481,552,552,100
36,482,552,552,100
36,483,552,552,100
36,484,552,552,100
36,485,552,552,100
36,486,552,552,100
36,487,552,552,100
36,488,552,552,100
36,489,552,552,100
36,490,552,552,100
36,491,552,552,100
36,492,552,552,100
36,493,552,552,100
36,494,552,552,100
36,495,552,552,100
36,496,552,552,100
36,497,552,552,100
36,498,552,552,100
36,499,552,552,100
36,500,552,552,100
37,0,512,512,100
37,1,532,532,100
37,2,532,532,100
37,3,532,532,100
37,4,540,540,100
37,5,540,540,100
37,6,540,540,100
37,7,540,540,100
37,8,540,540,100
37,9,552,552,100
37,10,552,552,100
37,11,552,552,100
37,12,552,552,100
37,13,552,552,100
37,14,552,552,100
37,15,552,552,100
37,16,552,552,100
37,17,552,552,100
37,18,552,552,100
37,19,552,552,100
37,20,552,552,100
37,21,552,552,100
37,22,552,552,100
37,23,552,552,100
37,24,552,552,100
37,25,552,552,100
37,26,552,552,100
37,27,552,552,100
37,28,552,552,100
37,29,552,552,100
37,30,552,552,100
37,31,552,552,100
37,32,552,552,100
37,33,552,552,100
37,34,552,552,100
37,35,552,552,100
37,36,552,552,100
37,37,552,552,100
37,38,552,552,100
37,39,552,552,100
37,40,552,552,100
37,41,552,552,100
37,42,552,552,100
37,43,552,552,100
37,44,552,552,100
37,45,552,552,100
37,46,552,552,100
37,47,552,552,100
37,48,552,552,100
37,49,552,552,100
37,50,552,552,100
37,51,552,552,100
37,52,552,552,100
37,53,552,552,100
37,54,552,552,100
37,55,552,552,100
37,56,552,552,100
37,57,552,552,100
37,58,552,552,100
37,59,552,552,100
37,60,552,552,100
37,61,552,552,100
37,62,552,552,100
37,63,552,552,100
37,64,552,552,100
37,65,552,552,100
37,66,552,552,100
37,67,552,552,100
37,68,552,552,100
37,69,552,552,100
37,70,552,552,100
37,71,552,552,100
37,72,552,552,100
37,73,552,552,100
37,74,552,552,100
37,75,552,552,100
37,76,552,552,100
37,77,552,552,100
37,78,552,552,100
37,79,552,552,100
37,80,552,552,100
37,81,552,552,100
37,82,552,552,100
37,83,552,552,100
37,84,552,552,100
37,85,552,552,100
37,86,552,552,100
37,87,552,552,100
37,88,552,552,100
37,89,552,552,100
37,90,552,552,100
37,91,552,552,100
37,92,552,552,100
37,93,552,552,100
37,94,552,552,100
37,95,552,552,100
37,96,552,552,100
37,97,552,552,100
37,98,552,552,100
37,99,552,552,100
37,100,552,552,100
37,101,552,552,100
37,102,552,552,100
37,103,552,552,100
37,104,552,552,100
37,105,552,552,100
37,106,552,552,100
37,107,552,552,100
37,108,552,552,100
37,109,552,552,100
37,110,552,552,100
37,111,552,552,100
37,112,552,552,100
37,113,552,552,100
37,114,552,552,100
37,115,552,552,100
37,116,552,552,100
37,117,552,552,100
37,118,552,552,100
37,119,552,552,100
37,120,552,552,100
37,121,552,552,100
37,122,552,552,100
37,123,552,552,100
37,124,552,552,100
37,125,552,552,100
37,126,552,552,100
37,127,552,552,100
37,128,552,552,100
37,129,552,552,100
37,130,552,552,100
37,131,552,552,100
37,132,552,552,100
37,133,552,552,100
37,134,552,552,100
37,135,552,552,100
37,136,552,552,100
37,137,552,552,100
37,138,552,552,100
37,139,552,552,100
37,140,552,552,100
37,141,552,552,100
37,142,552,552,100
37,143,552,552,100
37,144,552,552,100
37,145,552,552,100
37,146,552,552,100
37,147,552,552,100
37,148,552,552,100
37,149,552,552,100
37,150,552,552,100
37,151,552,552,100
37,152,552,552,100
37,153,552,552,100
37,154,552,552,100
37,155,552,552,100
37,156,552,552,100
37,157,552,552,100
37,158,552,552,100
37,159,552,552,100
37,160,552,552,100
37,161,552,552,100
37,162,552,552,100
37,163,552,552,100
37,164,552,552,100
37,165,552,552,100
37,166,552,552,100
37,167,552,552,100
37,168,552,552,100
37,169,552,552,100
37,170,552,552,100
37,171,552,552,100
37,172,552,552,100
37,173,552,552,100
37,174,552,552,100
37,175,552,552,100
37,176,552,552,100
37,177,552,552,100
37,178,552,552,100
37,179,552,552,100
37,180,552,552,100
37,181,552,552,100
37,182,552,552,100
37,183,552,552,100
37,184,552,552,100
37,185,552,552,100
37,186,552,552,100
37,187,552,552,100
37,188,552,552,100
37,189,552,552,100
37,190,552,552,100
37,191,552,552,100
37,192,552,552,100
37,193,552,552,100
37,194,552,552,100
37,195,552,552,100
37,196,552,552,100
37,197,552,552,100
37,198,552,552,100
37,199,552,552,100
37,200,552,552,100
37,201,552,552,100
37,202,552,552,100
37,203,552,552,100
37,204,552,552,100
37,205,552,552,100
37,206,552,552,100
37,207,552,552,100
37,208,552,552,100
37,209,552,552,100
37,210,552,552,100
37,211,552,552,100
37,212,552,552,100
37,213,552,552,100
37,214,552,552,100
37,215,552,552,100
37,216,552,552,100
37,217,552,552,100
37,218,552,552,100
37,219,552,552,100
37,220,552,552,100
37,221,552,552,100
37,222,552,552,100
37,223,552,552,100
37,224,552,552,100
37,225,552,552,100
37,226,552,552,100
37,227,552,552,100
37,228,552,552,100
37,229,552,552,100
37,230,552,552,100
37,231,552,552,100
37,232,552,552,100
37,233,552,552,100
37,234,552,552,100
37,235,552,552,100
37,236,552,552,100
37,237,552,552,100
37,238,552,552,100
37,239,552,552,100
37,240,552,552,100
37,241,552,552,100
37,242,552,552,100
37,243,552,552,100
37,244,552,552,100
37,245,552,552,100
37,246,552,552,100
37,247,552,552,100
37,248,552,552,100
37,249,552,552,100
37,250,552,552,100
37,251,552,552,100
37,252,552,552,100
37,253,552,552,100
37,254,552,552,100
37,255,552,552,100
37,256,552,552,100
37,257,552,552,100
37,258,552,552,100
37,259,552,552,100
37,260,552,552,100
37,261,552,552,100
37,262,552,552,100
37,263,552,552,100
37,264,552,552,100
37,265,552,552,100
37,266,552,552,100
37,267,552,552,100
37,268,552,552,100
37,269,552,552,100
37,270,552,552,100
37,271,552,552,100
37,272,552,552,100
37,273,552,552,100
37,274,552,552,100
37,275,552,552,100
37,276,552,552,100
37,277,552,552,100
37,278,552,552,100
37,279,552,552,100
37,280,552,552,100
37,281,552,552,100
37,282,552,552,100
37,283,552,552,100
37,284,552,552,100
37,285,552,552,100
37,286,552,552,100
37,287,552,552,100
37,288,552,552,100
37,289,552,552,100
37,290,552,552,100
37,291,552,552,100
37,292,552,552,100
37,293,552,552,100
37,294,552,552,100
37,295,552,552,100
37,296,552,552,100
37,297,552,552,100
37,298,552,552,100
37,299,552,552,100
37,300,552,552,100
37,301,552,552,100
37,302,552,552,100
37,303,552,552,100
37,304,552,552,100
37,305,552,552,100
37,306,552,552,100
37,307,552,552,100
37,308,552,552,100
37,309,552,552,100
37,310,552,552,100
37,311,552,552,100
37,312,552,552,100
37,313,552,552,100
37,314,552,552,100
37,315,552,552,100
37,316,552,552,100
37,317,552,552,100
37,318,552,552,100
37,319,552,552,100
37,320,552,552,100
37,321,552,552,100
37,322,552,552,100
37,323,552,552,100
37,324,552,552,100
37,325,552,552,100
37,326,552,552,100
37,327,552,552,100
37,328,552,552,100
37,329,552,552,100
37,330,552,552,100
37,331,552,552,100
37,332,552,552,100
37,333,552,552,100
37,334,552,552,100
37,335,552,552,100
37,336,552,552,100
37,337,552,552,100
37,338,552,552,100
37,339,552,552,100
37,340,552,552,100
37,341,552,552,100
37,342,552,552,100
37,343,552,552,100
37,344,552,552,100
37,345,552,552,100
37,346,552,552,100
37,347,552,552,100
37,348,552,552,100
37,349,552,552,100
37,350,552,552,100
37,351,552,552,100
37,352,552,552,100
37,353,552,552,100
37,354,552,552,100
37,355,552,552,100
37,356,552,552,100
37,357,552,552,100
37,358,552,552,100
37,359,552,552,100
37,360,552,552,100
37,361,552,552,100
37,362,552,552,100
37,363,552,552,100
37,364,552,552,100
37,365,552,552,100
37,366,552,552,100
37,367,552,552,100
37,368,552,552,100
37,369,552,552,100
37,370,552,552,100
37,371,552,552,100
37,372,552,552,100
37,373,552,552,100
37,374,552,552,100
37,375,552,552,100
37,376,552,552,100
37,377,552,552,100
37,378,552,552,100
37,379,552,552,100
37,380,552,552,100
37,381,552,552,100
37,382,552,552,100
37,383,552,552,100
37,384,552,552,100
37,385,552,552,100
37,386,552,552,100
37,387,552,552,100
37,388,552,552,100
37,389,552,552,100
37,390,552,552,100
37,391,552,552,100
37,392,552,552,100
37,393,552,552,100
37,394,552,552,100
37,395,552,552,100
37,396,552,552,100
37,397,552,552,100
37,398,552,552,100
37,399,552,552,100
37,400,552,552,100
37,401,552,552,100
37,402,552,552,100
37,403,552,552,100
37,404,552,552,100
37,405,552,552,100
37,406,552,552,100
37,407,552,552,100
37,408,552,552,100
37,409,552,552,100
37,410,552,552,100
37,411,552,552,100
37,412,552,552,100
37,413,552,552,100
37,414,552,552,100
37,415,552,552,100
37,416,552,552,100
37,417,552,552,100
37,418,552,552,100
37,419,552,552,100
37,420,552,552,100
37,421,552,552,100
37,422,552,552,100
37,423,552,552,100
37,424,552,552,100
37,425,552,552,100
37,426,552,552,100
37,427,552,552,100
37,428,552,552,100
37,429,552,552,100
37,430,552,552,100
37,431,552,552,100
37,432,552,552,100
37,433,552,552,100
37,434,552,552,100
37,435,552,552,100
37,436,552,552,100
37,437,552,552,100
37,438,552,552,100
37,439,552,552,100
37,440,552,552,100
37,441,552,552,100
37,442,552,552,100
37,443,552,552,100
37,444,552,552,100
37,445,552,552,100
37,446,552,552,100
37,447,552,552,100
37,448,552,552,100
37,449,552,552,100
37,450,552,552,100
37,451,552,552,100
37,452,552,552,100
37,453,552,552,100
37,454,552,552,100
37,455,552,552,100
37,456,552,552,100
37,457,552,552,100
37,458,552,552,100
37,459,552,552,100
37,460,552,552,100
37,461,552,552,100
37,462,552,552,100
37,463,552,552,100
37,464,552,552,100
37,465,552,552,100
37,466,552,552,100
37,467,552,552,100
37,468,552,552,100
37,469,552,552,100
37,470,552,552,100
37,471,552,552,100
37,472,552,552,100
37,473,552,552,100
37,474,552,552,100
37,475,552,552,100
37,476,552,552,100
37,477,552,552,100
37,478,552,552,100
37,479,552,552,100
37,480,552,552,100
37,481,552,552,100
37,482,552,552,100
37,483,552,552,100
37,484,552,552,100
37,485,552,552,100
37,486,552,552,100
37,487,552,552,100
37,488,552,552,100
37,489,552,552,100
37,490,552,552,100
37,491,552,552,100
37,492,552,552,100
37,493,552,552,100
37,494,552,552,100
37,495,552,552,100
37,496,552,552,100
37,497,552,552,100
37,498,552,552,100
37,499,552,552,100
37,500,552,552,100
38,0,522,522,100
38,1,527,527,100
38,2,527,527,100
38,3,527,527,100
38,4,527,527,100
38,5,540,540,100
38,6,552,552,100
38,7,552,552,100
38,8,552,552,100
38,9,552,552,100
38,10,552,552,100
38,11,552,552,100
38,12,552,552,100
38,13,552,552,100
38,14,552,552,100
38,15,552,552,100
38,16,552,552,100
38,17,552,552,100
38,18,552,552,100
38,19,552,552,100
38,20,552,552,100
38,21,552,552,100
38,22,552,552,100
38,23,552,552,100
38,24,552,552,100
38,25,552,552,100
38,26,552,552,100
38,27,552,552,100
38,28,552,552,100
38,29,552,552,100
38,30,552,552,100
38,31,552,552,100
38,32,552,552,100
38,33,552,552,100
38,34,552,552,100
38,35,552,552,100
38,36,552,552,100
38,37,552,552,100
38,38,552,552,100
38,39,552,552,100
38,40,552,552,100
38,41,552,552,100
38,42,552,552,100
38,43,552,552,100
38,44,552,552,100
38,45,552,552,100
38,46,552,552,100
38,47,552,552,100
38,48,552,552,100
38,49,552,552,100
38,50,552,552,100
38,51,552,552,100
38,52,552,552,100
38,53,552,552,100
38,54,552,552,100
38,55,552,552,100
38,56,552,552,100
38,57,552,552,100
38,58,552,552,100
38,59,552,552,100
38,60,552,552,100
38,61,552,552,100
38,62,552,552,100
38,63,552,552,100
38,64,552,552,100
38,65,552,552,100
38,66,552,552,100
38,67,552,552,100
38,68,552,552,100
38,69,552,552,100
38,70,552,552,100
38,71,552,552,100
38,72,552,552,100
38,73,552,552,100
38,74,552,552,100
38,75,552,552,100
38,76,552,552,100
38,77,552,552,100
38,78,552,552,100
38,79,552,552,100
38,80,552,552,100
38,81,552,552,100
38,82,552,552,100
38,83,552,552,100
38,84,552,552,100
38,85,552,552,100
38,86,552,552,100
38,87,552,552,100
38,88,552,552,100
38,89,552,552,100
38,90,552,552,100
38,91,552,552,100
38,92,552,552,100
38,93,552,552,100
38,94,552,552,100
38,95,552,552,100
38,96,552,552,100
38,97,552,552,100
38,98,552,552,100
38,99,552,552,100
38,100,552,552,100
38,101,552,552,100
38,102,552,552,100
38,103,552,552,100
38,104,552,552,100
38,105,552,552,100
38,106,552,552,100
38,107,552,552,100
38,108,552,552,100
38,109,552,552,100
38,110,552,552,100
38,111,552,552,100
38,112,552,552,100
38,113,552,552,100
38,114,552,552,100
38,115,552,552,100
38,116,552,552,100
38,117,552,552,100
38,118,552,552,100
38,119,552,552,100
38,120,552,552,100
38,121,552,552,100
38,122,552,552,100
38,123,552,552,100
38,124,552,552,100
38,125,552,552,100
38,126,552,552,100
38,127,552,552,100
38,128,552,552,100
38,129,552,552,100
38,130,552,552,100
38,131,552,552,100
38,132,552,552,100
38,133,552,552,100
38,134,552,552,100
38,135,552,552,100
38,136,552,552,100
38,137,552,552,100
38,138,552,552,100
38,139,552,552,100
38,140,552,552,100
38,141,552,552,100
38,142,552,552,100
38,143,552,552,100
38,144,552,552,100
38,145,552,552,100
38,146,552,552,100
38,147,552,552,100
38,148,552,552,100
38,149,552,552,100
38,150,552,552,100
38,151,552,552,100
38,152,552,552,100
38,153,552,552,100
38,154,552,552,100
38,155,552,552,100
38,156,552,552,100
38,157,552,552,100
38,158,552,552,100
38,159,552,552,100
38,160,552,552,100
38,161,552,552,100
38,162,552,552,100
38,163,552,552,100
38,164,552,552,100
38,165,552,552,100
38,166,552,552,100
38,167,552,552,100
38,168,552,552,100
38,169,552,552,100
38,170,552,552,100
38,171,552,552,100
38,172,552,552,100
38,173,552,552,100
38,174,552,552,100
38,175,552,552,100
38,176,552,552,100
38,177,552,552,100
38,178,552,552,100
38,179,552,552,100
38,180,552,552,100
38,181,552,552,100
38,182,552,552,100
38,183,552,552,100
38,184,552,552,100
38,185,552,552,100
38,186,552,552,100
38,187,552,552,100
38,188,552,552,100
38,189,552,552,100
38,190,552,552,100
38,191,552,552,100
38,192,552,552,100
38,193,552,552,100
38,194,552,552,100
38,195,552,552,100
38,196,552,552,100
38,197,552,552,100
38,198,552,552,100
38,199,552,552,100
38,200,552,552,100
38,201,552,552,100
38,202,552,552,100
38,203,552,552,100
38,204,552,552,100
38,205,552,552,100
38,206,552,552,100
38,207,552,552,100
38,208,552,552,100
38,209,552,552,100
38,210,552,552,100
38,211,552,552,100
38,212,552,552,100
38,213,552,552,100
38,214,552,552,100
38,215,552,552,100
38,216,552,552,100
38,217,552,552,100
38,218,552,552,100
38,219,552,552,100
38,220,552,552,100
38,221,552,552,100
38,222,552,552,100
38,223,552,552,100
38,224,552,552,100
38,225,552,552,100
38,226,552,552,100
38,227,552,552,100
38,228,552,552,100
38,229,552,552,100
38,230,552,552,100
38,231,552,552,100
38,232,552,552,100
38,233,552,552,100
38,234,552,552,100
38,235,552,552,100
38,236,552,552,100
38,237,552,552,100
38,238,552,552,100
38,239,552,552,100
38,240,552,552,100
38,241,552,552,100
38,242,552,552,100
38,243,552,552,100
38,244,552,552,100
38,245,552,552,100
38,246,552,552,100
38,247,552,552,100
38,248,552,552,100
38,249,552,552,100
38,250,552,552,100
38,251,552,552,100
38,252,552,552,100
38,253,552,552,100
38,254,552,552,100
38,255,552,552,100
38,256,552,552,100
38,257,552,552,100
38,258,552,552,100
38,259,552,552,100
38,260,552,552,100
38,261,552,552,100
38,262,552,552,100
38,263,552,552,100
38,264,552,552,100
38,265,552,552,100
38,266,552,552,100
38,267,552,552,100
38,268,552,552,100
38,269,552,552,100
38,270,552,552,100
38,271,552,552,100
38,272,552,552,100
38,273,552,552,100
38,274,552,552,100
38,275,552,552,100
38,276,552,552,100
38,277,552,552,100
38,278,552,552,100
38,279,552,552,100
38,280,552,552,100
38,281,552,552,100
38,282,552,552,100
38,283,552,552,100
38,284,552,552,100
38,285,552,552,100
38,286,552,552,100
38,287,552,552,100
38,288,552,552,100
38,289,552,552,100
38,290,552,552,100
38,291,552,552,100
38,292,552,552,100
38,293,552,552,100
38,294,552,552,100
38,295,552,552,100
38,296,552,552,100
38,297,552,552,100
38,298,552,552,100
38,299,552,552,100
38,300,552,552,100
38,301,552,552,100
38,302,552,552,100
38,303,552,552,100
38,304,552,552,100
38,305,552,552,100
38,306,552,552,100
38,307,552,552,100
38,308,552,552,100
38,309,552,552,100
38,310,552,552,100
38,311,552,552,100
38,312,552,552,100
38,313,552,552,100
38,314,552,552,100
38,315,552,552,100
38,316,552,552,100
38,317,552,552,100
38,318,552,552,100
38,319,552,552,100
38,320,552,552,100
38,321,552,552,100
38,322,552,552,100
38,323,552,552,100
38,324,552,552,100
38,325,552,552,100
38,326,552,552,100
38,327,552,552,100
38,328,552,552,100
38,329,552,552,100
38,330,552,552,100
38,331,552,552,100
38,332,552,552,100
38,333,552,552,100
38,334,552,552,100
38,335,552,552,100
38,336,552,552,100
38,337,552,552,100
38,338,552,552,100
38,339,552,552,100
38,340,552,552,100
38,341,552,552,100
38,342,552,552,100
38,343,552,552,100
38,344,552,552,100
38,345,552,552,100
38,346,552,552,100
38,347,552,552,100
38,348,552,552,100
38,349,552,552,100
38,350,552,552,100
38,351,552,552,100
38,352,552,552,100
38,353,552,552,100
38,354,552,552,100
38,355,552,552,100
38,356,552,552,100
38,357,552,552,100
38,358,552,552,100
38,359,552,552,100
38,360,552,552,100
38,361,552,552,100
38,362,552,552,100
38,363,552,552,100
38,364,552,552,100
38,365,552,552,100
38,366,552,552,100
38,367,552,552,100
38,368,552,552,100
38,369,552,552,100
38,370,552,552,100
38,371,552,552,100
38,372,552,552,100
38,373,552,552,100
38,374,552,552,100
38,375,552,552,100
38,376,552,552,100
38,377,552,552,100
38,378,552,552,100
38,379,552,552,100
38,380,552,552,100
38,381,552,552,100
38,382,552,552,100
38,383,552,552,100
38,384,552,552,100
38,385,552,552,100
38,386,552,552,100
38,387,552,552,100
38,388,552,552,100
38,389,552,552,100
38,390,552,552,100
38,391,552,552,100
38,392,552,552,100
38,393,552,552,100
38,394,552,552,100
38,395,552,552,100
38,396,552,552,100
38,397,552,552,100
38,398,552,552,100
38,399,552,552,100
38,400,552,552,100
38,401,552,552,100
38,402,552,552,100
38,403,552,552,100
38,404,552,552,100
38,405,552,552,100
38,406,552,552,100
38,407,552,552,100
38,408,552,552,100
38,409,552,552,100
38,410,552,552,100
38,411,552,552,100
38,412,552,552,100
38,413,552,552,100
38,414,552,552,100
38,415,552,552,100
38,416,552,552,100
38,417,552,552,100
38,418,552,552,100
38,419,552,552,100
38,420,552,552,100
38,421,552,552,100
38,422,552,552,100
38,423,552,552,100
38,424,552,552,100
38,425,552,552,100
38,426,552,552,100
38,427,552,552,100
38,428,552,552,100
38,429,552,552,100
38,430,552,552,100
38,431,552,552,100
38,432,552,552,100
38,433,552,552,100
38,434,552,552,100
38,435,552,552,100
38,436,552,552,100
38,437,552,552,100
38,438,552,552,100
38,439,552,552,100
38,440,552,552,100
38,441,552,552,100
38,442,552,552,100
38,443,552,552,100
38,444,552,552,100
38,445,552,552,100
38,446,552,552,100
38,447,552,552,100
38,448,552,552,100
38,449,552,552,100
38,450,552,552,100
38,451,552,552,100
38,452,552,552,100
38,453,552,552,100
38,454,552,552,100
38,455,552,552,100
38,456,552,552,100
38,457,552,552,100
38,458,552,552,100
38,459,552,552,100
38,460,552,552,100
38,461,552,552,100
38,462,552,552,100
38,463,552,552,100
38,464,552,552,100
38,465,552,552,100
38,466,552,552,100
38,467,552,552,100
38,468,552,552,100
38,469,552,552,100
38,470,552,552,100
38,471,552,552,100
38,472,552,552,100
38,473,552,552,100
38,474,552,552,100
38,475,552,552,100
38,476,552,552,100
38,477,552,552,100
38,478,552,552,100
38,479,552,552,100
38,480,552,552,100
38,481,552,552,100
38,482,552,552,100
38,483,552,552,100
38,484,552,552,100
38,485,552,552,100
38,486,552,552,100
38,487,552,552,100
38,488,552,552,100
38,489,552,552,100
38,490,552,552,100
38,491,552,552,100
38,492,552,552,100
38,493,552,552,100
38,494,552,552,100
38,495,552,552,100
38,496,552,552,100
38,497,552,552,100
38,498,552,552,100
38,499,552,552,100
38,500,552,552,100
39,0,505,505,100
39,1,540,540,100
39,2,540,540,100
39,3,540,540,100
39,4,540,540,100
39,5,540,540,100
39,6,540,540,100
39,7,552,552,100
39,8,552,552,100
39,9,552,552,100
39,10,552,552,100
39,11,552,552,100
39,12,552,552,100
39,13,552,552,100
39,14,552,552,100
39,15,552,552,100
39,16,552,552,100
39,17,552,552,100
39,18,552,552,100
39,19,552,552,100
39,20,552,552,100
39,21,552,552,100
39,22,552,552,100
39,23,552,552,100
39,24,552,552,100
39,25,552,552,100
39,26,552,552,100
39,27,552,552,100
39,28,552,552,100
39,29,552,552,100
39,30,552,552,100
39,31,552,552,100
39,32,552,552,100
39,33,552,552,100
39,34,552,552,100
39,35,552,552,100
39,36,552,552,100
39,37,552,552,100
39,38,552,552,100
39,39,552,552,100
39,40,552,552,100
39,41,552,552,100
39,42,552,552,100
39,43,552,552,100
39,44,552,552,100
39,45,552,552,100
39,46,552,552,100
39,47,552,552,100
39,48,552,552,100
39,49,552,552,100
39,50,552,552,100
39,51,552,552,100
39,52,552,552,100
39,53,552,552,100
39,54,552,552,100
39,55,552,552,100
39,56,552,552,100
39,57,552,552,100
39,58,552,552,100
39,59,552,552,100
39,60,552,552,100
39,61,552,552,100
39,62,552,552,100
39,63,552,552,100
39,64,552,552,100
39,65,552,552,100
39,66,552,552,100
39,67,552,552,100
39,68,552,552,100
39,69,552,552,100
39,70,552,552,100
39,71,552,552,100
39,72,552,552,100
39,73,552,552,100
39,74,552,552,100
39,75,552,552,100
39,76,552,552,100
39,77,552,552,100
39,78,552,552,100
39,79,552,552,100
39,80,552,552,100
39,81,552,552,100
39,82,552,552,100
39,83,552,552,100
39,84,552,552,100
39,85,552,552,100
39,86,552,552,100
39,87,552,552,100
39,88,552,552,100
39,89,552,552,100
39,90,552,552,100
39,91,552,552,100
39,92,552,552,100
39,93,552,552,100
39,94,552,552,100
39,95,552,552,100
39,96,552,552,100
39,97,552,552,100
39,98,552,552,100
39,99,552,552,100
39,100,552,552,100
39,101,552,552,100
39,102,552,552,100
39,103,552,552,100
39,104,552,552,100
39,105,552,552,100
39,106,552,552,100
39,107,552,552,100
39,108,552,552,100
39,109,552,552,100
39,110,552,552,100
39,111,552,552,100
39,112,552,552,100
39,113,552,552,100
39,114,552,552,100
39,115,552,552,100
39,116,552,552,100
39,117,552,552,100
39,118,552,552,100
39,119,552,552,100
39,120,552,552,100
39,121,552,552,100
39,122,552,552,100
39,123,552,552,100
39,124,552,552,100
39,125,552,552,100
39,126,552,552,100
39,127,552,552,100
39,128,552,552,100
39,129,552,552,100
39,130,552,552,100
39,131,552,552,100
39,132,552,552,100
39,133,552,552,100
39,134,552,552,100
39,135,552,552,100
39,136,552,552,100
39,137,552,552,100
39,138,552,552,100
39,139,552,552,100
39,140,552,552,100
39,141,552,552,100
39,142,552,552,100
39,143,552,552,100
39,144,552,552,100
39,145,552,552,100
39,146,552,552,100
39,147,552,552,100
39,148,552,552,100
39,149,552,552,100
39,150,552,552,100
39,151,552,552,100
39,152,552,552,100
39,153,552,552,100
39,154,552,552,100
39,155,552,552,100
39,156,552,552,100
39,157,552,552,100
39,158,552,552,100
39,159,552,552,100
39,160,552,552,100
39,161,552,552,100
39,162,552,552,100
39,163,552,552,100
39,164,552,552,100
39,165,552,552,100
39,166,552,552,100
39,167,552,552,100
39,168,552,552,100
39,169,552,552,100
39,170,552,552,100
39,171,552,552,100
39,172,552,552,100
39,173,552,552,100
39,174,552,552,100
39,175,552,552,100
39,176,552,552,100
39,177,552,552,100
39,178,552,552,100
39,179,552,552,100
39,180,552,552,100
39,181,552,552,100
39,182,552,552,100
39,183,552,552,100
39,184,552,552,100
39,185,552,552,100
39,186,552,552,100
39,187,552,552,100
39,188,552,552,100
39,189,552,552,100
39,190,552,552,100
39,191,552,552,100
39,192,552,552,100
39,193,552,552,100
39,194,552,552,100
39,195,552,552,100
39,196,552,552,100
39,197,552,552,100
39,198,552,552,100
39,199,552,552,100
39,200,552,552,100
39,201,552,552,100
39,202,552,552,100
39,203,552,552,100
39,204,552,552,100
39,205,552,552,100
39,206,552,552,100
39,207,552,552,100
39,208,552,552,100
39,209,552,552,100
39,210,552,552,100
39,211,552,552,100
39,212,552,552,100
39,213,552,552,100
39,214,552,552,100
39,215,552,552,100
39,216,552,552,100
39,217,552,552,100
39,218,552,552,100
39,219,552,552,100
39,220,552,552,100
39,221,552,552,100
39,222,552,552,100
39,223,552,552,100
39,224,552,552,100
39,225,552,552,100
39,226,552,552,100
39,227,552,552,100
39,228,552,552,100
39,229,552,552,100
39,230,552,552,100
39,231,552,552,100
39,232,552,552,100
39,233,552,552,100
39,234,552,552,100
39,235,552,552,100
39,236,552,552,100
39,237,552,552,100
39,238,552,552,100
39,239,552,552,100
39,240,552,552,100
39,241,552,552,100
39,242,552,552,100
39,243,552,552,100
39,244,552,552,100
39,245,552,552,100
39,246,552,552,100
39,247,552,552,100
39,248,552,552,100
39,249,552,552,100
39,250,552,552,100
39,251,552,552,100
39,252,552,552,100
39,253,552,552,100
39,254,552,552,100
39,255,552,552,100
39,256,552,552,100
39,257,552,552,100
39,258,552,552,100
39,259,552,552,100
39,260,552,552,100
39,261,552,552,100
39,262,552,552,100
39,263,552,552,100
39,264,552,552,100
39,265,552,552,100
39,266,552,552,100
39,267,552,552,100
39,268,552,552,100
39,269,552,552,100
39,270,552,552,100
39,271,552,552,100
39,272,552,552,100
39,273,552,552,100
39,274,552,552,100
39,275,552,552,100
39,276,552,552,100
39,277,552,552,100
39,278,552,552,100
39,279,552,552,100
39,280,552,552,100
39,281,552,552,100
39,282,552,552,100
39,283,552,552,100
39,284,552,552,100
39,285,552,552,100
39,286,552,552,100
39,287,552,552,100
39,288,552,552,100
39,289,552,552,100
39,290,552,552,100
39,291,552,552,100
39,292,552,552,100
39,293,552,552,100
39,294,552,552,100
39,295,552,552,100
39,296,552,552,100
39,297,552,552,100
39,298,552,552,100
39,299,552,552,100
39,300,552,552,100
39,301,552,552,100
39,302,552,552,100
39,303,552,552,100
39,304,552,552,100
39,305,552,552,100
39,306,552,552,100
39,307,552,552,100
39,308,552,552,100
39,309,552,552,100
39,310,552,552,100
39,311,552,552,100
39,312,552,552,100
39,313,552,552,100
39,314,552,552,100
39,315,552,552,100
39,316,552,552,100
39,317,552,552,100
39,318,552,552,100
39,319,552,552,100
39,320,552,552,100
39,321,552,552,100
39,322,552,552,100
39,323,552,552,100
39,324,552,552,100
39,325,552,552,100
39,326,552,552,100
39,327,552,552,100
39,328,552,552,100
39,329,552,552,100
39,330,552,552,100
39,331,552,552,100
39,332,552,552,100
39,333,552,552,100
39,334,552,552,100
39,335,552,552,100
39,336,552,552,100
39,337,552,552,100
39,338,552,552,100
39,339,552,552,100
39,340,552,552,100
39,341,552,552,100
39,342,552,552,100
39,343,552,552,100
39,344,552,552,100
39,345,552,552,100
39,346,552,552,100
39,347,552,552,100
39,348,552,552,100
39,349,552,552,100
39,350,552,552,100
39,351,552,552,100
39,352,552,552,100
39,353,552,552,100
39,354,552,552,100
39,355,552,552,100
39,356,552,552,100
39,357,552,552,100
39,358,552,552,100
39,359,552,552,100
39,360,552,552,100
39,361,552,552,100
39,362,552,552,100
39,363,552,552,100
39,364,552,552,100
39,365,552,552,100
39,366,552,552,100
39,367,552,552,100
39,368,552,552,100
39,369,552,552,100
39,370,552,552,100
39,371,552,552,100
39,372,552,552,100
39,373,552,552,100
39,374,552,552,100
39,375,552,552,100
39,376,552,552,100
39,377,552,552,100
39,378,552,552,100
39,379,552,552,100
39,380,552,552,100
39,381,552,552,100
39,382,552,552,100
39,383,552,552,100
39,384,552,552,100
39,385,552,552,100
39,386,552,552,100
39,387,552,552,100
39,388,552,552,100
39,389,552,552,100
39,390,552,552,100
39,391,552,552,100
39,392,552,552,100
39,393,552,552,100
39,394,552,552,100
39,395,552,552,100
39,396,552,552,100
39,397,552,552,100
39,398,552,552,100
39,399,552,552,100
39,400,552,552,100
39,401,552,552,100
39,402,552,552,100
39,403,552,552,100
39,404,552,552,100
39,405,552,552,100
39,406,552,552,100
39,407,552,552,100
39,408,552,552,100
39,409,552,552,100
39,410,552,552,100
39,411,552,552,100
39,412,552,552,100
39,413,552,552,100
39,414,552,552,100
39,415,552,552,100
39,416,552,552,100
39,417,552,552,100
39,418,552,552,100
39,419,552,552,100
39,420,552,552,100
39,421,552,552,100
39,422,552,552,100
39,423,552,552,100
39,424,552,552,100
39,425,552,552,100
39,426,552,552,100
39,427,552,552,100
39,428,552,552,100
39,429,552,552,100
39,430,552,552,100
39,431,552,552,100
39,432,552,552,100
39,433,552,552,100
39,434,552,552,100
39,435,552,552,100
39,436,552,552,100
39,437,552,552,100
39,438,552,552,100
39,439,552,552,100
39,440,552,552,100
39,441,552,552,100
39,442,552,552,100
39,443,552,552,100
39,444,552,552,100
39,445,552,552,100
39,446,552,552,100
39,447,552,552,100
39,448,552,552,100
39,449,552,552,100
39,450,552,552,100
39,451,552,552,100
39,452,552,552,100
39,453,552,552,100
39,454,552,552,100
39,455,552,552,100
39,456,552,552,100
39,457,552,552,100
39,458,552,552,100
39,459,552,552,100
39,460,552,552,100
39,461,552,552,100
39,462,552,552,100
39,463,552,552,100
39,464,552,552,100
39,465,552,552,100
39,466,552,552,100
39,467,552,552,100
39,468,552,552,100
39,469,552,552,100
39,470,552,552,100
39,471,552,552,100
39,472,552,552,100
39,473,552,552,100
39,474,552,552,100
39,475,552,552,100
39,476,552,552,100
39,477,552,552,100
39,478,552,552,100
39,479,552,552,100
39,480,552,552,100
39,481,552,552,100
39,482,552,552,100
39,483,552,552,100
39,484,552,552,100
39,485,552,552,100
39,486,552,552,100
39,487,552,552,100
39,488,552,552,100
39,489,552,552,100
39,490,552,552,100
39,491,552,552,100
39,492,552,552,100
39,493,552,552,100
39,494,552,552,100
39,495,552,552,100
39,496,552,552,100
39,497,552,552,100
39,498,552,552,100
39,499,552,552,100
39,500,552,552,100
40,0,525,525,100
40,1,525,525,100
40,2,537,537,100
40,3,540,540,100
40,4,540,540,100
40,5,540,540,100
40,6,540,540,100
40,7,540,540,100
40,8,552,552,100
40,9,552,552,100
40,10,552,552,100
40,11,552,552,100
40,12,552,552,100
40,13,552,552,100
40,14,552,552,100
40,15,552,552,100
40,16,552,552,100
40,17,552,552,100
40,18,552,552,100
40,19,552,552,100
40,20,552,552,100
40,21,552,552,100
40,22,552,552,100
40,23,552,552,100
40,24,552,552,100
40,25,552,552,100
40,26,552,552,100
40,27,552,552,100
40,28,552,552,100
40,29,552,552,100
40,30,552,552,100
40,31,552,552,100
40,32,552,552,100
40,33,552,552,100
40,34,552,552,100
40,35,552,552,100
40,36,552,552,100
40,37,552,552,100
40,38,552,552,100
40,39,552,552,100
40,40,552,552,100
40,41,552,552,100
40,42,552,552,100
40,43,552,552,100
40,44,552,552,100
40,45,552,552,100
40,46,552,552,100
40,47,552,552,100
40,48,552,552,100
40,49,552,552,100
40,50,552,552,100
40,51,552,552,100
40,52,552,552,100
40,53,552,552,100
40,54,552,552,100
40,55,552,552,100
40,56,552,552,100
40,57,552,552,100
40,58,552,552,100
40,59,552,552,100
40,60,552,552,100
40,61,552,552,100
40,62,552,552,100
40,63,552,552,100
40,64,552,552,100
40,65,552,552,100
40,66,552,552,100
40,67,552,552,100
40,68,552,552,100
40,69,552,552,100
40,70,552,552,100
40,71,552,552,100
40,72,552,552,100
40,73,552,552,100
40,74,552,552,100
40,75,552,552,100
40,76,552,552,100
40,77,552,552,100
40,78,552,552,100
40,79,552,552,100
40,80,552,552,100
40,81,552,552,100
40,82,552,552,100
40,83,552,552,100
40,84,552,552,100
40,85,552,552,100
40,86,552,552,100
40,87,552,552,100
40,88,552,552,100
40,89,552,552,100
40,90,552,552,100
40,91,552,552,100
40,92,552,552,100
40,93,552,552,100
40,94,552,552,100
40,95,552,552,100
40,96,552,552,100
40,97,552,552,100
40,98,552,552,100
40,99,552,552,100
40,100,552,552,100
40,101,552,552,100
40,102,552,552,100
40,103,552,552,100
40,104,552,552,100
40,105,552,552,100
40,106,552,552,100
40,107,552,552,100
40,108,552,552,100
40,109,552,552,100
40,110,552,552,100
40,111,552,552,100
40,112,552,552,100
40,113,552,552,100
40,114,552,552,100
40,115,552,552,100
40,116,552,552,100
40,117,552,552,100
40,118,552,552,100
40,119,552,552,100
40,120,552,552,100
40,121,552,552,100
40,122,552,552,100
40,123,552,552,100
40,124,552,552,100
40,125,552,552,100
40,126,552,552,100
40,127,552,552,100
40,128,552,552,100
40,129,552,552,100
40,130,552,552,100
40,131,552,552,100
40,132,552,552,100
40,133,552,552,100
40,134,552,552,100
40,135,552,552,100
40,136,552,552,100
40,137,552,552,100
40,138,552,552,100
40,139,552,552,100
40,140,552,552,100
40,141,552,552,100
40,142,552,552,100
40,143,552,552,100
40,144,552,552,100
40,145,552,552,100
40,146,552,552,100
40,147,552,552,100
40,148,552,552,100
40,149,552,552,100
40,150,552,552,100
40,151,552,552,100
40,152,552,552,100
40,153,552,552,100
40,154,552,552,100
40,155,552,552,100
40,156,552,552,100
40,157,552,552,100
40,158,552,552,100
40,159,552,552,100
40,160,552,552,100
40,161,552,552,100
40,162,552,552,100
40,163,552,552,100
40,164,552,552,100
40,165,552,552,100
40,166,552,552,100
40,167,552,552,100
40,168,552,552,100
40,169,552,552,100
40,170,552,552,100
40,171,552,552,100
40,172,552,552,100
40,173,552,552,100
40,174,552,552,100
40,175,552,552,100
40,176,552,552,100
40,177,552,552,100
40,178,552,552,100
40,179,552,552,100
40,180,552,552,100
40,181,552,552,100
40,182,552,552,100
40,183,552,552,100
40,184,552,552,100
40,185,552,552,100
40,186,552,552,100
40,187,552,552,100
40,188,552,552,100
40,189,552,552,100
40,190,552,552,100
40,191,552,552,100
40,192,552,552,100
40,193,552,552,100
40,194,552,552,100
40,195,552,552,100
40,196,552,552,100
40,197,552,552,100
40,198,552,552,100
40,199,552,552,100
40,200,552,552,100
40,201,552,552,100
40,202,552,552,100
40,203,552,552,100
40,204,552,552,100
40,205,552,552,100
40,206,552,552,100
40,207,552,552,100
40,208,552,552,100
40,209,552,552,100
40,210,552,552,100
40,211,552,552,100
40,212,552,552,100
40,213,552,552,100
40,214,552,552,100
40,215,552,552,100
40,216,552,552,100
40,217,552,552,100
40,218,552,552,100
40,219,552,552,100
40,220,552,552,100
40,221,552,552,100
40,222,552,552,100
40,223,552,552,100
40,224,552,552,100
40,225,552,552,100
40,226,552,552,100
40,227,552,552,100
40,228,552,552,100
40,229,552,552,100
40,230,552,552,100
40,231,552,552,100
40,232,552,552,100
40,233,552,552,100
40,234,552,552,100
40,235,552,552,100
40,236,552,552,100
40,237,552,552,100
40,238,552,552,100
40,239,552,552,100
40,240,552,552,100
40,241,552,552,100
40,242,552,552,100
40,243,552,552,100
40,244,552,552,100
40,245,552,552,100
40,246,552,552,100
40,247,552,552,100
40,248,552,552,100
40,249,552,552,100
40,250,552,552,100
40,251,552,552,100
40,252,552,552,100
40,253,552,552,100
40,254,552,552,100
40,255,552,552,100
40,256,552,552,100
40,257,552,552,100
40,258,552,552,100
40,259,552,552,100
40,260,552,552,100
40,261,552,552,100
40,262,552,552,100
40,263,552,552,100
40,264,552,552,100
40,265,552,552,100
40,266,552,552,100
40,267,552,552,100
40,268,552,552,100
40,269,552,552,100
40,270,552,552,100
40,271,552,552,100
40,272,552,552,100
40,273,552,552,100
40,274,552,552,100
40,275,552,552,100
40,276,552,552,100
40,277,552,552,100
40,278,552,552,100
40,279,552,552,100
40,280,552,552,100
40,281,552,552,100
40,282,552,552,100
40,283,552,552,100
40,284,552,552,100
40,285,552,552,100
40,286,552,552,100
40,287,552,552,100
40,288,552,552,100
40,289,552,552,100
40,290,552,552,100
40,291,552,552,100
40,292,552,552,100
40,293,552,552,100
40,294,552,552,100
40,295,552,552,100
40,296,552,552,100
40,297,552,552,100
40,298,552,552,100
40,299,552,552,100
40,300,552,552,100
40,301,552,552,100
40,302,552,552,100
40,303,552,552,100
40,304,552,552,100
40,305,552,552,100
40,306,552,552,100
40,307,552,552,100
40,308,552,552,100
40,309,552,552,100
40,310,552,552,100
40,311,552,552,100
40,312,552,552,100
40,313,552,552,100
40,314,552,552,100
40,315,552,552,100
40,316,552,552,100
40,317,552,552,100
40,318,552,552,100
40,319,552,552,100
40,320,552,552,100
40,321,552,552,100
40,322,552,552,100
40,323,552,552,100
40,324,552,552,100
40,325,552,552,100
40,326,552,552,100
40,327,552,552,100
40,328,552,552,100
40,329,552,552,100
40,330,552,552,100
40,331,552,552,100
40,332,552,552,100
40,333,552,552,100
40,334,552,552,100
40,335,552,552,100
40,336,552,552,100
40,337,552,552,100
40,338,552,552,100
40,339,552,552,100
40,340,552,552,100
40,341,552,552,100
40,342,552,552,100
40,343,552,552,100
40,344,552,552,100
40,345,552,552,100
40,346,552,552,100
40,347,552,552,100
40,348,552,552,100
40,349,552,552,100
40,350,552,552,100
40,351,552,552,100
40,352,552,552,100
40,353,552,552,100
40,354,552,552,100
40,355,552,552,100
40,356,552,552,100
40,357,552,552,100
40,358,552,552,100
40,359,552,552,100
40,360,552,552,100
40,361,552,552,100
40,362,552,552,100
40,363,552,552,100
40,364,552,552,100
40,365,552,552,100
40,366,552,552,100
40,367,552,552,100
40,368,552,552,100
40,369,552,552,100
40,370,552,552,100
40,371,552,552,100
40,372,552,552,100
40,373,552,552,100
40,374,552,552,100
40,375,552,552,100
40,376,552,552,100
40,377,552,552,100
40,378,552,552,100
40,379,552,552,100
40,380,552,552,100
40,381,552,552,100
40,382,552,552,100
40,383,552,552,100
40,384,552,552,100
40,385,552,552,100
40,386,552,552,100
40,387,552,552,100
40,388,552,552,100
40,389,552,552,100
40,390,552,552,100
40,391,552,552,100
40,392,552,552,100
40,393,552,552,100
40,394,552,552,100
40,395,552,552,100
40,396,552,552,100
40,397,552,552,100
40,398,552,552,100
40,399,552,552,100
40,400,552,552,100
40,401,552,552,100
40,402,552,552,100
40,403,552,552,100
40,404,552,552,100
40,405,552,552,100
40,406,552,552,100
40,407,552,552,100
40,408,552,552,100
40,409,552,552,100
40,410,552,552,100
40,411,552,552,100
40,412,552,552,100
40,413,552,552,100
40,414,552,552,100
40,415,552,552,100
40,416,552,552,100
40,417,552,552,100
40,418,552,552,100
40,419,552,552,100
40,420,552,552,100
40,421,552,552,100
40,422,552,552,100
40,423,552,552,100
40,424,552,552,100
40,425,552,552,100
40,426,552,552,100
40,427,552,552,100
40,428,552,552,100
40,429,552,552,100
40,430,552,552,100
40,431,552,552,100
40,432,552,552,100
40,433,552,552,100
40,434,552,552,100
40,435,552,552,100
40,436,552,552,100
40,437,552,552,100
40,438,552,552,100
40,439,552,552,100
40,440,552,552,100
40,441,552,552,100
40,442,552,552,100
40,443,552,552,100
40,444,552,552,100
40,445,552,552,100
40,446,552,552,100
40,447,552,552,100
40,448,552,552,100
40,449,552,552,100
40,450,552,552,100
40,451,552,552,100
40,452,552,552,100
40,453,552,552,100
40,454,552,552,100
40,455,552,552,100
40,456,552,552,100
40,457,552,552,100
40,458,552,552,100
40,459,552,552,100
40,460,552,552,100
40,461,552,552,100
40,462,552,552,100
40,463,552,552,100
40,464,552,552,100
40,465,552,552,100
40,466,552,552,100
40,467,552,552,100
40,468,552,552,100
40,469,552,552,100
40,470,552,552,100
40,471,552,552,100
40,472,552,552,100
40,473,552,552,100
40,474,552,552,100
40,475,552,552,100
40,476,552,552,100
40,477,552,552,100
40,478,552,552,100
40,479,552,552,100
40,480,552,552,100
40,481,552,552,100
40,482,552,552,100
40,483,552,552,100
40,484,552,552,100
40,485,552,552,100
40,486,552,552,100
40,487,552,552,100
40,488,552,552,100
40,489,552,552,100
40,490,552,552,100
40,491,552,552,100
40,492,552,552,100
40,493,552,552,100
40,494,552,552,100
40,495,552,552,100
40,496,552,552,100
40,497,552,552,100
40,498,552,552,100
40,499,552,552,100
40,500,552,552,100
